LSOA11CD,pct_bad_health_2011,pct_bad_health_2021
E01000001,2.048,1.966
E01000002,2.716,2.312
E01000003,6.166,3.162
E01000005,7.31,7.182
E01000006,4.169,3.411
E01000007,5.032,3.37
E01000008,3.692,4.345
E01000009,6.825,4.986
E01000010,3.099,3.658
E01000011,4.957,4.348
E01000012,3.419,3.538
E01000013,9.217,5.933
E01000014,6.341,4.626
E01000015,5.31,4.012
E01000016,6.414,4.754
E01000017,7.152,6.555
E01000018,6.324,5.803
E01000019,6.752,4.825
E01000020,8.561,8.215
E01000021,7.536,5.483
E01000022,6.545,5.156
E01000023,6.295,3.138
E01000024,6.587,5.118
E01000025,7.582,5.625
E01000027,6.261,6.724
E01000028,8.974,6.278
E01000029,7.491,5.162
E01000030,6.736,5.774
E01000031,4.947,4.628
E01000032,6.568,5.197
E01000033,6.539,7.129
E01000034,9.418,6.667
E01000035,6.77,6.828
E01000036,3.326,4.694
E01000037,4.502,3.3
E01000038,5.598,5.012
E01000039,5.303,4.167
E01000040,7.776,5.216
E01000041,5.767,4.126
E01000042,6.991,5.685
E01000043,7.364,5.205
E01000044,6.007,5.382
E01000045,5.697,5.113
E01000046,5.734,6.493
E01000048,6.338,4.44
E01000049,5.22,4.967
E01000050,7.465,4.405
E01000051,5.708,0.996
E01000052,6.604,4.434
E01000053,8.35,6.184
E01000054,6.577,4.869
E01000055,5.538,4.692
E01000056,5.934,5.817
E01000057,5.882,5.097
E01000058,5.787,5.761
E01000059,6.574,4.793
E01000060,5.583,5.734
E01000061,5.293,6.13
E01000062,6.455,4.644
E01000063,6.049,5.39
E01000064,6.233,6.533
E01000065,10.599,7.669
E01000066,5.239,4.562
E01000067,4.571,3.889
E01000068,3.962,4.067
E01000069,3.914,2.815
E01000070,4.405,4.297
E01000071,5.016,3.607
E01000072,6.68,5.592
E01000073,7.844,5.192
E01000074,6.509,6.257
E01000075,7.737,5.144
E01000076,5.936,6.71
E01000077,7.543,5.876
E01000078,6.303,7.004
E01000079,8.668,6.061
E01000080,8.29,6.415
E01000081,6.576,5.111
E01000082,5.882,4.548
E01000083,7.235,5.993
E01000084,6.125,5.084
E01000085,6.112,4.924
E01000086,5.451,5.456
E01000087,6.861,4.89
E01000088,5.197,4.81
E01000089,4.082,2.904
E01000090,4.482,3.339
E01000091,6.301,6.561
E01000092,5.722,2.901
E01000093,8.274,6.468
E01000094,3.394,3.291
E01000095,4.389,3.602
E01000096,4.96,4.699
E01000097,9.388,6.829
E01000098,7.045,5.785
E01000099,6.524,3.634
E01000100,6.352,6.179
E01000101,9.187,5.585
E01000102,7.273,6.169
E01000103,6.053,4.566
E01000104,5.896,4.7
E01000105,6.2,5.918
E01000106,7.012,5.075
E01000107,5.942,5.042
E01000108,5.071,4.073
E01000109,4.626,3.454
E01000110,5.014,3.497
E01000111,5.128,4.13
E01000112,4.917,3.247
E01000113,4.586,3.86
E01000114,5.167,2.976
E01000115,3.437,3.367
E01000116,3.9,3.668
E01000117,5.058,4.954
E01000118,3.667,2.199
E01000119,5.06,3.79
E01000120,4.521,3.612
E01000121,8.55,7.786
E01000122,3.603,3.111
E01000123,4.267,2.724
E01000124,4.874,3.801
E01000125,6.693,5.719
E01000126,5.227,5.103
E01000127,6.047,5.973
E01000128,4.922,3.904
E01000129,9.203,5.237
E01000130,5.552,5.475
E01000131,5.537,3.958
E01000132,4.533,4.455
E01000133,8.057,6.379
E01000134,4.902,3.564
E01000135,5.307,3.529
E01000136,3.916,2.757
E01000137,8.618,5.914
E01000138,4.693,5.068
E01000139,3.639,3.677
E01000140,5.028,3.476
E01000141,4.42,4.936
E01000142,6.09,5.004
E01000143,7.745,5.805
E01000144,3.836,5.235
E01000145,2.9,4.464
E01000146,3.497,4.274
E01000147,3.691,3.084
E01000148,6.193,4.293
E01000150,5.0,3.858
E01000151,5.202,5.288
E01000152,3.644,2.935
E01000153,7.268,5.861
E01000154,7.941,5.431
E01000155,2.926,2.656
E01000156,3.893,2.667
E01000157,4.672,3.477
E01000158,4.354,4.437
E01000159,4.952,3.859
E01000160,2.62,2.508
E01000161,6.041,4.474
E01000162,7.88,6.848
E01000163,6.868,6.32
E01000164,6.643,5.199
E01000165,3.545,3.424
E01000166,4.298,5.182
E01000167,6.733,5.536
E01000168,3.9,4.351
E01000169,4.295,4.663
E01000170,5.012,4.143
E01000171,4.11,3.843
E01000172,4.174,3.136
E01000173,3.956,3.491
E01000174,5.729,4.662
E01000175,3.912,2.363
E01000176,7.254,7.213
E01000177,2.273,2.345
E01000178,4.578,3.706
E01000179,2.726,1.845
E01000180,4.729,4.765
E01000181,3.331,2.253
E01000182,4.14,3.397
E01000183,5.567,6.767
E01000184,6.365,5.238
E01000185,6.842,7.802
E01000186,3.536,2.262
E01000187,4.707,3.915
E01000188,3.282,3.549
E01000189,5.458,3.888
E01000190,3.547,3.986
E01000191,4.984,4.003
E01000192,3.784,3.457
E01000193,3.979,3.696
E01000194,3.659,2.938
E01000195,5.761,5.996
E01000196,4.384,4.475
E01000197,3.388,3.674
E01000198,2.747,2.644
E01000199,3.649,3.671
E01000200,4.228,3.633
E01000201,3.07,2.661
E01000202,2.798,2.392
E01000203,4.948,4.935
E01000204,3.125,3.469
E01000205,1.905,1.927
E01000206,2.855,1.531
E01000207,2.969,2.47
E01000208,2.886,2.455
E01000209,3.647,3.644
E01000210,2.842,2.455
E01000211,4.121,5.075
E01000212,1.471,3.267
E01000213,2.086,2.517
E01000214,1.744,2.894
E01000215,4.033,3.636
E01000216,4.116,3.286
E01000217,2.493,1.794
E01000218,3.025,3.633
E01000219,3.202,4.007
E01000220,6.734,4.979
E01000221,7.883,6.303
E01000222,4.425,5.94
E01000223,6.449,4.724
E01000224,3.913,3.783
E01000225,3.435,3.369
E01000226,7.452,5.245
E01000227,4.854,2.574
E01000228,3.038,3.621
E01000229,5.219,5.449
E01000230,5.546,3.265
E01000231,3.732,3.973
E01000232,4.845,4.329
E01000233,3.522,2.219
E01000234,2.939,3.088
E01000235,4.858,4.672
E01000236,3.871,2.87
E01000237,2.944,2.524
E01000238,3.362,3.195
E01000239,4.264,4.81
E01000240,4.192,3.631
E01000241,2.867,4.083
E01000242,5.254,3.25
E01000243,3.875,3.144
E01000244,4.399,3.415
E01000245,5.752,4.665
E01000246,3.194,2.961
E01000247,3.844,4.186
E01000248,4.214,4.874
E01000249,2.492,2.547
E01000250,3.719,4.101
E01000251,6.555,5.261
E01000252,3.978,4.606
E01000253,6.268,3.735
E01000254,3.744,3.442
E01000255,5.267,5.65
E01000256,3.076,2.125
E01000257,5.93,6.654
E01000258,4.524,5.55
E01000259,3.851,3.976
E01000260,3.835,3.232
E01000261,4.31,2.94
E01000262,3.274,2.613
E01000263,1.898,1.77
E01000264,4.43,3.127
E01000265,4.67,4.318
E01000266,3.012,2.298
E01000267,3.355,3.667
E01000268,4.543,3.373
E01000269,4.351,3.893
E01000270,4.318,3.107
E01000271,4.221,3.785
E01000272,5.97,3.434
E01000273,6.184,4.973
E01000274,5.532,4.545
E01000275,6.659,3.046
E01000276,2.237,2.599
E01000277,5.72,4.724
E01000278,2.972,2.026
E01000279,2.968,2.637
E01000280,2.824,3.139
E01000281,4.127,3.468
E01000282,4.047,3.538
E01000283,2.448,2.336
E01000284,4.964,4.765
E01000285,4.693,3.966
E01000286,6.365,7.105
E01000287,5.601,6.254
E01000288,4.525,2.905
E01000289,5.779,6.827
E01000290,7.258,5.367
E01000291,6.349,7.308
E01000292,4.158,3.886
E01000293,3.775,2.765
E01000294,7.067,5.356
E01000295,3.967,3.158
E01000296,3.925,3.025
E01000297,3.975,3.451
E01000298,4.912,3.503
E01000299,4.146,4.461
E01000300,4.289,3.479
E01000301,4.094,2.273
E01000302,5.842,5.117
E01000303,4.148,2.931
E01000304,2.699,3.789
E01000305,5.794,5.484
E01000306,4.717,3.352
E01000307,5.438,4.97
E01000308,8.707,4.076
E01000309,3.732,2.925
E01000310,5.471,5.743
E01000311,1.9,1.75
E01000312,6.16,5.317
E01000313,4.575,4.892
E01000314,3.646,2.862
E01000315,8.571,7.181
E01000316,5.58,4.724
E01000317,5.642,4.614
E01000318,4.728,5.096
E01000319,4.133,3.205
E01000320,4.0,3.826
E01000321,5.199,4.029
E01000322,5.475,5.645
E01000323,4.591,5.199
E01000324,4.199,3.659
E01000325,2.919,2.369
E01000326,3.089,3.114
E01000327,3.694,3.317
E01000328,4.189,5.009
E01000329,4.635,4.543
E01000330,6.153,5.368
E01000331,6.503,6.986
E01000332,5.952,5.21
E01000333,7.263,5.164
E01000334,4.159,4.478
E01000335,5.741,3.558
E01000336,6.363,6.056
E01000337,3.085,3.627
E01000338,4.283,3.292
E01000339,5.621,5.374
E01000340,6.059,4.167
E01000341,3.624,5.57
E01000342,3.386,3.346
E01000343,3.062,2.916
E01000344,4.226,4.774
E01000345,3.1,2.685
E01000346,4.192,3.275
E01000347,4.374,4.142
E01000348,3.376,2.445
E01000349,4.521,4.237
E01000350,3.797,2.826
E01000351,3.72,4.529
E01000352,4.254,4.136
E01000353,4.389,4.154
E01000354,4.983,5.567
E01000355,5.806,4.58
E01000356,6.404,4.783
E01000357,2.402,2.141
E01000358,3.98,2.955
E01000359,2.734,3.721
E01000360,4.994,2.883
E01000361,2.857,3.585
E01000362,3.779,4.726
E01000363,3.609,3.784
E01000364,4.312,4.24
E01000365,5.483,4.345
E01000366,3.849,2.746
E01000367,7.746,4.766
E01000368,6.433,5.952
E01000369,5.13,5.038
E01000370,5.072,4.429
E01000371,4.078,3.395
E01000372,8.75,6.505
E01000373,4.511,3.698
E01000374,6.849,6.274
E01000375,5.149,3.618
E01000376,4.413,3.344
E01000377,4.014,4.274
E01000378,5.846,5.14
E01000379,5.595,5.432
E01000380,6.117,6.509
E01000381,6.633,6.803
E01000382,4.199,3.88
E01000383,5.581,4.959
E01000384,4.704,3.958
E01000385,7.342,6.378
E01000386,9.334,10.28
E01000387,3.974,4.805
E01000388,4.964,3.836
E01000389,3.942,4.706
E01000390,5.039,3.453
E01000391,3.394,3.661
E01000392,5.043,3.526
E01000393,4.617,2.773
E01000394,5.281,6.4
E01000395,3.361,2.812
E01000396,4.146,2.686
E01000398,6.129,5.901
E01000399,4.826,3.501
E01000400,4.396,3.244
E01000401,7.832,7.446
E01000402,5.859,5.362
E01000403,6.736,6.284
E01000404,3.939,3.838
E01000405,4.326,3.49
E01000406,4.063,2.986
E01000407,7.635,5.083
E01000408,4.768,4.622
E01000409,2.608,2.47
E01000410,3.827,2.173
E01000411,3.219,4.016
E01000412,3.754,3.114
E01000413,2.921,3.341
E01000414,5.094,3.96
E01000415,3.672,3.686
E01000416,4.783,3.679
E01000417,6.284,4.888
E01000418,5.369,3.184
E01000419,4.586,5.151
E01000420,4.32,4.205
E01000421,6.478,3.748
E01000422,6.42,4.111
E01000423,3.846,3.485
E01000424,4.607,5.501
E01000425,5.708,3.944
E01000426,3.642,3.591
E01000427,5.331,4.525
E01000428,7.078,6.309
E01000429,4.393,5.198
E01000430,4.321,3.512
E01000431,5.682,5.917
E01000432,6.575,4.428
E01000433,5.856,5.365
E01000434,7.071,6.905
E01000435,6.757,5.037
E01000436,4.214,2.617
E01000437,4.614,2.838
E01000438,4.003,3.495
E01000439,4.094,4.143
E01000440,3.68,3.755
E01000441,5.569,4.994
E01000442,5.456,4.765
E01000443,5.878,6.015
E01000444,3.91,2.375
E01000445,3.961,3.721
E01000446,3.372,2.724
E01000447,4.039,4.441
E01000448,2.397,3.044
E01000449,4.214,4.417
E01000450,5.349,3.776
E01000451,3.414,2.457
E01000452,2.591,3.099
E01000453,2.582,2.772
E01000454,6.17,5.515
E01000455,4.399,2.956
E01000456,3.784,3.654
E01000457,4.992,5.195
E01000458,3.83,4.286
E01000459,5.513,4.861
E01000460,2.069,2.379
E01000461,3.008,3.354
E01000462,9.738,6.426
E01000463,2.711,2.478
E01000464,6.306,5.468
E01000465,7.263,7.383
E01000466,4.894,4.437
E01000467,3.672,5.006
E01000468,2.718,2.899
E01000469,4.776,3.51
E01000470,5.336,5.5
E01000471,4.457,3.542
E01000472,4.086,3.245
E01000473,4.673,3.512
E01000474,4.302,3.037
E01000475,4.808,3.391
E01000476,3.708,3.962
E01000477,4.071,2.778
E01000478,4.692,2.689
E01000479,4.521,3.638
E01000480,3.831,3.555
E01000481,5.527,4.22
E01000482,6.237,6.296
E01000483,7.45,5.879
E01000484,8.306,8.045
E01000485,6.691,5.93
E01000486,4.172,3.18
E01000487,5.238,5.083
E01000488,4.569,3.277
E01000489,6.452,6.705
E01000490,5.23,4.797
E01000491,5.11,4.211
E01000492,5.399,3.689
E01000493,5.131,3.759
E01000494,6.157,5.042
E01000495,9.339,6.788
E01000497,5.239,4.3
E01000498,4.464,4.276
E01000499,6.062,4.958
E01000501,7.577,4.776
E01000502,3.302,3.834
E01000503,5.437,5.158
E01000504,5.37,3.558
E01000505,4.518,4.952
E01000506,5.745,5.069
E01000507,4.774,4.267
E01000508,6.833,5.356
E01000509,6.332,5.702
E01000510,4.184,5.323
E01000511,4.85,3.894
E01000512,3.819,4.108
E01000513,6.32,5.781
E01000514,2.579,3.25
E01000515,5.582,4.907
E01000516,4.452,3.028
E01000517,4.04,3.204
E01000518,5.897,6.423
E01000519,4.888,4.57
E01000520,5.254,5.903
E01000521,8.169,7.648
E01000522,6.344,5.176
E01000523,5.096,4.83
E01000524,5.648,4.911
E01000525,6.495,4.968
E01000526,8.337,8.026
E01000527,6.061,5.804
E01000528,6.765,5.684
E01000530,4.331,3.462
E01000531,6.259,7.226
E01000532,5.767,4.573
E01000533,6.552,6.486
E01000534,4.451,3.373
E01000535,5.346,3.899
E01000536,3.751,4.036
E01000538,3.413,2.899
E01000539,4.932,4.56
E01000540,4.011,3.571
E01000541,4.481,4.471
E01000543,5.263,3.501
E01000544,6.809,4.912
E01000545,4.975,3.592
E01000546,5.046,4.565
E01000547,5.169,4.834
E01000548,5.822,4.892
E01000549,3.822,3.363
E01000550,7.681,6.924
E01000551,7.494,6.082
E01000552,9.631,4.696
E01000553,5.143,4.848
E01000554,5.223,4.569
E01000555,5.544,3.657
E01000556,4.441,3.303
E01000557,4.782,4.67
E01000558,4.841,4.889
E01000559,4.735,7.687
E01000560,3.649,3.585
E01000561,4.931,3.872
E01000562,3.618,3.777
E01000563,4.595,3.218
E01000564,2.93,2.894
E01000565,4.956,5.088
E01000566,5.147,3.548
E01000567,6.014,4.137
E01000568,2.788,2.527
E01000569,2.812,3.711
E01000570,5.763,4.522
E01000571,4.862,4.259
E01000572,2.971,3.138
E01000573,4.323,2.334
E01000574,3.395,3.323
E01000575,4.528,2.507
E01000576,3.193,3.682
E01000577,5.165,4.952
E01000578,6.974,8.942
E01000579,4.985,3.526
E01000580,4.394,3.452
E01000581,4.0,4.428
E01000582,2.653,2.161
E01000583,5.455,3.317
E01000584,5.015,4.103
E01000585,4.19,4.322
E01000586,4.436,3.613
E01000587,7.963,3.2
E01000588,5.371,3.409
E01000589,5.487,3.413
E01000590,4.919,4.651
E01000591,5.88,3.21
E01000592,5.795,4.092
E01000593,4.639,4.243
E01000594,4.358,2.698
E01000595,7.24,5.826
E01000596,7.143,6.277
E01000599,7.187,6.141
E01000600,7.377,5.184
E01000601,5.914,7.225
E01000602,7.073,6.048
E01000603,6.052,5.947
E01000604,6.229,5.693
E01000605,7.702,7.435
E01000606,4.971,3.045
E01000607,4.229,3.085
E01000608,4.817,5.988
E01000609,4.521,3.883
E01000610,7.183,6.731
E01000611,6.855,3.316
E01000612,5.69,4.02
E01000613,5.021,3.989
E01000615,4.304,2.287
E01000616,4.179,3.048
E01000617,5.943,3.929
E01000618,5.308,3.28
E01000619,4.964,3.948
E01000620,8.863,5.771
E01000621,3.879,3.424
E01000622,5.237,3.788
E01000623,4.007,3.029
E01000624,6.331,4.754
E01000625,6.383,4.366
E01000626,7.867,5.498
E01000627,5.368,5.078
E01000628,5.077,5.207
E01000629,4.971,3.035
E01000630,6.477,3.516
E01000631,5.632,3.766
E01000632,5.942,3.347
E01000633,5.685,2.599
E01000634,4.097,3.367
E01000635,4.762,3.491
E01000636,4.899,3.537
E01000637,6.687,5.511
E01000638,4.074,4.769
E01000639,3.472,3.615
E01000640,4.239,3.883
E01000641,4.627,4.926
E01000642,4.528,3.523
E01000643,6.943,7.232
E01000644,4.825,4.341
E01000645,2.473,1.311
E01000646,5.058,4.65
E01000647,1.492,1.933
E01000648,2.294,2.276
E01000649,4.745,3.043
E01000650,3.925,3.601
E01000651,7.125,4.878
E01000652,4.0,2.572
E01000653,4.545,5.191
E01000654,3.456,3.544
E01000655,3.401,3.461
E01000656,2.429,3.05
E01000657,3.34,2.797
E01000658,5.228,5.263
E01000659,2.394,2.799
E01000661,7.152,6.638
E01000662,5.342,4.16
E01000663,5.9,5.77
E01000664,3.913,3.844
E01000665,4.298,3.229
E01000666,2.756,2.961
E01000667,3.765,2.649
E01000668,2.963,3.647
E01000669,3.469,3.401
E01000670,2.277,2.474
E01000671,3.899,3.436
E01000672,4.079,2.985
E01000673,3.374,2.572
E01000674,4.923,3.73
E01000675,3.202,2.957
E01000676,4.553,2.853
E01000677,2.657,2.524
E01000678,2.871,1.784
E01000679,2.169,2.851
E01000680,2.797,3.23
E01000681,1.994,2.39
E01000682,3.412,2.866
E01000683,4.774,3.05
E01000684,2.505,2.483
E01000685,4.409,4.054
E01000686,3.647,4.217
E01000687,2.433,3.898
E01000688,2.564,2.592
E01000689,7.709,6.112
E01000690,2.639,3.453
E01000691,4.729,4.625
E01000692,2.73,2.754
E01000693,5.469,4.702
E01000694,3.012,3.133
E01000695,3.882,2.635
E01000696,4.095,4.526
E01000697,3.034,2.803
E01000698,2.876,2.601
E01000699,4.369,4.683
E01000700,4.109,3.884
E01000701,4.597,2.986
E01000702,2.877,3.003
E01000703,3.064,3.64
E01000704,3.532,3.469
E01000705,3.664,2.876
E01000706,3.867,4.655
E01000707,1.787,1.856
E01000708,3.759,3.254
E01000709,5.923,3.723
E01000710,2.617,2.755
E01000711,4.887,3.034
E01000712,2.438,2.731
E01000713,2.658,2.92
E01000714,3.217,2.86
E01000715,3.44,2.729
E01000716,4.799,5.082
E01000717,2.921,2.582
E01000718,4.27,3.889
E01000719,5.643,5.577
E01000720,4.841,5.272
E01000721,5.953,6.733
E01000722,4.768,4.385
E01000723,6.175,4.754
E01000724,6.477,5.738
E01000725,4.692,4.966
E01000726,5.85,5.291
E01000727,6.246,4.846
E01000728,6.322,5.962
E01000729,7.572,7.249
E01000730,6.903,5.921
E01000731,5.356,5.427
E01000732,5.424,4.158
E01000733,5.775,5.096
E01000734,3.382,3.602
E01000735,6.132,4.974
E01000736,5.064,5.803
E01000737,8.642,7.692
E01000738,5.632,5.095
E01000739,9.324,6.38
E01000740,3.057,2.951
E01000741,5.549,3.681
E01000742,3.12,3.681
E01000743,8.136,11.081
E01000744,10.059,7.633
E01000745,4.212,4.036
E01000746,4.09,3.216
E01000747,2.708,4.485
E01000748,3.933,3.675
E01000749,4.093,4.482
E01000750,6.635,7.692
E01000751,3.388,2.907
E01000752,4.732,4.519
E01000753,4.208,2.532
E01000754,2.388,2.881
E01000755,3.189,2.378
E01000756,2.623,2.752
E01000757,2.468,2.864
E01000758,3.313,3.101
E01000759,2.27,3.041
E01000760,3.859,4.359
E01000761,2.255,2.329
E01000762,3.943,2.577
E01000763,2.548,2.783
E01000764,4.087,4.238
E01000765,3.11,2.688
E01000766,1.984,2.205
E01000767,2.552,2.882
E01000768,4.566,3.262
E01000769,4.446,5.256
E01000770,3.289,3.228
E01000771,2.263,2.579
E01000772,4.156,3.861
E01000773,3.879,2.836
E01000774,3.327,3.189
E01000775,2.604,3.106
E01000777,3.382,2.331
E01000778,2.848,3.508
E01000779,5.191,3.929
E01000780,5.27,5.211
E01000781,6.436,5.672
E01000782,7.078,7.896
E01000783,6.919,5.231
E01000784,3.125,2.826
E01000785,6.879,6.662
E01000786,4.152,4.654
E01000787,5.836,6.275
E01000788,4.849,4.391
E01000789,4.833,6.46
E01000790,3.964,2.786
E01000791,4.913,4.762
E01000792,4.904,3.844
E01000793,3.776,3.079
E01000794,3.67,3.172
E01000795,4.816,3.968
E01000796,5.706,5.595
E01000797,4.353,3.384
E01000798,7.036,7.395
E01000799,3.776,3.113
E01000800,5.439,5.042
E01000801,6.351,4.954
E01000802,4.396,3.896
E01000803,4.198,4.599
E01000804,3.343,2.517
E01000805,4.236,4.248
E01000806,4.067,3.673
E01000807,2.285,3.123
E01000808,3.491,3.013
E01000809,3.032,2.789
E01000810,3.194,2.466
E01000811,3.333,2.564
E01000812,4.342,3.858
E01000813,3.975,2.367
E01000814,2.155,2.756
E01000815,2.733,1.854
E01000816,3.849,3.016
E01000818,3.34,2.375
E01000819,6.725,6.486
E01000820,5.409,4.159
E01000822,4.213,3.18
E01000823,2.267,2.597
E01000824,3.98,2.853
E01000825,5.022,3.367
E01000826,1.477,2.017
E01000827,3.546,2.413
E01000828,4.104,3.175
E01000829,2.712,2.319
E01000830,1.742,1.662
E01000831,3.963,3.116
E01000832,3.091,2.928
E01000833,1.778,2.073
E01000834,1.28,1.388
E01000835,3.16,3.017
E01000836,2.114,1.872
E01000837,5.291,3.505
E01000838,4.651,5.451
E01000839,1.747,3.022
E01000840,5.026,5.097
E01000841,2.63,2.709
E01000842,2.493,3.142
E01000843,3.695,2.092
E01000844,3.047,3.062
E01000845,4.508,3.071
E01000846,6.329,5.089
E01000847,5.16,4.878
E01000848,2.834,3.973
E01000849,2.868,3.377
E01000850,3.778,3.86
E01000851,2.56,2.64
E01000852,3.214,4.233
E01000853,10.3,11.174
E01000854,5.237,4.233
E01000855,3.628,3.588
E01000856,7.538,5.657
E01000857,5.667,5.679
E01000858,9.189,6.522
E01000859,3.594,2.802
E01000860,6.733,6.958
E01000861,5.4,6.442
E01000862,2.512,3.029
E01000863,4.186,2.644
E01000864,5.27,4.039
E01000865,3.455,4.039
E01000866,7.635,8.051
E01000867,7.214,5.415
E01000868,8.252,7.216
E01000869,5.261,4.368
E01000870,7.62,6.746
E01000871,3.786,3.681
E01000872,4.206,5.92
E01000873,3.783,2.72
E01000874,2.053,2.64
E01000875,5.502,4.716
E01000876,8.467,5.873
E01000877,3.558,3.155
E01000878,3.14,2.687
E01000879,2.538,1.615
E01000880,1.81,2.052
E01000881,3.51,3.244
E01000882,1.322,0.964
E01000883,2.866,1.923
E01000884,2.178,2.447
E01000885,3.504,2.266
E01000886,4.221,2.782
E01000887,5.182,4.323
E01000888,5.607,5.578
E01000889,11.078,9.435
E01000890,13.049,9.795
E01000891,11.111,9.097
E01000892,5.589,5.201
E01000893,2.746,2.182
E01000894,2.088,2.594
E01000895,5.215,5.087
E01000896,3.014,1.947
E01000897,2.442,1.988
E01000898,5.495,7.192
E01000899,2.46,1.41
E01000900,7.94,6.15
E01000901,7.284,7.458
E01000902,7.857,6.016
E01000903,6.046,4.671
E01000904,7.217,6.728
E01000905,9.98,7.737
E01000906,4.569,2.839
E01000907,8.741,6.945
E01000908,9.424,8.011
E01000909,4.461,4.584
E01000910,2.989,2.91
E01000911,5.26,5.355
E01000912,8.181,7.876
E01000913,3.099,4.055
E01000914,4.54,4.087
E01000915,8.382,6.606
E01000916,6.236,6.082
E01000917,9.428,8.893
E01000918,5.933,7.083
E01000919,4.469,6.319
E01000920,5.036,6.161
E01000921,4.069,3.627
E01000922,4.719,5.521
E01000923,7.564,7.459
E01000924,4.887,3.76
E01000925,7.869,5.552
E01000926,5.081,5.227
E01000927,4.661,5.143
E01000928,6.008,5.779
E01000929,9.075,6.736
E01000930,8.848,6.999
E01000931,8.796,6.459
E01000932,6.094,5.057
E01000933,5.625,5.53
E01000934,7.968,8.235
E01000935,6.996,6.692
E01000936,5.438,6.303
E01000937,3.856,5.009
E01000938,5.023,5.267
E01000939,6.95,6.427
E01000940,6.283,6.303
E01000941,9.756,7.018
E01000942,2.416,3.854
E01000943,4.269,3.22
E01000944,6.214,7.992
E01000945,4.283,5.396
E01000946,5.805,4.513
E01000947,5.834,4.264
E01000948,6.74,5.49
E01000949,5.205,5.378
E01000950,8.805,5.396
E01000951,7.607,5.978
E01000952,9.601,7.747
E01000953,11.808,5.563
E01000954,8.092,7.367
E01000955,9.216,8.241
E01000956,7.115,6.977
E01000957,7.114,5.076
E01000958,5.521,5.204
E01000959,7.904,7.156
E01000960,3.608,3.374
E01000961,6.285,5.528
E01000962,2.198,1.947
E01000963,4.576,3.54
E01000964,4.249,4.74
E01000965,3.548,3.376
E01000966,2.116,1.486
E01000967,3.123,3.704
E01000968,4.718,3.268
E01000969,2.51,2.185
E01000970,2.77,3.125
E01000971,3.924,2.341
E01000972,8.711,7.453
E01000973,5.889,4.489
E01000974,7.147,8.365
E01000975,3.224,3.495
E01000976,5.035,4.011
E01000977,7.395,7.455
E01000978,4.62,4.282
E01000979,3.699,3.702
E01000980,3.767,3.61
E01000981,3.776,3.41
E01000982,4.925,4.276
E01000983,3.271,2.862
E01000984,7.983,5.354
E01000985,2.903,3.508
E01000986,3.28,3.612
E01000987,3.704,3.166
E01000989,3.632,3.343
E01000990,7.394,9.199
E01000991,3.942,4.318
E01000992,5.511,6.503
E01000993,3.148,3.273
E01000994,4.334,4.588
E01000995,4.66,3.734
E01000996,4.545,3.762
E01000997,6.16,3.336
E01000998,3.997,5.358
E01000999,4.129,3.704
E01001000,4.972,4.78
E01001001,5.774,4.045
E01001002,5.212,3.528
E01001003,3.971,3.713
E01001004,4.415,3.941
E01001005,3.794,4.155
E01001006,3.53,4.19
E01001007,4.573,3.073
E01001008,5.721,5.396
E01001009,3.088,4.148
E01001010,8.124,6.239
E01001011,4.925,4.022
E01001012,5.879,5.002
E01001013,8.424,7.156
E01001014,4.844,3.812
E01001015,5.069,4.555
E01001016,3.05,3.813
E01001017,2.032,2.85
E01001018,3.406,3.093
E01001019,4.037,3.219
E01001020,4.54,3.509
E01001021,8.333,7.601
E01001022,4.91,4.184
E01001023,5.556,3.351
E01001024,2.171,3.958
E01001025,2.932,2.446
E01001026,4.164,3.775
E01001027,3.224,2.749
E01001028,4.172,4.048
E01001029,5.148,3.781
E01001030,3.26,2.476
E01001031,3.274,2.404
E01001032,3.868,3.213
E01001033,3.651,2.998
E01001034,2.704,3.288
E01001035,4.034,5.699
E01001036,3.616,2.776
E01001037,2.865,3.249
E01001038,4.074,3.466
E01001039,2.985,2.486
E01001040,2.752,3.136
E01001041,3.911,3.584
E01001042,3.52,4.194
E01001043,3.142,2.805
E01001044,3.486,4.373
E01001045,5.11,2.126
E01001046,2.741,3.219
E01001047,4.483,3.922
E01001048,3.296,2.397
E01001049,4.017,2.637
E01001050,7.473,5.948
E01001051,6.52,7.477
E01001052,5.736,7.498
E01001053,6.411,5.188
E01001054,7.076,6.24
E01001055,8.715,8.031
E01001056,5.943,5.808
E01001057,4.961,5.022
E01001058,4.449,3.838
E01001059,3.653,4.686
E01001060,3.099,3.459
E01001061,5.153,5.12
E01001062,3.382,3.777
E01001063,3.639,2.997
E01001064,4.082,3.618
E01001065,3.973,4.374
E01001066,6.355,7.089
E01001067,2.269,3.628
E01001068,3.326,3.649
E01001069,3.971,4.602
E01001070,5.388,4.706
E01001071,2.961,3.323
E01001072,4.301,4.987
E01001073,3.956,4.031
E01001074,3.725,4.207
E01001075,3.167,3.865
E01001076,5.915,5.999
E01001077,4.083,4.733
E01001078,5.271,5.59
E01001079,6.782,6.82
E01001080,9.356,10.939
E01001081,5.536,5.227
E01001082,5.224,5.484
E01001083,3.791,3.591
E01001084,4.267,5.23
E01001085,5.791,5.793
E01001086,5.314,3.695
E01001087,4.829,4.949
E01001088,3.745,4.05
E01001089,5.191,4.258
E01001090,4.416,3.647
E01001091,3.785,3.934
E01001092,5.627,5.438
E01001093,3.107,3.625
E01001094,4.543,3.41
E01001095,2.452,2.157
E01001096,2.803,3.11
E01001097,5.04,6.069
E01001098,2.548,2.178
E01001099,3.588,6.135
E01001100,3.938,2.778
E01001101,1.968,1.469
E01001102,4.853,3.501
E01001103,4.94,5.021
E01001104,2.823,3.516
E01001105,4.685,4.951
E01001106,5.235,4.99
E01001107,2.042,2.158
E01001108,2.688,3.024
E01001109,6.67,6.556
E01001110,5.708,4.615
E01001111,4.854,3.596
E01001112,5.471,5.952
E01001113,4.322,3.639
E01001114,5.5,4.377
E01001115,7.796,5.055
E01001116,4.121,4.918
E01001117,6.375,4.898
E01001118,7.811,5.53
E01001119,3.061,3.822
E01001120,3.484,4.083
E01001121,4.128,3.628
E01001122,2.729,2.708
E01001123,3.17,3.096
E01001124,2.988,3.065
E01001125,4.242,4.733
E01001126,3.638,3.531
E01001127,3.671,2.891
E01001128,5.959,5.5
E01001129,3.368,3.08
E01001130,4.279,4.762
E01001131,4.351,3.117
E01001132,4.713,4.821
E01001133,5.395,5.542
E01001134,3.711,3.348
E01001135,3.584,3.929
E01001136,4.84,5.101
E01001137,4.296,3.147
E01001138,2.971,2.312
E01001139,3.933,3.586
E01001140,3.596,2.636
E01001141,5.056,4.317
E01001142,3.932,3.068
E01001143,7.058,4.447
E01001144,6.216,3.982
E01001145,5.931,5.355
E01001146,5.387,4.248
E01001147,4.624,5.056
E01001148,4.588,3.866
E01001149,2.99,2.331
E01001150,3.444,2.114
E01001151,5.375,5.886
E01001152,3.71,3.298
E01001153,4.2,4.657
E01001154,3.961,3.315
E01001155,9.233,8.756
E01001156,6.519,3.727
E01001157,5.344,3.508
E01001158,3.645,3.846
E01001159,4.164,3.441
E01001160,3.349,4.317
E01001161,6.706,6.786
E01001162,4.176,4.029
E01001163,3.559,4.403
E01001164,3.048,2.928
E01001165,4.529,3.032
E01001166,4.52,4.781
E01001167,4.423,2.797
E01001168,3.397,3.357
E01001169,6.667,5.134
E01001170,5.366,4.897
E01001171,7.631,6.655
E01001172,6.865,5.084
E01001173,3.866,4.672
E01001174,5.185,4.085
E01001175,4.994,3.6
E01001176,4.574,4.545
E01001177,6.246,5.215
E01001178,6.374,5.043
E01001179,4.368,4.026
E01001180,3.454,3.13
E01001181,5.577,5.89
E01001182,4.712,3.835
E01001183,5.534,4.503
E01001184,5.56,4.542
E01001185,4.279,3.817
E01001186,5.731,6.298
E01001187,4.113,5.189
E01001188,4.692,3.675
E01001189,4.789,3.443
E01001190,4.224,4.054
E01001191,4.308,4.875
E01001192,5.292,3.909
E01001193,4.759,6.659
E01001194,3.117,2.477
E01001195,2.891,2.522
E01001196,9.003,5.071
E01001197,4.507,4.695
E01001198,4.653,3.137
E01001199,4.754,3.303
E01001200,3.232,3.45
E01001201,6.15,4.271
E01001202,5.472,4.876
E01001203,6.171,6.339
E01001204,3.839,3.587
E01001205,4.939,5.727
E01001206,6.593,4.502
E01001207,2.803,3.006
E01001208,3.075,2.353
E01001209,2.336,2.436
E01001210,8.993,6.939
E01001211,3.76,4.09
E01001212,6.119,4.924
E01001213,6.94,6.269
E01001214,5.832,5.387
E01001215,6.856,5.742
E01001216,6.905,4.86
E01001217,3.899,4.138
E01001218,6.394,5.153
E01001219,6.452,7.335
E01001220,7.422,6.283
E01001221,4.836,2.738
E01001222,3.272,5.114
E01001223,4.285,3.645
E01001224,2.537,2.372
E01001225,4.246,3.258
E01001226,3.648,3.04
E01001227,3.038,2.5
E01001228,5.96,3.055
E01001229,7.227,5.204
E01001230,3.159,2.997
E01001231,3.376,2.299
E01001232,4.551,4.75
E01001233,5.548,5.125
E01001234,4.211,3.136
E01001235,2.505,3.549
E01001236,3.774,3.311
E01001237,4.52,2.431
E01001238,3.801,2.236
E01001239,6.355,4.189
E01001240,5.387,4.0
E01001241,4.064,5.013
E01001242,5.979,5.055
E01001243,5.339,2.805
E01001244,5.396,4.835
E01001245,3.762,2.583
E01001246,5.588,4.274
E01001247,6.037,4.102
E01001248,4.899,4.717
E01001249,6.456,6.034
E01001250,6.32,5.691
E01001251,4.353,2.821
E01001252,3.87,3.609
E01001253,4.184,3.524
E01001254,4.332,3.835
E01001255,2.733,2.016
E01001257,7.011,5.561
E01001258,4.556,3.364
E01001259,4.049,4.065
E01001260,5.74,4.463
E01001261,4.454,5.558
E01001262,6.721,6.728
E01001263,6.28,4.674
E01001264,5.921,4.778
E01001265,3.369,3.656
E01001266,4.367,3.052
E01001267,7.783,5.894
E01001268,4.147,4.226
E01001269,3.58,3.609
E01001270,4.242,3.18
E01001271,4.435,3.542
E01001272,3.993,5.698
E01001273,2.896,3.045
E01001274,2.515,2.112
E01001275,4.208,4.386
E01001276,3.468,4.724
E01001277,4.284,3.185
E01001278,4.332,3.94
E01001279,2.444,2.012
E01001280,3.218,4.57
E01001281,2.875,1.973
E01001282,8.414,6.547
E01001283,8.339,7.019
E01001284,3.509,4.063
E01001285,4.556,4.466
E01001286,5.974,4.254
E01001287,6.054,4.635
E01001288,3.138,3.184
E01001289,3.181,2.616
E01001290,3.287,2.632
E01001291,4.811,3.691
E01001292,4.391,4.898
E01001293,5.131,4.921
E01001294,4.277,4.189
E01001295,4.381,3.398
E01001296,5.132,4.934
E01001297,5.458,4.739
E01001298,5.998,5.687
E01001299,3.983,4.442
E01001300,2.896,2.848
E01001301,3.984,3.128
E01001302,2.961,2.434
E01001303,2.318,2.203
E01001304,3.872,2.352
E01001305,3.322,2.778
E01001306,3.36,3.115
E01001307,3.764,2.18
E01001308,4.163,3.761
E01001309,3.77,3.071
E01001310,3.443,2.801
E01001311,6.676,4.845
E01001312,3.589,3.76
E01001313,4.056,3.884
E01001314,3.155,3.346
E01001315,4.107,3.476
E01001316,5.622,4.229
E01001317,5.102,4.81
E01001318,5.978,5.233
E01001319,4.005,2.842
E01001320,5.168,5.237
E01001321,5.69,6.808
E01001322,2.955,4.056
E01001323,4.167,3.423
E01001324,4.636,4.455
E01001325,5.973,6.754
E01001326,5.701,5.51
E01001327,6.711,4.845
E01001328,5.838,4.772
E01001329,4.262,4.687
E01001330,8.01,4.739
E01001331,4.839,4.009
E01001332,7.186,4.768
E01001333,7.199,5.842
E01001334,8.626,6.775
E01001335,6.064,4.336
E01001336,8.015,5.537
E01001337,5.51,4.852
E01001338,7.732,5.035
E01001339,5.921,4.398
E01001340,7.835,5.051
E01001341,3.621,3.46
E01001342,5.035,3.59
E01001343,3.457,4.031
E01001344,5.275,4.279
E01001345,4.345,4.439
E01001346,3.142,3.681
E01001347,4.042,3.702
E01001348,4.065,3.947
E01001349,5.698,4.887
E01001350,4.711,4.031
E01001351,7.372,4.767
E01001352,3.51,2.212
E01001353,4.559,6.294
E01001354,7.283,6.709
E01001355,8.233,4.088
E01001356,9.65,6.885
E01001357,5.346,3.857
E01001358,8.177,4.171
E01001359,6.452,3.815
E01001360,6.968,4.925
E01001361,6.881,4.13
E01001362,6.563,4.727
E01001363,6.884,4.112
E01001364,9.01,6.929
E01001365,6.901,5.545
E01001366,5.148,4.144
E01001367,6.236,3.69
E01001368,6.849,5.045
E01001369,7.746,4.457
E01001370,5.657,4.098
E01001371,5.622,5.152
E01001372,5.048,3.602
E01001373,6.004,4.09
E01001374,5.006,2.726
E01001375,2.162,2.002
E01001376,6.966,5.39
E01001377,2.712,2.318
E01001379,2.382,1.152
E01001380,3.297,2.165
E01001381,4.669,2.772
E01001382,2.937,1.958
E01001383,4.243,3.925
E01001384,2.736,2.231
E01001385,2.021,2.503
E01001386,2.677,2.614
E01001387,4.204,3.844
E01001388,5.549,5.402
E01001389,4.859,4.262
E01001390,3.907,3.632
E01001391,5.691,3.029
E01001392,3.893,4.077
E01001393,4.877,4.569
E01001394,7.018,4.557
E01001395,6.667,6.062
E01001396,6.299,3.559
E01001397,5.769,5.037
E01001398,3.664,3.281
E01001399,3.758,3.444
E01001400,4.796,5.314
E01001401,2.721,4.104
E01001402,4.092,2.917
E01001403,5.243,4.927
E01001404,5.567,4.871
E01001405,5.441,7.381
E01001406,5.77,4.406
E01001407,4.826,4.52
E01001408,4.192,3.646
E01001409,5.77,5.108
E01001410,7.263,8.227
E01001411,3.804,3.624
E01001412,5.834,5.467
E01001413,5.515,5.443
E01001414,9.213,8.378
E01001415,6.1,4.486
E01001416,3.578,2.607
E01001417,3.09,3.975
E01001418,5.697,6.149
E01001419,4.728,5.578
E01001420,5.987,6.229
E01001421,6.818,5.021
E01001422,2.171,4.048
E01001423,6.482,6.532
E01001424,7.025,6.362
E01001425,6.069,5.539
E01001426,6.7,6.696
E01001427,6.793,7.511
E01001428,7.931,6.032
E01001429,9.566,8.119
E01001430,5.308,6.266
E01001431,6.779,5.375
E01001432,4.824,6.21
E01001433,6.732,4.72
E01001434,4.453,5.154
E01001435,4.932,5.01
E01001436,5.037,5.639
E01001437,7.585,6.418
E01001438,5.003,5.605
E01001439,5.928,8.165
E01001440,6.947,5.367
E01001441,5.416,6.432
E01001442,6.116,7.102
E01001444,5.728,4.822
E01001445,3.678,3.894
E01001446,5.063,5.436
E01001447,7.748,7.283
E01001448,7.045,5.441
E01001449,5.076,4.991
E01001450,4.42,4.123
E01001451,4.266,3.906
E01001452,3.097,2.909
E01001453,5.188,3.617
E01001454,3.062,2.881
E01001455,5.164,4.396
E01001456,2.5,2.861
E01001457,4.409,3.034
E01001458,7.45,5.817
E01001459,5.612,4.884
E01001460,6.663,4.782
E01001461,7.925,7.551
E01001462,6.348,5.365
E01001463,5.531,4.487
E01001464,8.647,7.523
E01001465,5.714,5.196
E01001466,5.014,3.806
E01001467,4.482,2.951
E01001468,4.182,2.76
E01001469,5.289,5.549
E01001470,4.068,4.063
E01001471,4.318,4.874
E01001472,5.113,3.811
E01001473,6.454,4.875
E01001474,3.339,3.057
E01001475,3.815,2.61
E01001476,5.882,5.254
E01001477,6.0,5.457
E01001478,5.007,5.006
E01001479,7.399,7.195
E01001480,6.133,5.793
E01001481,5.829,6.18
E01001482,7.12,5.677
E01001483,9.043,6.15
E01001484,6.492,4.308
E01001485,6.281,5.867
E01001486,7.882,6.238
E01001487,7.029,6.897
E01001488,5.045,4.245
E01001489,5.38,3.93
E01001491,5.719,4.872
E01001492,6.062,4.704
E01001493,7.558,6.328
E01001494,5.329,4.662
E01001495,4.198,2.709
E01001496,3.988,3.261
E01001497,6.504,4.399
E01001498,3.597,3.595
E01001499,6.97,5.714
E01001500,5.763,4.091
E01001501,5.784,5.453
E01001502,6.464,6.09
E01001503,5.152,5.191
E01001504,5.423,4.628
E01001505,5.153,5.768
E01001506,5.566,5.579
E01001507,6.791,6.001
E01001508,5.846,4.826
E01001509,6.444,5.133
E01001510,6.684,5.579
E01001511,3.598,3.954
E01001512,4.438,3.86
E01001513,5.085,6.411
E01001514,4.242,4.478
E01001515,5.601,5.129
E01001516,7.143,6.029
E01001517,6.825,7.286
E01001518,3.962,4.206
E01001519,3.686,2.501
E01001520,5.06,4.256
E01001521,3.995,3.573
E01001522,7.147,4.293
E01001523,4.428,3.357
E01001524,4.18,2.885
E01001525,5.036,4.786
E01001526,4.077,3.915
E01001527,4.798,3.359
E01001528,7.197,5.509
E01001529,6.016,4.479
E01001530,4.341,4.111
E01001531,3.204,2.437
E01001532,3.175,2.285
E01001533,4.592,3.733
E01001534,4.782,4.381
E01001535,4.723,3.488
E01001536,4.659,3.706
E01001537,4.276,3.09
E01001538,2.892,2.859
E01001539,3.837,2.902
E01001540,4.141,3.465
E01001541,3.79,3.133
E01001542,4.647,4.356
E01001543,3.708,3.216
E01001544,4.508,4.307
E01001545,7.542,7.321
E01001546,4.206,4.857
E01001547,6.143,5.545
E01001548,5.882,5.449
E01001549,6.177,5.214
E01001550,5.659,4.237
E01001551,8.194,8.366
E01001552,5.817,6.015
E01001553,7.013,5.876
E01001554,7.873,8.773
E01001555,5.552,4.657
E01001556,5.573,5.022
E01001557,5.296,4.723
E01001558,5.642,3.829
E01001559,7.752,5.31
E01001560,5.441,5.474
E01001562,8.566,8.013
E01001563,4.644,3.917
E01001564,3.181,3.131
E01001565,4.951,4.353
E01001566,4.358,2.974
E01001567,2.59,2.271
E01001568,2.716,2.55
E01001569,3.842,3.729
E01001570,5.391,3.633
E01001571,3.539,2.985
E01001572,4.676,3.52
E01001573,4.186,3.683
E01001574,7.518,6.913
E01001575,7.44,6.828
E01001576,8.798,5.956
E01001577,7.808,4.809
E01001578,6.194,4.423
E01001579,5.893,5.309
E01001580,2.192,3.846
E01001581,7.324,5.26
E01001582,6.237,5.74
E01001583,2.62,3.189
E01001584,3.938,4.524
E01001585,3.394,2.814
E01001586,5.835,6.887
E01001587,3.968,3.128
E01001588,9.87,8.387
E01001589,5.86,5.933
E01001590,4.052,4.049
E01001591,6.814,5.474
E01001592,3.842,2.844
E01001593,5.311,3.569
E01001594,6.35,4.351
E01001595,6.266,4.548
E01001596,4.412,2.884
E01001597,3.846,4.11
E01001598,4.978,3.915
E01001599,5.526,4.711
E01001600,4.548,4.506
E01001601,5.573,4.512
E01001602,7.208,8.043
E01001603,9.607,8.31
E01001604,4.028,3.873
E01001605,2.904,3.289
E01001606,2.932,2.711
E01001607,5.631,4.534
E01001608,3.851,4.435
E01001609,7.803,4.858
E01001610,5.333,3.984
E01001611,6.209,4.574
E01001613,5.044,6.104
E01001614,4.116,3.885
E01001615,4.608,3.666
E01001617,5.464,4.545
E01001618,6.858,5.456
E01001619,3.457,3.561
E01001620,8.045,5.875
E01001621,6.573,7.292
E01001623,6.309,6.094
E01001624,7.028,5.283
E01001625,8.117,7.52
E01001629,5.974,6.072
E01001631,5.405,5.458
E01001632,4.528,5.15
E01001633,5.787,4.697
E01001634,8.693,8.923
E01001635,4.636,3.71
E01001636,4.239,4.81
E01001637,7.281,6.219
E01001638,6.383,6.75
E01001640,4.627,3.608
E01001641,3.191,2.894
E01001642,2.639,2.829
E01001644,2.667,2.777
E01001645,6.895,6.533
E01001646,4.595,4.539
E01001647,6.64,5.514
E01001648,5.368,3.944
E01001649,6.471,5.143
E01001650,7.386,6.386
E01001651,8.576,7.04
E01001652,5.595,5.451
E01001653,7.563,7.542
E01001654,7.503,6.849
E01001655,9.078,7.551
E01001656,4.874,5.004
E01001657,4.46,3.376
E01001658,4.777,5.079
E01001659,5.502,4.326
E01001660,5.062,6.082
E01001661,8.328,6.49
E01001662,3.234,2.786
E01001664,5.455,4.046
E01001665,3.428,3.7
E01001666,4.014,4.032
E01001667,8.951,3.806
E01001668,6.567,3.734
E01001669,5.336,5.05
E01001671,5.196,4.431
E01001672,4.002,5.171
E01001673,9.989,6.825
E01001674,4.815,3.923
E01001675,4.343,4.895
E01001676,4.299,4.661
E01001677,4.363,4.857
E01001678,5.459,4.115
E01001679,2.823,4.508
E01001680,3.433,2.899
E01001681,3.758,4.854
E01001682,3.976,3.922
E01001683,6.452,5.093
E01001684,5.774,6.28
E01001685,5.848,6.786
E01001686,5.346,4.389
E01001687,7.38,5.936
E01001688,4.117,4.869
E01001690,7.091,5.543
E01001692,5.607,5.514
E01001693,5.777,6.859
E01001694,4.926,3.727
E01001695,8.057,5.287
E01001696,6.148,3.231
E01001697,4.585,2.838
E01001698,6.64,4.812
E01001699,4.924,5.939
E01001700,4.309,3.084
E01001701,4.724,3.857
E01001702,5.072,5.585
E01001703,4.912,4.137
E01001704,4.543,4.848
E01001705,5.921,4.094
E01001706,7.687,6.092
E01001708,6.082,5.183
E01001709,7.179,3.657
E01001710,6.789,9.551
E01001711,4.388,3.657
E01001712,6.692,4.67
E01001713,5.892,6.092
E01001714,8.121,4.337
E01001715,3.179,3.577
E01001716,6.601,6.6
E01001717,6.71,5.595
E01001718,2.35,2.989
E01001719,7.989,5.854
E01001720,3.456,3.103
E01001722,7.15,5.252
E01001723,4.99,3.147
E01001724,4.191,3.629
E01001725,4.453,3.603
E01001726,5.158,6.038
E01001727,3.594,3.773
E01001728,3.672,2.678
E01001729,6.878,5.488
E01001730,7.704,5.963
E01001731,5.0,4.615
E01001732,7.289,5.579
E01001733,6.037,4.49
E01001734,6.041,3.488
E01001735,6.801,6.752
E01001736,5.314,3.809
E01001737,3.963,3.281
E01001738,5.916,4.138
E01001739,4.641,3.796
E01001740,8.685,5.696
E01001741,4.564,3.539
E01001742,7.569,5.359
E01001744,6.386,5.395
E01001745,6.492,6.019
E01001746,4.408,5.154
E01001747,6.411,5.284
E01001748,5.551,4.019
E01001749,4.485,4.164
E01001750,6.257,5.042
E01001751,2.521,3.176
E01001752,4.205,3.346
E01001753,7.673,6.055
E01001754,5.801,4.623
E01001755,8.11,5.304
E01001756,4.362,4.124
E01001757,5.358,5.678
E01001758,7.187,5.7
E01001759,6.818,4.915
E01001760,6.499,4.934
E01001761,9.106,9.231
E01001762,5.609,4.782
E01001763,7.186,5.54
E01001764,5.154,5.2
E01001765,9.086,8.662
E01001767,6.051,5.59
E01001768,5.699,3.7
E01001769,4.454,5.446
E01001770,8.113,6.826
E01001772,10.421,6.708
E01001773,7.456,5.518
E01001774,4.344,4.93
E01001775,7.995,6.487
E01001776,10.98,7.431
E01001777,5.556,3.646
E01001779,6.976,6.004
E01001780,6.575,7.104
E01001781,8.698,6.176
E01001782,5.087,3.706
E01001783,7.749,4.8
E01001784,4.927,5.474
E01001785,7.806,4.959
E01001786,6.521,4.272
E01001787,10.636,7.826
E01001788,9.166,8.768
E01001789,6.21,5.02
E01001790,7.818,8.063
E01001791,6.91,6.096
E01001792,7.978,5.067
E01001793,4.748,4.307
E01001794,10.477,8.11
E01001795,5.055,3.514
E01001796,6.193,4.41
E01001798,7.731,3.737
E01001799,2.276,1.859
E01001800,7.264,6.057
E01001801,7.392,5.923
E01001802,6.801,5.007
E01001803,4.24,2.832
E01001804,4.974,2.75
E01001805,4.395,3.752
E01001806,7.374,6.331
E01001807,5.592,4.369
E01001808,2.612,4.47
E01001809,3.288,3.132
E01001811,10.446,4.746
E01001812,6.415,3.745
E01001813,9.92,7.366
E01001814,4.398,3.762
E01001815,8.906,10.327
E01001816,4.8,6.065
E01001819,7.736,7.503
E01001820,9.159,8.147
E01001821,9.247,7.493
E01001822,8.403,5.658
E01001823,4.759,3.615
E01001824,6.262,4.059
E01001825,3.129,2.219
E01001826,6.437,5.34
E01001827,7.881,6.861
E01001828,7.195,4.871
E01001829,3.846,2.509
E01001830,8.246,5.638
E01001831,5.247,5.42
E01001832,5.991,5.352
E01001833,6.58,4.584
E01001834,5.731,3.823
E01001835,4.323,3.163
E01001836,5.681,4.96
E01001837,3.763,3.734
E01001838,7.961,6.667
E01001839,3.709,4.076
E01001840,8.771,8.24
E01001841,8.292,7.018
E01001842,6.734,4.647
E01001843,7.154,5.809
E01001844,4.038,5.115
E01001845,10.932,8.328
E01001846,8.799,8.498
E01001847,8.946,5.547
E01001848,6.711,5.933
E01001849,4.526,4.126
E01001850,7.459,6.945
E01001851,2.512,2.797
E01001852,2.846,3.071
E01001853,3.327,2.937
E01001854,4.503,4.205
E01001855,3.459,3.125
E01001856,5.075,6.201
E01001857,8.328,6.464
E01001858,5.577,6.944
E01001859,4.211,3.811
E01001860,6.84,4.968
E01001861,5.607,3.915
E01001862,6.335,5.685
E01001863,4.115,3.26
E01001864,6.527,3.691
E01001865,4.281,2.839
E01001866,3.927,3.059
E01001867,5.507,5.649
E01001868,7.457,6.661
E01001869,3.073,3.321
E01001870,3.778,3.794
E01001871,3.741,3.699
E01001872,3.594,3.815
E01001873,5.241,4.794
E01001874,5.401,4.836
E01001875,7.443,6.812
E01001876,5.78,5.776
E01001877,6.394,5.887
E01001878,6.454,5.995
E01001879,6.441,4.765
E01001880,5.611,5.786
E01001881,3.777,2.878
E01001882,2.1,2.676
E01001883,5.791,4.92
E01001884,6.728,5.108
E01001885,10.387,6.818
E01001886,4.898,5.581
E01001887,7.439,6.511
E01001888,4.213,2.579
E01001889,4.532,2.588
E01001890,2.975,2.392
E01001891,2.365,2.201
E01001892,6.589,4.436
E01001893,5.949,4.427
E01001894,8.409,6.118
E01001895,3.764,3.425
E01001896,4.522,4.373
E01001897,3.833,3.994
E01001898,3.897,3.348
E01001899,11.232,7.004
E01001900,8.179,6.013
E01001901,2.831,1.939
E01001902,5.062,3.862
E01001903,5.518,4.321
E01001904,2.773,2.29
E01001905,2.82,2.652
E01001906,3.058,1.927
E01001907,3.147,2.406
E01001908,3.24,2.03
E01001909,5.763,4.821
E01001910,3.373,3.371
E01001911,7.155,5.789
E01001912,7.071,5.296
E01001913,1.294,1.948
E01001914,2.857,3.324
E01001915,2.901,2.34
E01001916,2.59,3.186
E01001917,5.062,4.886
E01001918,3.95,2.583
E01001919,3.926,2.713
E01001920,9.848,7.867
E01001921,2.865,3.241
E01001922,2.43,2.338
E01001923,3.516,3.496
E01001924,1.128,1.361
E01001925,1.966,2.226
E01001926,2.129,1.4
E01001927,2.593,3.079
E01001928,6.439,3.544
E01001929,2.937,1.63
E01001930,8.738,7.316
E01001931,4.406,3.164
E01001932,4.01,3.266
E01001933,3.776,3.88
E01001934,4.932,4.592
E01001935,4.76,3.876
E01001937,2.852,2.737
E01001938,5.385,3.751
E01001939,5.213,4.383
E01001940,6.621,6.104
E01001941,3.578,3.64
E01001942,5.35,4.788
E01001943,5.169,4.68
E01001944,8.94,7.976
E01001945,5.993,4.444
E01001946,5.083,3.781
E01001947,7.873,5.928
E01001948,3.33,2.936
E01001949,1.681,1.626
E01001950,2.005,1.615
E01001951,3.232,3.168
E01001952,3.45,2.795
E01001953,4.905,4.17
E01001954,6.164,4.063
E01001955,7.36,5.5
E01001956,6.026,4.952
E01001957,7.673,5.962
E01001958,6.403,5.391
E01001959,9.201,6.485
E01001960,3.342,3.289
E01001961,6.458,4.889
E01001962,4.096,3.346
E01001963,4.011,2.278
E01001964,3.212,3.135
E01001965,4.179,3.733
E01001966,3.173,2.34
E01001967,2.779,2.408
E01001968,3.871,2.731
E01001969,5.72,5.493
E01001970,5.654,5.521
E01001971,7.107,7.45
E01001972,7.237,6.363
E01001973,4.431,3.571
E01001974,4.868,3.796
E01001975,4.077,3.732
E01001976,6.818,3.696
E01001977,7.532,5.991
E01001978,7.927,4.982
E01001979,6.503,5.969
E01001980,5.589,5.286
E01001981,5.451,4.104
E01001982,6.095,4.109
E01001983,5.569,4.034
E01001984,3.27,4.863
E01001985,2.899,3.025
E01001986,2.08,3.635
E01001987,2.491,1.701
E01001988,3.614,2.639
E01001989,3.478,3.372
E01001990,3.135,2.359
E01001991,3.721,3.187
E01001992,2.165,2.23
E01001993,3.262,1.978
E01001994,2.971,2.21
E01001995,5.68,4.661
E01001996,3.138,3.686
E01001997,2.153,1.852
E01001998,4.859,3.055
E01001999,5.697,3.78
E01002000,4.714,4.089
E01002001,4.395,2.947
E01002002,4.707,3.96
E01002003,6.019,5.28
E01002004,6.353,5.301
E01002005,2.784,3.08
E01002006,2.871,2.987
E01002007,2.267,2.573
E01002008,4.137,2.606
E01002009,1.862,2.192
E01002010,5.609,6.587
E01002011,3.783,3.661
E01002013,3.64,3.959
E01002014,5.003,3.345
E01002015,7.77,6.877
E01002016,6.585,5.489
E01002017,3.427,3.883
E01002018,6.408,5.16
E01002019,2.674,2.336
E01002020,5.051,3.816
E01002021,2.569,3.499
E01002022,3.436,4.111
E01002023,3.392,2.705
E01002024,5.227,5.259
E01002025,1.398,2.304
E01002026,11.365,9.433
E01002027,8.393,6.224
E01002028,6.338,5.599
E01002029,7.246,6.211
E01002030,6.037,5.115
E01002031,5.907,5.136
E01002032,8.163,6.341
E01002033,6.761,7.773
E01002034,7.477,4.982
E01002036,6.856,5.955
E01002037,8.242,6.985
E01002038,7.562,5.469
E01002039,8.882,7.77
E01002040,5.626,5.823
E01002041,8.218,6.424
E01002042,6.032,4.473
E01002043,5.149,5.356
E01002044,4.858,3.82
E01002045,7.776,5.725
E01002046,8.174,7.849
E01002047,6.168,3.444
E01002048,6.905,6.089
E01002049,7.071,6.112
E01002050,3.641,2.714
E01002051,5.526,5.505
E01002052,3.96,2.177
E01002053,7.564,5.874
E01002054,8.891,7.017
E01002055,4.101,2.47
E01002056,5.906,4.726
E01002057,5.756,4.118
E01002058,5.03,3.556
E01002059,6.344,5.89
E01002060,3.07,2.693
E01002061,3.616,3.824
E01002062,2.935,2.644
E01002063,4.096,4.86
E01002064,5.812,5.413
E01002065,6.603,5.764
E01002066,8.79,5.668
E01002067,7.969,6.085
E01002068,6.422,4.41
E01002069,7.899,7.906
E01002070,4.563,3.725
E01002071,8.173,6.742
E01002072,9.101,11.04
E01002073,6.92,6.549
E01002074,6.409,6.5
E01002075,5.402,4.209
E01002076,6.25,5.768
E01002077,5.243,5.955
E01002078,7.566,5.915
E01002079,4.689,4.917
E01002080,6.026,3.663
E01002081,8.479,8.766
E01002082,9.35,8.251
E01002083,5.625,4.523
E01002084,5.607,4.821
E01002085,6.458,4.51
E01002086,8.505,3.407
E01002087,7.497,6.012
E01002088,5.882,4.556
E01002089,7.566,6.459
E01002090,7.683,6.282
E01002091,9.212,7.701
E01002092,6.246,5.138
E01002093,8.914,8.211
E01002094,6.821,6.376
E01002095,7.117,8.255
E01002096,9.301,7.451
E01002097,6.793,7.206
E01002098,4.893,3.66
E01002099,9.25,7.768
E01002100,5.815,5.714
E01002101,5.689,4.8
E01002102,5.632,5.296
E01002103,4.887,4.268
E01002104,6.128,5.777
E01002105,4.678,4.961
E01002106,4.637,3.842
E01002107,3.044,2.639
E01002108,3.244,3.045
E01002109,3.913,2.564
E01002110,3.632,2.103
E01002111,3.637,4.138
E01002112,5.026,2.861
E01002113,5.818,5.385
E01002114,8.229,6.679
E01002115,4.307,3.074
E01002116,5.036,3.711
E01002117,4.466,3.479
E01002118,5.685,5.748
E01002119,4.098,3.27
E01002120,8.102,8.003
E01002121,5.054,3.295
E01002122,3.517,3.817
E01002123,4.15,3.619
E01002124,3.335,4.127
E01002125,4.35,4.112
E01002126,4.387,2.315
E01002127,3.794,3.698
E01002128,3.21,3.492
E01002129,4.161,3.625
E01002130,3.894,4.157
E01002131,6.158,5.961
E01002132,3.28,2.16
E01002133,7.73,5.439
E01002134,2.599,3.152
E01002135,5.326,5.062
E01002136,4.365,2.511
E01002137,0.937,1.488
E01002138,4.513,4.224
E01002139,7.983,6.991
E01002140,4.513,5.175
E01002141,5.389,5.692
E01002142,3.935,3.875
E01002143,4.265,4.905
E01002144,3.501,3.701
E01002145,8.858,6.35
E01002146,2.903,2.256
E01002147,5.405,3.247
E01002148,3.589,3.21
E01002149,2.866,2.801
E01002150,5.204,3.167
E01002151,7.077,7.854
E01002152,2.956,2.91
E01002153,3.971,3.032
E01002154,4.701,3.634
E01002155,3.895,2.086
E01002156,4.139,3.316
E01002157,3.912,3.121
E01002158,3.844,2.699
E01002159,4.892,3.681
E01002160,2.44,3.234
E01002161,4.433,4.517
E01002162,4.79,3.479
E01002163,4.095,2.541
E01002164,2.779,3.638
E01002165,4.96,3.403
E01002166,5.111,3.576
E01002167,4.972,4.475
E01002168,7.239,5.362
E01002169,5.188,4.019
E01002170,4.909,4.094
E01002171,5.009,4.225
E01002172,4.307,3.844
E01002173,4.018,3.927
E01002174,5.057,3.125
E01002175,4.85,3.169
E01002176,4.124,3.479
E01002177,4.089,2.977
E01002178,4.646,4.151
E01002179,4.667,4.407
E01002180,4.892,4.547
E01002181,4.883,3.082
E01002182,3.612,4.762
E01002183,5.318,5.941
E01002184,4.297,4.253
E01002185,6.416,4.744
E01002186,6.039,3.361
E01002187,5.155,4.135
E01002188,2.786,3.232
E01002189,2.589,2.537
E01002190,2.99,2.75
E01002191,2.749,2.622
E01002192,4.112,3.389
E01002193,3.895,3.474
E01002194,2.436,2.612
E01002195,2.875,2.473
E01002196,2.217,3.295
E01002197,5.954,3.879
E01002198,3.736,3.034
E01002199,5.023,3.631
E01002200,4.858,2.548
E01002201,5.166,3.503
E01002202,4.232,3.552
E01002203,4.854,3.704
E01002204,3.802,2.658
E01002206,4.398,3.386
E01002207,3.642,3.328
E01002208,3.021,3.088
E01002209,3.834,3.063
E01002210,4.613,2.196
E01002211,5.311,5.451
E01002212,4.917,3.717
E01002213,4.258,3.497
E01002214,5.046,4.4
E01002215,6.71,6.052
E01002216,4.944,3.695
E01002217,7.471,4.943
E01002218,5.222,4.736
E01002219,4.523,4.611
E01002220,3.317,3.226
E01002221,4.284,3.745
E01002222,4.167,3.487
E01002223,3.043,3.458
E01002224,4.444,4.498
E01002225,9.206,6.332
E01002226,4.084,4.842
E01002227,11.719,6.462
E01002228,3.753,3.643
E01002229,6.057,4.705
E01002230,4.68,3.643
E01002231,4.678,3.405
E01002232,5.22,6.868
E01002233,5.662,5.814
E01002234,3.733,3.721
E01002235,6.816,5.535
E01002236,4.714,3.481
E01002237,4.121,3.124
E01002238,4.157,3.552
E01002239,4.231,3.771
E01002240,6.498,4.699
E01002241,4.401,4.314
E01002242,2.751,3.805
E01002243,4.805,5.322
E01002244,4.066,4.132
E01002245,7.538,6.315
E01002246,7.118,6.304
E01002247,3.833,3.947
E01002248,6.299,4.561
E01002249,3.412,3.056
E01002250,3.903,4.146
E01002251,4.406,5.893
E01002252,5.361,4.78
E01002253,4.224,3.032
E01002254,4.517,2.58
E01002255,4.99,3.694
E01002256,4.673,4.354
E01002257,3.607,3.8
E01002258,7.399,4.84
E01002259,4.105,3.809
E01002260,5.277,3.425
E01002261,4.306,3.633
E01002262,6.027,4.494
E01002263,3.189,2.612
E01002264,8.61,7.292
E01002265,3.601,2.785
E01002266,7.436,4.218
E01002267,7.72,6.396
E01002268,5.185,3.425
E01002269,5.434,2.962
E01002270,3.766,4.718
E01002271,3.421,2.451
E01002272,4.397,3.679
E01002273,5.213,3.507
E01002274,3.419,3.604
E01002275,3.679,4.401
E01002276,6.802,5.982
E01002277,6.76,6.042
E01002278,6.754,5.79
E01002279,5.871,6.128
E01002280,7.03,5.699
E01002281,8.922,3.979
E01002282,6.838,5.47
E01002283,7.91,5.709
E01002284,7.112,4.11
E01002285,4.418,4.103
E01002286,3.576,3.713
E01002287,4.75,3.757
E01002288,3.424,2.566
E01002289,3.47,4.507
E01002290,4.156,4.357
E01002291,4.741,4.365
E01002292,5.939,5.22
E01002293,3.708,2.686
E01002294,6.367,4.675
E01002295,5.071,4.6
E01002296,4.603,4.363
E01002297,7.884,6.869
E01002298,5.137,4.486
E01002299,6.159,4.895
E01002300,6.026,4.348
E01002301,4.997,4.154
E01002302,5.374,4.411
E01002303,6.07,6.871
E01002304,7.426,6.957
E01002305,5.069,3.851
E01002306,5.013,5.111
E01002307,5.977,4.167
E01002308,5.947,8.679
E01002309,6.238,4.983
E01002310,8.587,6.937
E01002311,6.272,5.219
E01002312,7.143,7.004
E01002313,8.126,6.106
E01002314,6.944,6.792
E01002315,6.051,4.864
E01002316,9.126,8.683
E01002317,3.115,2.523
E01002318,3.96,4.713
E01002319,5.138,6.176
E01002320,4.189,2.537
E01002321,3.959,3.118
E01002322,2.423,3.826
E01002323,3.746,3.71
E01002324,7.629,7.922
E01002325,6.671,5.979
E01002326,4.211,3.83
E01002327,4.878,4.692
E01002328,3.858,3.01
E01002329,4.892,3.166
E01002330,5.434,4.286
E01002331,6.103,3.844
E01002332,5.518,4.789
E01002333,4.697,5.196
E01002334,4.51,3.697
E01002335,5.744,6.351
E01002336,4.155,4.66
E01002337,5.457,4.921
E01002338,4.376,3.546
E01002339,3.54,2.97
E01002340,2.39,2.911
E01002341,4.883,4.395
E01002342,4.534,4.353
E01002343,4.223,3.986
E01002344,5.432,4.924
E01002345,4.705,4.397
E01002346,5.256,4.891
E01002347,5.833,3.992
E01002348,5.16,3.974
E01002349,6.631,4.851
E01002350,8.059,5.568
E01002351,4.051,3.622
E01002352,5.505,4.026
E01002353,4.627,4.205
E01002354,2.77,3.453
E01002355,3.878,2.744
E01002356,5.32,3.977
E01002358,3.273,3.036
E01002359,3.631,3.647
E01002360,6.508,5.93
E01002361,5.824,5.144
E01002362,3.213,2.918
E01002363,6.101,5.402
E01002364,7.331,3.405
E01002365,5.167,4.244
E01002366,3.962,4.264
E01002367,3.942,2.869
E01002368,6.901,5.71
E01002369,5.077,3.767
E01002370,5.93,4.457
E01002371,5.716,4.101
E01002372,4.78,4.376
E01002373,5.123,3.948
E01002374,4.587,3.926
E01002375,6.72,5.38
E01002376,2.913,2.955
E01002377,4.64,4.453
E01002378,3.099,2.462
E01002379,4.434,3.312
E01002380,4.335,4.897
E01002381,4.548,3.267
E01002382,4.392,3.471
E01002383,3.483,3.123
E01002384,4.008,3.417
E01002385,4.574,3.937
E01002386,3.684,3.16
E01002387,4.05,3.798
E01002388,2.714,2.611
E01002389,3.127,3.824
E01002390,2.692,2.419
E01002391,7.583,5.514
E01002392,5.97,5.003
E01002393,5.231,4.452
E01002394,4.571,4.126
E01002395,3.696,4.338
E01002396,6.175,4.853
E01002397,3.894,4.29
E01002398,4.87,2.909
E01002399,5.28,3.28
E01002400,5.357,7.365
E01002401,6.816,3.851
E01002402,7.472,4.884
E01002403,5.627,4.891
E01002404,6.094,5.339
E01002405,5.211,4.696
E01002406,4.684,2.945
E01002407,4.885,2.764
E01002408,7.073,6.178
E01002409,6.599,4.724
E01002410,5.372,4.642
E01002411,4.965,3.147
E01002412,3.361,3.399
E01002413,5.621,5.936
E01002414,1.509,2.522
E01002415,3.45,3.032
E01002416,3.619,3.096
E01002417,4.261,3.483
E01002418,4.36,4.786
E01002419,3.005,2.308
E01002420,4.075,4.146
E01002421,3.95,2.761
E01002422,4.805,4.543
E01002423,4.012,3.846
E01002424,3.24,3.127
E01002425,4.513,3.662
E01002426,4.711,3.556
E01002427,4.714,4.762
E01002428,3.537,2.939
E01002429,4.529,3.873
E01002430,2.383,2.372
E01002431,2.332,2.612
E01002432,2.883,3.593
E01002433,3.724,3.845
E01002434,3.093,2.483
E01002435,2.159,2.148
E01002436,4.789,4.765
E01002437,3.88,4.231
E01002438,5.736,2.843
E01002439,3.819,5.355
E01002440,6.662,5.366
E01002441,5.935,4.685
E01002442,6.019,4.375
E01002443,3.385,2.695
E01002444,5.292,4.435
E01002445,4.287,4.692
E01002446,3.722,3.109
E01002447,3.595,3.28
E01002448,4.548,3.809
E01002449,4.007,3.36
E01002450,2.956,2.602
E01002451,4.095,3.723
E01002452,2.664,3.186
E01002453,3.723,3.191
E01002454,5.065,5.208
E01002455,4.745,4.44
E01002456,4.836,5.13
E01002457,5.128,5.224
E01002458,3.319,2.434
E01002459,2.648,3.232
E01002460,4.484,3.448
E01002461,3.206,2.778
E01002462,2.257,2.47
E01002463,3.567,4.167
E01002464,2.9,3.156
E01002465,3.68,2.682
E01002466,3.69,2.667
E01002467,4.285,3.427
E01002468,3.007,2.742
E01002469,2.814,3.38
E01002470,4.335,4.089
E01002471,2.532,2.941
E01002472,3.947,4.182
E01002473,4.783,4.402
E01002474,4.38,3.33
E01002475,7.148,6.552
E01002476,2.855,3.188
E01002477,5.112,5.481
E01002478,4.542,3.006
E01002479,5.053,6.41
E01002480,2.898,2.905
E01002481,4.164,4.811
E01002482,4.294,2.892
E01002483,4.428,4.777
E01002484,4.986,5.178
E01002485,4.262,3.006
E01002486,4.516,3.653
E01002487,4.228,4.214
E01002488,4.453,4.527
E01002489,4.331,2.689
E01002490,3.698,3.837
E01002491,4.925,4.643
E01002492,5.1,3.939
E01002493,4.711,5.1
E01002494,4.009,3.667
E01002495,3.587,3.032
E01002496,3.774,3.622
E01002497,3.985,3.869
E01002498,3.107,3.678
E01002499,4.223,3.648
E01002501,5.206,4.138
E01002502,5.853,4.086
E01002503,6.187,4.92
E01002504,6.374,4.028
E01002505,5.962,5.945
E01002506,4.793,3.757
E01002507,3.925,2.586
E01002508,7.877,8.135
E01002509,3.512,2.949
E01002511,5.782,6.212
E01002512,4.767,3.014
E01002513,3.803,3.686
E01002514,3.625,3.214
E01002515,4.664,3.287
E01002516,2.407,3.272
E01002518,4.201,4.701
E01002519,7.042,5.401
E01002520,3.615,3.291
E01002521,5.828,7.101
E01002523,4.308,3.539
E01002525,4.96,2.719
E01002526,5.091,4.657
E01002527,5.391,4.747
E01002528,6.706,5.508
E01002529,3.26,3.828
E01002530,6.365,6.267
E01002531,5.318,4.459
E01002532,5.024,4.003
E01002533,4.309,3.844
E01002534,4.437,4.665
E01002535,4.358,3.336
E01002536,3.169,2.03
E01002537,2.92,3.343
E01002538,4.78,4.209
E01002539,4.396,3.686
E01002540,4.356,4.055
E01002541,4.053,3.643
E01002542,5.227,4.434
E01002543,4.282,4.004
E01002544,4.35,2.774
E01002545,5.722,6.756
E01002546,4.259,3.514
E01002547,4.662,4.138
E01002548,7.522,4.858
E01002549,4.112,4.973
E01002550,4.42,4.444
E01002551,5.459,4.586
E01002552,5.057,4.35
E01002553,6.615,4.889
E01002554,3.785,3.243
E01002555,4.069,3.337
E01002556,4.7,3.558
E01002557,4.986,3.659
E01002558,5.707,4.825
E01002559,4.476,4.618
E01002560,7.872,5.271
E01002561,4.206,4.442
E01002562,7.252,5.66
E01002563,3.045,3.822
E01002564,5.72,6.438
E01002565,3.252,3.389
E01002566,7.16,3.892
E01002567,3.982,3.998
E01002568,5.437,4.925
E01002569,3.175,3.491
E01002570,3.508,3.58
E01002571,2.038,3.274
E01002572,5.6,5.502
E01002573,2.606,2.069
E01002574,2.733,2.308
E01002575,1.891,2.532
E01002576,4.868,4.637
E01002577,2.691,2.408
E01002578,3.595,3.737
E01002579,3.379,3.302
E01002580,5.051,4.821
E01002581,2.634,2.763
E01002582,2.818,2.407
E01002583,5.334,3.816
E01002584,4.967,3.294
E01002585,5.633,3.884
E01002586,3.939,3.373
E01002587,5.383,5.574
E01002588,8.034,4.536
E01002589,5.6,4.308
E01002590,5.22,4.876
E01002591,4.511,4.197
E01002592,5.553,5.442
E01002593,9.821,5.435
E01002594,3.838,3.936
E01002595,5.457,4.825
E01002596,2.806,2.38
E01002598,4.457,4.515
E01002599,3.858,4.375
E01002600,4.79,3.932
E01002601,2.823,3.787
E01002602,3.724,4.281
E01002603,4.782,4.368
E01002604,5.02,6.105
E01002605,5.793,5.093
E01002606,6.886,6.22
E01002607,4.68,3.717
E01002608,6.348,5.321
E01002609,4.509,4.393
E01002610,4.923,5.105
E01002611,4.594,2.963
E01002612,5.09,3.945
E01002613,4.6,3.633
E01002614,3.551,2.686
E01002615,7.211,7.02
E01002616,5.499,4.31
E01002617,3.45,3.06
E01002618,5.006,4.563
E01002619,5.768,5.495
E01002620,5.943,3.996
E01002621,6.054,4.833
E01002622,4.159,4.266
E01002623,7.139,5.403
E01002624,4.917,4.775
E01002625,4.878,4.325
E01002626,5.289,4.251
E01002627,6.919,5.248
E01002628,3.557,4.011
E01002629,3.977,3.694
E01002630,4.366,3.72
E01002631,4.914,4.573
E01002632,5.131,6.201
E01002633,6.086,4.706
E01002634,6.25,5.207
E01002635,5.705,3.796
E01002636,5.605,4.288
E01002637,6.329,4.976
E01002638,5.869,4.79
E01002639,3.464,2.581
E01002640,3.389,3.06
E01002641,4.503,4.236
E01002642,3.741,3.667
E01002643,4.98,5.454
E01002645,5.063,3.543
E01002646,6.2,4.733
E01002647,4.248,5.056
E01002648,4.351,3.269
E01002649,4.809,4.286
E01002650,4.516,3.922
E01002651,5.006,4.086
E01002652,4.589,4.489
E01002653,4.744,3.945
E01002654,4.034,4.441
E01002655,3.236,3.533
E01002656,4.856,3.385
E01002657,2.985,3.523
E01002658,2.401,2.376
E01002659,4.506,2.808
E01002660,5.006,4.404
E01002661,6.544,3.242
E01002662,2.951,4.502
E01002663,6.75,5.0
E01002664,5.383,3.458
E01002665,6.922,5.744
E01002666,5.584,4.296
E01002667,5.086,4.927
E01002668,4.469,3.944
E01002669,6.79,6.743
E01002670,4.548,3.231
E01002671,4.641,5.459
E01002672,6.21,4.096
E01002673,7.344,7.725
E01002674,3.515,2.585
E01002675,3.013,3.072
E01002676,3.79,4.609
E01002677,4.728,2.072
E01002678,3.019,2.535
E01002679,3.762,3.448
E01002680,3.689,3.032
E01002681,4.702,4.924
E01002682,4.215,3.723
E01002683,3.037,2.821
E01002684,4.603,4.367
E01002686,6.686,6.085
E01002687,2.812,2.989
E01002689,6.12,5.965
E01002690,2.789,2.321
E01002691,4.261,2.581
E01002692,3.984,3.515
E01002693,4.841,4.241
E01002694,8.551,7.087
E01002695,5.789,6.098
E01002696,4.523,4.238
E01002697,7.769,7.325
E01002698,5.768,4.508
E01002699,5.972,5.601
E01002700,3.315,2.834
E01002701,6.953,6.735
E01002702,6.081,6.605
E01002703,7.523,5.809
E01002704,5.187,4.796
E01002706,5.754,5.591
E01002707,5.446,7.139
E01002708,6.316,5.577
E01002709,8.21,6.876
E01002710,7.518,5.805
E01002711,5.106,6.552
E01002712,8.315,4.569
E01002713,11.674,8.073
E01002714,3.18,3.385
E01002715,9.398,6.231
E01002716,9.087,10.575
E01002717,5.779,4.797
E01002718,3.974,4.058
E01002719,4.698,3.828
E01002720,6.984,6.682
E01002721,6.659,6.109
E01002722,9.502,5.956
E01002723,7.521,6.414
E01002724,2.686,3.285
E01002725,8.241,6.255
E01002726,6.974,4.965
E01002727,7.143,4.954
E01002728,4.037,5.011
E01002729,6.654,7.754
E01002730,6.682,5.245
E01002731,4.866,3.31
E01002732,11.274,10.791
E01002733,4.741,3.812
E01002734,7.861,4.818
E01002735,7.295,3.989
E01002736,11.456,8.26
E01002737,8.891,8.376
E01002738,5.714,5.286
E01002739,4.142,4.024
E01002740,2.793,2.08
E01002741,7.204,6.849
E01002742,4.036,3.2
E01002743,6.699,3.672
E01002744,5.895,4.497
E01002745,4.635,3.895
E01002747,4.648,4.557
E01002748,7.294,6.832
E01002749,6.155,3.743
E01002751,7.127,6.757
E01002752,6.242,5.305
E01002753,6.928,7.118
E01002754,3.647,3.097
E01002755,10.935,8.34
E01002756,6.907,5.403
E01002757,6.35,5.445
E01002758,7.805,7.373
E01002759,6.497,4.718
E01002760,9.981,7.776
E01002762,5.387,4.487
E01002763,7.516,6.748
E01002764,6.97,6.443
E01002765,7.402,6.265
E01002766,7.971,6.422
E01002767,8.415,5.811
E01002768,7.731,6.518
E01002769,4.286,6.512
E01002770,7.398,4.607
E01002771,7.215,4.851
E01002772,4.816,4.82
E01002773,11.977,8.024
E01002774,6.019,5.049
E01002775,4.899,4.545
E01002776,5.599,5.49
E01002777,6.396,4.112
E01002778,8.002,7.32
E01002779,5.077,3.881
E01002780,7.134,6.062
E01002781,7.111,5.172
E01002782,8.415,6.355
E01002783,10.424,9.053
E01002784,7.744,7.578
E01002785,3.76,4.731
E01002786,7.701,6.608
E01002787,8.642,4.144
E01002788,4.592,4.007
E01002789,2.882,3.194
E01002790,10.453,8.782
E01002791,5.12,4.944
E01002792,3.906,2.87
E01002793,7.612,6.876
E01002794,5.552,4.167
E01002795,5.658,5.217
E01002796,6.256,10.099
E01002797,7.581,7.671
E01002798,5.598,3.897
E01002799,7.558,5.556
E01002800,9.819,6.331
E01002801,4.572,3.288
E01002802,5.135,6.206
E01002803,6.011,5.034
E01002804,8.748,8.366
E01002805,6.437,4.603
E01002806,7.335,5.407
E01002807,7.209,7.62
E01002808,6.974,4.914
E01002809,5.976,6.529
E01002810,7.869,6.861
E01002811,7.12,7.516
E01002812,2.034,1.798
E01002813,2.32,1.752
E01002814,6.544,5.605
E01002815,4.635,3.79
E01002816,2.731,2.462
E01002817,2.509,2.526
E01002818,1.948,1.227
E01002819,1.576,1.838
E01002820,2.318,2.052
E01002821,1.193,2.035
E01002822,1.244,2.052
E01002823,8.692,7.259
E01002824,1.646,3.662
E01002825,2.679,1.792
E01002826,3.353,2.472
E01002827,1.035,1.166
E01002828,4.805,3.445
E01002829,6.889,7.687
E01002830,8.009,8.933
E01002831,8.346,7.455
E01002832,6.114,6.683
E01002833,2.397,3.719
E01002834,2.378,2.333
E01002835,1.286,1.56
E01002836,2.518,2.061
E01002837,1.766,0.956
E01002838,1.226,1.991
E01002839,5.485,5.332
E01002840,8.821,9.169
E01002841,5.482,5.09
E01002842,11.413,12.414
E01002843,10.065,8.649
E01002844,2.92,3.487
E01002845,4.86,6.319
E01002846,5.932,5.194
E01002847,2.564,2.152
E01002848,5.471,4.32
E01002849,4.066,2.792
E01002850,4.135,3.132
E01002851,8.952,8.738
E01002852,8.491,6.278
E01002853,11.345,7.348
E01002854,8.207,6.528
E01002855,10.185,9.542
E01002856,6.847,7.843
E01002857,10.23,6.555
E01002858,4.785,5.144
E01002859,2.088,1.521
E01002860,1.664,2.269
E01002861,3.862,4.459
E01002862,7.842,7.248
E01002863,1.804,1.343
E01002864,2.467,1.961
E01002865,1.518,1.172
E01002866,4.358,4.419
E01002867,5.199,5.714
E01002868,2.058,1.476
E01002869,4.38,3.621
E01002870,10.606,9.159
E01002871,1.78,1.574
E01002872,9.129,9.266
E01002873,4.358,4.265
E01002874,4.309,4.758
E01002875,2.954,1.19
E01002876,4.965,4.64
E01002877,8.889,5.855
E01002878,7.796,5.606
E01002879,9.031,9.825
E01002880,9.675,7.8
E01002881,7.368,6.833
E01002882,3.523,3.155
E01002883,4.303,4.401
E01002884,3.136,6.72
E01002885,2.211,0.986
E01002886,2.261,2.426
E01002887,1.499,1.342
E01002888,2.069,1.026
E01002889,3.597,1.99
E01002890,1.711,1.144
E01002891,1.176,1.52
E01002892,1.038,1.162
E01002893,4.563,4.566
E01002894,3.214,3.26
E01002895,1.505,1.991
E01002896,1.084,1.639
E01002897,4.566,4.548
E01002898,1.74,2.579
E01002899,6.494,6.805
E01002900,1.259,2.781
E01002901,4.88,5.182
E01002902,2.993,4.241
E01002903,1.19,1.959
E01002904,9.037,9.822
E01002905,8.546,6.639
E01002906,8.923,8.162
E01002907,9.302,8.249
E01002908,5.464,3.372
E01002909,5.757,6.238
E01002910,4.107,5.113
E01002911,1.211,1.244
E01002912,4.497,6.415
E01002913,4.857,3.811
E01002914,3.325,4.271
E01002915,2.761,3.156
E01002916,3.045,2.776
E01002917,3.006,2.314
E01002918,2.73,2.401
E01002919,4.282,3.92
E01002920,3.741,3.008
E01002921,3.73,4.519
E01002922,3.554,2.503
E01002923,8.153,6.631
E01002924,2.81,2.264
E01002925,4.52,2.864
E01002926,2.02,2.185
E01002927,4.049,3.212
E01002928,5.424,4.83
E01002929,2.327,1.828
E01002930,4.447,4.22
E01002931,3.622,3.726
E01002932,6.602,5.327
E01002933,5.113,4.661
E01002934,2.252,2.422
E01002935,2.373,2.421
E01002937,1.504,1.753
E01002938,3.049,2.5
E01002939,4.134,4.313
E01002940,4.684,5.09
E01002941,5.245,4.785
E01002942,4.818,4.497
E01002943,5.086,4.333
E01002944,2.941,3.97
E01002945,2.694,2.924
E01002946,3.738,3.247
E01002947,2.292,2.616
E01002948,4.85,4.027
E01002949,3.33,3.355
E01002950,4.511,4.961
E01002951,2.312,2.13
E01002952,2.661,2.08
E01002953,3.899,3.823
E01002954,3.879,5.394
E01002955,3.704,5.19
E01002956,3.414,4.889
E01002957,3.32,3.025
E01002958,2.738,2.301
E01002959,2.722,2.52
E01002960,2.95,1.823
E01002961,2.914,2.109
E01002962,5.039,4.032
E01002963,2.945,3.525
E01002964,4.169,3.86
E01002965,3.699,3.649
E01002966,3.665,2.978
E01002967,3.552,2.743
E01002968,2.281,2.889
E01002969,7.666,5.817
E01002970,4.569,4.038
E01002971,3.628,2.889
E01002972,3.151,3.902
E01002973,4.956,5.256
E01002974,3.698,2.431
E01002975,3.403,4.102
E01002976,2.781,2.979
E01002977,4.901,5.353
E01002978,2.839,2.746
E01002979,2.776,2.425
E01002980,3.397,3.409
E01002981,3.174,4.11
E01002982,5.216,4.983
E01002983,3.075,2.816
E01002984,4.909,5.304
E01002985,3.791,2.731
E01002986,5.42,5.401
E01002987,6.698,2.375
E01002988,1.679,2.924
E01002989,1.202,2.159
E01002990,2.083,2.986
E01002991,2.418,1.15
E01002992,1.541,2.742
E01002993,2.633,3.046
E01002994,3.907,3.185
E01002995,5.623,3.688
E01002996,2.908,2.781
E01002997,2.736,2.566
E01002998,3.856,2.852
E01002999,2.761,2.41
E01003000,4.701,4.167
E01003001,3.605,3.34
E01003002,4.272,4.3
E01003003,3.661,3.71
E01003004,2.471,3.65
E01003005,3.696,2.662
E01003006,3.467,3.217
E01003007,2.445,2.46
E01003008,2.095,2.35
E01003009,3.588,2.772
E01003010,1.937,1.942
E01003011,2.929,2.245
E01003013,2.318,0.975
E01003014,4.107,6.184
E01003015,5.458,6.574
E01003016,3.328,4.58
E01003017,5.652,6.744
E01003018,3.559,2.822
E01003019,3.78,2.801
E01003020,4.451,2.744
E01003021,7.935,6.732
E01003022,4.525,4.506
E01003023,3.697,3.276
E01003024,3.838,3.911
E01003025,4.442,3.47
E01003026,3.235,3.664
E01003027,1.02,1.005
E01003028,4.425,2.699
E01003029,3.54,2.901
E01003030,1.95,2.555
E01003031,3.92,3.304
E01003032,5.896,4.997
E01003033,2.701,2.967
E01003034,2.798,2.92
E01003035,4.11,3.32
E01003036,5.348,4.775
E01003037,5.984,9.015
E01003038,2.125,1.881
E01003039,1.714,2.106
E01003040,3.339,2.335
E01003041,8.122,6.053
E01003042,5.369,3.342
E01003043,4.957,4.205
E01003044,6.22,6.875
E01003045,7.357,5.779
E01003046,5.457,5.0
E01003047,6.146,4.911
E01003048,6.519,4.548
E01003049,5.546,5.09
E01003050,4.424,3.977
E01003051,5.66,3.619
E01003052,4.997,4.897
E01003053,3.762,3.584
E01003054,1.474,1.781
E01003055,6.846,4.562
E01003056,5.271,4.159
E01003057,6.496,4.399
E01003058,3.055,2.983
E01003059,5.018,4.519
E01003060,5.905,4.068
E01003061,5.457,5.338
E01003062,4.017,3.817
E01003063,6.844,9.552
E01003064,2.409,2.599
E01003065,7.201,5.38
E01003066,6.398,7.627
E01003067,4.147,3.284
E01003068,5.151,3.558
E01003069,5.952,4.234
E01003070,7.239,7.747
E01003071,3.292,2.666
E01003072,4.004,4.315
E01003073,4.655,6.07
E01003074,4.695,4.663
E01003075,7.226,4.953
E01003076,3.342,2.371
E01003077,4.408,5.054
E01003078,4.051,2.459
E01003079,6.01,3.686
E01003080,2.558,3.093
E01003081,4.15,4.254
E01003082,7.094,5.6
E01003083,6.432,4.925
E01003084,3.352,3.187
E01003085,4.152,4.741
E01003086,5.276,6.101
E01003087,7.512,8.029
E01003088,3.963,4.219
E01003089,3.629,3.671
E01003090,4.563,2.473
E01003091,4.019,1.928
E01003092,7.555,3.959
E01003093,5.314,5.621
E01003094,4.938,3.914
E01003095,3.536,2.071
E01003096,3.235,2.627
E01003097,6.643,7.381
E01003098,4.621,3.771
E01003099,4.277,3.175
E01003100,2.008,1.936
E01003101,4.145,4.12
E01003102,5.063,4.457
E01003104,3.794,3.462
E01003105,6.037,5.975
E01003106,4.638,4.077
E01003107,3.347,2.809
E01003108,7.331,6.435
E01003109,5.632,3.952
E01003110,4.164,4.678
E01003111,6.993,5.199
E01003112,7.19,6.066
E01003113,3.37,2.728
E01003114,3.963,2.105
E01003115,3.585,2.903
E01003116,4.506,3.305
E01003117,4.206,3.296
E01003118,4.092,2.951
E01003119,3.979,2.904
E01003120,4.74,4.148
E01003121,6.158,4.47
E01003122,4.192,2.938
E01003123,2.283,3.444
E01003124,4.917,4.656
E01003125,6.016,4.947
E01003126,5.222,3.899
E01003127,3.835,3.773
E01003128,6.596,4.64
E01003129,3.535,3.17
E01003130,3.448,3.589
E01003131,4.561,2.605
E01003132,7.95,6.966
E01003133,3.956,2.657
E01003134,3.92,4.508
E01003135,7.067,5.13
E01003136,4.169,3.373
E01003137,4.61,3.858
E01003138,2.733,2.096
E01003139,4.731,3.663
E01003140,4.03,3.052
E01003141,5.248,4.282
E01003142,5.519,2.766
E01003143,6.555,5.526
E01003144,4.143,2.65
E01003145,4.002,3.927
E01003146,4.548,3.153
E01003147,3.97,3.282
E01003148,2.902,2.775
E01003149,3.853,4.269
E01003150,4.196,4.581
E01003151,5.813,4.094
E01003152,3.29,1.995
E01003153,2.711,3.082
E01003154,6.145,5.108
E01003155,4.065,4.481
E01003156,5.788,4.078
E01003157,3.099,2.462
E01003158,2.569,2.525
E01003159,4.684,4.453
E01003160,5.472,3.655
E01003161,4.48,3.265
E01003162,5.833,4.256
E01003163,4.158,2.505
E01003164,4.906,3.649
E01003165,4.534,3.954
E01003166,3.668,3.78
E01003167,2.438,1.874
E01003168,6.187,7.901
E01003169,4.196,3.567
E01003170,4.196,2.621
E01003171,5.043,3.279
E01003172,6.106,4.576
E01003173,3.602,3.436
E01003174,5.672,4.418
E01003175,5.714,5.964
E01003176,5.614,3.423
E01003177,4.672,3.618
E01003178,4.798,2.402
E01003179,4.356,3.576
E01003180,5.378,4.062
E01003181,6.929,5.519
E01003182,4.555,3.861
E01003183,7.877,7.294
E01003184,5.516,3.8
E01003185,6.707,3.004
E01003186,3.747,3.115
E01003187,7.128,4.057
E01003188,6.264,5.529
E01003189,6.826,6.621
E01003190,6.656,4.961
E01003191,5.288,4.154
E01003192,8.237,6.76
E01003193,7.526,4.558
E01003194,6.496,5.483
E01003195,4.783,3.567
E01003196,8.01,6.485
E01003197,7.555,7.117
E01003198,6.502,4.685
E01003199,3.299,3.044
E01003200,3.091,3.254
E01003201,5.95,5.357
E01003202,3.015,2.696
E01003203,5.879,4.532
E01003204,3.523,3.476
E01003205,7.282,4.17
E01003206,3.982,5.749
E01003207,5.79,5.613
E01003209,4.584,4.27
E01003210,3.436,3.1
E01003211,4.087,2.956
E01003212,4.099,2.931
E01003213,2.993,1.782
E01003214,5.248,5.112
E01003215,2.872,3.173
E01003216,4.373,4.067
E01003217,4.611,2.539
E01003218,3.939,3.422
E01003219,2.914,5.049
E01003220,4.826,4.197
E01003221,6.065,4.63
E01003222,5.27,4.135
E01003223,4.14,3.746
E01003224,5.418,5.254
E01003225,3.384,2.572
E01003226,3.1,1.903
E01003227,5.066,3.049
E01003228,5.225,3.295
E01003229,7.959,5.628
E01003230,5.484,3.956
E01003231,3.3,3.482
E01003232,4.188,2.346
E01003233,3.584,4.089
E01003235,6.02,5.345
E01003236,7.233,5.092
E01003237,6.73,5.691
E01003238,5.828,4.192
E01003239,5.952,4.771
E01003240,6.596,4.957
E01003241,7.852,7.605
E01003243,6.701,6.366
E01003244,4.297,3.733
E01003245,5.709,5.514
E01003246,6.046,5.019
E01003247,3.527,4.373
E01003248,4.069,3.839
E01003249,5.705,5.885
E01003250,5.242,3.141
E01003251,5.092,4.441
E01003252,5.716,5.136
E01003253,6.189,5.907
E01003254,3.41,2.086
E01003255,3.34,2.764
E01003256,5.012,4.97
E01003257,7.569,4.494
E01003258,4.736,4.919
E01003259,4.334,3.879
E01003260,3.454,3.07
E01003261,3.344,2.687
E01003262,5.201,3.281
E01003263,6.687,6.333
E01003264,6.211,5.66
E01003265,5.291,4.736
E01003266,8.069,7.554
E01003267,7.462,6.086
E01003268,3.892,3.562
E01003269,5.47,4.806
E01003270,3.663,2.918
E01003271,3.299,3.508
E01003272,3.713,4.062
E01003273,3.55,3.05
E01003274,4.35,3.52
E01003275,8.975,5.183
E01003276,3.887,3.882
E01003277,4.376,3.405
E01003278,4.61,4.173
E01003279,5.399,2.683
E01003280,6.538,5.106
E01003281,3.585,3.679
E01003282,5.087,3.15
E01003283,3.131,2.397
E01003284,4.496,3.362
E01003285,3.669,1.999
E01003286,7.777,6.744
E01003287,3.824,2.642
E01003288,7.845,5.236
E01003290,6.879,7.539
E01003291,8.466,7.448
E01003292,3.067,3.516
E01003293,5.072,4.337
E01003295,4.844,5.652
E01003296,4.057,2.143
E01003297,3.381,3.878
E01003298,5.263,4.378
E01003299,4.991,4.192
E01003300,6.268,6.057
E01003301,3.001,3.231
E01003302,4.771,3.267
E01003303,4.452,4.305
E01003304,5.079,4.052
E01003305,10.131,4.887
E01003307,4.208,4.128
E01003308,3.783,3.294
E01003309,7.947,5.37
E01003310,5.709,5.475
E01003311,4.981,3.82
E01003312,3.182,3.645
E01003313,4.379,4.076
E01003314,2.939,3.226
E01003315,4.74,3.982
E01003316,4.791,2.776
E01003317,4.516,4.52
E01003318,5.189,5.108
E01003319,7.045,5.125
E01003320,7.564,4.789
E01003321,6.782,4.462
E01003322,5.808,3.484
E01003323,5.32,4.506
E01003324,6.748,5.921
E01003325,4.743,4.238
E01003326,5.22,4.46
E01003327,4.12,3.188
E01003328,6.81,4.681
E01003329,4.843,3.593
E01003330,4.452,5.336
E01003331,7.861,5.851
E01003332,6.203,4.517
E01003333,4.475,5.215
E01003334,5.602,5.484
E01003335,5.52,5.746
E01003336,7.112,5.936
E01003337,5.196,4.742
E01003338,5.942,5.229
E01003339,5.398,3.787
E01003340,4.25,2.709
E01003341,3.448,3.615
E01003342,3.047,3.479
E01003343,5.162,4.755
E01003344,4.622,4.961
E01003345,4.201,4.082
E01003346,6.701,6.052
E01003347,7.089,5.029
E01003348,6.237,4.586
E01003349,5.949,4.861
E01003350,7.365,4.466
E01003351,7.587,6.095
E01003352,5.947,4.677
E01003353,5.0,2.913
E01003354,4.06,3.111
E01003355,2.91,1.357
E01003356,2.39,2.72
E01003357,5.798,4.392
E01003358,2.523,0.893
E01003359,4.443,4.291
E01003360,2.49,1.51
E01003361,3.645,3.232
E01003362,3.401,3.471
E01003363,3.053,3.178
E01003364,3.293,3.3
E01003365,4.045,3.028
E01003366,5.593,4.205
E01003367,3.748,4.301
E01003368,5.675,3.407
E01003369,3.019,3.473
E01003370,3.588,2.559
E01003371,3.723,4.642
E01003372,5.679,3.873
E01003373,5.87,6.387
E01003374,6.458,5.135
E01003375,4.889,4.947
E01003376,6.182,5.22
E01003377,4.93,4.991
E01003378,3.715,2.991
E01003379,5.417,5.827
E01003380,2.67,2.176
E01003381,1.93,2.105
E01003382,2.924,1.685
E01003383,1.433,1.88
E01003384,2.367,1.427
E01003385,2.53,1.284
E01003386,3.04,3.523
E01003387,5.05,3.505
E01003388,7.783,5.038
E01003389,4.819,3.506
E01003390,5.072,3.971
E01003391,6.227,5.152
E01003392,4.542,3.453
E01003393,2.943,3.146
E01003394,3.677,3.051
E01003395,4.079,3.056
E01003396,3.706,2.85
E01003397,4.188,4.271
E01003398,4.193,3.454
E01003399,2.112,2.916
E01003400,1.413,2.19
E01003401,2.229,2.912
E01003402,2.126,1.95
E01003403,3.558,2.767
E01003404,3.584,3.115
E01003405,6.041,4.235
E01003406,4.083,5.095
E01003407,2.803,2.571
E01003408,3.564,3.08
E01003409,4.971,5.778
E01003410,5.25,4.712
E01003411,3.991,4.079
E01003412,4.88,4.219
E01003413,4.526,2.979
E01003414,6.537,5.626
E01003415,3.676,3.636
E01003416,4.299,2.963
E01003417,4.233,2.766
E01003418,2.583,2.774
E01003419,3.758,3.348
E01003420,3.043,3.169
E01003421,4.188,3.701
E01003422,3.776,3.27
E01003423,2.261,2.311
E01003424,2.544,2.154
E01003425,2.639,2.285
E01003426,3.602,3.468
E01003427,3.527,2.783
E01003428,2.608,2.64
E01003429,3.091,3.683
E01003430,3.95,3.288
E01003431,4.25,4.642
E01003432,5.591,4.513
E01003433,4.459,3.95
E01003434,4.5,3.749
E01003435,3.506,2.966
E01003436,5.367,5.855
E01003437,5.695,3.892
E01003438,5.855,5.696
E01003439,4.448,3.713
E01003440,4.427,4.374
E01003441,6.512,5.105
E01003442,4.494,2.973
E01003443,1.407,1.901
E01003444,2.248,2.422
E01003445,2.977,2.655
E01003446,3.537,3.615
E01003447,5.631,6.095
E01003448,4.879,3.52
E01003449,5.742,3.897
E01003450,4.469,4.672
E01003451,4.382,3.862
E01003452,6.66,6.239
E01003453,6.313,3.974
E01003454,5.066,3.598
E01003455,1.583,2.519
E01003456,2.909,2.311
E01003457,2.035,1.166
E01003458,2.249,2.334
E01003459,5.127,4.723
E01003460,3.336,3.279
E01003461,1.231,1.035
E01003462,2.937,3.101
E01003463,2.324,1.462
E01003464,3.948,4.46
E01003465,2.231,1.524
E01003466,3.832,2.979
E01003467,2.534,3.341
E01003468,2.884,2.27
E01003469,3.704,3.641
E01003470,2.675,2.753
E01003471,2.919,3.308
E01003472,1.786,1.625
E01003473,3.03,1.495
E01003474,1.63,1.11
E01003475,3.305,3.241
E01003476,2.92,2.849
E01003477,2.476,2.318
E01003478,2.685,1.308
E01003479,4.651,4.266
E01003480,4.696,4.771
E01003481,6.417,6.504
E01003482,3.227,3.105
E01003483,8.412,6.832
E01003484,3.763,3.728
E01003485,4.514,3.851
E01003486,10.207,9.038
E01003487,6.346,8.05
E01003488,9.232,7.77
E01003489,7.194,4.442
E01003490,4.9,3.758
E01003491,6.576,7.366
E01003492,5.522,3.74
E01003493,5.524,3.495
E01003494,4.297,4.444
E01003495,3.602,3.659
E01003496,5.052,4.985
E01003497,8.63,7.347
E01003498,5.629,5.142
E01003499,8.377,6.405
E01003500,5.14,5.808
E01003501,6.912,5.563
E01003502,6.645,4.306
E01003503,7.193,4.026
E01003506,7.838,7.871
E01003507,6.531,4.909
E01003508,5.857,4.183
E01003509,7.066,5.862
E01003511,7.03,4.475
E01003512,8.199,6.105
E01003513,3.715,4.484
E01003514,6.812,5.368
E01003515,6.563,6.452
E01003516,7.8,6.296
E01003517,6.452,8.333
E01003518,3.887,3.177
E01003519,4.62,5.244
E01003520,6.297,5.194
E01003521,3.984,4.328
E01003522,4.927,5.022
E01003523,6.51,5.844
E01003524,5.819,5.031
E01003525,4.651,4.289
E01003526,6.383,5.798
E01003527,4.512,3.941
E01003528,6.349,4.941
E01003529,6.095,4.592
E01003530,5.857,5.071
E01003531,6.66,5.455
E01003532,5.594,4.331
E01003533,7.181,4.492
E01003534,5.887,4.994
E01003535,7.392,6.846
E01003536,5.372,3.302
E01003537,4.801,4.998
E01003538,5.71,5.527
E01003539,5.232,3.418
E01003540,6.547,5.167
E01003541,4.971,4.604
E01003542,6.788,4.879
E01003543,4.485,4.115
E01003544,5.16,4.362
E01003545,6.138,4.39
E01003546,5.103,4.813
E01003547,5.467,4.041
E01003548,5.227,4.315
E01003549,6.793,4.247
E01003550,7.528,4.553
E01003551,5.019,3.989
E01003552,5.177,4.634
E01003553,6.331,4.559
E01003554,6.287,4.265
E01003555,5.483,4.246
E01003556,6.064,5.733
E01003557,4.431,3.941
E01003558,8.706,5.481
E01003559,3.839,4.017
E01003560,4.94,5.197
E01003561,4.255,3.738
E01003562,5.591,5.1
E01003563,4.175,3.928
E01003564,5.447,4.607
E01003565,4.965,3.493
E01003566,6.027,5.247
E01003567,4.94,3.719
E01003568,6.082,4.71
E01003569,5.477,4.055
E01003570,6.15,4.09
E01003571,6.061,4.695
E01003572,5.171,4.958
E01003573,5.989,4.508
E01003574,6.56,5.691
E01003575,6.228,4.046
E01003576,6.602,6.33
E01003577,7.656,5.614
E01003578,4.424,3.511
E01003579,5.676,5.894
E01003580,5.447,3.8
E01003581,6.006,5.716
E01003582,6.82,5.82
E01003583,4.781,4.819
E01003584,5.499,5.898
E01003585,6.792,5.157
E01003586,5.882,5.286
E01003587,5.993,5.551
E01003588,6.271,5.385
E01003589,4.543,4.203
E01003590,8.512,7.085
E01003591,6.648,5.272
E01003592,5.863,6.038
E01003593,6.194,5.04
E01003594,7.23,4.866
E01003595,6.854,5.895
E01003596,5.571,4.138
E01003597,5.796,6.627
E01003598,6.273,4.963
E01003599,5.214,4.121
E01003600,6.656,5.955
E01003601,6.15,6.085
E01003602,5.39,3.429
E01003603,5.29,3.969
E01003604,4.58,3.841
E01003605,5.019,4.589
E01003606,5.39,3.877
E01003607,5.643,5.066
E01003608,3.764,3.542
E01003609,4.293,3.609
E01003611,5.491,4.233
E01003615,4.959,5.05
E01003616,6.303,4.55
E01003617,5.273,4.192
E01003618,4.378,3.965
E01003619,4.549,4.069
E01003621,4.259,3.148
E01003622,5.208,4.942
E01003623,5.976,5.299
E01003624,6.068,5.26
E01003625,5.303,4.697
E01003626,3.962,3.805
E01003627,4.492,5.694
E01003628,5.345,4.494
E01003629,5.562,3.903
E01003630,5.719,5.188
E01003631,5.622,4.28
E01003632,4.409,3.381
E01003633,6.627,5.116
E01003634,6.704,5.939
E01003635,4.679,4.555
E01003636,6.32,5.189
E01003637,5.269,3.441
E01003638,5.214,3.985
E01003639,5.063,4.032
E01003640,4.348,2.911
E01003641,4.519,2.845
E01003642,5.782,4.53
E01003643,5.237,4.352
E01003644,3.905,2.959
E01003645,5.939,4.593
E01003646,6.003,4.489
E01003647,4.647,3.809
E01003648,4.384,4.23
E01003649,4.838,3.871
E01003650,5.42,4.947
E01003651,4.419,4.219
E01003652,4.584,3.772
E01003653,5.099,3.051
E01003654,4.734,3.643
E01003655,4.371,3.055
E01003656,6.514,7.12
E01003657,4.883,3.736
E01003658,6.246,6.864
E01003659,3.841,2.733
E01003660,2.794,2.31
E01003661,4.806,4.576
E01003662,3.873,3.221
E01003663,6.312,4.9
E01003664,3.604,2.407
E01003665,3.459,4.142
E01003666,2.912,4.063
E01003668,3.884,2.852
E01003669,3.01,1.742
E01003670,2.674,4.047
E01003671,2.674,2.118
E01003672,6.014,4.95
E01003673,2.643,2.921
E01003674,4.415,2.475
E01003675,4.262,4.585
E01003676,5.858,3.246
E01003677,6.335,3.263
E01003678,4.05,3.6
E01003679,4.935,2.729
E01003680,3.582,3.777
E01003681,7.104,4.743
E01003682,3.95,3.068
E01003683,5.224,4.024
E01003684,4.438,3.644
E01003685,4.995,3.068
E01003686,6.148,5.149
E01003688,5.599,4.671
E01003689,7.215,6.679
E01003690,6.429,3.619
E01003691,5.788,3.487
E01003692,4.962,4.205
E01003693,4.672,3.762
E01003694,5.062,5.73
E01003695,5.545,5.132
E01003696,3.516,3.816
E01003697,4.785,2.836
E01003698,4.621,3.08
E01003699,5.583,3.411
E01003700,5.67,4.949
E01003701,4.698,3.215
E01003702,5.988,3.638
E01003703,3.998,3.848
E01003704,6.484,4.872
E01003705,4.015,3.929
E01003706,4.454,4.228
E01003707,4.869,5.101
E01003708,6.911,5.523
E01003709,5.655,5.082
E01003710,4.686,3.158
E01003711,5.684,6.126
E01003712,7.947,8.751
E01003713,5.046,4.512
E01003714,5.397,3.259
E01003715,4.98,3.475
E01003716,5.666,4.398
E01003718,4.385,4.391
E01003719,4.903,3.491
E01003720,9.51,8.542
E01003721,6.148,5.063
E01003722,6.772,4.961
E01003723,7.463,4.648
E01003724,6.734,3.976
E01003725,6.208,4.83
E01003726,8.333,4.117
E01003727,9.0,6.289
E01003728,5.076,2.673
E01003729,7.139,6.201
E01003730,5.021,3.808
E01003731,5.27,4.947
E01003732,5.317,7.751
E01003733,3.962,4.028
E01003734,6.347,4.031
E01003735,7.824,7.784
E01003736,3.918,2.749
E01003737,4.852,3.096
E01003738,4.459,2.86
E01003739,4.715,4.174
E01003740,5.596,3.87
E01003741,6.102,3.669
E01003742,3.693,3.872
E01003743,5.753,4.995
E01003744,3.665,3.024
E01003745,2.021,1.983
E01003746,2.894,3.397
E01003747,3.202,3.377
E01003748,6.537,4.768
E01003749,3.24,4.306
E01003750,4.488,4.652
E01003751,4.759,4.615
E01003752,4.213,3.139
E01003753,3.34,3.523
E01003754,6.785,4.585
E01003755,4.146,2.942
E01003756,4.71,4.327
E01003757,3.357,3.966
E01003758,4.456,4.71
E01003759,3.633,3.09
E01003760,3.477,3.325
E01003761,5.082,6.36
E01003762,3.642,3.123
E01003763,3.627,2.687
E01003764,3.262,3.134
E01003765,2.859,2.885
E01003766,5.737,2.759
E01003767,4.453,3.142
E01003768,5.131,6.556
E01003769,5.318,4.688
E01003770,6.133,3.502
E01003771,4.24,4.078
E01003772,4.706,4.137
E01003773,4.901,4.105
E01003774,3.798,3.621
E01003775,3.399,4.343
E01003776,9.195,5.764
E01003777,3.555,2.793
E01003778,3.589,2.416
E01003779,6.877,4.548
E01003780,3.892,3.201
E01003781,5.535,3.764
E01003782,5.071,3.91
E01003783,5.011,4.389
E01003784,5.625,4.235
E01003785,4.412,3.716
E01003786,3.524,3.301
E01003787,4.818,4.075
E01003788,4.698,5.341
E01003789,4.571,2.737
E01003790,3.811,5.263
E01003791,3.293,3.131
E01003792,3.165,2.879
E01003793,6.941,5.063
E01003794,3.668,2.321
E01003795,2.971,2.668
E01003796,3.257,2.848
E01003797,2.637,3.581
E01003798,3.46,3.265
E01003799,1.851,1.526
E01003800,3.179,3.327
E01003801,2.271,2.182
E01003802,1.355,2.742
E01003803,7.123,6.367
E01003804,2.56,1.785
E01003805,1.375,1.158
E01003806,1.246,1.697
E01003807,2.507,2.799
E01003808,2.694,2.012
E01003809,2.075,1.987
E01003810,2.43,1.78
E01003811,1.873,1.684
E01003812,2.941,2.751
E01003813,2.945,2.35
E01003814,5.368,4.423
E01003815,3.448,4.074
E01003816,4.101,3.857
E01003817,4.6,4.781
E01003818,3.333,2.987
E01003819,6.149,5.753
E01003820,4.72,4.279
E01003821,3.371,2.247
E01003822,2.493,2.031
E01003823,2.564,2.941
E01003824,3.492,2.761
E01003825,3.008,2.086
E01003826,8.767,7.576
E01003827,2.921,2.738
E01003828,3.362,2.687
E01003829,6.209,7.16
E01003830,3.125,3.497
E01003831,3.461,3.036
E01003832,7.966,9.14
E01003833,4.978,5.227
E01003834,3.837,3.5
E01003835,2.03,1.46
E01003836,4.718,4.779
E01003837,2.759,3.06
E01003838,2.352,2.682
E01003839,3.421,3.117
E01003840,3.914,2.903
E01003841,5.228,4.813
E01003842,6.142,5.886
E01003843,5.284,5.914
E01003844,3.379,3.208
E01003845,3.875,2.639
E01003846,1.615,1.87
E01003847,2.592,1.711
E01003848,2.434,2.467
E01003849,2.999,2.025
E01003851,1.896,2.497
E01003852,4.23,4.191
E01003853,3.713,3.417
E01003854,3.326,2.401
E01003855,4.855,3.89
E01003856,2.679,2.367
E01003857,2.397,1.485
E01003858,1.954,1.568
E01003859,1.85,2.4
E01003860,2.07,2.332
E01003861,3.37,2.097
E01003862,3.674,3.266
E01003863,5.282,5.162
E01003864,2.933,2.669
E01003865,4.348,4.567
E01003866,1.827,1.476
E01003867,3.418,2.943
E01003868,1.328,1.402
E01003869,2.165,1.201
E01003870,2.086,1.619
E01003871,2.001,2.452
E01003872,1.723,1.404
E01003873,2.229,2.39
E01003874,2.027,1.374
E01003875,2.418,3.104
E01003876,2.577,2.839
E01003877,2.429,2.071
E01003878,5.452,6.067
E01003879,1.612,1.695
E01003880,1.907,2.239
E01003881,1.796,2.09
E01003882,2.003,2.25
E01003883,1.859,2.075
E01003884,3.262,2.882
E01003885,2.309,1.886
E01003886,2.119,2.433
E01003887,2.03,2.171
E01003888,5.454,4.108
E01003889,3.773,1.984
E01003890,1.856,1.2
E01003891,1.749,2.178
E01003892,2.734,4.163
E01003893,3.465,3.882
E01003894,1.948,2.228
E01003895,2.27,2.312
E01003896,2.126,2.55
E01003897,2.442,2.191
E01003898,3.221,2.717
E01003899,3.849,2.49
E01003900,5.698,5.753
E01003901,1.951,2.627
E01003902,3.472,2.111
E01003903,3.565,2.781
E01003904,2.995,3.138
E01003905,2.857,2.106
E01003906,4.512,4.759
E01003907,5.645,4.776
E01003908,2.972,2.533
E01003909,3.697,4.039
E01003910,4.601,2.961
E01003911,4.534,3.785
E01003912,6.458,4.103
E01003913,3.844,2.397
E01003914,4.452,4.097
E01003915,5.361,5.454
E01003916,3.425,2.197
E01003917,5.859,4.618
E01003918,6.617,5.256
E01003919,4.617,3.765
E01003920,5.879,5.411
E01003921,6.571,3.912
E01003922,4.538,3.76
E01003923,4.784,4.832
E01003924,6.224,4.541
E01003925,6.961,3.939
E01003926,5.692,4.22
E01003927,4.207,2.31
E01003929,2.937,4.102
E01003930,4.88,4.525
E01003932,7.184,5.451
E01003933,4.74,3.46
E01003934,6.118,4.145
E01003935,4.993,4.358
E01003936,1.301,1.685
E01003937,2.254,2.799
E01003938,5.017,4.262
E01003939,2.27,2.835
E01003940,5.664,5.339
E01003941,3.795,3.169
E01003942,5.376,4.772
E01003943,5.779,5.087
E01003945,4.209,2.539
E01003946,4.072,3.318
E01003947,5.735,4.299
E01003948,3.64,2.913
E01003949,3.743,4.204
E01003950,5.719,5.472
E01003951,3.679,2.821
E01003952,3.659,2.961
E01003953,4.563,3.674
E01003954,3.942,2.83
E01003955,5.449,3.751
E01003956,4.273,4.065
E01003957,4.586,3.012
E01003958,3.273,4.076
E01003960,4.563,4.399
E01003961,9.095,6.413
E01003963,6.311,4.482
E01003964,4.93,3.447
E01003966,4.997,5.431
E01003967,5.081,5.151
E01003968,6.454,4.336
E01003969,4.037,2.238
E01003970,5.653,5.151
E01003971,5.196,3.086
E01003972,4.353,3.754
E01003973,4.848,4.846
E01003974,7.098,4.336
E01003975,5.583,4.155
E01003976,4.348,4.257
E01003977,7.057,5.716
E01003978,3.37,3.249
E01003979,4.765,5.186
E01003980,6.558,5.6
E01003981,4.896,6.432
E01003983,5.193,3.793
E01003984,5.959,4.498
E01003986,7.611,7.876
E01003987,7.147,5.818
E01003988,6.065,6.624
E01003989,3.622,3.63
E01003990,6.238,4.898
E01003991,9.768,10.448
E01003992,4.558,6.053
E01003993,5.079,5.045
E01003994,6.363,5.246
E01003995,7.37,7.132
E01003997,4.02,4.63
E01003998,7.137,5.4
E01003999,5.34,4.336
E01004000,6.752,5.393
E01004001,7.768,7.805
E01004002,4.661,3.699
E01004003,8.519,7.178
E01004004,6.363,4.343
E01004005,8.007,6.406
E01004006,6.86,4.892
E01004007,6.344,4.858
E01004008,6.399,4.365
E01004010,4.522,3.849
E01004011,4.214,5.206
E01004012,4.237,3.494
E01004013,5.857,5.048
E01004014,5.437,4.317
E01004015,4.75,3.269
E01004016,4.725,4.015
E01004017,4.587,2.133
E01004018,3.36,2.159
E01004019,4.226,3.387
E01004020,5.896,4.243
E01004021,2.892,2.648
E01004022,5.598,5.588
E01004023,8.117,5.522
E01004024,6.667,5.496
E01004027,4.392,3.616
E01004028,5.633,4.841
E01004029,2.016,2.655
E01004030,5.903,4.564
E01004031,5.437,3.383
E01004032,1.475,1.669
E01004033,7.044,4.795
E01004034,4.737,4.361
E01004035,7.583,7.773
E01004036,4.568,4.825
E01004037,4.557,3.605
E01004038,2.778,3.838
E01004039,3.508,3.245
E01004040,6.067,5.938
E01004041,5.663,4.598
E01004042,8.178,6.891
E01004043,6.369,5.973
E01004044,5.996,5.069
E01004045,3.491,4.534
E01004046,3.858,3.267
E01004047,5.831,4.443
E01004048,3.907,4.671
E01004049,2.931,4.027
E01004050,2.847,2.014
E01004051,2.82,4.199
E01004052,5.096,3.091
E01004053,2.015,1.387
E01004054,2.053,2.092
E01004055,9.063,7.727
E01004056,5.327,4.142
E01004057,4.867,2.99
E01004058,0.706,0.708
E01004059,0.874,1.063
E01004060,5.786,5.13
E01004061,4.4,2.774
E01004062,6.7,4.601
E01004063,5.564,3.456
E01004064,6.127,4.894
E01004065,4.328,3.581
E01004066,4.678,3.826
E01004067,4.711,4.566
E01004068,7.67,7.24
E01004069,1.392,2.475
E01004070,3.426,4.662
E01004071,6.206,4.516
E01004072,2.762,2.507
E01004073,2.952,2.165
E01004074,2.602,2.462
E01004075,1.568,2.275
E01004076,4.304,4.847
E01004077,5.321,5.477
E01004078,4.453,4.19
E01004079,3.717,3.089
E01004080,3.829,2.304
E01004081,4.114,3.224
E01004082,2.701,3.456
E01004083,7.535,7.457
E01004084,2.736,2.764
E01004085,3.887,2.987
E01004086,4.886,3.327
E01004087,3.276,2.302
E01004088,7.976,7.581
E01004089,5.659,8.024
E01004090,7.963,7.435
E01004091,2.73,3.042
E01004092,3.062,2.721
E01004093,2.3,3.68
E01004094,2.385,2.681
E01004095,1.985,3.073
E01004096,3.647,3.203
E01004097,2.625,2.48
E01004098,3.662,2.851
E01004099,3.886,4.455
E01004100,3.323,3.082
E01004101,2.939,3.974
E01004102,3.057,2.508
E01004103,2.663,3.491
E01004104,2.356,2.167
E01004105,2.309,2.612
E01004106,2.158,4.057
E01004107,5.036,4.686
E01004108,3.617,3.106
E01004109,5.201,5.659
E01004110,4.759,3.332
E01004111,3.772,4.386
E01004112,3.301,3.059
E01004114,3.285,2.584
E01004115,2.629,2.991
E01004116,5.224,3.342
E01004117,2.049,2.236
E01004118,3.343,3.319
E01004119,2.257,2.847
E01004120,3.511,2.51
E01004121,3.959,3.977
E01004122,2.988,3.888
E01004123,4.892,4.478
E01004124,3.888,4.935
E01004125,7.012,6.161
E01004126,4.771,6.31
E01004127,4.863,4.499
E01004128,4.704,6.155
E01004129,6.716,7.097
E01004130,3.88,3.571
E01004131,3.738,2.383
E01004132,1.758,3.159
E01004133,3.179,3.453
E01004134,3.624,4.037
E01004135,3.936,3.097
E01004136,3.67,3.581
E01004137,4.545,2.269
E01004138,3.737,3.208
E01004139,3.801,3.238
E01004140,9.013,6.433
E01004141,7.138,4.162
E01004142,5.545,4.219
E01004143,3.648,3.194
E01004144,3.811,2.602
E01004145,3.895,3.465
E01004146,5.614,3.635
E01004147,5.3,4.867
E01004148,4.774,4.398
E01004149,4.561,3.716
E01004150,6.987,4.232
E01004151,5.202,4.934
E01004152,5.25,4.397
E01004153,3.747,3.371
E01004154,2.448,2.357
E01004155,5.16,4.884
E01004156,3.438,2.577
E01004157,3.14,1.928
E01004158,2.772,2.994
E01004159,4.908,4.0
E01004160,3.81,3.452
E01004161,2.424,2.767
E01004162,4.003,4.132
E01004163,4.737,3.817
E01004164,4.065,3.465
E01004165,4.676,4.73
E01004166,4.21,4.792
E01004167,3.642,5.947
E01004168,2.284,2.914
E01004169,4.141,3.212
E01004170,2.905,3.398
E01004171,3.887,3.045
E01004172,4.713,5.255
E01004173,4.477,4.185
E01004174,3.255,3.053
E01004175,4.089,3.159
E01004176,3.171,3.607
E01004177,9.521,8.869
E01004178,3.082,4.814
E01004179,2.744,3.704
E01004180,3.098,2.102
E01004181,4.626,5.312
E01004182,4.851,6.169
E01004183,6.539,4.507
E01004184,5.22,5.748
E01004185,5.992,5.432
E01004186,2.378,3.025
E01004187,5.6,5.97
E01004188,2.805,2.428
E01004189,6.12,5.579
E01004190,2.195,2.892
E01004191,3.331,3.128
E01004192,3.107,2.951
E01004193,2.191,2.566
E01004194,3.54,5.075
E01004195,3.485,2.656
E01004196,3.324,3.24
E01004197,5.754,6.328
E01004198,10.007,8.378
E01004199,9.163,7.08
E01004200,4.215,3.669
E01004201,6.234,5.329
E01004202,5.161,3.865
E01004203,5.734,4.588
E01004204,9.292,6.474
E01004205,8.879,5.946
E01004206,10.925,9.563
E01004207,8.192,5.049
E01004208,3.998,3.286
E01004209,7.321,6.633
E01004211,5.742,4.911
E01004212,6.629,4.617
E01004214,9.287,6.543
E01004215,4.427,3.284
E01004216,3.706,2.796
E01004217,7.221,5.489
E01004218,3.429,4.567
E01004219,5.318,3.859
E01004221,4.466,4.255
E01004222,8.992,8.938
E01004223,9.572,7.765
E01004224,6.7,3.609
E01004225,1.607,1.765
E01004226,5.926,3.821
E01004228,6.57,5.085
E01004229,5.93,5.92
E01004230,6.283,5.871
E01004231,7.139,5.947
E01004232,4.144,3.47
E01004233,7.359,7.298
E01004234,3.562,4.217
E01004235,7.216,6.321
E01004236,8.338,7.5
E01004237,4.577,4.712
E01004238,6.037,3.813
E01004239,7.641,6.828
E01004240,7.548,7.003
E01004241,7.588,7.591
E01004242,6.074,4.413
E01004243,7.434,4.701
E01004244,9.231,7.422
E01004245,7.732,3.91
E01004246,5.058,4.391
E01004247,7.084,5.303
E01004248,8.705,5.826
E01004249,7.369,7.137
E01004250,8.924,6.261
E01004251,7.925,4.888
E01004252,5.467,4.84
E01004253,7.094,4.91
E01004254,2.028,2.024
E01004255,7.664,7.876
E01004256,8.213,8.175
E01004257,5.52,5.551
E01004258,6.109,3.465
E01004259,5.107,4.107
E01004260,7.151,6.387
E01004261,4.277,5.584
E01004262,5.454,5.584
E01004263,8.034,7.603
E01004264,8.068,7.847
E01004266,6.214,5.992
E01004267,5.886,4.993
E01004268,7.287,7.914
E01004269,6.38,4.266
E01004270,3.801,4.008
E01004271,5.979,4.304
E01004272,8.004,5.885
E01004273,8.036,5.231
E01004274,5.474,5.476
E01004275,4.151,3.698
E01004276,0.741,1.413
E01004277,1.227,0.691
E01004280,4.577,4.455
E01004281,1.977,2.866
E01004283,9.107,5.037
E01004284,6.386,6.035
E01004285,8.456,6.656
E01004286,7.276,7.872
E01004287,8.66,6.356
E01004288,8.58,7.883
E01004289,7.484,6.925
E01004290,6.836,5.415
E01004291,3.416,2.773
E01004292,1.841,1.914
E01004293,3.247,2.919
E01004294,5.065,2.539
E01004295,7.784,4.691
E01004296,7.04,5.35
E01004297,3.505,2.973
E01004298,9.469,7.793
E01004300,9.34,6.621
E01004301,6.798,5.282
E01004302,6.039,5.872
E01004303,5.715,4.946
E01004304,7.869,6.701
E01004305,7.582,6.17
E01004306,6.115,4.935
E01004307,2.425,2.911
E01004308,7.645,7.361
E01004309,7.924,5.12
E01004310,8.422,6.083
E01004311,8.498,6.016
E01004312,9.232,7.48
E01004313,5.825,5.647
E01004314,4.182,5.666
E01004315,9.337,7.342
E01004316,6.766,4.62
E01004317,4.435,4.217
E01004318,6.854,5.666
E01004319,8.165,5.068
E01004321,9.056,5.266
E01004322,6.889,4.357
E01004323,7.367,5.778
E01004324,6.925,5.879
E01004325,3.659,3.133
E01004326,6.648,5.403
E01004327,6.678,4.778
E01004328,3.478,3.749
E01004329,4.143,3.812
E01004330,3.817,3.101
E01004331,5.226,4.71
E01004332,5.462,4.887
E01004333,4.409,5.483
E01004334,9.025,6.395
E01004335,6.565,6.092
E01004336,3.767,5.27
E01004337,6.663,5.568
E01004338,3.612,2.822
E01004339,3.914,3.133
E01004340,6.544,6.283
E01004341,6.09,6.67
E01004342,4.433,3.635
E01004343,4.013,3.528
E01004344,5.109,4.151
E01004345,3.792,3.292
E01004346,4.845,3.17
E01004347,3.328,2.93
E01004348,3.125,3.089
E01004349,5.142,6.533
E01004350,8.443,7.417
E01004351,5.497,3.886
E01004352,5.469,5.47
E01004353,4.54,3.912
E01004354,3.846,3.611
E01004355,6.754,4.734
E01004356,5.951,4.962
E01004357,5.334,4.488
E01004358,5.161,4.764
E01004359,3.527,3.036
E01004360,3.832,2.699
E01004361,4.56,2.82
E01004362,4.709,3.794
E01004363,4.601,3.421
E01004364,5.409,5.245
E01004365,5.636,3.892
E01004366,6.663,5.16
E01004367,5.559,4.54
E01004368,4.32,3.307
E01004369,3.398,2.96
E01004370,5.263,2.802
E01004371,5.813,3.4
E01004372,2.895,2.737
E01004373,3.822,3.716
E01004374,4.444,4.067
E01004375,4.367,3.621
E01004376,4.313,4.283
E01004377,3.03,3.05
E01004378,4.746,3.678
E01004379,3.846,3.479
E01004380,6.155,4.171
E01004381,3.361,4.278
E01004382,5.556,5.422
E01004383,4.651,2.844
E01004384,10.916,10.31
E01004385,6.142,6.197
E01004386,3.552,2.649
E01004387,2.8,3.262
E01004388,5.942,3.313
E01004389,7.626,5.472
E01004390,6.892,7.438
E01004391,5.408,2.706
E01004392,3.898,4.055
E01004393,4.852,5.506
E01004394,7.304,6.59
E01004395,3.906,3.531
E01004396,4.315,3.409
E01004397,3.972,3.648
E01004398,7.63,7.245
E01004399,8.309,7.403
E01004400,5.398,5.269
E01004401,4.615,3.718
E01004402,5.599,5.348
E01004403,5.999,4.059
E01004404,5.076,4.94
E01004405,5.024,4.487
E01004406,4.465,3.357
E01004407,5.021,4.779
E01004408,5.718,4.792
E01004409,8.188,4.783
E01004410,8.43,7.046
E01004411,4.474,3.535
E01004412,3.795,3.302
E01004413,10.55,9.332
E01004414,4.854,4.024
E01004415,7.056,7.726
E01004416,4.302,3.836
E01004417,5.833,5.511
E01004418,4.658,3.706
E01004419,4.642,3.62
E01004420,6.326,5.219
E01004421,7.631,3.891
E01004422,6.077,3.888
E01004423,9.143,5.902
E01004424,5.947,4.391
E01004425,4.115,3.469
E01004426,5.82,4.369
E01004427,2.887,3.139
E01004428,7.884,6.026
E01004429,5.643,4.531
E01004430,4.5,3.143
E01004432,4.786,3.054
E01004434,5.672,3.73
E01004435,4.476,5.214
E01004436,5.315,5.621
E01004437,4.615,3.85
E01004438,3.729,3.782
E01004439,3.933,5.015
E01004440,3.512,4.598
E01004441,4.688,4.257
E01004442,3.193,3.37
E01004443,5.074,4.519
E01004444,5.085,4.292
E01004445,6.72,4.077
E01004446,4.7,3.111
E01004447,4.267,3.598
E01004448,4.006,2.848
E01004449,7.78,7.985
E01004450,4.29,3.866
E01004451,4.461,3.963
E01004452,5.706,4.293
E01004453,5.477,3.96
E01004454,6.184,4.16
E01004455,6.441,4.68
E01004456,6.936,6.948
E01004457,4.488,3.985
E01004458,4.995,3.974
E01004459,7.584,6.25
E01004460,5.678,4.104
E01004461,4.424,1.977
E01004462,4.345,3.524
E01004463,3.744,3.273
E01004464,6.27,5.205
E01004465,4.328,4.107
E01004466,3.758,3.607
E01004467,4.78,5.223
E01004468,4.812,3.035
E01004469,6.646,4.94
E01004470,5.709,3.653
E01004471,6.148,3.547
E01004472,3.15,1.966
E01004473,4.181,3.211
E01004474,2.358,2.721
E01004475,3.058,2.45
E01004476,3.484,3.149
E01004477,1.615,2.171
E01004478,2.031,0.959
E01004479,2.326,0.86
E01004480,2.117,1.976
E01004481,3.201,1.769
E01004482,2.897,2.956
E01004483,3.02,1.951
E01004484,2.955,3.273
E01004485,4.736,3.462
E01004486,3.654,2.947
E01004487,4.744,3.485
E01004488,4.699,3.531
E01004489,4.164,3.226
E01004490,3.311,1.721
E01004491,3.07,2.551
E01004492,3.549,2.816
E01004493,3.066,2.621
E01004494,4.082,3.249
E01004495,4.427,3.722
E01004496,3.732,2.642
E01004497,4.36,4.606
E01004498,2.463,2.193
E01004499,2.703,2.919
E01004500,5.302,2.96
E01004501,4.488,3.844
E01004502,2.175,2.559
E01004503,4.904,4.169
E01004504,2.692,2.16
E01004505,2.723,1.978
E01004506,1.872,1.849
E01004507,3.101,1.509
E01004508,2.328,3.144
E01004509,2.374,1.604
E01004510,2.776,2.279
E01004511,2.033,1.572
E01004512,3.012,3.92
E01004513,4.716,3.159
E01004514,2.671,1.921
E01004515,3.723,3.325
E01004516,3.757,2.46
E01004517,3.31,2.3
E01004518,3.723,2.884
E01004519,4.867,4.043
E01004520,3.953,4.134
E01004521,3.842,2.947
E01004522,2.795,4.795
E01004523,4.93,4.093
E01004524,7.6,5.601
E01004525,3.189,2.44
E01004526,4.69,2.928
E01004527,4.612,3.684
E01004528,5.329,5.263
E01004529,3.595,2.95
E01004530,3.712,3.211
E01004531,5.394,4.481
E01004532,4.573,4.303
E01004533,6.295,4.144
E01004534,2.486,2.449
E01004535,5.29,4.523
E01004536,4.39,2.723
E01004537,6.326,4.681
E01004538,4.098,4.157
E01004539,5.91,4.873
E01004540,6.481,4.7
E01004541,8.064,6.246
E01004542,1.851,2.419
E01004543,1.787,1.779
E01004544,2.674,2.736
E01004545,2.662,1.496
E01004546,2.523,1.6
E01004547,7.786,5.267
E01004548,4.581,3.045
E01004549,4.087,3.249
E01004550,4.172,5.004
E01004551,4.138,2.556
E01004552,1.514,1.218
E01004553,2.927,1.701
E01004554,1.307,0.966
E01004555,1.896,1.276
E01004556,1.737,1.943
E01004557,3.701,2.431
E01004558,2.632,1.626
E01004559,1.217,2.587
E01004560,2.303,2.172
E01004562,6.689,2.994
E01004563,4.284,4.178
E01004564,3.676,4.164
E01004565,3.454,3.548
E01004566,3.574,2.023
E01004567,4.695,5.37
E01004568,4.625,3.859
E01004569,4.018,4.91
E01004570,6.25,5.593
E01004571,6.901,5.58
E01004572,3.911,3.864
E01004573,6.328,4.149
E01004574,5.356,3.544
E01004575,7.901,5.932
E01004576,5.691,5.293
E01004577,4.497,3.301
E01004579,3.591,2.886
E01004580,3.585,2.176
E01004581,3.687,3.487
E01004582,2.282,2.453
E01004583,4.817,6.078
E01004584,5.556,5.446
E01004585,2.772,2.516
E01004586,1.987,2.218
E01004587,2.697,2.088
E01004588,2.456,1.738
E01004589,0.941,1.669
E01004590,6.632,6.703
E01004591,4.671,3.891
E01004592,6.572,6.884
E01004593,2.623,2.324
E01004594,1.388,1.529
E01004595,2.504,1.721
E01004596,1.789,2.225
E01004597,3.696,3.649
E01004598,1.705,1.258
E01004599,1.65,1.53
E01004600,4.462,3.715
E01004601,4.328,3.166
E01004602,1.463,1.519
E01004604,1.246,1.855
E01004605,4.398,3.954
E01004606,1.776,0.719
E01004607,2.082,1.409
E01004608,4.756,3.595
E01004609,2.003,1.779
E01004610,4.449,3.281
E01004611,3.995,3.426
E01004612,3.691,3.057
E01004613,5.886,4.787
E01004614,4.939,3.401
E01004615,6.952,7.056
E01004616,3.515,3.267
E01004617,3.69,4.134
E01004618,3.995,2.053
E01004619,2.505,0.959
E01004620,3.036,2.241
E01004621,2.906,1.862
E01004622,7.546,7.472
E01004623,2.943,1.919
E01004624,3.894,3.175
E01004625,1.646,1.901
E01004626,2.622,1.789
E01004627,2.716,2.334
E01004628,4.696,4.017
E01004629,3.276,3.078
E01004630,5.939,5.057
E01004631,4.489,3.824
E01004632,3.012,2.112
E01004633,5.006,4.534
E01004634,4.073,3.649
E01004635,3.526,3.608
E01004636,2.736,3.281
E01004637,4.215,2.461
E01004638,2.622,2.909
E01004639,2.9,2.519
E01004640,2.423,2.08
E01004641,5.288,5.032
E01004642,5.226,5.116
E01004643,6.259,4.174
E01004644,4.801,4.069
E01004645,8.037,4.733
E01004646,3.811,3.252
E01004647,6.622,5.38
E01004648,4.379,2.973
E01004649,5.328,2.273
E01004650,3.858,2.643
E01004651,3.623,2.141
E01004652,4.728,5.133
E01004653,3.753,2.758
E01004654,3.342,2.983
E01004656,6.55,5.592
E01004657,3.176,1.317
E01004658,6.23,3.349
E01004659,3.33,2.207
E01004660,2.471,2.725
E01004661,5.522,5.355
E01004662,3.518,2.271
E01004663,4.854,4.02
E01004665,9.811,9.504
E01004666,6.8,6.234
E01004667,7.715,6.234
E01004668,5.891,5.137
E01004669,8.913,7.67
E01004670,12.145,11.513
E01004674,9.445,7.466
E01004675,9.895,6.976
E01004676,4.985,4.806
E01004677,6.612,5.649
E01004678,7.25,5.196
E01004679,6.533,7.848
E01004680,2.957,3.704
E01004681,3.716,2.557
E01004682,3.956,3.435
E01004683,1.444,1.677
E01004684,8.04,4.179
E01004686,9.745,5.448
E01004687,2.037,1.06
E01004688,1.179,1.519
E01004689,1.876,1.519
E01004690,1.143,1.128
E01004691,2.255,1.476
E01004692,2.166,2.041
E01004693,3.219,1.982
E01004694,1.931,2.373
E01004695,2.544,3.455
E01004696,11.034,9.481
E01004697,4.428,3.5
E01004698,2.76,5.078
E01004699,3.705,3.079
E01004700,2.269,2.961
E01004701,4.635,2.926
E01004702,11.162,11.258
E01004703,4.073,2.558
E01004705,2.723,1.928
E01004706,2.812,1.966
E01004707,2.456,0.978
E01004708,6.171,6.563
E01004709,6.934,5.378
E01004710,8.981,6.858
E01004711,8.701,5.797
E01004712,3.214,4.072
E01004713,1.422,1.901
E01004714,2.279,1.14
E01004715,6.204,4.765
E01004716,2.108,1.726
E01004717,1.853,1.347
E01004718,8.104,6.939
E01004719,7.962,8.169
E01004720,8.95,7.608
E01004721,12.062,8.936
E01004722,9.182,8.225
E01004723,7.591,5.643
E01004724,4.6,3.01
E01004725,9.412,5.097
E01004726,3.337,2.012
E01004727,2.517,1.294
E01004728,7.574,7.015
E01004729,11.538,10.633
E01004730,4.428,2.808
E01004731,3.313,1.648
E01004732,10.852,11.536
E01004733,2.737,2.188
E01004734,6.034,5.615
E01004735,6.233,4.193
E01004736,1.261,1.296
E01004737,7.533,6.086
E01004738,4.959,4.218
E01004739,3.709,4.218
E01004740,8.635,9.272
E01004741,5.577,5.5
E01004742,3.307,3.259
E01004743,5.372,5.0
E01004744,6.756,6.392
E01004745,5.298,4.476
E01004746,8.056,7.859
E01004747,5.893,6.236
E01004748,2.619,1.726
E01004749,2.74,3.068
E01004750,8.592,6.562
E01004751,3.384,4.437
E01004752,7.075,5.8
E01004753,5.461,4.966
E01004754,13.567,10.661
E01004755,6.932,5.587
E01004756,5.333,5.125
E01004757,9.574,7.419
E01004760,7.607,6.394
E01004761,2.416,2.075
E01004762,3.671,3.809
E01004763,3.338,5.007
E01004765,5.783,5.139
E01004766,7.538,8.142
E01004767,4.887,7.313
E01004768,1.686,3.072
E01004769,3.52,4.591
E01004770,5.529,4.339
E01004771,3.595,3.798
E01004772,7.106,6.555
E01004773,3.619,4.784
E01004774,6.328,6.512
E01004775,4.762,5.938
E01004776,7.27,6.414
E01004777,8.37,10.905
E01004778,5.902,5.63
E01004779,3.854,6.373
E01004780,3.825,3.846
E01004781,4.075,4.122
E01004782,7.782,5.415
E01004783,5.168,5.567
E01004784,3.807,3.93
E01004785,6.606,7.091
E01004786,6.607,6.552
E01004787,11.443,9.016
E01004788,4.31,5.217
E01004789,3.627,4.063
E01004790,4.818,5.293
E01004791,4.376,5.227
E01004792,3.823,5.039
E01004793,10.266,8.634
E01004794,8.282,8.392
E01004795,10.614,10.306
E01004796,4.618,5.52
E01004797,7.367,6.635
E01004798,8.232,6.2
E01004799,7.593,6.289
E01004800,4.682,3.941
E01004801,9.052,9.498
E01004802,9.729,7.957
E01004803,3.058,2.778
E01004804,3.512,2.997
E01004805,4.225,3.893
E01004806,5.083,4.614
E01004807,2.688,2.398
E01004808,2.678,2.597
E01004809,7.828,6.265
E01004810,3.131,3.532
E01004811,8.092,7.851
E01004812,5.682,4.954
E01004813,8.764,7.037
E01004814,6.113,5.486
E01004815,7.288,5.319
E01004816,6.738,4.219
E01004817,7.618,5.526
E01004818,8.37,7.549
E01004819,7.469,8.504
E01004820,9.869,6.704
E01004822,10.721,8.158
E01004823,12.587,11.187
E01004824,8.088,5.626
E01004825,8.227,6.9
E01004826,7.629,5.402
E01004827,9.412,7.236
E01004828,7.444,6.049
E01004829,8.607,5.487
E01004830,7.995,9.008
E01004831,5.153,4.272
E01004832,5.287,4.329
E01004833,5.294,5.494
E01004834,5.762,4.069
E01004835,4.368,4.107
E01004836,4.896,5.04
E01004837,3.86,3.905
E01004838,6.22,8.267
E01004839,10.162,7.384
E01004840,5.872,5.242
E01004841,8.779,9.829
E01004842,4.289,4.262
E01004843,2.966,2.953
E01004844,3.732,3.244
E01004845,3.792,4.222
E01004846,9.434,6.312
E01004847,6.786,7.713
E01004848,11.931,11.627
E01004849,6.932,5.686
E01004850,7.745,5.631
E01004851,12.113,8.639
E01004852,6.948,4.792
E01004853,8.13,7.619
E01004854,8.099,5.79
E01004855,5.664,6.212
E01004856,8.228,8.328
E01004857,7.437,5.889
E01004858,10.75,8.212
E01004859,15.106,11.62
E01004860,7.599,7.347
E01004861,7.577,6.384
E01004862,10.116,9.889
E01004863,11.849,10.214
E01004864,4.774,4.781
E01004865,10.26,7.147
E01004866,11.717,9.269
E01004867,6.394,6.19
E01004868,5.658,4.993
E01004869,9.737,6.484
E01004870,9.317,7.543
E01004871,6.875,6.064
E01004872,7.756,7.189
E01004873,8.116,5.641
E01004874,7.262,6.147
E01004875,6.73,5.879
E01004876,10.772,8.393
E01004877,8.873,7.863
E01004878,5.898,5.068
E01004879,7.466,6.578
E01004880,3.976,3.591
E01004881,10.786,12.138
E01004882,6.608,6.222
E01004883,3.913,4.257
E01004884,4.286,3.93
E01004885,1.757,3.23
E01004886,7.448,8.089
E01004887,6.572,8.271
E01004888,5.446,6.698
E01004889,7.048,6.355
E01004890,4.922,5.491
E01004891,6.65,5.913
E01004892,6.074,5.123
E01004893,3.133,4.194
E01004894,4.837,5.249
E01004895,7.245,8.742
E01004896,5.368,6.469
E01004897,3.687,3.356
E01004899,4.483,5.764
E01004900,3.127,4.467
E01004901,4.581,4.252
E01004902,7.921,7.584
E01004903,2.721,3.047
E01004904,5.237,4.827
E01004905,7.37,6.642
E01004906,9.739,8.245
E01004907,6.303,5.954
E01004908,5.122,6.554
E01004909,7.796,7.434
E01004910,4.055,4.486
E01004911,9.387,7.277
E01004912,7.528,7.456
E01004913,4.541,4.962
E01004914,5.946,5.385
E01004915,5.373,5.024
E01004916,8.63,8.811
E01004917,4.746,6.44
E01004918,7.368,5.306
E01004919,3.92,3.512
E01004920,6.944,6.395
E01004921,6.598,5.021
E01004922,6.946,5.013
E01004923,4.356,4.0
E01004924,3.381,3.238
E01004925,5.805,4.591
E01004926,8.833,8.996
E01004927,9.679,8.996
E01004928,7.812,7.19
E01004929,6.886,5.466
E01004930,5.274,3.831
E01004931,9.785,8.568
E01004932,5.28,7.615
E01004933,4.214,4.338
E01004934,2.833,4.092
E01004935,4.294,3.7
E01004936,4.731,5.207
E01004937,3.215,2.749
E01004938,9.243,10.458
E01004939,7.571,6.446
E01004940,7.04,6.359
E01004941,7.067,5.35
E01004942,6.706,6.765
E01004943,5.395,4.409
E01004944,3.344,2.966
E01004945,6.483,4.75
E01004946,10.837,10.602
E01004947,5.352,7.106
E01004948,7.189,7.914
E01004949,4.49,2.972
E01004950,2.98,3.965
E01004951,4.623,4.734
E01004952,4.641,3.817
E01004953,4.424,4.958
E01004954,6.557,5.31
E01004955,5.49,6.19
E01004956,9.387,8.906
E01004957,11.098,8.11
E01004958,9.714,6.83
E01004959,7.177,7.555
E01004960,8.719,9.042
E01004961,5.631,5.582
E01004962,3.653,3.13
E01004963,5.774,5.815
E01004964,5.565,5.451
E01004965,3.83,4.443
E01004966,5.121,6.047
E01004967,2.804,3.778
E01004968,5.14,3.636
E01004969,7.201,6.892
E01004970,5.089,3.813
E01004971,4.279,4.398
E01004972,6.465,7.162
E01004973,4.787,4.08
E01004974,4.765,3.265
E01004975,6.312,6.208
E01004976,8.727,8.021
E01004977,8.077,7.143
E01004978,4.799,5.436
E01004979,9.197,8.614
E01004980,4.821,5.979
E01004981,6.873,6.259
E01004982,4.555,5.108
E01004983,4.648,3.321
E01004984,6.145,3.736
E01004985,4.448,3.413
E01004986,6.105,7.068
E01004987,14.238,12.824
E01004988,7.163,5.84
E01004989,4.049,3.876
E01004990,6.131,7.125
E01004991,5.799,4.414
E01004992,5.604,5.528
E01004993,6.095,5.681
E01004994,6.656,5.857
E01004995,5.055,5.929
E01004996,10.803,9.861
E01004997,8.355,9.355
E01004998,6.967,5.136
E01004999,4.797,6.161
E01005000,4.373,4.691
E01005001,2.913,4.144
E01005002,5.283,6.238
E01005003,6.772,8.148
E01005004,14.952,13.708
E01005005,5.84,3.194
E01005006,6.912,5.685
E01005007,7.075,9.019
E01005008,8.682,7.83
E01005009,7.292,7.248
E01005010,4.442,5.417
E01005011,3.61,3.215
E01005012,5.961,5.866
E01005013,5.719,4.922
E01005014,4.72,4.58
E01005015,6.5,6.426
E01005016,3.296,4.418
E01005017,3.231,4.741
E01005018,4.724,4.308
E01005019,3.862,4.721
E01005020,1.706,2.57
E01005021,1.953,2.379
E01005022,2.254,2.542
E01005023,7.334,6.025
E01005024,8.155,5.927
E01005025,5.641,5.297
E01005026,6.446,4.97
E01005027,5.929,5.153
E01005028,7.944,8.412
E01005029,6.375,6.253
E01005030,9.56,8.287
E01005031,6.015,5.944
E01005032,12.818,8.277
E01005033,4.058,3.106
E01005034,6.04,5.422
E01005035,5.563,4.88
E01005036,7.379,6.912
E01005037,4.923,4.086
E01005038,3.712,3.456
E01005039,8.546,9.282
E01005040,7.064,5.041
E01005041,4.337,3.391
E01005042,4.784,3.381
E01005043,1.87,2.106
E01005044,3.346,2.901
E01005045,5.566,5.247
E01005046,4.251,3.851
E01005047,7.051,3.729
E01005048,3.201,2.233
E01005049,3.835,4.255
E01005050,3.969,3.012
E01005051,5.146,6.102
E01005052,4.235,4.772
E01005053,5.359,4.977
E01005054,4.806,5.856
E01005055,4.823,3.389
E01005056,6.369,5.582
E01005057,3.59,3.337
E01005058,4.126,3.338
E01005059,6.327,6.663
E01005060,5.213,4.729
E01005061,10.437,7.895
E01005062,5.323,4.2
E01005063,10.162,6.421
E01005065,10.085,6.296
E01005066,4.294,6.844
E01005067,11.307,7.136
E01005068,10.963,8.284
E01005069,5.46,6.206
E01005070,12.188,8.5
E01005071,7.789,7.55
E01005072,8.338,7.809
E01005073,5.161,4.948
E01005074,9.133,8.38
E01005075,8.993,11.24
E01005076,4.788,2.893
E01005077,8.986,8.841
E01005078,4.336,4.499
E01005079,6.837,3.837
E01005081,9.718,8.443
E01005082,10.271,8.449
E01005083,1.93,2.45
E01005084,7.284,5.964
E01005085,6.573,7.292
E01005086,9.553,8.853
E01005087,8.737,8.594
E01005088,11.241,9.829
E01005089,9.01,7.868
E01005090,11.897,10.1
E01005091,8.337,6.594
E01005092,9.269,9.512
E01005093,10.615,8.415
E01005094,10.663,9.704
E01005097,11.727,8.41
E01005098,12.418,11.22
E01005099,12.314,8.646
E01005100,9.131,8.866
E01005101,10.563,8.984
E01005102,7.069,4.745
E01005103,14.39,10.245
E01005104,7.323,6.582
E01005105,7.704,4.638
E01005106,9.643,8.144
E01005107,8.93,7.624
E01005108,9.43,7.579
E01005111,8.968,7.324
E01005112,6.386,6.732
E01005113,9.599,9.581
E01005114,6.052,5.333
E01005115,6.724,6.112
E01005116,7.739,6.75
E01005117,10.296,6.925
E01005118,6.702,6.309
E01005119,10.647,9.159
E01005120,7.139,6.621
E01005121,10.163,10.018
E01005122,8.804,6.338
E01005123,9.23,7.666
E01005124,9.4,7.899
E01005125,7.957,7.873
E01005126,4.867,3.746
E01005128,0.819,0.543
E01005129,12.047,7.228
E01005130,13.369,9.059
E01005132,10.743,7.584
E01005133,12.157,4.534
E01005135,10.487,6.692
E01005136,11.155,8.146
E01005138,11.054,6.976
E01005139,6.721,5.341
E01005140,8.559,5.458
E01005141,12.025,9.22
E01005142,10.565,7.588
E01005143,7.61,5.421
E01005145,6.75,5.822
E01005146,7.243,4.301
E01005147,7.841,5.713
E01005149,5.909,5.174
E01005150,4.225,3.184
E01005151,8.283,6.495
E01005152,3.166,2.369
E01005153,4.811,5.246
E01005154,3.226,4.695
E01005155,3.614,2.789
E01005156,2.674,2.84
E01005157,2.891,2.288
E01005158,6.089,5.835
E01005159,3.533,3.23
E01005160,7.349,5.522
E01005161,5.341,5.182
E01005162,8.889,6.22
E01005163,6.663,5.991
E01005164,10.248,6.573
E01005165,9.341,6.769
E01005166,8.539,7.049
E01005167,6.549,4.536
E01005168,3.314,2.991
E01005169,4.828,3.212
E01005170,3.527,4.211
E01005171,4.655,5.281
E01005172,4.5,4.827
E01005173,4.202,3.889
E01005174,3.312,2.567
E01005175,6.667,4.717
E01005176,3.433,4.043
E01005177,5.004,4.451
E01005178,7.927,6.119
E01005179,5.682,5.251
E01005180,11.478,9.688
E01005181,9.159,5.837
E01005182,7.702,7.165
E01005183,10.118,9.933
E01005184,3.819,3.617
E01005185,1.044,1.227
E01005186,8.67,8.425
E01005187,6.802,7.614
E01005188,5.718,5.836
E01005189,12.3,12.855
E01005190,8.18,6.574
E01005191,9.716,7.796
E01005192,6.692,6.52
E01005193,7.731,7.119
E01005194,6.643,5.053
E01005195,7.855,6.825
E01005196,7.912,5.812
E01005197,11.111,9.086
E01005198,9.745,8.585
E01005199,5.015,4.614
E01005200,8.301,6.873
E01005201,6.597,4.513
E01005202,12.373,10.239
E01005203,11.811,10.178
E01005205,11.978,8.215
E01005206,10.809,7.36
E01005207,7.781,4.955
E01005208,4.534,3.917
E01005209,4.15,4.81
E01005210,3.052,3.098
E01005212,4.218,3.294
E01005213,9.045,6.937
E01005214,3.072,3.307
E01005215,4.691,4.939
E01005216,6.488,4.251
E01005217,5.039,3.604
E01005218,7.13,7.578
E01005219,5.885,5.007
E01005220,6.652,4.443
E01005221,5.605,4.497
E01005222,6.851,7.024
E01005223,8.185,6.741
E01005224,6.267,5.288
E01005225,9.962,8.791
E01005226,7.692,4.85
E01005227,9.021,6.933
E01005228,10.999,7.685
E01005229,7.407,5.053
E01005230,6.332,5.11
E01005231,2.78,3.156
E01005232,8.034,7.321
E01005233,5.701,5.416
E01005234,7.185,5.145
E01005235,9.886,8.081
E01005236,5.968,4.768
E01005237,6.469,5.842
E01005238,5.216,4.439
E01005239,9.137,8.713
E01005240,6.403,5.055
E01005241,4.695,4.07
E01005242,6.224,4.286
E01005243,9.298,6.458
E01005244,4.901,3.543
E01005245,9.336,5.458
E01005246,7.667,4.094
E01005247,8.666,7.248
E01005248,5.551,7.213
E01005249,9.48,7.14
E01005250,8.703,5.901
E01005251,7.528,6.563
E01005252,10.796,8.441
E01005253,9.653,7.742
E01005254,6.508,4.803
E01005255,14.357,11.652
E01005256,11.278,8.03
E01005257,12.57,8.611
E01005258,13.064,9.778
E01005259,12.921,10.039
E01005260,6.671,7.488
E01005261,12.972,10.526
E01005262,7.116,7.451
E01005263,11.268,8.353
E01005264,10.879,8.247
E01005265,9.501,8.646
E01005266,7.665,6.871
E01005267,5.932,6.759
E01005268,5.401,5.309
E01005269,6.739,5.737
E01005270,8.414,8.201
E01005271,2.57,2.72
E01005272,11.709,10.807
E01005273,3.145,4.319
E01005274,6.569,6.111
E01005275,2.065,2.524
E01005276,3.059,3.415
E01005277,2.892,2.504
E01005278,4.676,4.479
E01005279,6.974,5.505
E01005280,7.869,6.063
E01005281,3.171,3.267
E01005282,5.4,3.079
E01005283,1.823,3.079
E01005284,1.542,2.925
E01005285,10.393,7.227
E01005286,2.949,3.824
E01005287,9.526,8.394
E01005288,4.688,5.047
E01005289,9.448,11.398
E01005290,11.269,10.0
E01005291,12.655,9.379
E01005292,9.939,8.279
E01005293,4.312,5.451
E01005294,9.225,6.308
E01005295,7.727,6.323
E01005296,4.871,5.041
E01005297,5.921,7.14
E01005298,5.286,4.465
E01005299,5.908,5.193
E01005300,6.534,4.977
E01005301,4.185,2.907
E01005302,6.988,5.832
E01005304,3.26,2.603
E01005305,3.064,3.335
E01005306,3.752,3.354
E01005307,3.805,3.389
E01005308,6.6,4.976
E01005309,3.222,3.495
E01005310,4.839,4.935
E01005311,3.901,4.274
E01005312,4.197,5.146
E01005313,8.69,8.119
E01005314,9.27,6.962
E01005315,12.176,11.182
E01005316,6.663,5.61
E01005317,10.504,7.468
E01005318,8.965,9.849
E01005319,8.963,7.835
E01005320,8.05,4.372
E01005321,9.633,7.498
E01005322,11.208,9.211
E01005323,9.878,9.236
E01005324,11.164,8.333
E01005325,10.39,7.61
E01005326,8.71,7.007
E01005327,8.592,6.145
E01005328,10.007,8.547
E01005329,3.211,4.131
E01005330,5.186,4.323
E01005331,5.699,4.925
E01005332,7.277,6.841
E01005333,4.631,3.961
E01005334,3.369,2.596
E01005335,4.81,3.178
E01005336,4.632,4.668
E01005337,4.84,4.278
E01005338,11.39,10.407
E01005339,3.896,2.559
E01005340,7.805,8.25
E01005341,5.757,5.945
E01005342,11.302,10.113
E01005343,8.902,7.42
E01005344,6.404,6.747
E01005345,6.042,5.722
E01005346,7.188,6.887
E01005347,5.056,5.111
E01005348,7.437,8.13
E01005349,6.188,5.626
E01005350,14.868,12.085
E01005351,6.798,5.851
E01005352,7.384,7.129
E01005353,8.939,7.815
E01005354,5.839,5.599
E01005355,5.295,6.37
E01005356,4.494,4.23
E01005357,4.916,4.488
E01005358,7.365,7.393
E01005359,6.65,6.705
E01005360,8.345,6.377
E01005361,6.191,5.203
E01005362,5.951,5.066
E01005363,7.992,9.199
E01005364,5.496,5.619
E01005365,4.121,4.72
E01005366,9.181,10.54
E01005367,4.545,4.718
E01005368,6.485,7.058
E01005369,8.635,7.735
E01005370,11.691,10.139
E01005371,7.288,5.571
E01005372,6.801,5.094
E01005373,6.328,4.946
E01005374,8.039,7.806
E01005375,7.284,4.79
E01005376,8.463,8.033
E01005377,10.927,6.518
E01005378,7.028,7.441
E01005379,8.333,7.49
E01005380,7.687,7.133
E01005381,11.582,9.305
E01005382,9.085,7.707
E01005383,7.927,6.794
E01005386,11.383,9.755
E01005387,6.08,3.397
E01005388,7.607,5.975
E01005389,7.706,7.414
E01005390,3.894,4.996
E01005391,4.834,4.939
E01005392,11.411,10.119
E01005393,6.294,5.155
E01005394,3.766,4.621
E01005395,5.003,5.315
E01005396,6.275,4.609
E01005397,6.237,7.605
E01005398,7.3,5.817
E01005399,5.223,6.562
E01005400,8.849,10.354
E01005401,5.569,4.858
E01005402,5.414,5.049
E01005403,3.693,3.343
E01005406,4.102,3.98
E01005407,3.283,2.85
E01005408,4.574,4.464
E01005409,2.835,2.93
E01005410,3.806,3.213
E01005411,4.457,5.751
E01005412,3.432,3.44
E01005413,3.664,2.64
E01005414,3.629,4.569
E01005415,6.359,6.492
E01005416,3.827,3.682
E01005417,6.835,4.569
E01005418,3.51,3.759
E01005419,3.329,5.031
E01005420,6.853,7.183
E01005421,9.772,8.26
E01005422,5.921,5.803
E01005427,9.005,7.498
E01005428,5.472,4.232
E01005429,7.756,6.198
E01005430,6.516,5.639
E01005431,8.314,6.012
E01005432,9.406,7.558
E01005433,9.637,6.938
E01005434,9.104,6.991
E01005435,6.221,6.004
E01005436,6.474,4.322
E01005437,5.189,4.639
E01005438,6.221,4.89
E01005439,5.596,5.73
E01005440,8.471,7.581
E01005441,10.05,11.315
E01005442,4.688,4.733
E01005443,2.937,3.349
E01005444,6.316,6.657
E01005445,6.311,7.163
E01005446,5.815,4.908
E01005447,11.227,11.475
E01005448,13.111,9.373
E01005449,8.456,11.223
E01005450,7.365,5.847
E01005451,4.341,4.328
E01005452,4.81,5.164
E01005453,3.636,3.413
E01005454,5.59,4.275
E01005455,4.477,4.573
E01005456,8.748,9.637
E01005459,10.309,10.339
E01005460,6.239,5.545
E01005461,7.841,6.149
E01005462,6.088,5.399
E01005463,8.824,4.801
E01005464,9.075,7.833
E01005465,6.702,7.403
E01005466,11.284,9.577
E01005467,11.963,8.566
E01005468,4.08,2.816
E01005469,4.712,5.214
E01005470,7.449,6.542
E01005471,7.036,5.778
E01005472,8.016,7.832
E01005473,9.782,6.659
E01005474,8.14,8.801
E01005475,9.85,7.48
E01005476,5.987,5.187
E01005477,6.862,8.357
E01005478,8.045,6.364
E01005479,6.019,5.817
E01005480,7.635,7.66
E01005481,10.886,7.862
E01005482,15.418,13.434
E01005483,11.211,8.687
E01005484,10.429,8.661
E01005485,10.414,9.213
E01005486,6.476,5.644
E01005487,7.397,5.649
E01005488,2.448,2.389
E01005489,5.299,4.804
E01005490,8.658,7.957
E01005491,6.535,5.714
E01005492,4.817,4.042
E01005493,3.918,3.98
E01005494,5.143,6.14
E01005495,8.675,6.614
E01005496,9.084,7.337
E01005497,9.131,6.822
E01005498,6.011,5.029
E01005499,4.72,5.291
E01005500,6.841,6.529
E01005501,14.55,12.388
E01005502,7.888,7.19
E01005503,3.74,3.872
E01005504,6.764,6.338
E01005505,7.44,5.629
E01005506,8.731,6.796
E01005507,4.701,3.317
E01005508,3.43,3.325
E01005509,10.615,9.57
E01005510,4.355,5.297
E01005511,5.939,7.901
E01005512,9.32,6.667
E01005513,10.704,8.103
E01005514,8.344,5.857
E01005515,12.962,9.566
E01005516,4.034,4.528
E01005517,5.378,5.854
E01005518,7.93,6.972
E01005519,3.787,3.708
E01005520,5.745,5.015
E01005521,5.816,4.411
E01005522,6.548,7.278
E01005523,5.372,4.967
E01005524,6.179,6.19
E01005525,8.926,8.947
E01005526,7.513,5.975
E01005527,13.351,8.839
E01005528,7.872,6.645
E01005529,12.422,8.142
E01005530,7.376,5.487
E01005531,6.953,4.663
E01005532,8.432,8.07
E01005533,7.378,7.27
E01005534,7.837,6.987
E01005535,9.494,6.339
E01005536,6.114,6.13
E01005537,5.796,5.674
E01005538,7.82,6.545
E01005539,8.936,7.839
E01005540,6.072,5.576
E01005541,5.922,5.339
E01005542,10.784,8.421
E01005543,8.63,7.348
E01005544,5.034,3.458
E01005545,4.156,3.766
E01005546,9.135,7.16
E01005547,5.724,6.04
E01005548,11.059,8.059
E01005549,4.609,3.752
E01005550,7.324,4.57
E01005551,11.703,8.885
E01005552,12.613,9.394
E01005553,9.558,8.653
E01005554,8.042,4.636
E01005555,4.246,3.61
E01005556,4.029,5.625
E01005557,5.858,4.478
E01005558,10.097,7.026
E01005559,9.71,8.237
E01005560,7.286,5.746
E01005561,7.416,5.17
E01005562,7.869,7.687
E01005563,7.234,5.256
E01005564,6.656,5.768
E01005565,7.992,7.643
E01005566,6.657,6.015
E01005567,6.923,5.106
E01005568,12.007,6.701
E01005569,9.48,7.752
E01005570,5.49,6.963
E01005571,3.323,4.005
E01005572,4.797,4.27
E01005573,2.597,4.33
E01005574,3.697,4.167
E01005575,5.134,3.904
E01005576,4.087,3.414
E01005577,4.049,3.228
E01005578,9.557,8.35
E01005579,8.662,6.717
E01005580,7.089,4.664
E01005581,9.572,8.219
E01005583,10.776,8.362
E01005585,7.822,6.13
E01005586,12.935,9.164
E01005587,2.59,2.562
E01005588,7.48,9.422
E01005589,4.731,5.405
E01005590,7.022,5.768
E01005591,5.68,4.468
E01005592,7.95,7.138
E01005593,5.563,4.908
E01005594,5.636,5.754
E01005595,17.958,14.135
E01005596,3.844,3.85
E01005597,5.312,4.042
E01005598,4.161,4.132
E01005599,12.981,7.62
E01005600,6.953,5.012
E01005601,8.704,6.552
E01005602,9.541,8.184
E01005603,5.316,4.917
E01005604,7.748,6.178
E01005605,6.58,5.79
E01005609,8.114,7.268
E01005610,12.768,3.639
E01005611,10.505,6.367
E01005612,12.463,8.585
E01005613,10.482,7.336
E01005614,4.227,2.001
E01005615,10.725,6.492
E01005616,9.377,7.469
E01005617,5.143,5.604
E01005618,8.013,5.959
E01005619,7.473,7.474
E01005620,3.477,3.569
E01005621,6.961,7.345
E01005622,6.267,4.705
E01005623,3.886,4.502
E01005624,9.347,6.844
E01005625,6.847,4.595
E01005626,6.484,4.821
E01005627,4.754,4.949
E01005628,7.921,6.726
E01005629,8.467,6.326
E01005630,7.09,4.709
E01005631,18.555,13.579
E01005632,6.345,5.954
E01005633,8.902,7.958
E01005634,3.397,2.263
E01005635,8.751,5.735
E01005636,4.958,5.823
E01005637,7.23,5.227
E01005638,9.05,6.38
E01005639,10.473,10.297
E01005640,6.662,9.124
E01005641,9.698,10.33
E01005642,3.178,4.801
E01005643,6.054,6.73
E01005644,3.79,3.887
E01005645,5.675,5.36
E01005646,3.741,1.732
E01005647,4.01,4.73
E01005648,5.338,3.998
E01005649,5.183,3.366
E01005650,8.66,4.365
E01005651,4.573,3.559
E01005652,8.87,6.495
E01005653,9.75,7.55
E01005654,5.704,4.525
E01005655,9.43,7.368
E01005656,7.548,6.246
E01005657,10.512,7.594
E01005658,13.852,7.368
E01005659,10.803,8.808
E01005660,13.605,8.996
E01005661,8.329,7.789
E01005662,11.06,9.365
E01005663,9.738,5.952
E01005664,12.71,7.787
E01005665,10.408,9.411
E01005667,11.16,7.476
E01005670,9.862,9.38
E01005671,11.045,7.28
E01005672,5.771,5.643
E01005673,6.472,5.585
E01005674,11.549,7.374
E01005675,5.031,4.541
E01005676,5.564,5.633
E01005677,5.909,6.958
E01005678,9.941,7.075
E01005679,9.097,7.811
E01005680,12.842,10.861
E01005681,11.266,8.722
E01005682,17.03,12.974
E01005683,15.5,9.218
E01005686,6.185,6.007
E01005687,5.537,5.654
E01005688,5.971,5.176
E01005689,7.51,7.467
E01005690,6.624,7.27
E01005691,7.065,6.719
E01005692,12.711,11.855
E01005693,6.633,3.771
E01005694,3.619,4.098
E01005695,3.485,2.442
E01005696,5.72,4.484
E01005697,3.903,3.07
E01005698,11.587,8.711
E01005699,5.355,3.799
E01005700,6.112,5.541
E01005701,5.336,5.038
E01005702,6.911,7.243
E01005703,9.78,9.954
E01005704,6.619,7.887
E01005705,7.441,5.443
E01005706,10.776,9.883
E01005707,8.906,8.333
E01005708,10.396,9.199
E01005709,12.293,11.021
E01005710,7.555,5.084
E01005711,6.512,6.017
E01005712,6.728,5.329
E01005713,5.512,4.484
E01005714,10.57,6.951
E01005715,4.782,4.467
E01005716,2.599,2.999
E01005717,2.041,1.415
E01005718,8.393,6.371
E01005719,9.362,7.76
E01005720,7.508,5.819
E01005721,11.421,9.794
E01005722,9.786,7.628
E01005723,10.075,7.646
E01005724,7.099,5.945
E01005725,9.652,9.377
E01005726,7.0,6.425
E01005727,6.358,6.004
E01005728,6.061,3.24
E01005729,13.685,9.434
E01005730,6.015,4.077
E01005731,7.905,7.471
E01005732,12.347,9.354
E01005733,8.467,8.095
E01005734,6.116,6.987
E01005735,4.953,4.076
E01005736,4.648,4.605
E01005737,3.65,3.375
E01005738,5.832,2.845
E01005739,2.547,2.95
E01005740,4.049,4.947
E01005741,3.593,2.68
E01005742,4.096,3.728
E01005743,6.061,4.317
E01005744,9.388,7.465
E01005745,4.117,4.942
E01005746,15.021,12.612
E01005747,4.127,3.712
E01005748,4.297,4.026
E01005749,5.343,4.771
E01005750,4.891,4.374
E01005751,5.327,5.136
E01005752,7.651,8.114
E01005753,11.131,10.0
E01005754,12.06,13.815
E01005755,8.624,9.222
E01005756,9.44,9.251
E01005757,6.161,6.18
E01005758,15.829,9.877
E01005759,4.407,3.874
E01005760,5.223,5.855
E01005761,6.553,7.031
E01005762,9.572,8.109
E01005763,9.316,9.348
E01005764,5.177,6.912
E01005765,5.312,3.98
E01005766,8.54,7.139
E01005767,5.63,5.08
E01005768,4.596,3.193
E01005769,3.446,5.412
E01005770,5.808,5.411
E01005771,2.965,5.146
E01005772,4.638,5.742
E01005773,4.137,6.238
E01005774,12.071,9.555
E01005775,4.087,3.544
E01005776,3.374,3.152
E01005777,5.989,6.414
E01005778,5.446,4.19
E01005779,4.863,5.231
E01005780,4.638,3.581
E01005781,11.742,10.145
E01005782,5.993,4.229
E01005783,5.321,5.491
E01005784,4.135,3.55
E01005785,3.779,3.467
E01005786,2.832,2.489
E01005787,1.848,1.653
E01005788,4.843,3.131
E01005789,3.333,3.533
E01005790,6.132,7.453
E01005791,4.537,3.885
E01005792,2.801,3.005
E01005793,4.498,4.325
E01005794,4.029,3.073
E01005795,3.251,1.905
E01005796,1.905,2.165
E01005797,5.255,5.011
E01005798,8.822,7.739
E01005799,6.818,6.777
E01005800,4.548,4.087
E01005801,5.544,4.831
E01005802,2.801,2.901
E01005803,4.368,3.23
E01005804,8.41,8.156
E01005805,4.132,4.351
E01005806,2.469,3.791
E01005807,4.315,3.226
E01005808,2.782,2.402
E01005809,2.217,3.352
E01005810,8.519,6.667
E01005811,3.495,3.303
E01005812,2.483,3.228
E01005813,3.053,2.418
E01005814,4.59,4.552
E01005815,3.605,2.853
E01005816,3.125,4.548
E01005817,4.758,5.104
E01005818,5.907,4.857
E01005819,4.848,3.892
E01005820,7.216,6.439
E01005821,5.238,5.237
E01005822,8.825,8.909
E01005823,5.27,6.561
E01005824,5.97,5.172
E01005825,5.343,5.131
E01005826,10.276,8.876
E01005827,6.259,4.966
E01005828,11.646,11.273
E01005829,6.859,6.213
E01005830,6.098,4.678
E01005831,4.916,4.438
E01005832,6.454,5.419
E01005833,7.935,7.618
E01005834,6.312,7.523
E01005835,3.508,3.515
E01005836,5.226,6.165
E01005837,4.66,3.303
E01005838,5.214,4.663
E01005839,3.495,3.627
E01005840,6.919,5.618
E01005841,5.332,4.871
E01005842,3.272,4.62
E01005843,4.967,3.793
E01005844,4.698,5.039
E01005845,4.503,4.943
E01005846,5.124,4.026
E01005847,4.379,5.006
E01005848,3.806,3.457
E01005849,3.819,4.177
E01005850,6.481,6.977
E01005851,5.381,3.637
E01005852,3.673,4.099
E01005853,6.624,6.32
E01005854,3.875,3.289
E01005855,2.992,3.038
E01005856,4.077,2.996
E01005857,4.067,4.059
E01005858,4.952,3.676
E01005859,3.975,2.906
E01005860,3.091,2.772
E01005861,7.3,4.601
E01005862,3.523,3.388
E01005863,4.817,3.902
E01005864,5.672,4.632
E01005865,3.875,3.061
E01005866,5.371,4.853
E01005867,6.036,4.116
E01005868,4.539,3.679
E01005869,5.239,5.838
E01005870,6.076,5.459
E01005871,5.535,5.282
E01005872,4.965,6.679
E01005873,4.097,4.363
E01005874,10.766,7.791
E01005875,4.875,3.656
E01005876,6.415,5.147
E01005877,6.847,5.754
E01005878,8.85,7.09
E01005879,5.887,6.53
E01005880,3.495,3.499
E01005881,2.191,2.81
E01005882,6.957,3.686
E01005883,2.214,2.895
E01005884,3.28,3.624
E01005885,6.061,4.561
E01005886,5.749,6.812
E01005887,7.009,4.737
E01005888,5.519,5.959
E01005889,9.239,8.328
E01005890,7.848,5.305
E01005891,5.8,4.75
E01005892,5.721,6.604
E01005893,5.421,5.35
E01005894,5.552,4.335
E01005895,6.348,6.781
E01005896,5.642,5.706
E01005897,5.552,7.4
E01005898,6.425,6.323
E01005899,8.663,6.918
E01005900,9.619,6.779
E01005901,5.579,5.629
E01005902,10.012,9.685
E01005903,5.285,3.221
E01005904,4.583,3.856
E01005905,9.331,7.55
E01005906,5.198,5.714
E01005907,5.027,3.792
E01005908,2.61,2.007
E01005909,3.286,3.786
E01005910,8.023,8.24
E01005911,4.878,5.865
E01005912,3.734,3.607
E01005913,4.303,4.305
E01005914,7.083,5.642
E01005915,7.32,7.36
E01005916,5.815,5.576
E01005917,5.806,6.506
E01005918,17.538,14.162
E01005919,7.678,7.468
E01005920,4.545,3.498
E01005921,6.897,6.271
E01005922,5.192,6.245
E01005923,2.776,3.336
E01005924,2.308,3.223
E01005925,4.584,4.955
E01005926,2.846,1.293
E01005927,3.107,2.991
E01005928,5.407,6.366
E01005929,2.108,2.746
E01005930,2.051,5.131
E01005931,2.699,3.874
E01005932,2.31,2.114
E01005933,9.475,7.942
E01005934,6.626,6.171
E01005935,13.356,10.907
E01005936,4.909,4.954
E01005937,7.322,5.458
E01005938,7.143,6.897
E01005939,4.215,5.35
E01005940,7.43,6.857
E01005941,9.515,9.64
E01005942,5.882,4.928
E01005943,6.135,6.608
E01005944,5.112,3.67
E01005945,8.257,6.412
E01005946,6.655,6.553
E01005947,9.424,7.6
E01005948,11.758,8.204
E01005949,8.349,7.268
E01005950,7.02,4.968
E01005951,7.823,5.699
E01005952,13.916,11.778
E01005953,10.181,8.359
E01005954,12.875,11.163
E01005955,3.567,4.707
E01005956,7.173,8.128
E01005957,4.935,5.445
E01005958,8.448,9.894
E01005959,8.446,8.811
E01005960,8.613,8.247
E01005961,7.168,3.41
E01005962,4.736,5.708
E01005963,4.91,4.561
E01005964,5.592,4.202
E01005965,9.86,7.213
E01005966,5.166,5.07
E01005967,10.21,10.885
E01005968,6.017,4.873
E01005969,3.838,5.235
E01005970,6.694,5.803
E01005971,5.334,7.755
E01005972,6.964,5.814
E01005973,5.33,5.706
E01005974,6.526,7.974
E01005975,6.722,6.206
E01005976,8.142,8.024
E01005977,7.014,7.172
E01005978,9.659,7.56
E01005979,10.546,8.942
E01005980,9.966,9.448
E01005981,13.342,9.587
E01005982,9.28,7.692
E01005983,5.817,5.176
E01005984,10.811,8.229
E01005985,7.175,5.212
E01005986,5.939,6.029
E01005987,7.046,6.456
E01005988,3.248,2.938
E01005989,4.836,5.141
E01005990,6.622,5.317
E01005991,5.73,4.612
E01005992,7.973,10.596
E01005993,7.158,5.852
E01005994,5.659,7.1
E01005995,3.8,3.647
E01005996,5.879,5.133
E01005997,6.785,6.576
E01005998,6.107,5.795
E01005999,7.754,6.261
E01006000,12.573,9.01
E01006001,6.543,5.239
E01006002,7.456,7.378
E01006003,6.966,6.209
E01006004,6.541,5.443
E01006005,10.955,9.254
E01006006,6.182,6.307
E01006007,6.83,6.697
E01006008,3.986,4.906
E01006009,6.891,5.656
E01006010,8.11,9.907
E01006011,9.302,10.65
E01006012,9.19,5.349
E01006013,8.899,6.963
E01006014,5.3,5.148
E01006015,3.524,4.157
E01006016,11.231,9.053
E01006017,4.308,3.72
E01006018,4.832,5.463
E01006019,12.26,13.156
E01006020,7.422,6.109
E01006021,6.667,4.539
E01006022,6.856,6.457
E01006023,10.939,13.435
E01006024,3.925,3.798
E01006025,12.341,8.181
E01006026,6.501,6.033
E01006027,11.498,7.426
E01006028,11.862,11.486
E01006029,5.661,6.311
E01006030,9.804,7.227
E01006031,10.896,7.057
E01006032,8.045,7.48
E01006033,8.529,6.278
E01006034,7.186,7.407
E01006035,8.249,6.57
E01006036,7.271,7.156
E01006037,3.805,4.31
E01006038,6.227,6.053
E01006039,6.899,6.421
E01006040,8.534,6.98
E01006041,5.135,5.346
E01006042,4.09,4.527
E01006043,6.003,6.259
E01006044,6.218,7.026
E01006045,4.272,3.352
E01006046,4.997,3.861
E01006047,6.637,5.882
E01006048,6.676,4.95
E01006049,5.921,6.589
E01006050,14.236,8.469
E01006051,5.41,5.221
E01006052,10.67,9.937
E01006053,3.004,3.388
E01006054,11.214,9.186
E01006055,4.11,3.657
E01006056,8.067,9.054
E01006057,4.892,3.99
E01006058,4.919,5.4
E01006059,4.742,4.008
E01006060,9.026,8.079
E01006061,6.127,6.127
E01006062,3.406,3.724
E01006063,5.468,4.049
E01006064,11.66,10.63
E01006065,6.411,6.438
E01006066,5.845,6.497
E01006067,4.289,2.927
E01006068,8.156,9.05
E01006069,7.319,6.207
E01006070,3.967,3.791
E01006071,3.405,4.094
E01006072,2.611,3.034
E01006073,7.877,5.871
E01006074,9.657,6.516
E01006075,3.299,2.654
E01006076,5.237,4.358
E01006077,4.4,4.139
E01006078,3.458,2.875
E01006079,2.456,2.118
E01006080,3.263,3.357
E01006081,1.725,2.96
E01006082,2.178,3.14
E01006083,2.147,1.721
E01006084,1.932,1.722
E01006085,3.558,3.495
E01006086,4.376,3.972
E01006087,2.644,2.343
E01006088,3.048,2.146
E01006089,2.872,2.681
E01006090,4.226,4.0
E01006091,2.711,2.492
E01006092,5.83,6.161
E01006093,3.383,2.489
E01006094,3.365,2.932
E01006095,3.683,2.714
E01006096,2.089,2.422
E01006097,4.638,3.646
E01006098,4.267,3.216
E01006099,3.328,2.568
E01006100,5.405,4.169
E01006101,3.088,2.408
E01006102,4.02,4.986
E01006103,2.596,2.185
E01006104,10.124,8.002
E01006105,8.329,8.149
E01006106,8.148,8.548
E01006107,10.074,9.348
E01006108,8.563,8.802
E01006109,8.702,8.941
E01006110,6.93,5.274
E01006111,6.57,5.8
E01006112,7.472,9.322
E01006113,6.759,5.614
E01006114,8.664,7.084
E01006115,7.955,5.929
E01006116,3.63,3.316
E01006117,3.768,3.228
E01006118,7.433,7.118
E01006119,4.104,3.598
E01006120,4.545,4.825
E01006121,4.519,5.376
E01006122,5.344,4.538
E01006123,4.602,5.572
E01006124,4.141,3.448
E01006125,6.941,4.831
E01006126,9.369,7.563
E01006127,4.579,4.79
E01006128,5.263,6.788
E01006129,7.754,6.777
E01006130,5.177,3.923
E01006131,5.045,3.982
E01006132,5.492,5.718
E01006133,5.021,5.791
E01006134,1.768,1.206
E01006135,4.462,3.507
E01006136,2.966,3.112
E01006137,2.094,2.111
E01006138,5.552,4.762
E01006139,1.864,1.884
E01006140,2.493,2.297
E01006141,6.484,4.688
E01006142,6.45,6.41
E01006143,4.28,3.477
E01006144,9.418,9.15
E01006145,8.459,6.241
E01006146,5.016,4.127
E01006147,3.675,1.871
E01006148,3.554,4.885
E01006149,5.455,6.781
E01006150,4.41,5.003
E01006151,3.912,3.165
E01006152,3.545,3.232
E01006153,2.934,2.75
E01006154,4.064,3.371
E01006155,4.732,3.036
E01006156,5.964,5.197
E01006157,5.267,3.586
E01006158,8.131,6.175
E01006159,6.707,6.453
E01006160,7.872,4.907
E01006161,4.188,3.661
E01006162,2.167,2.278
E01006163,3.132,2.456
E01006164,4.97,3.744
E01006165,5.057,4.335
E01006166,5.999,6.838
E01006167,12.615,9.448
E01006168,9.64,8.986
E01006169,5.569,4.675
E01006170,4.774,4.122
E01006171,8.909,8.78
E01006172,5.621,5.003
E01006173,3.562,3.097
E01006174,4.315,2.964
E01006175,11.469,9.403
E01006176,4.416,4.619
E01006177,6.565,6.413
E01006178,4.119,4.192
E01006179,9.642,6.711
E01006180,5.441,3.478
E01006181,5.342,5.269
E01006182,5.157,3.362
E01006183,5.03,4.756
E01006184,6.504,6.714
E01006185,7.165,5.32
E01006186,6.253,5.139
E01006187,4.576,4.734
E01006188,5.409,4.824
E01006189,6.443,5.155
E01006190,3.662,3.321
E01006191,2.654,2.281
E01006192,4.172,3.826
E01006193,3.884,3.244
E01006194,2.872,2.673
E01006195,2.767,3.062
E01006196,3.083,2.765
E01006197,2.81,3.654
E01006198,6.821,6.224
E01006199,6.624,6.962
E01006200,11.972,10.061
E01006201,6.355,5.464
E01006202,6.112,4.311
E01006203,4.452,2.252
E01006204,3.602,4.756
E01006205,4.179,2.908
E01006206,5.945,5.35
E01006207,9.957,10.234
E01006208,3.688,5.026
E01006209,3.551,3.097
E01006210,4.469,3.667
E01006211,7.647,6.211
E01006212,8.1,5.963
E01006213,10.387,9.204
E01006214,6.036,8.702
E01006215,12.716,9.463
E01006216,5.568,4.701
E01006217,7.284,7.107
E01006218,6.18,5.633
E01006219,7.402,7.095
E01006220,10.352,9.138
E01006221,5.836,5.128
E01006222,5.136,4.496
E01006223,7.826,7.242
E01006224,2.79,2.655
E01006225,5.812,4.645
E01006226,6.613,5.199
E01006227,6.113,5.693
E01006228,5.084,4.73
E01006229,6.287,4.282
E01006230,4.587,3.11
E01006231,5.755,5.174
E01006232,5.714,4.022
E01006233,3.474,4.202
E01006234,7.317,7.424
E01006235,8.858,9.365
E01006236,5.27,4.005
E01006237,3.109,3.902
E01006238,10.392,8.085
E01006239,13.079,11.864
E01006240,9.806,8.964
E01006241,7.396,4.726
E01006242,7.365,5.492
E01006243,5.183,4.852
E01006244,9.527,8.353
E01006245,4.51,4.184
E01006246,10.792,8.013
E01006247,6.316,4.446
E01006248,11.957,8.074
E01006249,8.935,7.307
E01006250,5.679,3.366
E01006251,4.925,2.979
E01006252,5.055,4.861
E01006253,8.29,7.546
E01006254,8.871,7.565
E01006255,5.449,5.429
E01006256,6.393,4.915
E01006257,4.744,5.298
E01006258,8.551,5.372
E01006259,7.04,5.847
E01006260,8.366,8.701
E01006261,8.659,9.69
E01006262,8.818,5.906
E01006263,5.818,5.906
E01006264,4.572,4.638
E01006265,6.145,5.655
E01006266,6.825,5.466
E01006267,12.951,10.26
E01006268,5.732,5.315
E01006269,7.85,8.52
E01006270,12.709,10.264
E01006271,7.619,5.77
E01006272,9.014,7.029
E01006273,7.502,7.292
E01006274,8.537,7.958
E01006275,11.838,10.248
E01006276,4.705,4.596
E01006277,3.441,2.184
E01006278,8.64,7.16
E01006279,4.52,4.819
E01006280,8.053,10.515
E01006281,4.989,3.975
E01006282,7.349,6.688
E01006283,8.925,8.838
E01006284,11.447,11.027
E01006285,6.474,5.901
E01006286,10.404,7.431
E01006287,3.78,4.53
E01006288,10.15,8.543
E01006289,10.882,10.361
E01006290,5.6,4.608
E01006291,7.415,7.104
E01006292,6.888,6.667
E01006293,10.83,8.653
E01006294,5.553,5.155
E01006295,8.475,8.848
E01006296,10.502,10.173
E01006297,10.975,10.846
E01006298,9.039,10.042
E01006299,4.926,3.204
E01006300,6.533,4.709
E01006301,4.626,4.043
E01006302,4.304,3.869
E01006303,5.811,4.8
E01006304,6.144,6.25
E01006305,8.749,7.018
E01006306,14.877,12.914
E01006307,9.078,7.872
E01006308,10.366,7.16
E01006309,8.177,7.794
E01006310,9.848,8.805
E01006311,8.851,6.78
E01006312,5.537,4.818
E01006313,8.247,5.35
E01006314,5.241,5.223
E01006315,4.365,2.395
E01006316,4.374,3.348
E01006317,5.909,6.121
E01006318,5.118,5.684
E01006319,2.363,2.87
E01006320,4.136,4.222
E01006321,4.211,3.627
E01006322,7.083,6.029
E01006323,8.455,7.732
E01006324,11.774,11.687
E01006325,6.654,7.38
E01006326,6.741,6.308
E01006327,11.808,7.416
E01006328,8.24,7.073
E01006329,6.357,8.476
E01006330,4.972,4.87
E01006331,3.759,3.818
E01006332,9.822,5.955
E01006333,7.79,6.517
E01006334,7.051,6.021
E01006335,5.742,4.753
E01006336,11.779,12.198
E01006337,5.906,5.611
E01006338,6.675,5.516
E01006339,5.766,5.1
E01006340,7.893,6.091
E01006341,9.732,8.353
E01006342,9.764,8.29
E01006343,2.844,2.359
E01006344,11.231,10.764
E01006345,5.622,3.977
E01006346,5.623,5.771
E01006347,5.57,3.953
E01006348,5.165,3.52
E01006349,5.959,4.811
E01006350,10.368,9.301
E01006351,10.564,9.455
E01006352,10.204,7.276
E01006353,6.87,6.173
E01006354,8.333,7.858
E01006355,6.401,5.427
E01006356,9.103,8.014
E01006357,12.102,10.06
E01006358,10.514,6.845
E01006359,7.464,7.143
E01006360,10.448,8.69
E01006361,10.025,7.836
E01006362,4.714,3.856
E01006363,7.263,5.867
E01006364,7.289,6.226
E01006365,3.354,2.604
E01006366,6.544,7.618
E01006367,4.439,3.814
E01006368,6.703,4.883
E01006369,8.373,6.598
E01006370,4.443,3.712
E01006371,4.537,5.352
E01006372,5.313,4.04
E01006373,3.327,3.153
E01006374,3.615,4.58
E01006375,3.62,3.387
E01006376,7.613,7.07
E01006377,3.818,4.046
E01006378,5.922,4.839
E01006379,6.512,4.238
E01006380,9.909,5.57
E01006381,3.594,2.194
E01006382,2.766,3.1
E01006383,4.759,4.218
E01006384,3.945,3.179
E01006385,4.03,4.706
E01006386,19.557,16.488
E01006387,5.989,6.15
E01006388,8.457,8.329
E01006389,3.714,4.173
E01006390,8.317,6.448
E01006391,9.515,6.993
E01006392,8.072,7.854
E01006393,4.362,4.414
E01006394,4.228,3.896
E01006395,2.718,2.626
E01006396,6.522,8.378
E01006397,9.515,9.546
E01006398,9.116,9.325
E01006399,8.257,6.11
E01006400,2.825,3.308
E01006401,4.238,3.909
E01006402,4.341,4.61
E01006403,4.868,4.797
E01006404,8.735,6.127
E01006405,12.962,8.3
E01006406,7.055,6.463
E01006407,4.114,4.749
E01006408,8.549,7.221
E01006409,7.349,5.628
E01006410,5.56,4.481
E01006411,10.859,9.421
E01006412,12.835,11.322
E01006413,15.081,15.0
E01006414,12.518,13.11
E01006415,8.615,7.154
E01006416,12.75,10.547
E01006417,15.649,10.175
E01006418,11.864,12.395
E01006419,4.424,6.484
E01006420,3.727,3.738
E01006421,2.645,3.312
E01006422,7.801,6.25
E01006423,3.787,5.109
E01006424,4.589,5.195
E01006425,7.709,6.113
E01006426,11.951,13.875
E01006427,8.483,6.564
E01006428,8.67,7.776
E01006429,11.141,11.2
E01006430,13.664,13.574
E01006431,7.536,6.362
E01006432,8.388,9.591
E01006433,10.424,7.683
E01006434,10.125,10.402
E01006435,12.725,12.147
E01006436,12.824,13.755
E01006437,13.66,13.444
E01006438,8.917,6.0
E01006439,11.531,10.157
E01006440,11.761,11.135
E01006441,8.826,8.019
E01006442,14.544,12.838
E01006443,14.982,14.704
E01006444,11.28,12.121
E01006445,13.093,9.945
E01006446,12.317,10.207
E01006447,12.675,12.075
E01006448,11.449,11.558
E01006449,10.439,9.956
E01006450,9.634,7.243
E01006451,10.668,9.033
E01006452,8.05,7.801
E01006453,12.592,10.914
E01006454,9.083,8.215
E01006455,13.223,12.094
E01006456,11.16,9.336
E01006457,11.869,9.703
E01006458,11.323,10.673
E01006459,5.149,6.985
E01006460,10.343,12.068
E01006461,10.692,11.52
E01006462,6.407,5.824
E01006463,13.062,10.327
E01006464,10.761,5.287
E01006465,5.991,5.446
E01006466,9.425,8.591
E01006467,13.49,13.323
E01006470,14.036,11.694
E01006471,7.061,5.13
E01006472,5.623,5.312
E01006473,5.449,3.04
E01006474,8.564,5.553
E01006475,8.781,11.057
E01006476,6.303,5.057
E01006477,8.947,9.11
E01006478,11.095,9.7
E01006479,8.315,8.542
E01006480,13.075,12.695
E01006481,13.67,11.029
E01006482,7.974,8.239
E01006483,11.111,8.755
E01006484,9.884,9.985
E01006485,6.088,4.194
E01006486,7.082,5.268
E01006487,7.063,5.59
E01006488,5.762,4.311
E01006489,5.718,5.395
E01006490,3.446,4.649
E01006491,4.162,4.851
E01006492,9.426,7.247
E01006493,14.17,8.627
E01006494,11.477,11.667
E01006495,8.387,8.384
E01006496,11.619,9.707
E01006497,9.506,6.379
E01006498,3.875,3.628
E01006499,6.977,5.757
E01006500,11.632,11.132
E01006501,5.311,4.866
E01006502,8.798,7.486
E01006503,6.919,7.045
E01006504,8.939,8.6
E01006505,11.543,9.743
E01006506,5.996,8.563
E01006507,11.975,11.263
E01006508,8.25,8.061
E01006509,11.951,12.253
E01006510,8.34,6.747
E01006512,3.617,3.133
E01006513,1.87,1.07
E01006514,6.262,5.61
E01006515,12.914,6.389
E01006518,17.983,15.858
E01006519,4.121,2.892
E01006520,7.796,6.066
E01006521,7.952,8.296
E01006522,7.915,7.289
E01006523,8.952,8.055
E01006524,6.705,6.077
E01006525,4.549,3.956
E01006526,10.47,4.982
E01006527,6.602,8.382
E01006528,5.749,4.804
E01006529,5.291,5.142
E01006530,5.66,5.085
E01006531,8.848,5.37
E01006532,3.982,4.105
E01006533,9.943,7.715
E01006534,8.366,6.141
E01006535,11.104,7.298
E01006536,10.606,10.358
E01006537,6.203,4.839
E01006538,7.208,5.595
E01006539,4.593,4.029
E01006540,11.796,9.837
E01006541,10.923,10.319
E01006542,8.876,11.487
E01006543,6.255,6.854
E01006544,11.641,13.321
E01006545,6.812,8.192
E01006546,7.202,8.066
E01006547,9.06,8.683
E01006548,10.149,6.63
E01006549,8.724,6.396
E01006550,2.821,2.35
E01006551,11.765,15.99
E01006552,5.323,6.917
E01006553,3.032,3.841
E01006554,3.605,4.434
E01006556,11.089,9.908
E01006557,3.116,2.478
E01006558,12.528,11.81
E01006560,17.097,14.992
E01006562,11.757,12.727
E01006563,16.456,16.462
E01006564,13.655,12.654
E01006565,10.717,10.707
E01006566,7.835,7.394
E01006567,13.474,13.901
E01006568,10.884,9.877
E01006569,15.115,10.712
E01006570,6.761,5.47
E01006571,11.02,11.142
E01006572,11.433,11.006
E01006573,10.127,10.0
E01006574,11.167,10.334
E01006575,10.046,9.62
E01006576,5.729,4.16
E01006577,4.657,4.058
E01006578,5.072,3.346
E01006579,4.687,4.028
E01006580,4.27,3.947
E01006581,3.913,4.362
E01006582,3.228,3.963
E01006583,2.389,3.127
E01006584,6.963,4.668
E01006585,13.663,11.875
E01006586,8.373,10.289
E01006587,7.328,6.557
E01006588,6.182,4.304
E01006589,5.138,4.749
E01006590,5.177,6.662
E01006591,4.225,3.612
E01006592,3.259,4.055
E01006593,4.023,4.135
E01006594,3.333,3.625
E01006595,6.074,4.778
E01006596,4.755,3.378
E01006597,4.679,4.648
E01006598,13.519,9.399
E01006599,7.047,5.641
E01006600,13.433,12.967
E01006603,11.631,9.605
E01006604,11.851,10.185
E01006605,12.541,10.167
E01006606,10.059,8.845
E01006607,11.039,10.097
E01006608,8.642,9.147
E01006609,9.743,7.066
E01006610,10.952,11.035
E01006611,10.767,10.811
E01006612,13.177,13.69
E01006613,14.265,12.213
E01006614,9.531,9.344
E01006615,10.983,11.748
E01006616,9.454,11.963
E01006617,6.545,8.283
E01006618,10.494,11.436
E01006619,5.816,5.287
E01006620,6.351,8.095
E01006621,5.79,4.469
E01006622,5.069,4.112
E01006623,4.925,5.653
E01006624,11.697,10.788
E01006625,7.91,7.956
E01006626,8.356,6.911
E01006627,6.967,6.364
E01006628,4.216,4.219
E01006629,8.924,7.219
E01006630,15.321,8.002
E01006632,11.726,10.644
E01006633,15.922,15.446
E01006637,9.586,8.306
E01006638,10.911,10.632
E01006639,7.356,5.192
E01006640,7.394,5.62
E01006641,5.057,6.509
E01006642,13.488,9.807
E01006643,10.648,9.318
E01006644,12.108,11.448
E01006645,14.607,12.863
E01006646,14.376,14.451
E01006647,16.878,12.215
E01006648,14.253,11.223
E01006651,3.776,5.012
E01006652,6.711,7.464
E01006653,12.829,9.011
E01006654,9.385,7.315
E01006655,9.044,7.743
E01006656,8.038,8.375
E01006657,9.249,9.813
E01006658,12.385,12.688
E01006659,11.331,11.761
E01006660,12.421,11.494
E01006661,14.191,12.371
E01006662,13.577,17.279
E01006663,9.627,9.619
E01006664,12.033,10.123
E01006665,5.531,5.477
E01006666,3.856,4.176
E01006667,9.429,12.039
E01006668,5.28,4.455
E01006669,5.034,5.422
E01006670,6.75,5.951
E01006671,8.93,7.956
E01006672,9.872,9.614
E01006673,9.499,9.699
E01006674,11.989,9.567
E01006675,10.307,9.041
E01006676,11.523,9.399
E01006677,10.865,6.815
E01006678,15.515,12.448
E01006679,9.946,7.463
E01006680,5.226,4.555
E01006681,8.959,8.545
E01006682,4.733,3.56
E01006683,5.894,4.063
E01006684,4.958,4.865
E01006685,5.795,4.886
E01006686,5.164,4.364
E01006687,6.609,4.882
E01006688,6.168,5.72
E01006689,5.512,4.433
E01006690,10.121,8.015
E01006691,7.984,6.502
E01006692,10.459,8.526
E01006693,18.862,13.995
E01006694,8.798,8.363
E01006695,8.402,9.217
E01006696,9.805,8.271
E01006697,8.726,5.348
E01006698,8.217,9.853
E01006699,13.614,12.254
E01006700,10.779,9.803
E01006701,11.159,9.761
E01006702,11.248,10.997
E01006703,16.4,12.735
E01006705,7.736,9.476
E01006706,12.036,14.405
E01006707,14.739,11.238
E01006708,9.917,9.232
E01006709,12.448,10.32
E01006710,9.225,9.568
E01006711,9.233,10.0
E01006712,9.261,9.061
E01006713,8.787,8.012
E01006716,8.748,12.261
E01006717,6.685,5.988
E01006718,7.876,9.409
E01006719,6.189,7.458
E01006720,6.262,7.522
E01006721,9.366,10.133
E01006722,3.737,3.343
E01006723,6.773,4.764
E01006724,2.905,3.718
E01006725,10.15,8.951
E01006726,6.198,4.696
E01006727,6.801,5.538
E01006728,10.413,9.454
E01006729,9.357,11.304
E01006730,11.086,10.271
E01006731,10.786,9.902
E01006732,10.895,9.07
E01006734,11.756,9.494
E01006735,12.376,12.636
E01006736,10.137,10.34
E01006737,11.568,12.554
E01006738,10.193,10.699
E01006739,11.419,8.101
E01006740,13.359,11.626
E01006741,11.46,9.984
E01006742,9.182,7.231
E01006743,8.23,6.953
E01006744,7.49,7.437
E01006745,8.834,8.226
E01006746,12.624,11.151
E01006747,4.11,4.536
E01006748,5.785,3.827
E01006751,9.992,7.969
E01006752,11.067,7.522
E01006753,12.01,9.646
E01006754,13.215,11.049
E01006755,14.43,12.532
E01006756,10.33,10.771
E01006757,9.859,7.755
E01006758,11.46,11.883
E01006759,8.858,5.882
E01006760,10.677,10.014
E01006761,10.523,12.273
E01006762,10.52,9.717
E01006763,7.954,7.992
E01006764,9.461,8.392
E01006765,10.014,8.518
E01006766,8.847,8.536
E01006767,7.163,8.523
E01006768,6.696,6.897
E01006769,13.937,14.701
E01006770,11.078,10.862
E01006771,15.719,16.604
E01006772,10.174,8.953
E01006773,4.496,4.874
E01006774,5.467,5.163
E01006775,15.315,12.517
E01006776,15.206,10.005
E01006778,14.875,12.506
E01006779,17.327,15.354
E01006780,7.44,6.255
E01006781,6.259,7.617
E01006782,6.731,5.712
E01006783,6.848,6.881
E01006784,6.236,6.843
E01006785,7.462,8.416
E01006786,6.099,7.205
E01006787,9.056,7.594
E01006788,6.795,5.769
E01006790,11.468,11.687
E01006791,12.246,11.754
E01006792,3.728,3.679
E01006793,7.965,7.676
E01006794,5.085,4.078
E01006795,4.549,4.152
E01006796,3.708,4.529
E01006797,10.474,9.722
E01006798,6.099,5.291
E01006799,13.839,15.312
E01006800,7.495,7.443
E01006801,5.978,4.316
E01006802,8.772,7.484
E01006803,6.57,5.861
E01006804,8.06,8.466
E01006805,6.823,7.742
E01006806,5.311,4.176
E01006807,5.113,5.749
E01006808,4.231,4.396
E01006809,7.629,5.785
E01006810,6.88,5.974
E01006811,8.964,10.366
E01006812,9.816,9.851
E01006813,11.007,9.724
E01006814,6.049,6.316
E01006815,10.547,9.463
E01006816,10.98,10.484
E01006817,12.857,12.19
E01006818,6.937,7.303
E01006819,10.086,7.48
E01006820,10.722,10.188
E01006821,11.009,11.194
E01006822,4.414,4.244
E01006823,6.962,5.367
E01006824,5.297,4.055
E01006825,3.691,4.13
E01006826,10.987,10.741
E01006827,3.764,4.161
E01006828,5.918,3.615
E01006829,6.742,4.807
E01006830,11.161,10.757
E01006831,7.172,7.138
E01006832,8.019,7.915
E01006833,6.254,5.714
E01006834,10.841,9.284
E01006835,5.891,6.274
E01006836,10.233,8.211
E01006837,6.383,8.559
E01006838,10.665,9.965
E01006839,9.023,10.174
E01006840,8.522,8.169
E01006841,4.045,5.488
E01006842,11.604,7.338
E01006843,9.54,8.394
E01006844,12.414,10.328
E01006845,9.549,7.506
E01006846,10.294,8.478
E01006847,9.217,8.485
E01006848,9.266,8.679
E01006849,12.812,11.316
E01006850,13.101,11.174
E01006851,10.754,7.871
E01006852,5.989,5.132
E01006853,6.706,5.112
E01006854,7.339,7.022
E01006855,9.39,9.109
E01006856,3.938,3.866
E01006857,4.635,4.258
E01006858,7.604,6.885
E01006859,4.197,3.983
E01006860,6.614,8.529
E01006861,9.655,8.55
E01006862,10.53,6.027
E01006863,12.14,11.786
E01006864,4.555,5.326
E01006865,11.105,6.083
E01006866,8.021,8.265
E01006867,3.952,4.129
E01006868,7.214,7.181
E01006869,9.091,7.829
E01006870,8.248,7.158
E01006871,12.799,11.131
E01006872,12.543,10.145
E01006873,13.998,10.87
E01006874,12.458,10.714
E01006875,10.759,9.172
E01006876,8.937,9.065
E01006877,13.975,12.78
E01006878,7.949,8.949
E01006879,9.921,10.096
E01006880,12.292,14.517
E01006881,9.646,11.469
E01006882,5.051,4.149
E01006883,6.513,5.225
E01006884,6.135,4.885
E01006885,6.182,5.046
E01006886,5.492,5.868
E01006887,9.449,8.185
E01006888,6.163,4.858
E01006889,3.878,4.206
E01006890,10.35,8.537
E01006891,9.777,7.53
E01006892,7.285,6.932
E01006893,7.308,5.585
E01006894,6.588,6.287
E01006895,5.353,5.436
E01006896,7.879,7.479
E01006897,9.939,6.438
E01006898,9.951,7.883
E01006899,10.264,8.137
E01006900,4.904,4.226
E01006901,5.959,4.823
E01006903,12.755,13.908
E01006904,7.948,6.033
E01006905,12.108,11.372
E01006906,8.643,8.41
E01006907,10.127,8.196
E01006908,10.68,10.522
E01006909,9.509,11.279
E01006910,8.708,8.742
E01006911,6.897,6.579
E01006912,5.57,7.484
E01006913,9.719,8.645
E01006914,3.84,3.957
E01006915,9.581,9.54
E01006916,7.253,7.383
E01006917,5.942,4.632
E01006918,5.024,5.164
E01006919,10.356,7.971
E01006920,6.404,5.338
E01006921,4.674,6.435
E01006922,4.369,4.432
E01006923,6.046,4.884
E01006924,10.494,9.801
E01006925,5.875,5.931
E01006926,5.263,4.773
E01006927,7.096,6.686
E01006928,4.161,4.036
E01006929,4.188,5.331
E01006930,6.37,6.817
E01006931,4.371,4.818
E01006932,3.389,3.069
E01006933,5.724,6.496
E01006934,4.84,5.757
E01006935,5.136,4.848
E01006936,5.859,5.656
E01006937,3.292,2.639
E01006938,7.518,6.466
E01006939,5.612,4.817
E01006940,4.324,5.046
E01006941,6.127,6.554
E01006942,4.997,5.479
E01006943,3.011,3.067
E01006944,11.364,14.753
E01006945,12.523,8.579
E01006946,8.948,6.407
E01006947,5.466,5.6
E01006948,12.015,10.596
E01006949,10.165,9.194
E01006950,9.96,11.373
E01006951,9.201,8.35
E01006952,9.562,12.774
E01006953,10.153,10.996
E01006954,8.461,6.793
E01006955,5.152,4.4
E01006956,6.059,6.515
E01006957,11.903,9.536
E01006958,8.699,9.245
E01006959,8.698,6.76
E01006960,6.891,6.412
E01006961,9.219,9.398
E01006962,9.033,9.11
E01006963,8.222,7.536
E01006964,8.577,8.232
E01006965,11.705,8.713
E01006966,8.204,7.855
E01006967,13.302,12.174
E01006968,11.851,11.759
E01006969,7.157,7.243
E01006970,8.528,7.313
E01006971,11.334,10.717
E01006972,10.831,11.892
E01006973,7.797,5.709
E01006974,3.526,4.987
E01006976,5.502,5.836
E01006977,12.447,9.831
E01006978,6.657,6.146
E01006979,9.291,8.232
E01006980,11.677,11.966
E01006981,8.546,9.74
E01006982,5.861,6.568
E01006983,7.026,6.454
E01006984,7.55,9.326
E01006985,3.363,3.796
E01006986,3.591,7.143
E01006987,3.671,4.917
E01006988,9.913,8.289
E01006989,4.637,5.774
E01006990,1.78,3.422
E01006991,4.278,3.936
E01006992,6.667,4.937
E01006993,3.138,4.093
E01006994,6.914,5.779
E01006995,4.723,4.182
E01006996,8.978,5.997
E01006997,4.633,5.207
E01006998,6.25,6.654
E01006999,6.477,6.49
E01007000,5.426,7.561
E01007001,7.911,6.012
E01007002,6.541,4.592
E01007003,12.602,10.552
E01007004,10.035,9.335
E01007005,10.706,9.902
E01007006,10.862,10.043
E01007007,15.909,15.156
E01007008,12.847,10.825
E01007009,15.538,12.626
E01007010,10.449,8.455
E01007011,11.967,13.523
E01007012,7.36,6.726
E01007013,8.735,9.573
E01007014,7.305,6.693
E01007016,7.825,7.881
E01007017,9.929,10.746
E01007019,9.956,10.865
E01007020,9.302,9.017
E01007021,4.831,3.904
E01007022,9.718,8.673
E01007023,5.576,5.741
E01007024,18.313,14.952
E01007025,4.481,4.438
E01007026,11.354,10.076
E01007027,5.429,5.149
E01007028,6.125,5.446
E01007029,9.215,8.017
E01007030,5.653,6.504
E01007031,4.841,5.186
E01007032,4.532,4.127
E01007033,5.768,5.727
E01007034,5.457,4.721
E01007035,5.846,5.112
E01007036,5.611,5.494
E01007037,6.507,4.914
E01007038,5.645,5.926
E01007039,5.599,5.818
E01007040,5.483,6.531
E01007041,4.989,6.385
E01007042,7.686,7.308
E01007043,8.239,6.838
E01007044,9.144,6.029
E01007045,6.715,4.903
E01007046,8.286,5.112
E01007047,11.188,9.487
E01007048,7.84,9.388
E01007049,9.043,7.907
E01007050,8.525,7.692
E01007051,10.882,10.821
E01007052,9.091,9.132
E01007053,7.812,7.994
E01007054,8.668,8.377
E01007055,9.367,9.572
E01007056,5.755,5.113
E01007057,5.825,5.02
E01007058,5.15,6.881
E01007059,4.683,4.295
E01007060,8.068,8.514
E01007061,3.882,5.469
E01007062,4.254,4.476
E01007063,5.127,5.667
E01007064,3.416,3.922
E01007065,4.933,5.008
E01007066,5.256,5.01
E01007067,5.384,6.723
E01007068,4.009,4.553
E01007069,8.858,7.682
E01007070,5.574,4.603
E01007071,5.573,5.237
E01007072,7.639,6.962
E01007073,4.566,3.701
E01007074,7.039,7.807
E01007075,5.766,5.171
E01007076,6.577,3.967
E01007077,5.489,3.865
E01007078,3.948,4.455
E01007079,3.72,3.871
E01007080,4.937,6.949
E01007081,5.835,4.984
E01007082,4.533,4.419
E01007083,8.93,6.023
E01007084,4.404,4.407
E01007085,10.791,11.979
E01007086,17.739,14.116
E01007087,11.903,11.061
E01007088,10.596,9.927
E01007089,12.337,12.776
E01007090,12.773,8.524
E01007091,8.716,8.007
E01007092,12.749,12.566
E01007095,7.454,4.038
E01007096,4.88,4.517
E01007097,4.513,4.889
E01007098,5.571,4.936
E01007099,7.148,5.944
E01007100,4.529,5.505
E01007101,4.514,4.641
E01007102,5.684,4.973
E01007103,4.401,4.963
E01007104,5.229,4.831
E01007105,5.774,6.08
E01007106,6.635,4.972
E01007107,4.864,4.2
E01007108,4.583,5.502
E01007109,6.728,5.615
E01007110,4.997,4.0
E01007111,4.0,3.673
E01007112,6.971,7.199
E01007113,3.924,5.042
E01007114,5.948,5.866
E01007115,7.026,6.817
E01007116,4.253,4.969
E01007117,2.298,2.815
E01007118,9.82,10.108
E01007119,13.595,11.65
E01007120,8.824,8.819
E01007121,12.542,9.939
E01007122,15.062,13.256
E01007123,8.81,9.482
E01007124,12.368,12.218
E01007125,9.626,9.473
E01007126,12.164,12.18
E01007127,11.693,11.35
E01007128,16.233,14.784
E01007129,10.749,9.738
E01007130,7.384,7.666
E01007131,10.596,11.349
E01007133,18.877,17.866
E01007135,6.17,5.374
E01007136,10.054,8.892
E01007137,7.182,8.799
E01007138,10.716,10.997
E01007139,7.796,7.4
E01007140,6.087,3.691
E01007141,9.165,8.882
E01007142,5.519,7.943
E01007143,5.383,4.01
E01007144,9.761,6.385
E01007145,4.476,4.381
E01007146,3.448,4.063
E01007147,3.994,3.843
E01007148,2.771,3.041
E01007149,4.97,4.446
E01007150,3.919,2.983
E01007151,4.777,5.18
E01007152,7.623,7.857
E01007153,11.831,11.761
E01007154,5.566,4.842
E01007155,11.257,12.515
E01007156,6.361,8.624
E01007157,6.372,4.612
E01007158,5.076,6.299
E01007159,5.959,5.282
E01007160,6.103,9.085
E01007161,7.477,5.509
E01007162,10.579,9.855
E01007163,4.602,5.361
E01007164,6.185,4.58
E01007165,4.933,4.557
E01007166,5.256,4.251
E01007167,9.115,6.735
E01007168,11.89,9.796
E01007169,9.213,7.884
E01007170,5.026,4.844
E01007171,3.224,3.5
E01007172,3.755,5.903
E01007173,7.861,6.098
E01007174,6.466,5.938
E01007175,10.78,12.766
E01007176,8.871,11.111
E01007177,11.812,7.657
E01007178,8.033,8.318
E01007179,11.223,11.76
E01007180,7.474,7.458
E01007181,6.43,7.672
E01007182,5.388,4.26
E01007183,4.669,4.386
E01007184,4.97,7.507
E01007185,5.019,4.577
E01007186,2.767,3.627
E01007187,3.962,4.058
E01007188,3.957,2.993
E01007189,4.027,4.005
E01007190,1.886,2.774
E01007191,2.246,1.908
E01007192,6.355,9.687
E01007193,6.055,6.075
E01007194,5.552,7.76
E01007195,4.31,3.545
E01007196,6.679,5.608
E01007197,3.839,3.91
E01007198,4.815,4.159
E01007199,4.331,3.731
E01007200,6.062,3.088
E01007201,4.11,5.742
E01007202,6.508,7.569
E01007203,4.748,5.968
E01007204,9.903,10.698
E01007205,11.551,9.685
E01007206,6.478,6.949
E01007207,16.21,12.384
E01007208,8.743,8.348
E01007209,14.927,13.842
E01007210,9.821,8.259
E01007211,5.156,6.105
E01007212,7.834,5.698
E01007213,7.791,6.581
E01007214,11.082,7.388
E01007215,12.155,13.927
E01007216,8.71,9.432
E01007217,7.965,8.119
E01007218,7.574,9.264
E01007219,8.601,8.294
E01007220,10.643,8.537
E01007221,9.443,7.677
E01007222,6.841,6.16
E01007223,5.093,5.181
E01007224,5.217,4.36
E01007225,6.43,5.627
E01007226,8.755,7.81
E01007227,12.541,11.359
E01007228,15.011,11.794
E01007229,4.384,6.352
E01007230,7.183,7.01
E01007231,5.387,7.712
E01007232,6.965,8.498
E01007233,7.197,7.814
E01007234,7.863,8.211
E01007235,5.246,5.486
E01007236,7.418,6.444
E01007237,9.433,9.718
E01007238,13.041,13.307
E01007239,7.469,8.777
E01007240,8.544,9.385
E01007241,8.288,7.299
E01007242,5.957,5.042
E01007243,7.045,6.706
E01007244,6.596,7.06
E01007245,5.848,4.768
E01007246,4.829,5.722
E01007247,4.67,5.376
E01007248,5.798,5.182
E01007249,10.677,8.212
E01007250,5.654,4.402
E01007251,5.988,5.311
E01007252,7.106,5.974
E01007253,11.082,8.679
E01007254,5.381,5.068
E01007255,5.859,4.677
E01007256,5.756,6.36
E01007257,12.548,11.455
E01007258,4.952,3.214
E01007259,4.139,3.445
E01007260,4.42,3.331
E01007261,5.499,4.686
E01007262,3.803,3.211
E01007263,11.519,8.23
E01007264,4.32,4.896
E01007265,4.615,4.755
E01007266,4.096,4.374
E01007267,4.402,5.018
E01007268,7.441,6.105
E01007269,9.581,10.258
E01007270,10.302,12.213
E01007271,8.323,10.516
E01007272,9.146,9.852
E01007273,11.45,11.357
E01007274,12.281,13.66
E01007275,7.618,9.231
E01007276,6.065,6.662
E01007277,10.212,10.231
E01007278,10.23,9.488
E01007279,5.298,4.828
E01007280,4.305,3.308
E01007281,3.301,3.881
E01007282,4.302,3.625
E01007283,2.686,3.74
E01007284,3.882,3.429
E01007285,5.574,5.27
E01007286,6.82,6.414
E01007287,8.057,7.525
E01007288,9.578,9.402
E01007289,10.882,9.632
E01007290,13.196,14.286
E01007291,10.18,10.478
E01007292,11.141,11.097
E01007293,15.239,15.6
E01007294,6.009,7.014
E01007295,10.549,8.639
E01007296,9.457,8.578
E01007297,10.446,7.594
E01007298,6.54,7.439
E01007299,7.887,6.583
E01007300,10.188,8.142
E01007301,6.495,6.078
E01007302,8.99,6.698
E01007303,14.812,10.322
E01007304,12.683,9.272
E01007305,6.622,6.798
E01007306,5.087,5.727
E01007307,4.735,5.11
E01007308,5.507,5.248
E01007309,5.886,4.939
E01007310,5.331,4.027
E01007311,4.141,3.579
E01007312,8.518,6.526
E01007313,9.337,8.893
E01007314,5.507,5.081
E01007315,4.342,4.585
E01007316,5.212,4.491
E01007317,11.119,11.053
E01007318,11.01,9.108
E01007319,5.802,5.47
E01007320,10.902,8.586
E01007321,5.862,5.248
E01007322,7.109,6.755
E01007323,8.159,9.032
E01007324,10.798,9.422
E01007325,8.518,9.018
E01007326,10.813,9.552
E01007327,14.916,13.593
E01007328,12.487,10.609
E01007329,11.104,10.506
E01007330,9.719,8.465
E01007331,7.717,8.626
E01007332,12.229,9.429
E01007333,10.594,8.277
E01007334,4.72,4.093
E01007335,7.105,6.268
E01007336,7.129,6.428
E01007337,6.085,5.13
E01007338,16.765,15.443
E01007339,9.06,8.114
E01007340,6.051,5.168
E01007341,11.155,9.535
E01007342,7.439,7.431
E01007343,11.516,10.959
E01007344,6.511,5.6
E01007345,6.852,6.492
E01007346,8.148,8.213
E01007347,5.646,5.482
E01007348,11.565,9.584
E01007349,10.828,9.84
E01007350,8.017,7.214
E01007351,7.574,7.478
E01007352,11.119,10.143
E01007353,6.729,6.73
E01007354,8.983,8.349
E01007355,4.229,5.362
E01007356,6.807,5.563
E01007357,8.59,8.575
E01007358,5.077,5.282
E01007359,8.217,8.397
E01007360,8.926,7.095
E01007361,6.522,4.732
E01007362,5.205,4.165
E01007363,11.619,10.417
E01007364,13.885,10.092
E01007365,12.046,11.653
E01007366,6.484,5.479
E01007367,9.762,8.877
E01007368,10.448,9.17
E01007369,12.416,6.844
E01007370,10.727,8.436
E01007371,9.877,8.593
E01007372,14.297,10.632
E01007373,12.108,9.763
E01007374,10.272,10.977
E01007375,12.055,8.593
E01007376,10.092,12.13
E01007377,9.683,9.324
E01007378,17.494,12.615
E01007379,7.165,6.487
E01007380,4.751,4.659
E01007381,5.753,4.042
E01007382,7.35,7.567
E01007383,4.015,4.255
E01007384,5.576,4.117
E01007385,12.491,10.926
E01007386,6.009,5.706
E01007387,6.129,6.317
E01007388,5.077,4.745
E01007389,8.811,6.682
E01007390,6.68,6.03
E01007391,10.831,11.508
E01007392,9.623,8.444
E01007393,8.329,8.83
E01007394,9.971,9.018
E01007395,8.581,7.6
E01007396,8.354,8.238
E01007397,13.599,13.029
E01007398,7.721,7.152
E01007399,5.493,5.337
E01007400,4.66,5.795
E01007402,10.723,8.621
E01007403,10.938,11.34
E01007404,8.936,7.875
E01007405,11.918,8.273
E01007406,13.023,13.246
E01007408,5.673,4.719
E01007409,4.39,4.993
E01007410,10.239,9.983
E01007411,11.839,9.771
E01007413,10.6,9.16
E01007414,9.829,6.944
E01007415,8.027,7.508
E01007416,12.73,10.313
E01007417,6.411,5.366
E01007418,4.691,3.969
E01007419,4.3,4.328
E01007420,5.656,5.544
E01007421,4.06,4.07
E01007422,3.628,6.165
E01007423,5.801,5.754
E01007424,6.403,5.184
E01007425,5.17,2.932
E01007426,6.033,5.249
E01007427,3.925,5.015
E01007428,4.498,4.161
E01007429,9.494,10.417
E01007430,2.415,2.679
E01007431,4.622,4.631
E01007432,4.962,4.613
E01007433,7.368,7.13
E01007434,7.708,5.479
E01007435,10.45,10.415
E01007436,9.945,7.626
E01007437,9.621,8.708
E01007438,8.414,6.783
E01007439,6.033,3.716
E01007440,8.816,9.208
E01007441,5.595,5.902
E01007442,6.972,5.923
E01007443,6.25,5.775
E01007444,8.452,6.42
E01007445,6.616,6.421
E01007446,8.24,6.864
E01007447,10.622,12.144
E01007448,8.093,5.455
E01007449,6.836,7.723
E01007450,11.939,9.411
E01007451,10.047,8.703
E01007452,5.016,4.463
E01007453,12.003,11.639
E01007455,6.038,5.043
E01007456,5.467,5.302
E01007457,8.252,7.007
E01007458,8.179,5.044
E01007459,9.41,7.464
E01007460,7.585,7.014
E01007461,11.415,8.947
E01007462,10.487,9.892
E01007463,12.967,13.843
E01007464,6.88,6.694
E01007465,8.361,7.663
E01007466,7.35,5.033
E01007467,9.272,8.704
E01007468,7.253,7.73
E01007469,6.863,5.481
E01007470,7.563,5.674
E01007471,7.393,5.733
E01007472,12.069,9.493
E01007473,8.167,7.882
E01007474,15.17,14.274
E01007475,3.551,3.852
E01007476,7.962,6.652
E01007477,5.451,5.612
E01007478,7.311,7.244
E01007479,9.04,7.53
E01007480,7.753,6.903
E01007482,10.48,11.908
E01007483,5.938,5.977
E01007484,8.927,7.575
E01007485,3.972,3.89
E01007486,9.112,9.076
E01007487,9.783,8.835
E01007488,5.639,6.089
E01007489,5.171,5.452
E01007490,6.581,6.1
E01007491,9.122,7.568
E01007492,9.893,11.735
E01007493,6.334,5.352
E01007494,6.736,5.578
E01007495,7.431,7.559
E01007496,6.104,8.209
E01007497,6.468,6.933
E01007498,5.949,7.667
E01007499,11.326,12.134
E01007500,11.391,10.397
E01007501,5.769,5.564
E01007502,2.327,2.335
E01007503,4.259,4.596
E01007504,7.507,8.796
E01007505,6.157,5.323
E01007506,11.52,8.193
E01007507,9.236,8.157
E01007508,8.053,8.322
E01007509,10.909,11.091
E01007510,8.099,9.031
E01007511,9.645,8.966
E01007512,5.745,5.005
E01007513,8.571,7.545
E01007514,5.666,7.214
E01007515,7.962,7.005
E01007516,6.063,6.442
E01007517,6.568,6.793
E01007518,5.641,5.11
E01007519,7.011,6.522
E01007520,5.994,5.279
E01007521,5.164,3.975
E01007522,9.097,10.512
E01007523,4.845,5.206
E01007524,4.744,4.947
E01007525,7.833,8.948
E01007526,4.776,3.897
E01007527,2.753,3.681
E01007528,7.328,7.217
E01007529,7.132,8.748
E01007530,6.882,4.657
E01007531,8.0,7.668
E01007532,13.754,10.31
E01007533,8.809,6.649
E01007534,6.083,7.016
E01007535,6.266,7.226
E01007536,5.885,5.898
E01007537,6.636,8.095
E01007538,10.196,9.58
E01007539,9.425,7.387
E01007540,7.103,7.407
E01007541,9.934,9.31
E01007542,11.53,10.266
E01007543,18.0,12.964
E01007544,17.523,17.37
E01007545,5.054,9.299
E01007546,7.143,5.904
E01007547,7.521,9.171
E01007548,8.341,4.357
E01007549,11.753,12.729
E01007550,9.79,7.807
E01007551,6.104,5.302
E01007552,4.474,4.515
E01007553,4.725,5.417
E01007554,5.521,6.205
E01007555,12.227,11.111
E01007556,9.604,8.084
E01007557,6.501,8.143
E01007558,6.813,6.383
E01007559,5.68,6.527
E01007560,5.909,6.303
E01007561,4.552,5.502
E01007562,5.947,7.402
E01007563,8.247,6.145
E01007564,8.529,6.912
E01007565,4.388,4.377
E01007566,11.255,9.644
E01007567,5.887,5.475
E01007568,6.498,8.571
E01007569,6.746,7.338
E01007570,5.803,5.583
E01007571,6.894,6.356
E01007572,7.133,6.335
E01007573,13.519,10.497
E01007574,12.555,11.48
E01007575,14.631,12.638
E01007576,7.51,6.493
E01007577,12.338,10.323
E01007578,9.963,7.296
E01007579,8.245,4.888
E01007580,10.45,8.281
E01007581,4.041,4.079
E01007582,5.559,4.269
E01007583,6.254,6.208
E01007584,4.393,6.641
E01007585,5.729,6.001
E01007586,7.49,5.734
E01007587,8.171,6.6
E01007588,5.674,6.38
E01007589,4.673,4.198
E01007590,7.572,6.497
E01007591,7.92,7.616
E01007592,11.32,11.221
E01007593,8.116,5.618
E01007594,3.733,3.933
E01007595,10.798,11.073
E01007596,6.18,5.245
E01007597,9.63,9.009
E01007598,6.649,5.93
E01007599,4.141,4.407
E01007600,3.626,3.743
E01007601,5.925,4.427
E01007602,4.133,3.469
E01007603,3.639,3.642
E01007604,4.403,3.913
E01007605,7.194,6.978
E01007606,3.19,2.765
E01007607,7.895,7.984
E01007608,3.105,3.606
E01007609,5.541,6.537
E01007610,4.78,4.046
E01007611,5.414,6.859
E01007612,4.427,3.418
E01007613,4.18,5.709
E01007614,3.622,4.834
E01007615,6.757,6.946
E01007616,7.022,6.867
E01007617,3.905,3.157
E01007618,4.183,4.798
E01007619,3.039,2.398
E01007620,6.164,5.68
E01007621,3.05,3.441
E01007622,4.686,5.018
E01007623,8.578,7.781
E01007624,2.468,2.704
E01007625,5.14,5.199
E01007626,10.522,8.328
E01007627,10.293,11.452
E01007628,8.27,7.625
E01007629,9.215,10.887
E01007630,7.069,7.105
E01007631,5.078,4.545
E01007632,6.679,6.942
E01007633,8.782,7.599
E01007634,8.619,7.71
E01007635,9.007,8.129
E01007636,10.98,8.144
E01007637,9.663,8.404
E01007638,10.019,10.654
E01007639,8.289,8.998
E01007640,7.426,6.561
E01007641,8.201,6.892
E01007642,9.969,8.874
E01007643,8.168,7.169
E01007644,4.39,4.584
E01007645,5.647,5.405
E01007646,3.554,7.945
E01007647,5.522,7.366
E01007648,7.749,6.433
E01007649,3.744,4.558
E01007650,8.126,8.822
E01007651,6.885,5.661
E01007652,9.423,8.582
E01007653,3.927,4.13
E01007654,5.263,5.305
E01007655,8.663,6.364
E01007656,9.88,9.297
E01007657,3.801,5.681
E01007658,4.96,4.267
E01007659,5.749,5.448
E01007660,4.645,4.854
E01007661,3.64,3.878
E01007662,9.469,8.842
E01007663,3.973,4.925
E01007664,4.962,5.229
E01007665,5.44,3.02
E01007666,5.895,6.408
E01007667,7.579,6.971
E01007668,12.158,11.56
E01007669,5.918,7.108
E01007670,4.279,3.782
E01007671,4.299,4.008
E01007672,4.117,4.604
E01007673,8.556,7.553
E01007674,4.229,4.002
E01007675,6.688,5.411
E01007676,8.042,7.621
E01007677,10.77,8.476
E01007678,4.195,4.46
E01007679,7.389,7.43
E01007680,7.226,6.915
E01007681,7.438,5.925
E01007682,7.222,6.236
E01007683,7.397,8.063
E01007684,4.856,4.067
E01007685,4.245,4.257
E01007686,7.975,6.263
E01007687,6.198,6.226
E01007688,7.558,5.918
E01007689,5.14,4.823
E01007690,4.805,3.918
E01007691,6.455,5.816
E01007692,5.596,6.894
E01007693,6.052,4.656
E01007694,9.67,8.502
E01007695,4.998,5.009
E01007696,5.683,7.802
E01007697,12.365,10.919
E01007698,7.119,7.018
E01007699,7.612,5.317
E01007700,6.288,5.317
E01007701,12.123,10.712
E01007702,5.078,5.429
E01007703,6.225,5.388
E01007704,8.621,5.863
E01007705,4.796,3.691
E01007706,5.075,5.605
E01007707,6.942,6.817
E01007708,13.935,12.36
E01007709,5.014,3.586
E01007710,3.964,3.737
E01007711,6.115,4.353
E01007712,3.766,3.933
E01007713,3.815,4.89
E01007714,10.04,8.671
E01007715,6.511,8.027
E01007716,10.466,10.329
E01007717,7.271,6.494
E01007718,7.858,6.414
E01007719,11.548,11.598
E01007720,9.309,6.627
E01007721,10.857,11.294
E01007723,9.065,10.414
E01007724,6.268,4.385
E01007725,5.255,8.15
E01007726,11.812,10.372
E01007727,13.151,13.385
E01007728,8.423,6.034
E01007729,11.975,13.127
E01007730,12.491,10.689
E01007731,8.078,6.975
E01007732,13.074,11.111
E01007733,9.826,9.659
E01007734,12.344,11.656
E01007735,9.741,9.923
E01007736,11.743,9.492
E01007737,8.212,7.683
E01007738,9.301,7.718
E01007739,14.745,13.648
E01007740,8.415,9.234
E01007741,6.09,5.613
E01007742,7.108,8.181
E01007743,3.917,4.051
E01007744,6.684,7.538
E01007745,8.704,6.42
E01007746,6.161,5.931
E01007747,9.189,8.028
E01007748,5.956,6.955
E01007749,5.1,4.27
E01007750,7.429,5.168
E01007751,5.199,5.659
E01007752,3.631,3.984
E01007753,7.573,6.411
E01007754,4.258,4.106
E01007755,5.483,4.777
E01007756,5.394,4.996
E01007757,8.149,8.27
E01007758,8.234,7.907
E01007759,11.27,9.198
E01007760,7.848,9.474
E01007761,8.478,8.751
E01007762,11.489,10.669
E01007763,10.762,9.635
E01007764,9.795,9.852
E01007765,5.797,5.95
E01007766,8.856,8.35
E01007767,11.064,10.368
E01007768,10.072,9.428
E01007769,6.887,6.435
E01007770,8.13,7.127
E01007771,5.489,6.184
E01007772,8.202,7.06
E01007773,8.569,8.087
E01007774,5.655,6.289
E01007775,10.44,9.225
E01007776,7.061,7.657
E01007777,10.149,5.198
E01007778,4.915,4.871
E01007779,12.251,7.457
E01007780,8.557,7.731
E01007781,7.94,8.073
E01007782,7.291,10.293
E01007783,10.514,11.229
E01007784,6.303,7.155
E01007785,5.848,6.378
E01007786,8.526,7.191
E01007787,4.298,5.243
E01007788,6.329,6.355
E01007789,9.524,10.633
E01007790,11.582,9.759
E01007791,7.367,7.418
E01007792,4.38,2.903
E01007793,9.297,6.968
E01007794,9.351,9.491
E01007795,6.741,5.953
E01007796,11.592,11.446
E01007797,7.269,8.504
E01007798,6.82,4.636
E01007799,9.547,8.014
E01007800,7.734,9.871
E01007801,5.03,4.495
E01007802,4.812,5.0
E01007803,5.909,5.56
E01007804,11.351,11.072
E01007805,11.888,9.625
E01007806,8.129,8.521
E01007807,7.044,4.466
E01007808,3.608,3.404
E01007809,10.818,9.478
E01007810,9.244,5.948
E01007811,6.996,6.119
E01007812,10.798,11.237
E01007813,6.687,6.658
E01007814,7.014,6.658
E01007815,7.055,6.41
E01007816,6.639,6.856
E01007817,10.063,9.034
E01007818,5.897,4.934
E01007819,8.778,6.95
E01007820,5.732,6.017
E01007821,9.826,9.59
E01007822,12.857,10.996
E01007823,7.78,5.542
E01007824,3.805,3.684
E01007825,5.353,6.046
E01007826,3.211,3.085
E01007827,3.989,4.104
E01007828,5.731,5.872
E01007829,3.457,4.148
E01007830,7.886,6.284
E01007831,4.99,5.714
E01007832,3.435,4.156
E01007833,6.007,7.052
E01007834,8.222,7.072
E01007835,8.946,5.913
E01007836,4.108,5.18
E01007838,5.574,5.513
E01007839,3.792,3.129
E01007841,3.183,5.159
E01007842,7.873,7.252
E01007843,8.062,7.798
E01007846,4.15,4.634
E01007847,10.948,9.077
E01007848,10.891,8.812
E01007849,6.768,9.594
E01007850,5.826,8.315
E01007851,6.069,6.841
E01007852,5.128,5.298
E01007853,6.696,6.682
E01007854,5.591,7.043
E01007855,6.093,5.584
E01007856,9.719,6.021
E01007857,9.827,10.048
E01007858,2.495,4.731
E01007859,1.16,3.112
E01007860,4.121,3.112
E01007861,3.148,2.85
E01007862,1.076,1.103
E01007863,2.735,2.607
E01007864,1.328,1.243
E01007865,2.735,2.238
E01007866,2.49,1.212
E01007867,2.438,1.721
E01007868,4.919,10.069
E01007869,7.001,7.37
E01007870,8.627,6.916
E01007871,8.974,8.674
E01007872,5.705,7.381
E01007873,7.898,8.397
E01007874,9.667,9.916
E01007875,6.638,6.839
E01007877,6.916,6.2
E01007878,10.373,9.832
E01007879,6.075,7.258
E01007881,6.65,7.752
E01007882,3.726,5.356
E01007883,8.548,8.368
E01007885,10.148,7.58
E01007886,10.105,8.679
E01007887,6.461,6.147
E01007888,4.061,3.932
E01007889,3.1,4.279
E01007890,4.369,4.4
E01007891,5.674,4.469
E01007892,10.232,12.87
E01007893,5.701,5.825
E01007894,6.516,4.623
E01007895,11.058,8.898
E01007896,3.828,3.105
E01007897,6.638,6.203
E01007898,2.857,2.612
E01007899,5.058,5.485
E01007900,7.556,6.995
E01007901,10.601,10.94
E01007902,13.699,10.923
E01007903,6.108,6.144
E01007904,12.757,13.501
E01007905,6.384,6.268
E01007906,8.025,6.564
E01007907,5.072,5.0
E01007908,5.228,4.332
E01007909,4.152,5.109
E01007910,9.707,8.411
E01007911,5.225,5.233
E01007912,6.728,7.714
E01007913,5.267,6.329
E01007914,6.286,5.414
E01007915,2.827,1.38
E01007916,10.268,8.206
E01007917,6.438,5.15
E01007918,4.465,2.972
E01007919,8.983,9.97
E01007920,4.457,3.661
E01007921,5.856,4.097
E01007922,2.987,2.664
E01007923,3.607,4.236
E01007924,6.999,5.702
E01007925,5.828,3.766
E01007926,4.201,3.265
E01007927,4.426,2.545
E01007928,2.113,3.041
E01007929,2.273,3.247
E01007930,2.236,2.168
E01007931,2.93,2.872
E01007932,3.604,3.649
E01007933,1.924,3.535
E01007934,2.452,3.416
E01007935,1.409,1.989
E01007936,1.95,2.611
E01007937,2.079,2.77
E01007938,2.982,2.17
E01007939,3.651,3.109
E01007940,10.632,7.646
E01007941,12.939,10.653
E01007942,5.693,7.173
E01007943,10.355,9.812
E01007944,6.657,6.2
E01007945,9.775,10.676
E01007946,6.751,7.351
E01007947,15.56,11.997
E01007948,8.139,8.711
E01007949,5.339,6.777
E01007950,6.998,7.4
E01007951,3.659,3.525
E01007952,3.505,2.567
E01007953,7.987,7.237
E01007954,3.091,2.968
E01007955,3.136,2.526
E01007956,3.277,3.686
E01007957,2.885,3.452
E01007958,3.618,2.978
E01007959,2.146,2.007
E01007960,3.797,3.656
E01007961,2.321,2.887
E01007962,6.894,6.785
E01007963,7.623,7.703
E01007964,7.063,7.44
E01007965,9.864,10.707
E01007966,7.35,7.934
E01007967,10.012,7.937
E01007968,8.998,11.158
E01007969,8.927,7.818
E01007970,16.36,14.82
E01007971,6.974,7.038
E01007972,3.802,4.435
E01007973,4.924,4.379
E01007974,4.905,3.98
E01007975,10.513,9.686
E01007976,9.091,7.631
E01007977,11.096,9.115
E01007978,4.447,4.884
E01007979,7.405,7.067
E01007980,4.534,4.276
E01007981,4.075,4.051
E01007982,5.931,5.636
E01007983,3.978,1.871
E01007984,3.763,3.539
E01007985,7.524,4.512
E01007986,3.579,4.724
E01007987,4.564,3.015
E01007988,4.934,5.42
E01007989,2.537,4.06
E01007990,6.869,6.978
E01007991,5.722,7.794
E01007992,4.741,4.385
E01007993,7.432,8.61
E01007994,3.275,2.53
E01007995,3.533,3.446
E01007996,6.314,5.425
E01007997,4.801,5.047
E01007998,11.181,9.973
E01007999,5.411,5.263
E01008000,9.514,10.692
E01008001,10.423,8.378
E01008002,5.24,6.544
E01008003,6.383,5.887
E01008004,9.963,8.93
E01008005,6.274,7.044
E01008006,6.828,5.289
E01008007,10.012,10.177
E01008008,9.709,7.95
E01008009,8.597,6.714
E01008010,7.703,7.989
E01008011,11.023,9.621
E01008012,8.582,7.957
E01008013,11.387,6.588
E01008014,13.933,10.027
E01008015,11.194,10.091
E01008016,7.574,7.044
E01008017,12.028,12.179
E01008018,10.645,8.079
E01008019,6.163,7.407
E01008020,5.788,5.583
E01008021,3.057,2.409
E01008022,9.782,12.0
E01008023,2.701,2.449
E01008024,6.663,5.039
E01008025,4.849,5.033
E01008027,8.486,7.607
E01008028,6.723,6.75
E01008029,8.021,7.465
E01008030,7.967,3.237
E01008031,10.446,8.497
E01008032,7.463,7.364
E01008033,7.287,8.013
E01008034,6.991,7.857
E01008035,5.523,4.412
E01008036,3.153,4.367
E01008037,13.362,13.394
E01008038,5.407,7.474
E01008039,6.707,5.671
E01008040,4.812,5.931
E01008041,2.897,2.607
E01008042,3.794,4.526
E01008043,2.832,3.08
E01008044,3.344,3.505
E01008045,4.81,4.173
E01008046,3.737,3.849
E01008047,1.723,2.699
E01008048,1.76,3.135
E01008049,6.86,5.532
E01008050,1.984,2.791
E01008051,5.278,3.661
E01008052,3.512,4.434
E01008053,9.799,9.263
E01008054,7.402,6.994
E01008055,8.485,7.862
E01008056,8.55,8.589
E01008057,8.395,6.458
E01008058,7.44,6.56
E01008059,9.987,8.799
E01008060,9.235,8.134
E01008061,8.897,8.797
E01008062,9.805,10.036
E01008063,8.306,7.01
E01008064,2.015,2.916
E01008065,11.342,11.832
E01008066,2.941,3.436
E01008067,3.504,2.074
E01008068,4.441,5.646
E01008069,2.041,3.276
E01008072,8.365,9.014
E01008073,4.994,5.343
E01008074,2.466,2.707
E01008075,6.384,6.851
E01008076,7.47,6.662
E01008077,9.993,8.985
E01008078,6.217,5.085
E01008079,4.777,4.489
E01008080,6.743,6.481
E01008081,11.614,9.235
E01008082,11.828,11.352
E01008083,9.974,9.061
E01008084,9.793,9.036
E01008085,9.064,9.398
E01008086,8.377,7.798
E01008087,3.859,4.939
E01008088,5.388,6.333
E01008089,6.79,7.697
E01008090,9.791,8.135
E01008091,4.713,4.239
E01008092,10.301,10.942
E01008093,6.392,5.622
E01008094,9.327,7.744
E01008095,6.419,4.732
E01008096,7.031,7.916
E01008097,10.241,8.42
E01008098,8.868,10.656
E01008099,4.631,4.772
E01008100,8.379,9.056
E01008101,10.493,8.366
E01008102,10.404,11.664
E01008103,8.227,10.642
E01008104,3.592,3.338
E01008105,1.682,3.259
E01008107,8.382,5.174
E01008108,3.281,3.314
E01008109,5.651,3.809
E01008111,3.614,3.416
E01008112,4.571,3.888
E01008113,4.965,4.132
E01008114,4.704,3.988
E01008115,4.183,5.438
E01008116,7.913,11.395
E01008117,13.35,7.553
E01008118,9.664,8.538
E01008119,8.6,9.889
E01008122,7.63,7.594
E01008123,9.825,8.046
E01008124,7.605,7.828
E01008125,10.061,7.562
E01008126,4.124,4.188
E01008128,3.326,3.657
E01008129,5.749,4.823
E01008130,5.622,6.019
E01008131,5.203,4.5
E01008132,3.46,2.939
E01008133,7.32,7.422
E01008134,8.565,5.947
E01008135,3.785,6.224
E01008136,7.675,6.273
E01008137,4.372,4.367
E01008138,12.98,10.686
E01008139,7.396,6.435
E01008140,6.312,5.407
E01008141,4.4,4.246
E01008142,6.225,7.235
E01008143,5.802,6.126
E01008144,5.942,6.897
E01008145,11.617,10.394
E01008146,3.598,3.352
E01008147,6.031,4.696
E01008148,7.687,7.575
E01008149,3.342,5.36
E01008150,9.01,9.958
E01008151,2.859,4.5
E01008152,5.82,5.024
E01008153,5.989,4.765
E01008154,5.835,6.842
E01008155,4.463,6.035
E01008156,3.313,3.484
E01008157,12.781,12.731
E01008158,8.078,7.667
E01008159,3.209,3.194
E01008160,5.79,4.529
E01008161,4.736,4.451
E01008162,6.437,5.216
E01008163,7.4,5.791
E01008164,11.348,11.487
E01008165,8.935,7.835
E01008166,13.663,7.015
E01008167,8.094,7.573
E01008168,8.356,6.352
E01008169,4.01,4.454
E01008170,10.309,9.127
E01008171,4.936,4.454
E01008172,7.927,8.638
E01008173,9.278,8.189
E01008174,8.433,8.22
E01008175,10.576,9.268
E01008176,5.615,5.295
E01008177,7.084,4.147
E01008178,4.269,4.386
E01008179,3.676,5.717
E01008180,8.953,11.834
E01008181,5.619,4.743
E01008182,7.617,8.051
E01008183,7.781,7.009
E01008184,4.755,6.418
E01008185,8.788,9.828
E01008186,8.804,9.224
E01008187,13.321,7.357
E01008188,5.075,6.051
E01008189,11.803,10.67
E01008190,5.328,8.136
E01008191,9.232,11.119
E01008192,10.328,8.538
E01008193,7.872,6.157
E01008194,5.18,4.706
E01008195,6.295,7.049
E01008196,10.218,6.005
E01008197,5.047,5.254
E01008198,7.477,7.165
E01008199,5.366,5.015
E01008200,4.192,2.63
E01008201,11.967,10.168
E01008202,5.939,7.51
E01008203,7.532,9.198
E01008204,11.548,9.47
E01008205,5.875,6.216
E01008206,5.835,7.16
E01008207,4.736,4.74
E01008208,9.455,8.163
E01008209,8.764,7.225
E01008210,10.365,10.748
E01008211,6.784,7.495
E01008212,11.224,12.61
E01008213,9.305,9.804
E01008214,13.512,9.239
E01008215,9.887,11.423
E01008216,14.589,12.572
E01008217,9.725,9.508
E01008218,14.948,12.728
E01008219,9.741,10.649
E01008220,11.76,10.244
E01008221,9.395,9.529
E01008222,8.941,6.605
E01008223,11.841,9.887
E01008224,8.801,6.624
E01008225,8.93,7.826
E01008226,9.947,7.855
E01008227,11.723,9.333
E01008228,9.723,12.254
E01008229,10.145,9.539
E01008230,9.936,8.647
E01008231,10.755,10.007
E01008232,10.086,9.084
E01008233,5.822,5.858
E01008234,5.04,4.221
E01008235,5.116,4.41
E01008236,11.368,7.989
E01008237,3.604,2.562
E01008238,2.637,3.391
E01008239,4.856,3.796
E01008240,12.483,7.604
E01008241,8.552,6.952
E01008242,9.521,10.317
E01008243,7.41,6.171
E01008244,5.862,7.451
E01008245,5.567,5.838
E01008246,6.722,5.993
E01008247,8.292,7.792
E01008248,3.482,2.426
E01008249,8.559,6.051
E01008250,5.771,6.25
E01008251,6.492,4.897
E01008252,7.479,6.469
E01008253,4.67,7.094
E01008254,6.953,6.788
E01008255,8.156,6.012
E01008256,6.719,6.945
E01008257,13.662,16.222
E01008258,7.802,6.562
E01008259,13.08,10.505
E01008260,4.633,4.564
E01008261,10.205,9.738
E01008262,6.618,7.462
E01008263,7.768,6.056
E01008264,3.594,3.19
E01008265,5.274,6.311
E01008266,5.564,6.124
E01008267,9.818,8.944
E01008268,4.604,4.683
E01008269,5.037,3.352
E01008270,5.94,4.464
E01008271,3.262,3.073
E01008272,5.081,3.908
E01008273,4.616,3.68
E01008274,6.74,6.894
E01008275,4.053,4.277
E01008276,9.047,8.596
E01008277,8.752,6.811
E01008278,4.916,3.96
E01008279,6.73,6.333
E01008280,10.189,9.47
E01008281,10.793,11.232
E01008282,9.953,8.968
E01008283,5.111,5.132
E01008284,6.186,6.079
E01008285,11.466,12.835
E01008286,9.517,11.787
E01008287,5.601,5.653
E01008288,7.646,8.0
E01008289,10.881,11.022
E01008290,8.614,5.316
E01008291,10.08,8.341
E01008292,4.62,5.284
E01008293,5.805,6.395
E01008294,3.823,6.264
E01008295,9.005,8.185
E01008296,11.639,10.404
E01008297,13.601,10.429
E01008298,8.825,6.845
E01008299,8.122,10.022
E01008300,9.33,9.8
E01008301,5.687,6.712
E01008302,12.424,11.84
E01008303,15.175,14.155
E01008304,12.947,9.92
E01008305,12.638,9.52
E01008306,9.658,6.949
E01008307,10.01,9.675
E01008308,7.168,2.109
E01008309,3.499,3.417
E01008311,3.459,2.793
E01008312,2.769,4.21
E01008313,3.451,4.882
E01008314,5.084,6.29
E01008315,4.242,4.385
E01008316,3.667,4.325
E01008317,3.074,3.196
E01008318,8.897,8.118
E01008319,2.299,2.289
E01008320,5.951,5.366
E01008321,5.011,3.398
E01008322,3.268,2.783
E01008323,3.892,4.816
E01008324,9.481,10.263
E01008325,11.62,10.618
E01008326,5.04,4.158
E01008327,10.811,9.709
E01008328,4.893,4.967
E01008329,7.456,5.951
E01008330,9.747,10.692
E01008331,7.439,8.76
E01008332,8.498,8.417
E01008333,9.508,5.837
E01008334,7.01,4.824
E01008335,5.724,6.092
E01008336,12.152,11.203
E01008337,9.412,9.732
E01008338,6.434,6.82
E01008339,9.54,8.419
E01008340,8.468,10.794
E01008341,8.714,8.563
E01008342,6.34,6.757
E01008343,5.559,5.234
E01008344,9.426,9.759
E01008345,9.491,10.038
E01008346,4.859,8.691
E01008347,6.783,8.614
E01008348,7.732,7.203
E01008349,4.473,4.355
E01008350,8.378,6.924
E01008351,5.718,5.169
E01008352,5.526,6.033
E01008353,8.219,6.684
E01008354,6.557,7.16
E01008355,4.376,3.59
E01008356,6.697,5.652
E01008357,2.871,3.478
E01008358,5.687,4.687
E01008359,2.987,3.754
E01008360,2.638,2.625
E01008361,5.148,6.059
E01008362,5.181,5.346
E01008363,6.771,5.041
E01008364,2.653,3.508
E01008365,2.323,2.267
E01008366,1.105,1.271
E01008367,1.505,1.399
E01008368,1.652,1.384
E01008369,1.703,2.1
E01008370,4.487,5.0
E01008371,2.271,2.548
E01008372,2.791,3.161
E01008373,0.554,1.109
E01008374,5.696,6.133
E01008375,10.304,9.808
E01008376,3.258,2.931
E01008377,7.585,7.829
E01008378,3.719,2.615
E01008379,9.692,8.811
E01008380,11.222,10.416
E01008381,4.578,4.17
E01008382,10.306,10.714
E01008383,8.969,8.345
E01008384,7.362,5.817
E01008385,7.94,7.91
E01008386,5.938,6.921
E01008387,7.038,6.147
E01008388,10.772,9.511
E01008389,11.903,12.127
E01008390,8.873,9.599
E01008391,11.313,9.304
E01008392,8.317,8.127
E01008394,1.39,4.422
E01008395,9.198,4.422
E01008396,3.31,3.648
E01008397,3.066,2.11
E01008398,9.912,10.773
E01008399,9.705,9.011
E01008400,12.908,11.079
E01008401,12.021,10.199
E01008402,7.046,6.783
E01008403,6.452,5.938
E01008404,7.165,8.575
E01008405,8.61,6.996
E01008406,10.34,3.714
E01008407,3.436,2.819
E01008409,4.035,3.262
E01008410,5.814,3.577
E01008411,2.532,3.351
E01008412,3.078,3.09
E01008413,6.382,4.769
E01008415,7.908,11.25
E01008416,6.568,5.459
E01008418,2.089,2.654
E01008419,2.038,2.032
E01008420,3.638,2.295
E01008421,3.353,2.246
E01008422,2.309,2.886
E01008423,4.611,3.604
E01008424,3.442,4.657
E01008425,14.763,12.777
E01008426,11.487,11.174
E01008427,13.737,14.521
E01008428,9.266,12.888
E01008429,11.831,10.349
E01008430,8.124,8.287
E01008431,6.652,5.346
E01008432,8.487,8.665
E01008433,7.375,6.569
E01008434,6.229,7.208
E01008435,6.581,8.255
E01008436,11.35,7.771
E01008437,14.028,11.648
E01008438,15.352,13.071
E01008439,11.324,11.334
E01008441,11.704,8.77
E01008442,5.386,5.564
E01008443,4.187,4.404
E01008444,5.372,5.879
E01008445,9.275,7.608
E01008446,6.351,6.44
E01008447,6.91,8.308
E01008448,4.184,4.003
E01008449,4.319,3.529
E01008450,7.297,8.084
E01008451,5.649,7.652
E01008452,4.132,5.689
E01008453,4.434,2.748
E01008455,4.982,5.3
E01008456,10.347,9.599
E01008457,12.716,12.814
E01008458,5.238,4.126
E01008459,11.453,11.17
E01008460,10.065,9.357
E01008461,5.602,6.958
E01008462,9.178,9.748
E01008463,8.996,8.093
E01008464,6.218,7.585
E01008465,7.428,5.857
E01008466,3.318,3.706
E01008467,5.323,4.783
E01008468,6.755,6.508
E01008469,5.567,5.43
E01008470,10.362,7.366
E01008471,7.796,6.731
E01008472,3.681,5.776
E01008473,4.422,5.807
E01008474,7.772,9.144
E01008475,2.295,2.26
E01008476,9.454,9.301
E01008477,6.334,6.298
E01008478,10.415,9.631
E01008479,5.31,4.222
E01008480,13.762,11.569
E01008481,7.77,8.101
E01008482,10.363,8.743
E01008483,5.83,5.238
E01008484,9.538,7.624
E01008485,10.065,8.232
E01008486,6.479,6.613
E01008487,10.357,7.114
E01008488,7.941,7.756
E01008489,8.102,8.591
E01008490,8.247,7.772
E01008491,7.541,8.042
E01008492,8.875,8.143
E01008493,5.655,4.087
E01008494,7.966,8.344
E01008495,5.049,3.879
E01008496,7.548,8.456
E01008497,4.686,4.215
E01008498,6.428,6.057
E01008499,7.903,7.203
E01008500,6.246,7.697
E01008501,2.248,2.217
E01008502,8.896,8.612
E01008503,10.317,8.652
E01008504,4.385,3.989
E01008505,5.156,6.352
E01008506,8.058,8.436
E01008507,5.593,5.362
E01008508,7.466,8.855
E01008509,11.371,9.67
E01008510,7.687,8.553
E01008511,8.076,7.203
E01008512,12.242,11.07
E01008513,8.456,7.744
E01008514,8.522,7.675
E01008516,5.163,4.02
E01008517,3.076,3.099
E01008518,5.979,6.314
E01008519,5.364,5.164
E01008520,3.933,3.712
E01008521,6.999,4.476
E01008522,2.943,2.398
E01008523,2.202,2.306
E01008524,11.065,10.954
E01008525,7.702,5.933
E01008526,4.03,3.958
E01008527,5.084,4.542
E01008528,5.676,4.012
E01008529,7.631,5.337
E01008530,7.913,7.492
E01008531,4.448,3.908
E01008532,8.585,6.775
E01008533,8.395,8.643
E01008534,4.883,5.721
E01008535,6.382,8.666
E01008536,6.281,7.779
E01008537,9.16,9.544
E01008538,3.917,2.911
E01008539,4.482,6.576
E01008540,9.041,8.449
E01008541,11.02,10.087
E01008542,10.196,9.08
E01008543,5.716,6.049
E01008544,11.631,10.917
E01008545,13.023,12.924
E01008546,3.453,2.755
E01008547,3.468,5.421
E01008548,3.547,2.336
E01008549,3.97,3.383
E01008550,3.206,2.97
E01008551,4.184,3.779
E01008552,5.644,4.702
E01008553,4.913,4.273
E01008554,6.923,5.772
E01008555,6.568,7.113
E01008556,4.688,5.833
E01008557,3.497,3.012
E01008558,5.959,4.68
E01008559,7.349,4.749
E01008560,4.706,4.648
E01008561,9.482,9.13
E01008562,5.284,4.229
E01008563,2.279,3.08
E01008564,3.857,4.491
E01008565,6.96,3.774
E01008567,8.982,6.864
E01008568,11.291,8.15
E01008569,9.166,9.354
E01008570,4.263,3.953
E01008571,14.811,10.2
E01008572,8.237,8.772
E01008573,7.606,8.831
E01008574,7.219,4.296
E01008575,8.777,9.574
E01008576,7.071,5.689
E01008577,7.106,4.772
E01008578,7.02,5.896
E01008579,6.346,5.771
E01008580,3.528,3.678
E01008581,8.266,5.727
E01008582,5.708,5.917
E01008583,7.377,6.182
E01008584,4.987,4.498
E01008585,4.087,3.264
E01008586,3.799,3.179
E01008587,5.324,5.818
E01008588,5.337,4.216
E01008589,3.458,2.947
E01008590,9.594,11.782
E01008591,9.001,9.605
E01008592,8.167,7.214
E01008593,10.222,9.259
E01008594,8.861,8.385
E01008595,7.554,6.215
E01008596,8.148,6.987
E01008597,5.777,4.243
E01008598,5.852,6.259
E01008599,9.437,9.481
E01008600,9.863,10.621
E01008601,10.28,12.086
E01008602,9.618,8.65
E01008603,10.819,8.734
E01008604,12.638,12.07
E01008605,6.449,6.838
E01008606,10.262,8.381
E01008607,9.928,10.0
E01008608,11.394,10.272
E01008609,9.103,8.494
E01008610,11.23,10.814
E01008611,3.661,4.219
E01008612,4.155,6.588
E01008613,9.103,9.866
E01008614,7.579,4.751
E01008615,7.271,8.153
E01008616,4.459,3.082
E01008617,3.644,3.107
E01008618,2.669,3.596
E01008619,4.087,3.718
E01008620,5.728,3.873
E01008621,4.933,2.917
E01008622,7.788,6.126
E01008624,6.493,7.007
E01008625,11.973,11.184
E01008627,5.623,4.79
E01008628,8.997,9.229
E01008629,5.222,6.771
E01008630,8.235,8.067
E01008631,8.016,7.299
E01008632,10.194,9.195
E01008633,8.011,8.048
E01008634,12.14,9.076
E01008635,7.737,7.238
E01008636,8.322,7.391
E01008637,9.422,8.773
E01008638,3.843,4.087
E01008639,7.767,7.262
E01008640,6.883,5.435
E01008641,11.714,8.812
E01008642,5.007,5.607
E01008643,7.203,5.248
E01008644,13.506,10.896
E01008645,9.078,5.176
E01008646,8.748,8.2
E01008647,6.849,5.891
E01008648,9.761,7.432
E01008649,8.632,8.388
E01008650,4.51,4.215
E01008651,8.712,8.719
E01008652,9.882,10.227
E01008653,7.148,7.922
E01008654,7.78,7.364
E01008655,13.061,8.32
E01008656,9.789,8.662
E01008657,4.182,6.171
E01008658,8.385,7.798
E01008659,7.755,8.112
E01008660,6.436,7.046
E01008661,10.503,7.849
E01008662,10.585,9.052
E01008663,8.363,9.593
E01008664,9.588,8.155
E01008665,10.181,10.677
E01008666,14.634,11.682
E01008667,12.15,11.906
E01008668,11.617,9.312
E01008669,12.2,11.196
E01008670,10.935,9.595
E01008671,7.957,11.27
E01008672,8.207,7.3
E01008673,4.087,5.035
E01008674,4.107,3.71
E01008675,5.692,7.201
E01008676,8.454,7.027
E01008677,5.837,4.758
E01008678,6.556,7.387
E01008679,8.519,7.508
E01008680,6.386,5.076
E01008681,4.208,4.718
E01008682,7.568,9.809
E01008683,6.519,10.033
E01008684,10.864,12.012
E01008685,6.943,6.253
E01008686,7.449,5.472
E01008687,8.143,7.846
E01008688,9.739,8.777
E01008689,14.62,13.566
E01008690,9.72,8.395
E01008691,4.358,3.87
E01008692,10.753,9.273
E01008693,12.302,7.955
E01008694,10.21,10.466
E01008695,8.735,7.649
E01008696,5.107,5.272
E01008697,16.006,11.398
E01008698,12.074,12.596
E01008699,8.782,9.274
E01008700,7.955,5.258
E01008701,6.506,6.414
E01008702,14.995,16.249
E01008703,11.972,11.649
E01008704,8.165,8.462
E01008705,8.769,9.626
E01008706,7.706,8.591
E01008707,5.697,6.847
E01008708,11.622,9.972
E01008709,12.252,14.479
E01008711,7.724,7.529
E01008712,13.091,13.724
E01008713,6.297,4.987
E01008714,9.502,9.825
E01008715,8.212,7.308
E01008716,6.84,5.404
E01008717,7.584,6.633
E01008718,10.144,8.324
E01008719,13.111,11.532
E01008720,6.983,8.308
E01008721,5.741,4.762
E01008722,5.341,4.718
E01008723,4.694,3.23
E01008724,5.307,3.93
E01008725,6.965,6.488
E01008726,6.071,4.965
E01008727,7.927,6.776
E01008728,5.368,4.623
E01008729,11.754,9.581
E01008730,8.79,9.642
E01008731,11.511,9.581
E01008732,6.89,8.325
E01008733,12.431,12.096
E01008734,7.426,6.255
E01008735,9.716,8.689
E01008736,11.688,14.37
E01008737,10.159,8.883
E01008738,9.726,12.011
E01008739,8.833,7.363
E01008740,7.153,5.936
E01008741,7.374,6.7
E01008742,8.274,7.844
E01008743,13.863,12.079
E01008744,10.721,6.563
E01008745,6.565,7.019
E01008746,10.712,8.197
E01008747,8.652,6.884
E01008748,13.086,12.724
E01008749,6.681,6.467
E01008750,7.345,7.685
E01008751,9.538,7.572
E01008752,9.853,7.731
E01008753,9.233,8.165
E01008754,11.574,10.947
E01008755,9.342,8.747
E01008756,11.831,10.186
E01008757,9.878,8.841
E01008758,6.298,5.101
E01008759,7.176,7.446
E01008760,6.421,4.609
E01008761,6.025,5.649
E01008762,11.265,13.261
E01008763,7.708,7.875
E01008764,8.623,8.214
E01008765,6.989,5.421
E01008766,8.904,6.303
E01008767,10.121,9.527
E01008768,6.472,7.103
E01008769,8.037,8.113
E01008770,6.481,7.372
E01008771,8.613,6.939
E01008772,4.905,5.143
E01008773,10.2,9.773
E01008774,8.052,5.679
E01008775,4.833,4.015
E01008776,9.252,7.368
E01008777,19.51,19.357
E01008778,8.557,7.564
E01008779,9.544,9.88
E01008780,9.87,11.507
E01008781,4.891,4.846
E01008782,5.278,4.848
E01008783,5.461,4.658
E01008784,4.04,4.142
E01008785,6.115,6.495
E01008786,5.73,6.08
E01008787,6.924,6.695
E01008788,7.616,8.912
E01008789,6.304,5.3
E01008790,6.373,6.277
E01008791,12.71,13.611
E01008792,10.09,6.195
E01008793,13.11,12.145
E01008795,6.956,6.355
E01008796,8.02,6.168
E01008797,6.61,4.244
E01008799,4.625,3.506
E01008800,11.142,9.383
E01008801,4.634,3.864
E01008802,8.158,7.074
E01008803,11.375,9.315
E01008804,11.819,9.609
E01008805,10.309,8.195
E01008808,3.537,3.976
E01008809,9.085,9.917
E01008810,12.228,8.811
E01008811,8.54,7.304
E01008812,9.925,9.218
E01008813,11.43,12.07
E01008814,8.5,8.249
E01008817,13.212,12.52
E01008819,12.5,10.439
E01008820,10.581,12.19
E01008821,13.649,10.575
E01008822,10.487,9.48
E01008823,10.59,8.619
E01008824,10.02,8.345
E01008825,13.438,10.652
E01008826,9.405,8.055
E01008827,9.317,10.197
E01008828,10.473,8.752
E01008829,11.971,14.208
E01008830,4.728,4.699
E01008831,7.181,6.466
E01008832,5.478,5.119
E01008833,6.735,6.015
E01008834,5.991,6.735
E01008835,4.656,3.677
E01008836,15.908,12.443
E01008837,10.449,10.94
E01008838,10.503,10.265
E01008839,12.061,11.25
E01008840,9.85,9.018
E01008841,13.527,10.107
E01008842,8.235,8.9
E01008843,4.914,4.636
E01008844,8.729,7.831
E01008845,6.535,8.333
E01008846,9.806,8.671
E01008847,6.977,9.246
E01008848,8.116,7.148
E01008849,7.637,7.178
E01008850,4.875,3.134
E01008851,9.736,9.833
E01008852,5.622,4.854
E01008853,9.847,11.533
E01008854,11.374,13.311
E01008855,5.855,4.161
E01008856,8.087,8.327
E01008857,9.353,9.797
E01008858,9.064,9.343
E01008859,6.946,7.445
E01008860,8.608,9.977
E01008861,6.435,6.111
E01008862,4.094,5.508
E01008863,4.503,4.047
E01008864,4.81,4.711
E01008865,8.629,10.55
E01008866,7.943,8.692
E01008867,7.581,8.15
E01008868,4.676,5.931
E01008869,5.399,6.23
E01008870,4.366,4.974
E01008871,7.503,8.986
E01008872,6.77,5.925
E01008873,6.005,6.124
E01008874,6.489,7.945
E01008875,7.193,7.526
E01008876,4.924,4.794
E01008877,5.903,6.163
E01008878,7.985,7.186
E01008879,6.237,7.809
E01008880,8.11,8.271
E01008881,8.318,6.59
E01008882,8.758,6.91
E01008883,6.167,6.162
E01008884,5.829,5.88
E01008885,5.275,3.994
E01008886,7.289,6.011
E01008887,7.442,6.083
E01008888,4.463,4.316
E01008889,6.028,5.416
E01008890,5.882,7.139
E01008891,6.923,6.907
E01008892,6.876,7.21
E01008893,4.895,5.334
E01008894,10.907,7.389
E01008895,4.94,4.644
E01008896,6.794,5.904
E01008897,6.821,6.869
E01008898,7.467,6.484
E01008899,9.216,6.192
E01008901,9.075,8.624
E01008905,5.938,7.29
E01008906,6.124,6.945
E01008907,8.597,8.416
E01008909,5.083,4.143
E01008910,6.567,5.245
E01008911,6.091,4.581
E01008913,8.305,6.785
E01008914,4.236,2.915
E01008915,5.24,3.818
E01008916,6.532,7.412
E01008917,5.393,4.571
E01008918,9.154,7.09
E01008919,7.419,6.098
E01008920,4.608,6.017
E01008921,7.433,7.746
E01008923,11.062,9.565
E01008924,6.938,6.036
E01008925,3.689,5.272
E01008927,8.489,8.972
E01008928,10.034,8.947
E01008929,9.263,8.521
E01008930,6.275,5.105
E01008931,9.034,9.053
E01008932,9.262,7.205
E01008933,6.362,4.503
E01008934,5.765,4.461
E01008935,10.448,8.244
E01008936,5.995,7.1
E01008937,10.589,7.731
E01008938,7.345,5.5
E01008939,7.712,6.423
E01008940,11.118,11.056
E01008941,8.673,7.852
E01008942,7.129,6.014
E01008943,7.476,7.412
E01008944,6.818,6.995
E01008945,6.812,6.067
E01008946,8.013,9.845
E01008947,5.603,4.989
E01008948,5.415,4.864
E01008949,4.913,3.445
E01008950,9.085,9.314
E01008951,4.905,4.83
E01008952,6.27,5.034
E01008953,6.777,5.143
E01008954,5.38,5.524
E01008955,4.827,5.2
E01008956,7.204,5.088
E01008957,5.428,5.798
E01008958,9.266,9.413
E01008959,5.969,5.315
E01008960,4.359,3.305
E01008961,6.221,5.461
E01008962,6.66,8.218
E01008963,5.398,5.776
E01008964,9.233,6.694
E01008965,5.036,3.701
E01008966,9.656,8.195
E01008967,4.149,4.219
E01008968,4.159,3.326
E01008969,5.225,5.519
E01008970,5.451,6.447
E01008971,5.795,5.699
E01008972,8.827,9.081
E01008973,5.771,5.876
E01008974,3.471,4.321
E01008975,6.585,4.73
E01008976,8.436,7.862
E01008977,8.259,6.547
E01008978,12.922,11.451
E01008979,11.215,9.361
E01008980,9.717,8.173
E01008981,7.282,4.824
E01008982,3.932,3.101
E01008984,6.411,9.912
E01008986,4.553,6.057
E01008987,7.338,7.201
E01008988,4.369,3.852
E01008989,5.052,5.966
E01008990,2.904,1.786
E01008991,3.3,3.029
E01008992,2.111,2.076
E01008994,4.366,5.223
E01008995,8.48,5.681
E01008996,9.166,8.404
E01008997,5.606,3.641
E01008998,6.076,7.676
E01008999,7.278,8.496
E01009000,9.24,9.666
E01009001,6.475,7.088
E01009002,8.231,7.314
E01009003,7.56,5.779
E01009005,8.683,7.697
E01009006,5.059,5.527
E01009007,5.985,5.385
E01009008,4.919,5.762
E01009009,6.25,5.242
E01009011,7.784,8.4
E01009012,6.177,5.992
E01009013,6.362,6.987
E01009014,6.228,4.248
E01009015,6.394,7.572
E01009016,12.636,9.625
E01009017,6.171,5.781
E01009018,6.874,6.817
E01009019,8.939,8.333
E01009020,9.199,7.799
E01009021,8.457,7.399
E01009022,6.575,6.608
E01009023,4.005,3.857
E01009024,6.839,5.789
E01009025,7.199,7.965
E01009026,6.401,5.43
E01009028,5.922,6.16
E01009029,6.783,6.19
E01009030,6.034,4.246
E01009031,5.619,4.018
E01009032,4.348,4.311
E01009033,7.571,5.723
E01009034,6.505,4.348
E01009035,5.022,4.555
E01009036,5.416,4.104
E01009037,6.358,6.181
E01009039,3.754,3.184
E01009040,4.465,3.41
E01009041,3.311,4.909
E01009042,4.931,4.622
E01009043,8.727,8.17
E01009044,6.342,4.821
E01009045,6.25,6.213
E01009046,5.722,4.626
E01009047,8.703,6.956
E01009048,8.967,8.113
E01009049,5.273,5.177
E01009050,7.01,5.124
E01009051,6.601,4.851
E01009053,6.347,6.143
E01009054,6.711,6.033
E01009056,5.972,5.775
E01009057,7.267,6.552
E01009058,6.355,4.808
E01009059,7.333,7.135
E01009060,6.199,5.705
E01009061,6.498,5.407
E01009062,7.403,5.759
E01009064,5.281,6.204
E01009065,4.079,1.956
E01009066,3.979,5.834
E01009067,4.324,3.322
E01009068,3.629,2.71
E01009069,4.092,4.2
E01009070,5.006,4.607
E01009071,6.935,4.9
E01009072,5.378,4.23
E01009073,6.815,6.802
E01009074,7.416,7.466
E01009075,7.405,7.993
E01009077,5.686,5.78
E01009078,4.885,6.266
E01009079,8.717,5.629
E01009080,5.93,4.374
E01009081,7.994,6.492
E01009082,8.221,6.283
E01009083,6.989,5.473
E01009084,5.281,4.479
E01009085,4.35,4.48
E01009086,6.858,5.249
E01009087,6.077,3.969
E01009088,8.882,8.035
E01009089,5.828,4.294
E01009090,7.754,5.814
E01009091,9.459,8.11
E01009092,6.925,7.491
E01009093,9.17,7.861
E01009094,6.764,6.828
E01009095,6.059,4.889
E01009096,11.448,9.129
E01009097,11.814,11.914
E01009098,9.039,9.659
E01009099,10.242,11.882
E01009100,7.849,9.622
E01009101,12.005,10.592
E01009102,8.048,7.74
E01009103,10.872,10.794
E01009104,10.032,6.418
E01009105,6.51,5.791
E01009106,10.659,8.536
E01009107,8.903,7.701
E01009108,5.22,4.301
E01009109,6.579,5.974
E01009110,6.645,7.924
E01009111,4.326,4.919
E01009112,9.814,7.669
E01009113,10.277,10.591
E01009114,9.548,11.481
E01009115,10.939,10.604
E01009116,3.576,3.874
E01009117,7.573,7.577
E01009118,8.577,7.445
E01009119,6.81,5.664
E01009120,6.537,7.88
E01009121,8.76,7.546
E01009122,11.07,10.751
E01009123,7.864,6.15
E01009124,6.347,6.533
E01009125,8.139,7.511
E01009126,5.949,3.769
E01009127,8.53,8.766
E01009128,10.844,9.738
E01009129,9.828,9.806
E01009130,10.897,9.248
E01009131,7.39,7.886
E01009132,10.128,9.502
E01009133,9.92,9.354
E01009134,11.013,8.556
E01009135,6.345,6.188
E01009136,13.81,12.393
E01009137,7.659,7.41
E01009138,4.557,3.836
E01009139,4.991,3.685
E01009140,5.901,5.596
E01009141,9.773,7.44
E01009143,10.148,6.9
E01009145,5.856,4.827
E01009146,6.136,6.424
E01009147,7.368,6.499
E01009151,6.328,5.825
E01009152,6.38,6.076
E01009153,7.778,7.136
E01009155,12.316,13.132
E01009157,12.45,11.403
E01009158,6.747,7.048
E01009159,5.127,3.905
E01009160,8.449,9.419
E01009161,8.994,8.732
E01009162,5.618,5.919
E01009163,6.818,6.719
E01009164,5.997,6.526
E01009165,7.47,7.164
E01009166,4.776,5.08
E01009167,4.0,5.288
E01009168,6.85,5.833
E01009169,6.369,5.137
E01009170,4.99,3.836
E01009171,7.076,5.886
E01009172,7.394,6.826
E01009173,8.252,6.553
E01009174,8.526,7.459
E01009175,6.054,4.132
E01009176,6.303,4.885
E01009177,5.006,5.342
E01009178,6.023,5.225
E01009179,5.93,4.461
E01009182,11.946,7.778
E01009183,3.616,2.049
E01009184,5.666,7.757
E01009185,4.406,6.879
E01009186,4.527,6.435
E01009187,5.025,4.643
E01009188,5.778,5.27
E01009189,4.88,4.037
E01009192,7.203,6.914
E01009194,6.044,5.508
E01009195,6.962,5.002
E01009197,6.909,5.203
E01009198,4.429,5.019
E01009199,5.23,4.795
E01009200,5.783,5.095
E01009201,8.43,7.176
E01009202,7.186,6.663
E01009203,6.627,5.479
E01009204,8.031,6.83
E01009205,3.592,5.414
E01009206,4.618,4.411
E01009207,3.376,3.512
E01009208,3.527,3.373
E01009209,6.109,5.675
E01009210,5.067,6.758
E01009211,4.577,4.294
E01009212,8.88,7.723
E01009213,7.941,7.711
E01009214,11.562,11.808
E01009215,11.394,11.185
E01009216,6.278,6.196
E01009217,4.11,5.29
E01009218,6.418,6.038
E01009219,3.836,6.348
E01009220,7.051,6.748
E01009221,6.878,4.459
E01009222,8.947,9.067
E01009223,6.418,6.537
E01009224,7.352,6.525
E01009225,9.268,9.018
E01009226,6.931,4.733
E01009227,4.759,4.822
E01009228,5.914,4.942
E01009229,5.703,4.405
E01009230,5.423,5.744
E01009231,5.428,5.475
E01009232,8.912,8.392
E01009233,8.409,6.219
E01009234,3.553,4.232
E01009235,4.978,4.212
E01009236,6.254,5.023
E01009237,7.084,6.662
E01009238,6.863,5.692
E01009239,4.96,8.764
E01009240,4.747,4.074
E01009241,4.804,4.209
E01009242,4.927,4.195
E01009243,7.839,4.51
E01009244,4.735,3.767
E01009245,4.198,4.688
E01009246,5.503,4.367
E01009247,4.654,4.933
E01009248,5.093,4.494
E01009249,4.855,4.953
E01009250,5.077,4.082
E01009251,4.87,3.758
E01009252,3.771,2.151
E01009253,6.039,4.682
E01009254,7.253,9.377
E01009255,6.89,5.502
E01009256,7.54,4.592
E01009257,6.899,6.778
E01009258,8.453,8.465
E01009259,9.894,10.647
E01009260,5.342,3.766
E01009261,4.543,4.009
E01009262,5.353,4.868
E01009263,5.955,5.521
E01009264,4.947,3.173
E01009265,8.333,4.566
E01009266,5.377,5.552
E01009267,7.175,6.066
E01009268,6.526,3.88
E01009269,4.756,6.106
E01009270,7.426,6.564
E01009271,7.556,5.617
E01009272,7.566,6.667
E01009273,9.732,6.364
E01009274,7.839,6.925
E01009275,7.931,6.54
E01009276,6.984,6.081
E01009278,4.396,4.491
E01009279,5.497,3.58
E01009280,4.556,4.983
E01009281,6.368,7.712
E01009282,4.612,6.721
E01009283,2.981,3.737
E01009284,3.017,2.44
E01009286,2.26,1.83
E01009288,9.238,3.5
E01009289,2.146,1.861
E01009290,1.7,2.095
E01009291,5.986,6.225
E01009292,2.852,2.616
E01009293,3.43,4.787
E01009294,6.097,4.915
E01009295,3.842,4.965
E01009296,5.203,4.075
E01009297,10.523,9.94
E01009298,7.668,7.782
E01009299,8.674,7.906
E01009300,6.767,7.589
E01009301,10.287,7.84
E01009302,9.821,6.776
E01009303,10.142,9.363
E01009304,10.293,7.855
E01009305,8.882,7.573
E01009306,10.0,9.62
E01009307,11.38,9.737
E01009308,8.646,7.493
E01009309,12.694,8.838
E01009310,10.048,7.816
E01009311,6.273,6.679
E01009312,5.14,3.583
E01009313,5.411,5.475
E01009314,9.142,7.4
E01009315,11.041,7.59
E01009316,7.468,4.632
E01009317,6.946,4.778
E01009318,4.566,4.945
E01009319,4.223,4.522
E01009320,4.469,3.626
E01009321,10.924,9.934
E01009322,10.678,9.92
E01009323,9.993,8.188
E01009324,6.155,5.645
E01009325,7.568,5.608
E01009326,7.608,5.782
E01009327,7.348,6.017
E01009328,8.326,7.237
E01009329,9.27,6.662
E01009331,7.786,4.555
E01009332,9.848,6.528
E01009333,6.046,6.3
E01009334,7.517,8.057
E01009335,6.111,6.203
E01009337,7.718,5.005
E01009338,7.776,5.596
E01009339,8.876,6.771
E01009340,5.281,4.776
E01009341,6.996,6.007
E01009342,9.033,14.481
E01009343,6.155,6.048
E01009344,7.307,5.799
E01009345,9.55,8.536
E01009346,6.302,5.876
E01009347,8.381,5.759
E01009348,7.059,5.01
E01009349,7.802,5.833
E01009350,6.85,5.933
E01009351,7.206,5.688
E01009352,8.105,5.749
E01009353,7.864,6.078
E01009354,8.43,7.312
E01009355,8.063,6.481
E01009358,6.868,6.943
E01009359,7.52,6.184
E01009360,6.283,5.526
E01009361,8.487,6.076
E01009362,8.207,5.413
E01009363,9.073,7.805
E01009364,8.67,7.363
E01009365,9.191,8.121
E01009366,8.349,8.08
E01009367,9.988,7.649
E01009368,10.15,7.49
E01009371,6.809,5.547
E01009372,7.684,7.262
E01009373,8.76,6.92
E01009374,10.549,8.724
E01009375,8.54,7.252
E01009376,8.483,7.303
E01009377,8.467,7.891
E01009378,6.441,6.902
E01009379,13.241,11.48
E01009380,6.412,6.479
E01009382,7.68,6.836
E01009383,8.058,8.745
E01009384,8.471,9.446
E01009385,8.867,6.728
E01009389,8.348,5.698
E01009390,7.864,5.696
E01009391,6.227,5.117
E01009392,6.483,5.572
E01009393,5.653,6.062
E01009394,5.434,4.501
E01009395,6.841,6.136
E01009396,7.431,7.309
E01009397,9.153,7.775
E01009399,6.855,5.116
E01009400,6.68,5.987
E01009401,7.074,5.981
E01009403,9.097,7.161
E01009404,9.601,8.606
E01009405,9.317,6.994
E01009406,8.738,9.091
E01009407,7.921,6.69
E01009408,8.475,6.19
E01009409,6.825,7.634
E01009410,8.146,7.139
E01009411,5.171,4.423
E01009412,9.298,6.379
E01009413,6.767,6.236
E01009414,5.805,5.216
E01009415,3.419,2.805
E01009416,2.173,2.648
E01009417,4.889,4.529
E01009418,4.419,6.431
E01009419,6.127,5.328
E01009420,3.904,2.936
E01009421,2.263,3.557
E01009422,4.079,3.398
E01009423,8.05,7.94
E01009424,4.013,3.788
E01009425,5.552,5.865
E01009426,4.624,3.654
E01009427,3.681,3.89
E01009428,3.406,2.503
E01009429,2.872,2.473
E01009430,3.188,1.799
E01009431,3.159,3.02
E01009432,5.106,5.67
E01009433,3.809,3.186
E01009434,2.17,2.179
E01009435,2.026,3.025
E01009436,3.262,2.967
E01009437,4.202,4.185
E01009438,2.966,3.173
E01009439,5.347,4.149
E01009440,6.329,5.14
E01009441,7.682,6.703
E01009442,4.891,4.997
E01009443,3.934,2.97
E01009444,4.031,3.867
E01009445,7.015,8.034
E01009446,5.428,6.109
E01009447,6.933,5.996
E01009448,7.664,8.116
E01009449,4.155,5.009
E01009450,5.505,4.174
E01009451,3.983,3.556
E01009452,5.371,5.103
E01009453,3.272,3.132
E01009454,2.316,3.652
E01009455,9.146,8.494
E01009456,2.781,3.262
E01009457,3.818,3.984
E01009458,10.707,10.975
E01009459,3.093,3.206
E01009460,4.661,5.047
E01009461,3.153,3.826
E01009462,6.964,6.376
E01009463,5.626,9.493
E01009464,5.848,3.336
E01009465,3.693,2.648
E01009466,3.983,4.142
E01009467,5.26,5.758
E01009468,4.428,5.492
E01009469,4.175,3.838
E01009470,3.336,3.125
E01009471,3.742,5.121
E01009472,4.039,4.251
E01009473,4.263,5.822
E01009474,4.875,4.725
E01009475,6.998,7.054
E01009476,9.105,6.803
E01009477,8.511,7.059
E01009478,7.52,6.424
E01009479,7.888,6.038
E01009480,7.062,5.545
E01009481,6.378,4.36
E01009482,8.425,6.533
E01009483,7.023,6.132
E01009484,7.236,6.405
E01009485,6.376,6.043
E01009486,5.996,5.571
E01009487,6.803,6.557
E01009488,8.46,7.263
E01009489,6.447,6.188
E01009490,7.109,4.485
E01009491,7.971,7.182
E01009492,8.21,6.617
E01009493,8.367,9.671
E01009494,8.733,8.467
E01009495,6.939,9.916
E01009496,7.562,6.178
E01009497,6.282,5.568
E01009498,8.68,6.561
E01009499,7.414,7.106
E01009500,9.896,8.19
E01009501,6.777,6.049
E01009502,8.687,7.464
E01009503,6.944,7.824
E01009504,6.798,6.814
E01009505,7.28,7.444
E01009506,4.083,4.223
E01009507,8.897,8.333
E01009508,5.814,6.132
E01009509,6.297,6.673
E01009510,10.772,8.452
E01009511,9.017,7.542
E01009512,8.292,6.746
E01009513,7.849,4.792
E01009514,10.132,9.573
E01009515,9.591,8.23
E01009516,8.357,7.623
E01009517,6.963,8.078
E01009518,5.535,6.045
E01009519,4.279,4.378
E01009520,4.852,4.12
E01009521,3.902,5.609
E01009522,7.462,6.181
E01009523,4.83,4.692
E01009524,8.577,10.571
E01009525,5.505,5.155
E01009526,4.025,4.862
E01009527,4.286,4.259
E01009528,4.326,4.022
E01009529,4.413,3.609
E01009530,4.332,4.993
E01009531,7.018,4.899
E01009532,5.531,5.804
E01009535,5.564,5.543
E01009536,4.959,4.235
E01009537,7.43,7.229
E01009538,8.984,7.157
E01009539,8.822,8.422
E01009540,8.152,7.73
E01009541,9.008,7.826
E01009542,12.345,9.296
E01009543,3.066,2.795
E01009544,8.62,8.676
E01009548,4.311,3.208
E01009549,3.953,2.776
E01009550,4.099,4.075
E01009552,7.398,7.541
E01009553,3.335,5.705
E01009554,3.861,4.471
E01009555,4.063,3.87
E01009556,4.336,4.339
E01009557,3.311,3.468
E01009558,3.02,2.345
E01009559,5.496,4.914
E01009560,4.159,2.767
E01009561,8.507,6.866
E01009562,4.811,3.957
E01009563,3.11,2.805
E01009564,7.363,4.873
E01009565,6.531,7.239
E01009566,6.199,6.093
E01009567,8.487,7.719
E01009568,7.271,6.552
E01009569,8.174,5.735
E01009570,8.047,6.617
E01009571,10.413,7.799
E01009572,6.25,4.055
E01009573,7.06,6.067
E01009574,8.812,5.721
E01009575,8.473,6.331
E01009576,6.857,6.542
E01009577,10.441,7.568
E01009578,4.702,5.544
E01009579,9.637,6.858
E01009580,6.595,6.063
E01009581,9.943,9.256
E01009582,5.517,5.718
E01009583,6.841,6.384
E01009584,7.243,5.758
E01009585,8.475,4.621
E01009586,5.087,4.921
E01009587,7.231,5.479
E01009588,10.663,8.696
E01009589,6.386,5.415
E01009590,8.646,5.212
E01009591,5.519,4.02
E01009592,4.776,6.624
E01009593,5.381,5.826
E01009594,5.664,5.206
E01009596,6.89,5.089
E01009597,5.984,5.945
E01009598,7.103,4.435
E01009599,7.903,9.183
E01009604,9.116,6.333
E01009605,9.139,8.576
E01009606,6.428,4.604
E01009607,11.639,11.474
E01009608,6.578,6.426
E01009609,7.741,5.669
E01009610,8.607,7.995
E01009611,6.455,4.317
E01009612,9.914,8.681
E01009613,4.354,5.833
E01009614,6.726,4.458
E01009615,5.906,3.523
E01009616,5.581,3.652
E01009617,5.66,5.887
E01009618,4.128,3.64
E01009619,4.615,3.417
E01009620,6.139,4.396
E01009621,6.515,5.288
E01009622,9.147,11.595
E01009623,8.93,6.914
E01009624,5.897,4.725
E01009625,5.2,4.527
E01009626,5.922,5.151
E01009627,8.84,6.571
E01009628,5.625,5.822
E01009629,6.309,5.395
E01009630,5.935,6.236
E01009631,8.879,7.928
E01009632,8.1,8.274
E01009633,4.885,3.571
E01009634,4.205,2.625
E01009635,2.619,2.514
E01009636,3.48,3.437
E01009637,7.191,4.101
E01009638,8.716,7.476
E01009639,7.388,7.573
E01009640,6.093,4.749
E01009641,5.287,3.652
E01009642,3.29,2.237
E01009643,4.403,4.043
E01009644,4.526,4.613
E01009645,4.071,4.273
E01009646,3.281,3.23
E01009647,5.997,4.149
E01009648,3.56,3.856
E01009649,4.372,3.641
E01009650,4.062,6.126
E01009651,9.709,9.44
E01009652,6.155,4.303
E01009653,4.574,3.762
E01009654,4.875,4.785
E01009655,7.987,6.029
E01009656,8.603,8.17
E01009657,4.187,4.42
E01009658,6.958,4.821
E01009659,8.063,7.651
E01009660,5.922,5.081
E01009661,5.811,5.071
E01009662,7.917,7.062
E01009663,7.371,6.782
E01009664,6.287,5.12
E01009665,3.788,2.675
E01009666,3.74,4.473
E01009667,6.121,4.95
E01009668,3.226,3.567
E01009669,4.348,3.807
E01009670,3.486,4.04
E01009671,1.507,1.626
E01009672,3.595,4.944
E01009674,7.296,6.805
E01009676,3.846,4.271
E01009679,9.296,5.034
E01009681,5.365,3.656
E01009682,5.356,5.237
E01009683,3.914,3.253
E01009684,8.47,10.811
E01009685,5.847,5.999
E01009686,5.078,3.862
E01009687,3.127,3.794
E01009688,4.395,4.591
E01009689,3.661,6.695
E01009690,4.419,3.63
E01009691,3.75,4.028
E01009692,6.593,4.928
E01009693,5.867,5.394
E01009694,3.571,4.129
E01009695,6.145,4.419
E01009696,4.749,4.59
E01009697,5.158,2.738
E01009698,4.128,5.074
E01009699,5.385,4.888
E01009700,9.975,10.27
E01009701,8.427,8.411
E01009702,7.064,9.504
E01009703,4.593,4.445
E01009704,2.508,2.468
E01009705,3.427,2.737
E01009706,5.298,4.545
E01009707,3.745,3.315
E01009708,6.931,6.477
E01009709,10.986,7.528
E01009710,5.169,4.234
E01009711,8.009,4.104
E01009712,4.446,3.607
E01009713,4.366,4.749
E01009714,3.899,4.823
E01009715,6.173,6.733
E01009716,5.336,4.739
E01009717,5.281,3.94
E01009718,8.951,7.705
E01009719,4.99,4.81
E01009720,3.39,3.867
E01009721,7.271,7.676
E01009722,3.723,5.027
E01009723,2.862,3.13
E01009724,3.607,3.814
E01009725,7.088,9.205
E01009726,5.105,4.653
E01009727,4.361,4.154
E01009728,3.849,4.739
E01009729,6.497,5.165
E01009730,2.554,4.375
E01009731,5.045,4.263
E01009732,6.938,7.032
E01009733,9.837,9.735
E01009734,7.657,6.337
E01009735,3.545,3.82
E01009736,4.659,3.824
E01009737,4.327,4.342
E01009738,6.932,6.131
E01009739,6.571,5.617
E01009740,5.767,5.655
E01009741,8.293,7.862
E01009742,9.375,8.165
E01009743,6.908,7.595
E01009744,8.071,6.837
E01009745,6.071,5.773
E01009746,8.97,8.825
E01009747,7.574,7.319
E01009748,8.985,8.449
E01009749,6.327,4.254
E01009750,8.481,6.258
E01009751,8.678,7.27
E01009752,6.649,10.055
E01009753,7.985,8.846
E01009754,8.653,7.051
E01009756,8.788,8.257
E01009757,7.627,6.651
E01009758,10.276,8.052
E01009759,6.971,6.962
E01009760,7.897,6.897
E01009762,8.727,7.38
E01009763,5.708,4.868
E01009764,7.018,6.482
E01009765,6.92,5.809
E01009766,6.629,7.766
E01009767,9.809,7.642
E01009768,8.147,7.709
E01009769,7.346,7.55
E01009770,7.983,8.43
E01009771,8.621,6.69
E01009772,7.148,7.16
E01009773,6.999,8.008
E01009774,7.229,6.219
E01009775,8.688,8.873
E01009776,5.28,5.442
E01009777,7.857,7.604
E01009778,4.903,3.79
E01009779,9.051,8.215
E01009780,2.125,2.599
E01009781,6.898,6.663
E01009782,7.707,6.253
E01009783,7.839,6.347
E01009784,2.397,3.647
E01009785,6.63,5.716
E01009786,8.617,10.165
E01009787,3.501,4.189
E01009788,8.682,8.101
E01009789,5.003,5.125
E01009790,8.673,8.24
E01009791,6.892,6.08
E01009792,7.075,6.474
E01009793,3.821,4.45
E01009794,5.89,5.475
E01009795,7.363,6.756
E01009796,5.828,5.119
E01009797,6.677,5.754
E01009798,5.64,4.413
E01009799,5.21,5.223
E01009800,5.68,4.302
E01009801,5.469,5.051
E01009802,5.93,5.47
E01009803,3.617,2.769
E01009804,3.087,4.766
E01009805,4.422,4.782
E01009806,5.169,4.697
E01009807,4.053,3.314
E01009808,3.581,3.676
E01009809,10.319,10.796
E01009810,5.859,5.82
E01009811,4.622,4.791
E01009812,4.118,4.509
E01009813,6.25,6.12
E01009814,6.922,4.528
E01009815,3.472,2.909
E01009816,5.227,4.094
E01009817,5.066,3.84
E01009818,7.287,8.157
E01009819,3.269,4.214
E01009820,7.429,6.079
E01009821,4.071,6.068
E01009822,5.12,5.451
E01009823,3.926,4.061
E01009824,8.92,5.166
E01009825,7.596,7.093
E01009826,6.127,4.762
E01009827,3.188,2.957
E01009828,6.313,7.823
E01009829,4.719,3.418
E01009830,4.978,4.644
E01009831,8.373,9.059
E01009832,8.545,6.839
E01009833,6.394,5.627
E01009834,7.975,6.163
E01009835,5.182,4.928
E01009836,10.796,7.888
E01009837,7.357,6.675
E01009838,6.175,6.139
E01009839,8.505,6.315
E01009840,7.317,5.762
E01009841,9.969,9.217
E01009842,10.071,9.387
E01009843,6.628,6.922
E01009844,8.606,7.04
E01009845,2.893,3.419
E01009846,5.295,5.214
E01009847,5.734,6.974
E01009848,5.385,6.047
E01009849,6.749,7.048
E01009850,4.189,3.859
E01009851,5.702,3.939
E01009852,4.22,4.391
E01009853,4.542,5.095
E01009854,3.327,3.258
E01009855,3.86,3.146
E01009856,6.657,7.532
E01009857,6.944,5.983
E01009858,5.304,5.902
E01009859,2.413,3.511
E01009860,3.653,4.064
E01009861,6.714,6.406
E01009862,5.856,8.063
E01009863,5.477,5.023
E01009864,6.112,5.879
E01009865,8.719,8.154
E01009866,6.84,7.16
E01009867,6.92,5.058
E01009868,8.077,6.421
E01009869,4.528,4.376
E01009870,5.068,7.51
E01009871,6.399,6.74
E01009872,7.338,6.065
E01009873,7.687,6.827
E01009874,8.854,8.142
E01009875,8.846,8.511
E01009876,7.554,6.216
E01009877,9.004,7.957
E01009878,6.624,3.796
E01009879,6.393,6.213
E01009880,5.24,4.294
E01009881,10.929,7.431
E01009882,6.078,6.913
E01009883,9.064,5.943
E01009884,7.494,8.112
E01009885,10.25,7.258
E01009886,12.374,13.095
E01009887,8.357,6.793
E01009888,6.44,4.98
E01009889,9.793,5.468
E01009890,8.151,6.165
E01009891,7.924,7.552
E01009892,9.881,8.216
E01009893,9.091,7.858
E01009894,5.976,6.243
E01009895,7.889,5.797
E01009896,4.913,5.041
E01009897,4.536,5.256
E01009898,5.958,5.041
E01009899,5.432,5.431
E01009900,5.943,4.441
E01009901,5.082,6.911
E01009902,3.388,4.38
E01009903,3.772,3.852
E01009904,6.082,3.231
E01009905,3.312,4.832
E01009906,7.588,8.314
E01009907,4.768,4.592
E01009908,3.329,3.756
E01009909,7.342,7.173
E01009910,6.713,7.111
E01009911,5.465,5.849
E01009912,3.747,2.425
E01009913,8.355,7.995
E01009914,4.899,5.232
E01009915,7.96,5.575
E01009916,5.546,4.448
E01009917,5.292,4.641
E01009918,8.287,7.622
E01009919,5.403,5.36
E01009920,4.684,3.803
E01009921,3.8,3.93
E01009922,5.604,6.3
E01009923,6.224,5.859
E01009924,4.655,4.099
E01009925,2.446,4.467
E01009926,4.671,3.762
E01009927,4.284,4.425
E01009928,5.969,4.855
E01009929,9.075,8.904
E01009930,8.087,6.941
E01009931,4.773,4.935
E01009932,9.817,10.868
E01009933,6.76,7.865
E01009934,7.216,7.39
E01009935,10.699,7.176
E01009936,6.716,6.551
E01009937,9.56,8.578
E01009938,8.162,6.921
E01009939,5.281,6.217
E01009940,8.932,6.437
E01009941,8.322,7.346
E01009942,9.102,7.754
E01009943,9.585,9.644
E01009944,9.448,8.667
E01009946,6.001,4.807
E01009947,6.35,5.144
E01009948,4.62,4.752
E01009949,5.118,4.467
E01009950,7.419,5.646
E01009951,6.642,7.404
E01009952,8.507,9.291
E01009953,9.785,7.02
E01009954,11.341,8.045
E01009955,10.264,8.978
E01009956,7.447,6.999
E01009957,7.901,9.233
E01009958,4.896,4.428
E01009959,4.172,4.685
E01009960,10.915,8.46
E01009961,5.17,5.386
E01009962,10.554,10.712
E01009963,8.166,8.759
E01009964,8.465,8.41
E01009965,8.598,8.493
E01009966,8.546,7.673
E01009967,8.522,5.951
E01009968,5.846,5.081
E01009969,6.43,5.224
E01009970,8.144,5.286
E01009971,6.988,6.846
E01009972,5.063,4.221
E01009973,5.371,4.704
E01009974,4.893,5.711
E01009975,5.244,5.148
E01009976,4.502,3.242
E01009977,7.033,5.58
E01009978,10.196,8.378
E01009979,12.876,10.142
E01009980,8.06,9.548
E01009981,9.85,8.511
E01009982,7.687,6.049
E01009983,10.137,9.279
E01009985,9.889,8.971
E01009986,7.974,6.599
E01009987,10.624,11.792
E01009988,10.18,6.466
E01009989,8.815,6.67
E01009991,7.849,6.404
E01009992,7.643,6.042
E01009993,8.902,9.217
E01009994,8.479,7.336
E01009995,7.275,6.161
E01009996,10.576,9.158
E01009997,8.997,8.153
E01009998,8.24,7.416
E01009999,6.318,6.306
E01010000,7.316,7.245
E01010001,9.639,7.191
E01010002,5.161,4.231
E01010003,9.807,9.353
E01010004,8.28,9.572
E01010005,5.364,4.93
E01010006,5.687,5.36
E01010007,6.323,5.102
E01010008,7.305,6.007
E01010009,5.973,4.621
E01010010,8.197,6.667
E01010011,4.073,5.524
E01010012,3.857,3.758
E01010013,5.052,3.961
E01010014,6.066,5.801
E01010015,6.88,4.532
E01010016,5.351,6.196
E01010017,10.185,8.194
E01010018,6.141,4.547
E01010019,5.842,4.748
E01010020,9.221,6.247
E01010021,7.0,5.331
E01010022,5.419,4.707
E01010023,5.936,5.027
E01010024,3.966,4.419
E01010025,10.026,9.17
E01010026,6.485,6.609
E01010027,5.332,4.138
E01010028,9.039,8.244
E01010029,10.579,8.545
E01010030,11.296,7.772
E01010031,9.387,8.938
E01010032,7.735,8.283
E01010033,9.227,9.994
E01010034,3.977,5.178
E01010035,6.798,6.917
E01010036,4.724,5.953
E01010037,8.933,6.972
E01010038,8.385,8.009
E01010039,9.17,5.158
E01010040,6.368,6.671
E01010041,8.757,8.362
E01010042,8.954,8.689
E01010043,5.806,5.635
E01010044,7.312,5.243
E01010045,7.129,7.063
E01010046,6.531,5.066
E01010047,7.959,5.256
E01010048,7.747,4.169
E01010049,9.544,6.581
E01010050,7.364,6.613
E01010051,7.955,5.204
E01010052,7.73,6.55
E01010053,8.815,5.551
E01010054,13.589,11.074
E01010055,5.009,4.208
E01010056,8.562,6.84
E01010057,9.618,8.389
E01010058,8.41,6.921
E01010059,5.815,5.24
E01010060,8.976,5.766
E01010061,7.166,3.918
E01010062,12.923,7.544
E01010063,9.464,5.174
E01010064,8.944,4.7
E01010065,4.981,4.294
E01010066,11.682,9.953
E01010067,8.312,9.137
E01010068,9.902,8.137
E01010069,5.131,4.005
E01010070,8.055,7.336
E01010071,7.986,6.508
E01010072,5.371,5.359
E01010073,7.057,6.55
E01010074,8.694,5.915
E01010075,4.664,4.46
E01010076,10.878,8.571
E01010077,8.818,8.292
E01010078,8.0,5.405
E01010079,4.531,4.354
E01010080,6.414,6.288
E01010081,4.417,4.607
E01010082,4.472,4.059
E01010083,6.397,6.1
E01010084,9.819,5.26
E01010085,8.281,8.324
E01010086,7.807,7.496
E01010087,9.371,6.963
E01010088,8.016,7.236
E01010089,6.909,7.619
E01010090,8.744,7.005
E01010091,9.103,7.981
E01010092,8.862,7.725
E01010093,8.402,8.287
E01010094,6.485,5.251
E01010095,6.802,5.778
E01010096,13.049,10.44
E01010097,11.382,8.403
E01010098,11.974,9.873
E01010099,8.068,5.986
E01010100,6.977,5.856
E01010101,11.152,7.823
E01010102,10.091,6.798
E01010103,8.884,7.431
E01010104,10.274,10.194
E01010105,6.271,6.11
E01010106,7.964,5.64
E01010107,7.653,7.956
E01010108,3.289,2.538
E01010109,3.664,3.185
E01010110,4.684,4.642
E01010111,9.966,8.846
E01010112,5.92,6.709
E01010113,8.559,7.988
E01010114,5.191,4.334
E01010115,5.207,4.311
E01010116,2.863,3.059
E01010117,5.411,4.261
E01010118,5.504,5.936
E01010119,4.781,3.444
E01010120,6.419,8.134
E01010121,5.862,4.224
E01010122,7.029,3.997
E01010123,6.056,4.749
E01010124,4.915,3.95
E01010125,11.538,9.081
E01010126,7.834,7.904
E01010127,5.956,6.267
E01010128,9.097,8.094
E01010129,10.554,8.374
E01010130,8.739,12.804
E01010131,8.387,10.887
E01010132,5.447,5.117
E01010133,6.443,4.703
E01010134,6.171,4.401
E01010135,6.075,5.45
E01010136,2.726,3.061
E01010137,10.137,10.488
E01010138,5.286,4.27
E01010139,7.394,7.366
E01010140,8.289,10.321
E01010141,9.024,8.779
E01010142,8.374,8.92
E01010143,8.708,7.955
E01010144,8.932,7.292
E01010145,7.662,5.191
E01010146,6.188,6.69
E01010147,6.699,6.933
E01010148,8.301,8.134
E01010149,6.51,6.368
E01010150,3.015,3.202
E01010151,4.956,5.318
E01010152,2.032,2.315
E01010153,3.238,2.974
E01010154,5.345,4.822
E01010155,3.92,3.726
E01010156,2.375,2.807
E01010157,3.107,3.688
E01010158,9.451,9.441
E01010159,5.591,5.089
E01010160,6.038,4.503
E01010161,4.59,4.577
E01010162,5.552,5.666
E01010163,3.754,4.013
E01010164,4.096,4.315
E01010165,8.486,6.811
E01010166,4.127,3.723
E01010167,4.74,4.046
E01010168,4.009,3.652
E01010169,3.021,2.267
E01010170,2.1,2.362
E01010171,4.092,7.113
E01010172,3.497,2.982
E01010173,2.274,1.964
E01010174,4.284,4.268
E01010175,4.267,4.482
E01010176,3.326,4.765
E01010177,6.37,6.935
E01010178,8.861,9.722
E01010179,5.492,4.828
E01010180,2.758,4.061
E01010181,2.922,2.513
E01010183,2.79,2.324
E01010184,4.619,5.417
E01010185,1.991,3.089
E01010186,3.38,2.905
E01010187,1.319,1.752
E01010188,2.69,2.922
E01010189,3.18,3.008
E01010190,2.473,2.177
E01010191,3.471,3.099
E01010192,5.043,5.281
E01010193,1.744,1.364
E01010194,1.827,1.734
E01010195,2.513,2.381
E01010196,2.448,2.279
E01010197,2.983,2.134
E01010198,4.798,3.494
E01010199,3.918,2.958
E01010200,9.245,7.873
E01010201,2.966,3.793
E01010202,3.318,2.267
E01010203,4.501,3.78
E01010204,7.692,7.383
E01010205,3.684,2.493
E01010206,3.489,3.275
E01010207,3.793,4.934
E01010208,4.56,5.143
E01010209,3.089,3.988
E01010210,3.694,3.009
E01010211,8.488,9.521
E01010212,4.44,3.093
E01010213,9.765,7.892
E01010214,2.547,2.418
E01010215,3.574,3.711
E01010216,2.493,2.686
E01010217,4.545,2.985
E01010218,9.16,8.427
E01010219,5.109,4.592
E01010220,3.335,2.936
E01010221,5.285,3.634
E01010222,4.395,4.545
E01010223,5.116,4.88
E01010225,4.963,2.436
E01010226,7.481,7.069
E01010227,4.495,4.189
E01010228,3.851,4.588
E01010229,3.414,3.317
E01010230,6.574,4.167
E01010231,2.757,2.932
E01010232,5.086,4.595
E01010233,5.996,6.485
E01010234,9.306,7.803
E01010235,7.559,7.442
E01010236,6.944,7.811
E01010237,7.245,7.419
E01010238,8.452,7.908
E01010239,7.589,8.371
E01010240,7.571,7.565
E01010241,6.129,6.373
E01010242,9.366,9.78
E01010243,6.287,6.994
E01010244,7.626,7.55
E01010245,5.84,3.894
E01010246,3.574,4.838
E01010247,5.666,5.383
E01010248,4.212,4.361
E01010249,5.13,6.367
E01010250,8.217,6.505
E01010251,3.187,3.696
E01010252,7.074,7.091
E01010253,9.252,7.243
E01010254,8.451,7.221
E01010255,5.011,5.957
E01010256,5.821,6.117
E01010257,3.941,4.007
E01010258,9.737,9.458
E01010259,8.634,6.47
E01010260,9.097,7.479
E01010261,8.266,7.475
E01010262,6.562,6.737
E01010263,5.75,5.82
E01010264,9.611,7.199
E01010265,7.555,7.28
E01010266,7.296,8.049
E01010267,6.901,6.332
E01010268,5.945,6.566
E01010269,6.651,5.749
E01010270,8.418,7.057
E01010271,7.931,8.992
E01010272,9.289,8.997
E01010273,8.209,10.1
E01010274,9.183,9.051
E01010275,10.053,9.36
E01010277,8.101,7.082
E01010279,8.934,6.987
E01010282,6.606,7.561
E01010283,7.49,7.117
E01010284,9.514,8.512
E01010285,8.566,6.253
E01010286,9.924,9.798
E01010287,9.697,9.054
E01010288,11.652,9.235
E01010289,9.74,9.1
E01010290,8.698,7.623
E01010291,7.757,7.848
E01010292,10.919,8.568
E01010293,10.854,10.767
E01010294,10.478,9.121
E01010295,11.126,10.415
E01010296,2.801,3.299
E01010297,4.031,2.695
E01010298,7.167,6.885
E01010299,9.119,6.574
E01010300,12.123,10.281
E01010301,8.649,10.366
E01010302,9.72,8.127
E01010303,7.463,7.183
E01010304,7.494,5.931
E01010305,7.595,6.498
E01010306,5.861,4.121
E01010307,3.672,3.697
E01010308,12.161,11.173
E01010309,7.143,6.67
E01010310,9.886,5.812
E01010311,8.318,5.806
E01010312,8.014,7.414
E01010313,9.338,7.531
E01010314,11.047,9.598
E01010315,7.704,5.837
E01010316,9.123,9.043
E01010317,4.562,4.353
E01010318,7.857,8.733
E01010319,4.066,4.549
E01010320,8.718,9.193
E01010321,8.6,7.558
E01010322,6.549,5.655
E01010323,9.011,7.889
E01010324,6.594,5.601
E01010325,5.075,6.497
E01010326,5.18,4.702
E01010327,5.647,5.848
E01010328,4.28,4.262
E01010329,5.535,4.127
E01010330,5.436,5.409
E01010331,5.054,4.353
E01010332,5.309,3.694
E01010333,4.957,4.723
E01010334,4.228,3.866
E01010335,7.197,7.645
E01010336,7.787,5.701
E01010337,6.901,5.878
E01010338,8.839,6.041
E01010339,6.332,4.915
E01010340,8.869,8.386
E01010341,7.881,5.638
E01010342,5.897,5.577
E01010343,6.671,6.188
E01010344,8.397,7.663
E01010345,6.47,6.506
E01010346,4.379,4.279
E01010347,8.684,8.82
E01010348,6.935,5.976
E01010349,8.975,10.184
E01010350,5.468,5.379
E01010351,6.529,6.601
E01010352,5.453,6.729
E01010353,9.035,7.507
E01010354,8.409,7.203
E01010355,5.802,5.587
E01010356,6.383,4.99
E01010357,4.497,3.616
E01010358,6.553,5.14
E01010359,4.278,5.581
E01010360,5.249,4.583
E01010361,7.228,6.0
E01010362,7.679,7.249
E01010363,6.995,7.962
E01010364,7.958,6.721
E01010365,8.489,6.356
E01010366,8.92,7.292
E01010367,9.861,7.322
E01010368,8.99,10.064
E01010369,8.47,8.84
E01010370,6.765,6.172
E01010371,8.808,6.613
E01010372,9.102,7.16
E01010373,5.161,3.228
E01010374,8.462,5.687
E01010375,5.888,5.592
E01010376,4.179,3.915
E01010377,7.369,5.522
E01010378,5.63,5.607
E01010379,6.344,6.304
E01010380,8.173,7.293
E01010381,6.258,6.569
E01010382,9.091,7.133
E01010383,9.353,9.232
E01010384,3.219,3.088
E01010385,3.974,2.836
E01010386,4.361,3.623
E01010387,4.334,3.535
E01010388,3.814,4.752
E01010389,5.313,3.93
E01010390,3.588,4.073
E01010391,4.435,3.865
E01010392,4.771,4.068
E01010393,7.749,6.812
E01010394,4.489,4.303
E01010395,4.07,3.627
E01010396,6.492,6.488
E01010397,7.609,7.407
E01010398,3.874,4.824
E01010399,4.93,4.731
E01010400,9.448,8.349
E01010401,8.339,6.98
E01010402,6.162,5.657
E01010403,7.192,6.196
E01010404,7.442,7.647
E01010405,7.546,5.498
E01010406,7.462,6.381
E01010407,7.6,6.709
E01010408,7.235,5.732
E01010409,7.928,6.908
E01010410,9.461,6.291
E01010411,7.757,5.648
E01010412,7.318,6.443
E01010413,10.643,9.459
E01010414,11.366,8.495
E01010415,6.959,6.326
E01010416,10.45,9.398
E01010417,9.57,8.446
E01010418,5.202,3.957
E01010419,7.446,7.171
E01010420,8.012,6.264
E01010421,10.543,8.735
E01010422,7.91,7.651
E01010423,9.601,9.272
E01010424,6.016,5.652
E01010425,7.624,7.937
E01010426,6.412,5.797
E01010427,8.829,10.581
E01010428,7.341,6.087
E01010429,7.519,7.353
E01010430,7.602,5.972
E01010431,6.351,5.527
E01010432,7.179,4.849
E01010433,10.522,6.395
E01010434,8.14,7.81
E01010435,7.117,5.197
E01010436,4.735,4.466
E01010437,3.181,3.382
E01010438,5.39,5.749
E01010439,7.912,8.484
E01010440,11.603,10.741
E01010441,8.96,9.359
E01010442,9.272,7.215
E01010443,7.656,6.572
E01010444,9.545,8.556
E01010445,9.832,7.317
E01010446,8.65,8.333
E01010447,9.291,8.112
E01010448,10.34,11.57
E01010449,5.74,5.217
E01010450,14.672,7.546
E01010451,6.278,5.312
E01010452,7.796,7.052
E01010453,6.753,4.202
E01010454,8.007,7.319
E01010455,7.793,5.711
E01010456,6.603,7.873
E01010457,6.886,6.293
E01010458,7.172,7.697
E01010459,5.688,6.52
E01010460,5.76,4.101
E01010461,5.654,4.898
E01010462,9.653,9.929
E01010463,7.951,7.291
E01010464,10.576,8.364
E01010465,6.216,5.983
E01010466,7.172,5.152
E01010467,8.69,5.944
E01010468,6.8,6.234
E01010469,4.43,4.765
E01010470,7.386,7.031
E01010471,8.144,7.496
E01010472,7.493,5.358
E01010473,8.096,8.622
E01010474,9.723,8.077
E01010475,7.138,6.928
E01010476,7.529,6.186
E01010477,6.506,5.742
E01010478,5.878,5.017
E01010479,7.283,5.709
E01010480,5.63,3.937
E01010481,7.712,7.902
E01010482,8.673,7.666
E01010483,8.659,6.941
E01010484,7.179,7.932
E01010485,9.227,6.524
E01010486,7.215,7.333
E01010487,4.402,3.679
E01010488,8.357,7.524
E01010489,8.083,6.475
E01010490,11.111,8.455
E01010491,7.442,6.33
E01010492,3.358,3.281
E01010493,4.159,3.37
E01010494,3.975,2.342
E01010495,8.1,7.842
E01010496,8.134,8.943
E01010497,3.468,3.774
E01010498,3.648,4.644
E01010499,6.813,5.506
E01010500,5.72,5.898
E01010501,6.922,6.51
E01010502,5.162,5.134
E01010503,6.161,8.307
E01010504,7.642,5.815
E01010505,3.876,4.036
E01010506,6.45,5.727
E01010507,6.178,5.62
E01010508,8.068,7.745
E01010509,7.578,6.266
E01010510,5.349,6.593
E01010511,7.385,4.858
E01010512,8.732,6.567
E01010513,5.098,6.266
E01010514,3.202,2.606
E01010515,3.907,3.73
E01010516,4.083,4.135
E01010517,4.599,5.738
E01010518,5.176,5.037
E01010519,6.429,7.558
E01010520,5.768,4.405
E01010521,4.162,3.687
E01010522,6.942,5.705
E01010523,6.486,5.159
E01010524,8.078,6.023
E01010525,6.962,4.432
E01010526,6.321,4.634
E01010527,8.324,7.045
E01010528,5.043,4.413
E01010529,6.304,5.381
E01010530,5.789,4.281
E01010531,7.662,7.964
E01010532,9.437,8.96
E01010533,7.438,6.987
E01010534,4.774,4.857
E01010535,8.376,7.79
E01010536,6.869,5.308
E01010537,6.635,6.301
E01010538,6.532,7.239
E01010539,4.994,3.185
E01010540,5.821,4.175
E01010541,7.803,8.315
E01010542,4.715,4.934
E01010543,6.556,7.41
E01010544,4.876,4.494
E01010545,3.885,4.702
E01010546,6.719,4.392
E01010547,4.746,6.653
E01010548,9.117,8.641
E01010549,6.337,4.944
E01010550,3.135,3.927
E01010551,4.791,4.342
E01010552,6.714,5.999
E01010553,5.796,4.956
E01010554,7.692,7.528
E01010555,10.674,8.528
E01010556,7.968,6.868
E01010557,7.361,4.785
E01010558,8.585,6.838
E01010559,9.561,9.494
E01010560,10.299,9.181
E01010561,5.549,3.939
E01010562,7.933,7.642
E01010563,9.109,8.108
E01010564,6.509,4.805
E01010565,5.246,4.49
E01010566,9.248,8.302
E01010567,10.199,7.395
E01010568,5.107,5.003
E01010569,8.586,8.2
E01010570,2.195,4.409
E01010571,5.397,5.401
E01010572,4.69,3.237
E01010573,3.311,3.876
E01010574,5.571,5.477
E01010575,4.077,4.444
E01010576,3.816,4.222
E01010577,2.889,2.771
E01010578,3.723,8.416
E01010579,4.257,3.181
E01010580,2.721,4.813
E01010581,3.262,3.837
E01010582,2.578,5.452
E01010583,6.543,6.032
E01010584,5.61,7.636
E01010585,5.821,5.174
E01010586,2.875,3.059
E01010587,2.851,3.157
E01010588,4.685,5.174
E01010589,2.968,3.321
E01010590,2.728,3.318
E01010591,5.577,8.025
E01010592,5.479,4.856
E01010593,5.995,5.421
E01010594,4.97,4.556
E01010595,4.836,6.504
E01010596,3.625,4.688
E01010597,5.797,5.574
E01010598,4.34,4.665
E01010599,4.869,4.727
E01010600,5.304,6.418
E01010601,3.819,4.915
E01010602,5.358,4.84
E01010603,5.164,5.662
E01010604,5.362,4.611
E01010605,6.23,8.75
E01010606,7.708,8.611
E01010607,5.743,7.922
E01010608,5.255,7.073
E01010609,6.939,7.797
E01010610,9.663,8.588
E01010611,7.647,6.604
E01010612,9.296,6.837
E01010613,8.531,8.836
E01010614,6.463,7.201
E01010615,5.497,7.445
E01010616,7.907,7.601
E01010617,12.758,10.309
E01010618,7.864,6.215
E01010619,6.518,5.054
E01010620,9.584,8.155
E01010621,5.652,5.479
E01010622,6.117,7.61
E01010623,9.037,10.312
E01010624,7.124,8.065
E01010625,9.936,7.696
E01010626,6.222,6.396
E01010627,6.796,5.596
E01010628,7.412,6.193
E01010629,3.89,5.933
E01010630,8.64,5.667
E01010631,9.456,7.547
E01010632,7.399,7.737
E01010633,4.734,5.382
E01010634,4.368,5.672
E01010635,10.117,11.849
E01010636,4.382,4.938
E01010637,2.708,3.463
E01010638,4.99,4.193
E01010639,5.505,4.208
E01010640,3.548,4.042
E01010641,7.199,8.218
E01010642,4.082,3.895
E01010643,6.535,6.444
E01010644,6.134,3.549
E01010645,5.157,3.938
E01010646,3.033,2.522
E01010647,3.483,4.356
E01010648,2.955,4.206
E01010649,6.308,5.907
E01010650,6.132,7.011
E01010651,4.339,4.79
E01010652,7.336,6.803
E01010653,7.379,7.833
E01010654,10.229,7.009
E01010655,5.187,7.238
E01010656,5.242,5.837
E01010657,3.567,5.139
E01010658,6.285,5.637
E01010659,7.143,7.924
E01010662,5.451,5.597
E01010663,7.861,7.337
E01010664,4.728,5.772
E01010665,4.756,5.573
E01010666,9.865,12.507
E01010667,4.86,5.961
E01010668,5.162,4.025
E01010669,5.274,5.334
E01010670,6.592,4.452
E01010671,5.903,5.536
E01010672,2.844,3.64
E01010673,5.231,7.034
E01010674,6.515,5.15
E01010675,8.342,5.246
E01010676,6.683,6.198
E01010677,6.435,5.449
E01010678,6.32,7.324
E01010679,7.675,7.37
E01010680,8.549,7.937
E01010681,2.671,2.463
E01010682,8.621,8.869
E01010683,2.356,2.262
E01010684,4.859,4.244
E01010685,3.386,5.357
E01010686,5.071,5.071
E01010687,2.752,3.163
E01010688,5.213,5.681
E01010689,3.184,3.736
E01010690,5.255,6.025
E01010691,3.338,2.855
E01010692,4.453,5.582
E01010693,3.873,3.047
E01010694,5.647,3.24
E01010695,4.868,5.344
E01010696,2.519,2.235
E01010697,3.564,4.486
E01010698,2.821,4.602
E01010699,4.838,5.612
E01010700,6.458,4.44
E01010701,7.395,6.915
E01010702,5.501,6.359
E01010703,6.273,5.95
E01010704,5.544,5.445
E01010705,6.651,4.897
E01010706,2.932,4.156
E01010707,4.147,3.659
E01010708,3.986,3.407
E01010709,3.417,2.871
E01010710,9.331,8.55
E01010711,12.919,12.117
E01010712,4.065,4.348
E01010713,7.259,7.53
E01010714,4.594,5.568
E01010715,7.08,6.385
E01010716,5.952,7.286
E01010717,4.296,5.009
E01010718,7.77,7.784
E01010719,7.728,5.532
E01010720,8.275,9.217
E01010721,8.483,6.66
E01010722,5.492,5.244
E01010723,4.833,5.44
E01010724,5.992,7.864
E01010725,5.595,6.132
E01010726,4.153,4.558
E01010727,5.995,6.268
E01010728,5.556,6.86
E01010729,9.357,5.165
E01010730,12.117,11.111
E01010731,6.731,7.926
E01010732,7.454,6.815
E01010733,9.761,10.0
E01010734,5.273,6.057
E01010735,7.489,8.009
E01010736,5.71,4.91
E01010737,9.573,7.5
E01010738,5.266,6.153
E01010739,8.44,6.651
E01010740,6.443,5.726
E01010741,4.573,5.71
E01010742,6.64,5.396
E01010743,8.035,9.97
E01010744,5.425,5.697
E01010745,6.578,6.006
E01010746,5.467,4.018
E01010747,6.877,5.791
E01010748,9.29,8.747
E01010749,7.515,9.118
E01010750,5.133,4.399
E01010751,7.886,8.363
E01010752,5.713,5.694
E01010753,4.802,5.851
E01010754,4.107,5.777
E01010755,7.173,5.533
E01010756,5.277,5.219
E01010758,3.256,2.32
E01010759,7.22,7.386
E01010760,4.886,3.337
E01010761,6.597,6.418
E01010762,3.639,5.4
E01010763,7.12,5.343
E01010764,2.871,2.585
E01010765,5.074,5.575
E01010766,2.458,2.881
E01010767,5.379,4.075
E01010768,1.025,1.784
E01010769,4.813,5.105
E01010770,1.166,1.699
E01010771,2.302,3.025
E01010772,2.756,2.206
E01010773,2.857,3.389
E01010774,3.461,3.383
E01010775,4.543,3.656
E01010776,5.949,6.087
E01010777,8.974,9.245
E01010778,5.704,5.839
E01010779,8.099,7.664
E01010781,3.464,5.687
E01010782,7.556,7.644
E01010783,5.92,5.407
E01010784,5.653,5.89
E01010785,3.827,4.461
E01010786,6.472,4.921
E01010787,5.28,4.545
E01010788,4.582,4.089
E01010789,5.447,6.71
E01010790,4.124,2.939
E01010791,5.152,5.519
E01010792,5.917,6.486
E01010793,5.428,5.092
E01010794,8.065,7.01
E01010795,4.009,4.491
E01010796,8.647,7.333
E01010797,2.845,2.97
E01010798,4.23,6.325
E01010799,5.007,6.884
E01010800,8.528,9.111
E01010801,3.768,5.58
E01010802,6.75,7.226
E01010803,6.855,6.211
E01010804,6.309,6.195
E01010805,5.424,6.141
E01010806,8.412,6.421
E01010807,8.118,9.114
E01010808,6.066,5.91
E01010809,8.233,7.425
E01010810,5.596,5.861
E01010811,5.813,6.183
E01010812,6.36,6.654
E01010813,6.35,8.136
E01010814,8.717,9.846
E01010815,5.757,4.94
E01010816,4.859,4.336
E01010817,8.966,7.551
E01010818,5.334,4.381
E01010819,11.125,12.032
E01010820,10.885,11.486
E01010821,7.527,7.258
E01010822,9.773,9.655
E01010824,8.526,7.247
E01010825,4.532,3.964
E01010826,7.766,6.093
E01010827,4.387,5.452
E01010828,7.081,7.444
E01010829,9.455,7.497
E01010830,6.59,6.047
E01010831,6.366,6.193
E01010832,6.4,4.854
E01010833,8.358,8.386
E01010834,2.365,5.645
E01010835,6.758,6.517
E01010836,4.891,5.558
E01010837,6.993,6.025
E01010838,5.625,6.227
E01010839,6.01,8.794
E01010840,12.62,10.027
E01010841,8.484,6.925
E01010842,8.329,7.335
E01010843,8.329,8.215
E01010845,9.109,9.026
E01010846,5.209,6.227
E01010847,5.193,5.556
E01010848,5.12,6.12
E01010849,4.899,5.075
E01010850,6.227,7.256
E01010851,4.29,4.424
E01010852,7.465,6.541
E01010853,4.377,5.168
E01010854,4.328,6.279
E01010855,3.932,4.966
E01010856,7.683,6.419
E01010857,4.241,3.532
E01010858,3.346,2.675
E01010859,3.091,4.137
E01010860,2.647,3.192
E01010861,3.484,3.957
E01010862,4.577,3.672
E01010863,3.389,3.892
E01010864,6.212,7.99
E01010865,5.315,5.893
E01010866,5.076,4.841
E01010867,4.7,4.442
E01010868,7.303,7.822
E01010869,7.792,6.42
E01010870,5.456,5.563
E01010871,6.168,5.831
E01010872,7.314,7.511
E01010873,4.739,5.233
E01010874,11.694,10.066
E01010875,4.498,3.649
E01010876,3.501,5.365
E01010877,6.557,6.08
E01010878,5.296,6.465
E01010879,4.089,5.231
E01010880,11.134,10.584
E01010881,4.903,4.911
E01010882,5.939,7.343
E01010883,3.718,4.003
E01010884,7.303,8.302
E01010885,4.825,4.428
E01010886,7.008,5.615
E01010887,3.853,4.098
E01010888,5.683,6.263
E01010889,7.865,8.979
E01010890,6.306,5.471
E01010891,7.945,7.898
E01010892,3.256,3.524
E01010893,4.718,6.427
E01010894,5.576,6.48
E01010895,7.917,6.218
E01010896,4.054,3.013
E01010897,3.112,3.563
E01010898,4.543,5.173
E01010899,4.901,4.996
E01010900,4.138,2.773
E01010901,4.779,4.343
E01010902,6.807,6.266
E01010903,5.759,5.378
E01010904,3.728,3.335
E01010905,3.378,2.819
E01010906,2.055,2.733
E01010907,2.577,3.053
E01010908,4.219,3.885
E01010909,5.457,4.919
E01010910,7.608,8.939
E01010911,2.919,3.331
E01010912,6.62,7.19
E01010913,5.144,6.023
E01010914,6.898,6.753
E01010915,4.969,4.97
E01010916,7.989,7.391
E01010917,3.969,4.594
E01010918,3.835,3.827
E01010919,7.605,7.62
E01010920,3.713,3.877
E01010921,5.61,6.354
E01010922,3.715,3.306
E01010923,4.56,5.253
E01010924,12.057,12.523
E01010925,6.41,6.026
E01010926,5.769,9.302
E01010927,4.587,4.503
E01010928,8.41,7.692
E01010929,3.715,4.943
E01010930,7.043,7.857
E01010931,4.765,4.574
E01010932,3.555,4.903
E01010933,3.549,4.0
E01010934,4.677,5.166
E01010935,3.974,3.994
E01010936,2.3,3.123
E01010937,4.744,3.803
E01010938,7.428,8.667
E01010939,5.04,4.461
E01010940,5.567,6.887
E01010941,6.018,8.405
E01010942,7.788,8.999
E01010943,7.157,8.215
E01010944,8.339,9.527
E01010945,4.821,5.045
E01010946,3.481,2.868
E01010947,2.819,3.844
E01010948,7.926,8.062
E01010949,5.761,7.134
E01010950,7.986,6.323
E01010951,5.692,5.556
E01010952,3.687,4.465
E01010953,2.181,3.254
E01010954,2.177,1.808
E01010955,2.787,2.564
E01010956,3.704,3.309
E01010957,3.3,3.779
E01010958,9.925,10.666
E01010959,6.194,6.899
E01010960,8.333,6.978
E01010961,5.933,5.281
E01010964,7.551,8.782
E01010965,10.93,12.152
E01010966,7.688,7.719
E01010967,8.112,10.251
E01010968,5.431,3.964
E01010969,3.064,3.011
E01010970,3.639,5.473
E01010971,3.095,2.626
E01010972,3.578,3.534
E01010973,5.499,4.639
E01010974,7.283,7.049
E01010975,6.915,5.303
E01010976,4.794,4.118
E01010977,4.224,3.651
E01010978,4.528,4.037
E01010979,8.526,9.4
E01010980,5.937,5.013
E01010981,4.212,5.556
E01010982,5.614,4.124
E01010983,8.385,11.714
E01010984,6.216,5.735
E01010985,6.003,5.878
E01010986,6.982,7.184
E01010987,7.538,7.449
E01010988,8.48,8.275
E01010989,6.662,6.254
E01010990,4.707,5.237
E01010991,5.013,4.222
E01010992,3.803,4.854
E01010993,6.584,6.388
E01010994,11.697,8.323
E01010995,8.142,6.613
E01010996,7.611,8.372
E01010997,4.192,4.615
E01010998,5.276,5.668
E01010999,3.939,4.507
E01011000,4.66,5.47
E01011001,5.854,6.046
E01011002,4.756,5.04
E01011003,7.084,5.867
E01011004,11.372,11.103
E01011005,6.903,5.438
E01011006,5.171,5.645
E01011007,4.778,4.338
E01011008,3.256,4.683
E01011009,6.194,5.345
E01011010,6.807,6.949
E01011011,5.266,5.203
E01011012,4.676,5.57
E01011013,5.246,6.039
E01011014,5.932,6.654
E01011015,9.956,10.065
E01011016,6.68,5.862
E01011017,7.885,8.279
E01011018,6.948,6.308
E01011019,5.718,7.317
E01011020,8.457,6.318
E01011021,3.226,3.338
E01011022,4.693,3.376
E01011023,5.09,4.038
E01011024,5.335,5.783
E01011025,5.541,7.129
E01011026,6.49,5.146
E01011027,5.644,4.431
E01011028,7.968,6.436
E01011029,9.198,9.572
E01011030,6.144,7.195
E01011031,4.425,3.717
E01011032,6.897,5.662
E01011033,5.991,5.162
E01011034,7.366,7.756
E01011035,7.181,7.055
E01011036,7.87,7.05
E01011037,4.99,5.347
E01011038,9.632,7.804
E01011039,7.246,6.6
E01011040,5.162,6.279
E01011041,6.433,7.175
E01011042,4.843,5.518
E01011043,7.417,5.234
E01011044,5.772,4.25
E01011045,11.123,7.755
E01011046,3.078,3.069
E01011047,4.519,5.288
E01011048,10.189,7.571
E01011049,5.353,4.566
E01011050,4.211,4.312
E01011051,3.129,3.62
E01011052,4.994,5.077
E01011053,4.81,4.092
E01011054,4.549,3.88
E01011055,4.035,4.141
E01011056,3.776,3.333
E01011057,5.421,4.136
E01011058,4.355,4.909
E01011059,6.43,6.879
E01011060,9.605,7.63
E01011061,7.697,8.089
E01011062,2.952,3.316
E01011063,5.276,5.543
E01011064,7.687,7.058
E01011065,3.791,4.644
E01011066,2.97,3.672
E01011067,5.296,3.939
E01011068,3.116,3.299
E01011069,4.474,4.937
E01011070,4.193,4.005
E01011071,3.874,3.918
E01011072,5.022,5.24
E01011073,5.984,5.67
E01011074,5.23,5.674
E01011075,6.602,5.689
E01011076,6.233,5.014
E01011077,4.963,5.144
E01011078,5.815,6.267
E01011079,7.366,7.988
E01011080,6.913,7.519
E01011081,8.679,8.508
E01011082,8.007,8.798
E01011083,4.994,5.631
E01011084,8.466,7.297
E01011085,9.459,7.697
E01011086,5.098,4.611
E01011087,8.312,8.021
E01011088,3.89,4.375
E01011089,5.937,5.494
E01011090,6.129,6.892
E01011091,3.503,3.906
E01011092,4.937,4.409
E01011093,9.749,8.705
E01011094,10.7,10.723
E01011095,6.406,6.332
E01011096,5.509,5.457
E01011097,8.205,6.926
E01011098,5.026,4.062
E01011099,5.037,4.752
E01011100,9.254,9.337
E01011101,6.502,6.499
E01011102,3.607,3.832
E01011103,10.902,7.91
E01011104,8.844,7.405
E01011105,6.124,4.798
E01011106,7.609,7.047
E01011107,6.233,4.919
E01011108,6.096,5.04
E01011109,3.51,3.318
E01011110,3.903,3.345
E01011111,5.508,5.064
E01011112,6.312,5.221
E01011113,3.666,4.291
E01011114,9.564,9.322
E01011115,3.017,3.886
E01011116,3.853,4.257
E01011117,2.912,4.373
E01011118,3.485,3.09
E01011119,7.014,6.067
E01011120,2.667,2.18
E01011121,6.815,6.979
E01011122,6.931,8.303
E01011123,9.673,8.131
E01011124,4.898,6.154
E01011125,6.092,5.358
E01011126,8.533,8.307
E01011127,4.382,4.142
E01011128,6.15,5.409
E01011129,4.508,6.191
E01011130,9.618,8.636
E01011132,2.699,2.85
E01011133,6.406,5.914
E01011134,7.128,7.385
E01011136,5.946,8.444
E01011137,7.322,5.497
E01011138,7.482,6.517
E01011139,4.564,5.127
E01011140,7.304,7.979
E01011141,5.092,3.774
E01011142,4.689,3.711
E01011143,7.279,7.609
E01011144,7.219,7.126
E01011145,4.641,4.612
E01011146,3.34,3.806
E01011147,5.153,3.871
E01011148,10.749,9.977
E01011149,6.667,8.99
E01011150,3.775,4.626
E01011151,3.117,3.006
E01011152,4.625,4.554
E01011153,5.364,6.272
E01011154,6.234,5.059
E01011155,3.6,3.676
E01011156,5.977,6.291
E01011157,5.593,5.741
E01011158,4.812,5.581
E01011159,3.5,2.622
E01011160,2.788,2.803
E01011161,3.661,3.963
E01011162,4.579,5.081
E01011163,9.27,9.731
E01011164,6.136,5.853
E01011165,4.992,5.056
E01011166,8.133,7.279
E01011167,7.971,6.842
E01011168,3.433,3.495
E01011169,3.384,4.051
E01011170,2.829,2.704
E01011171,2.666,5.681
E01011172,10.728,5.681
E01011173,4.088,4.38
E01011174,3.998,3.831
E01011175,6.483,5.269
E01011176,4.399,4.354
E01011177,4.126,4.539
E01011178,5.708,6.09
E01011179,3.331,2.743
E01011180,3.547,2.482
E01011181,3.412,4.186
E01011182,3.864,3.666
E01011183,2.601,2.174
E01011184,5.027,5.214
E01011185,4.345,3.076
E01011186,6.157,3.144
E01011187,3.982,3.411
E01011188,4.077,3.947
E01011189,3.618,2.745
E01011190,2.474,2.96
E01011191,3.744,4.483
E01011192,7.039,6.373
E01011193,4.079,4.189
E01011194,4.526,3.392
E01011195,1.704,1.946
E01011196,3.407,2.416
E01011197,4.984,5.918
E01011198,2.637,3.662
E01011199,3.623,3.704
E01011200,2.503,3.853
E01011201,7.048,6.674
E01011202,7.093,7.066
E01011203,4.598,4.317
E01011204,5.657,5.4
E01011205,4.05,4.078
E01011206,5.777,5.719
E01011207,4.214,3.849
E01011208,5.542,5.727
E01011209,3.149,2.718
E01011210,3.074,3.215
E01011211,4.211,3.646
E01011212,9.864,9.329
E01011213,4.537,4.232
E01011214,4.142,4.62
E01011215,7.655,3.981
E01011216,4.645,4.956
E01011217,5.434,4.478
E01011218,7.319,5.603
E01011219,6.19,4.684
E01011220,7.027,6.931
E01011221,3.784,3.432
E01011222,7.466,7.227
E01011223,6.105,6.6
E01011224,8.459,9.994
E01011225,4.698,4.627
E01011226,4.103,4.38
E01011227,10.5,10.426
E01011228,5.27,6.383
E01011229,4.859,5.073
E01011230,7.02,6.37
E01011231,5.349,4.567
E01011232,8.908,6.633
E01011233,4.658,4.399
E01011234,7.33,7.362
E01011235,11.08,8.891
E01011236,6.379,6.793
E01011237,6.562,6.825
E01011238,6.943,5.872
E01011239,4.61,3.646
E01011240,6.357,6.45
E01011241,3.343,3.614
E01011242,7.215,6.679
E01011243,4.283,3.993
E01011244,4.083,3.479
E01011245,5.172,5.962
E01011246,6.034,7.366
E01011247,3.167,4.641
E01011248,7.201,7.523
E01011249,6.372,6.689
E01011250,8.197,8.258
E01011251,7.09,8.457
E01011252,4.692,3.515
E01011253,9.731,7.711
E01011254,4.029,5.318
E01011255,8.197,9.298
E01011256,6.716,8.378
E01011257,7.188,5.692
E01011258,5.689,5.41
E01011259,8.191,6.638
E01011260,5.318,5.782
E01011261,4.993,4.062
E01011262,6.944,6.773
E01011263,5.623,5.652
E01011264,6.568,5.992
E01011265,4.738,4.857
E01011266,2.121,1.914
E01011267,6.551,7.181
E01011268,8.106,7.394
E01011269,5.67,6.952
E01011270,2.599,2.792
E01011271,2.271,1.842
E01011272,2.63,2.957
E01011273,4.976,3.911
E01011274,9.543,8.088
E01011275,5.704,5.103
E01011276,3.035,3.112
E01011277,2.78,3.115
E01011278,3.617,2.589
E01011279,3.277,3.948
E01011280,1.935,2.748
E01011281,5.485,6.456
E01011282,6.531,7.559
E01011283,7.288,6.662
E01011284,5.254,5.187
E01011286,4.743,5.097
E01011287,4.621,4.791
E01011292,9.08,8.491
E01011293,7.267,5.247
E01011294,11.858,13.697
E01011295,4.718,5.152
E01011296,5.006,5.415
E01011297,3.785,3.074
E01011298,7.737,8.232
E01011299,4.915,4.577
E01011300,5.786,7.756
E01011301,3.817,4.425
E01011302,5.121,5.048
E01011303,6.201,4.974
E01011304,8.611,7.372
E01011305,5.013,4.826
E01011306,4.024,3.379
E01011307,7.929,6.492
E01011308,7.461,5.013
E01011309,4.18,3.856
E01011310,4.621,4.177
E01011311,2.629,2.522
E01011312,8.255,6.963
E01011313,4.765,4.587
E01011314,4.008,3.814
E01011315,4.704,6.014
E01011316,5.311,5.219
E01011317,9.208,8.794
E01011318,7.619,6.83
E01011319,5.676,5.86
E01011320,5.197,4.02
E01011321,6.736,6.992
E01011322,6.218,4.704
E01011323,7.103,7.247
E01011324,4.309,5.716
E01011325,5.919,5.222
E01011326,8.241,6.999
E01011327,7.094,6.899
E01011328,7.109,7.228
E01011329,3.701,3.481
E01011330,5.423,3.938
E01011331,5.25,6.642
E01011332,6.418,6.839
E01011333,6.413,6.355
E01011334,5.955,6.223
E01011335,5.625,5.146
E01011336,10.164,9.413
E01011337,6.29,5.648
E01011338,9.994,9.069
E01011339,10.768,8.945
E01011340,8.973,8.54
E01011341,5.323,4.282
E01011342,6.879,7.409
E01011343,7.577,7.424
E01011344,6.973,4.91
E01011345,8.251,7.009
E01011346,11.614,8.091
E01011347,7.301,5.867
E01011348,7.398,5.512
E01011349,11.305,9.401
E01011350,3.446,2.41
E01011351,3.95,4.201
E01011352,4.358,4.317
E01011353,3.056,2.687
E01011354,6.729,7.805
E01011355,8.999,6.304
E01011356,6.127,5.107
E01011357,7.994,7.445
E01011358,9.773,8.634
E01011359,4.697,7.753
E01011360,6.843,4.794
E01011361,8.354,5.486
E01011362,7.692,7.545
E01011363,8.364,6.173
E01011364,7.725,6.544
E01011366,9.572,5.823
E01011368,8.549,5.349
E01011369,6.726,5.227
E01011370,7.251,10.835
E01011371,11.918,9.106
E01011372,7.536,6.114
E01011373,7.505,6.568
E01011374,6.36,5.835
E01011375,5.956,6.181
E01011376,3.958,2.166
E01011377,3.752,3.816
E01011378,6.815,9.732
E01011379,9.852,7.329
E01011380,3.02,3.419
E01011381,3.582,2.985
E01011382,3.64,2.797
E01011383,5.683,5.914
E01011384,5.455,5.541
E01011385,3.443,4.858
E01011386,3.242,2.259
E01011388,5.757,4.997
E01011390,7.97,6.96
E01011391,8.936,9.114
E01011392,6.494,5.34
E01011393,5.739,4.68
E01011394,8.246,6.39
E01011395,4.054,4.841
E01011396,4.53,4.025
E01011397,4.183,4.203
E01011398,2.387,2.625
E01011399,4.794,5.459
E01011400,6.723,6.169
E01011401,2.584,3.211
E01011402,6.222,5.65
E01011403,6.948,7.789
E01011404,3.482,4.575
E01011405,4.702,5.017
E01011406,3.991,3.726
E01011407,5.041,5.197
E01011408,8.753,6.698
E01011409,6.299,5.409
E01011410,7.3,5.489
E01011411,3.834,3.384
E01011412,4.526,3.744
E01011413,3.841,4.055
E01011414,3.1,2.605
E01011415,4.141,3.783
E01011416,4.406,3.906
E01011417,7.754,6.283
E01011418,3.862,2.679
E01011419,3.598,3.704
E01011420,5.8,5.453
E01011421,8.479,7.208
E01011422,5.926,4.765
E01011423,7.583,5.13
E01011424,5.25,4.543
E01011425,4.612,5.48
E01011426,5.22,4.821
E01011427,6.218,6.748
E01011428,5.455,4.864
E01011429,6.876,6.799
E01011430,5.239,4.677
E01011431,8.04,8.918
E01011432,4.3,5.415
E01011433,5.527,4.359
E01011434,4.939,4.264
E01011435,1.703,2.247
E01011440,2.528,2.966
E01011441,2.764,2.197
E01011442,1.915,1.6
E01011443,1.521,1.914
E01011444,1.677,2.309
E01011445,1.191,1.285
E01011446,1.779,1.599
E01011447,2.031,2.311
E01011448,4.326,3.276
E01011449,3.037,3.119
E01011450,8.401,10.453
E01011451,2.041,3.413
E01011452,2.034,1.513
E01011453,3.981,3.576
E01011454,1.609,1.306
E01011455,2.243,2.117
E01011456,2.578,2.734
E01011457,4.148,3.558
E01011458,1.954,1.942
E01011459,3.413,3.159
E01011460,4.897,4.743
E01011461,2.614,3.133
E01011462,6.679,5.961
E01011463,7.833,6.206
E01011464,2.622,3.094
E01011465,5.287,5.432
E01011466,9.94,8.653
E01011467,11.025,6.275
E01011468,11.2,7.829
E01011469,6.164,4.725
E01011470,7.346,7.805
E01011471,8.429,8.043
E01011472,11.076,10.628
E01011473,7.588,7.468
E01011474,7.481,7.663
E01011475,6.48,6.468
E01011476,9.289,6.916
E01011477,5.757,5.83
E01011478,3.812,4.127
E01011479,1.965,1.709
E01011480,4.969,3.905
E01011481,5.577,4.194
E01011482,3.662,3.109
E01011483,6.752,6.212
E01011484,8.388,9.381
E01011485,7.283,7.064
E01011488,3.774,4.03
E01011489,6.995,6.402
E01011490,4.21,3.635
E01011491,8.917,7.236
E01011492,10.395,9.117
E01011493,7.727,6.266
E01011494,7.745,4.467
E01011496,2.384,2.76
E01011497,9.577,6.593
E01011499,4.134,4.281
E01011500,4.969,4.312
E01011502,7.352,7.498
E01011504,11.22,8.44
E01011505,5.503,5.533
E01011506,4.031,3.834
E01011507,4.241,3.746
E01011508,3.182,2.582
E01011509,5.625,5.439
E01011510,13.642,11.257
E01011511,5.117,4.108
E01011512,4.278,3.949
E01011513,3.301,3.311
E01011514,3.74,2.58
E01011515,2.674,2.876
E01011516,3.286,2.122
E01011517,5.006,5.076
E01011518,4.252,4.446
E01011519,6.922,8.185
E01011520,4.091,4.81
E01011521,4.116,4.098
E01011522,3.223,3.725
E01011523,9.035,5.752
E01011524,4.754,2.714
E01011525,5.14,5.093
E01011526,2.711,3.162
E01011527,4.287,4.078
E01011528,2.444,2.439
E01011529,3.905,5.495
E01011530,4.041,4.908
E01011531,8.83,5.087
E01011532,6.877,8.115
E01011533,6.414,6.056
E01011534,3.659,3.136
E01011535,3.185,3.786
E01011536,5.419,3.993
E01011537,6.244,5.911
E01011538,7.83,8.58
E01011540,9.243,6.349
E01011541,9.568,8.35
E01011545,3.602,4.93
E01011546,5.048,5.92
E01011547,7.692,6.225
E01011548,4.083,4.579
E01011549,1.73,2.311
E01011550,3.276,2.806
E01011551,3.131,4.271
E01011552,6.953,7.682
E01011553,3.9,4.855
E01011554,3.043,3.253
E01011555,3.377,3.261
E01011556,4.061,4.545
E01011557,4.12,4.782
E01011558,8.434,6.074
E01011559,11.438,9.085
E01011560,10.833,9.082
E01011561,3.04,2.365
E01011562,3.832,3.957
E01011563,3.46,3.015
E01011564,2.465,2.633
E01011565,4.327,3.714
E01011566,4.813,3.886
E01011567,2.584,2.582
E01011568,4.533,4.754
E01011569,3.309,4.451
E01011570,3.196,3.432
E01011571,5.26,3.791
E01011572,3.347,3.77
E01011573,3.207,3.204
E01011574,6.25,9.85
E01011576,3.142,3.072
E01011578,4.845,4.792
E01011579,2.811,2.691
E01011580,4.247,4.303
E01011581,4.901,3.675
E01011582,5.754,7.626
E01011583,3.786,3.242
E01011584,4.16,4.4
E01011585,6.481,6.272
E01011586,4.217,4.104
E01011587,3.668,3.606
E01011588,3.826,4.225
E01011589,3.616,3.195
E01011590,3.182,4.535
E01011591,3.713,2.993
E01011592,4.422,4.094
E01011593,2.948,2.793
E01011594,7.148,8.166
E01011595,4.933,4.199
E01011596,3.343,2.973
E01011597,4.844,4.979
E01011598,4.469,4.747
E01011599,4.495,4.69
E01011600,4.345,5.007
E01011601,6.359,4.741
E01011602,6.885,5.42
E01011603,4.09,3.706
E01011604,4.048,3.41
E01011605,4.047,2.787
E01011606,5.351,4.392
E01011607,3.967,5.25
E01011608,6.503,5.584
E01011609,7.571,5.94
E01011610,4.302,5.621
E01011611,6.378,8.485
E01011612,10.215,8.621
E01011613,4.912,3.9
E01011614,3.976,4.409
E01011615,6.54,4.364
E01011616,8.665,7.903
E01011617,9.577,8.115
E01011618,5.25,4.461
E01011620,7.23,6.869
E01011621,8.614,6.318
E01011622,8.073,6.95
E01011623,5.208,6.055
E01011624,9.216,6.667
E01011625,6.793,4.754
E01011626,9.54,6.003
E01011627,6.563,7.375
E01011628,6.928,5.207
E01011629,5.684,6.035
E01011630,2.634,3.717
E01011632,8.764,7.498
E01011633,4.891,5.044
E01011634,5.871,5.549
E01011635,4.072,4.201
E01011636,8.431,4.191
E01011637,5.034,4.08
E01011638,3.564,4.0
E01011639,9.192,6.759
E01011641,2.694,1.737
E01011642,3.922,3.621
E01011643,5.963,6.443
E01011644,8.647,5.601
E01011645,5.231,3.645
E01011646,4.142,4.218
E01011647,4.953,4.734
E01011648,4.644,3.228
E01011649,2.115,2.151
E01011650,4.227,2.692
E01011651,4.357,5.168
E01011652,3.757,3.51
E01011653,3.624,2.834
E01011654,1.883,1.633
E01011655,3.797,4.659
E01011656,5.705,8.679
E01011657,8.034,10.6
E01011658,10.64,8.841
E01011659,9.541,8.556
E01011660,10.081,6.24
E01011661,14.706,15.114
E01011662,9.84,7.321
E01011663,5.971,5.118
E01011664,8.378,7.256
E01011665,7.215,7.859
E01011666,4.43,4.079
E01011667,6.975,7.454
E01011668,2.175,3.754
E01011669,2.712,2.562
E01011670,5.809,5.428
E01011671,8.078,5.631
E01011673,6.328,4.565
E01011677,9.567,8.543
E01011678,1.54,1.566
E01011681,6.459,5.316
E01011684,4.587,3.725
E01011685,1.997,1.49
E01011686,10.356,10.513
E01011687,3.696,3.667
E01011688,3.965,4.74
E01011689,6.508,5.025
E01011690,4.056,3.524
E01011691,6.942,8.467
E01011692,2.564,2.994
E01011693,3.485,2.181
E01011694,1.386,2.859
E01011695,10.377,9.176
E01011696,3.405,2.972
E01011697,5.452,6.392
E01011698,4.923,3.899
E01011699,3.123,2.56
E01011700,3.843,3.989
E01011701,3.186,3.731
E01011702,2.196,1.759
E01011703,2.58,3.352
E01011704,6.441,8.161
E01011705,6.241,7.153
E01011706,1.9,2.807
E01011707,5.74,4.479
E01011708,4.019,2.653
E01011709,3.401,3.666
E01011710,3.026,3.253
E01011711,4.392,5.007
E01011712,3.753,2.693
E01011713,2.279,2.073
E01011714,5.156,3.39
E01011715,2.87,3.109
E01011716,5.249,4.104
E01011717,6.421,6.597
E01011718,7.643,6.275
E01011719,5.396,6.718
E01011720,8.411,8.759
E01011721,6.767,5.879
E01011722,7.079,5.106
E01011723,8.892,7.114
E01011724,8.786,7.754
E01011725,8.285,8.653
E01011726,6.97,6.667
E01011727,5.171,4.325
E01011728,4.95,4.263
E01011729,11.09,8.235
E01011730,5.196,5.573
E01011731,4.725,4.552
E01011732,5.696,5.343
E01011733,5.965,4.254
E01011734,3.24,2.823
E01011735,8.499,8.506
E01011736,5.724,4.422
E01011737,6.782,6.315
E01011738,3.902,3.941
E01011739,8.562,10.543
E01011740,11.875,8.693
E01011741,8.95,8.671
E01011742,15.272,11.674
E01011743,4.707,4.84
E01011744,5.244,5.096
E01011745,10.315,8.924
E01011746,13.83,8.737
E01011747,10.793,9.139
E01011748,7.362,5.411
E01011749,5.946,5.462
E01011750,13.359,9.872
E01011751,6.53,4.545
E01011752,8.339,6.1
E01011753,7.347,7.433
E01011754,12.879,9.877
E01011755,5.586,5.341
E01011756,15.512,13.141
E01011757,6.321,5.483
E01011758,9.185,5.247
E01011759,11.346,9.294
E01011760,7.109,5.226
E01011761,9.443,6.733
E01011762,7.125,6.118
E01011763,11.92,11.228
E01011764,13.144,8.862
E01011765,7.961,5.242
E01011766,5.778,5.613
E01011767,5.373,4.026
E01011768,6.259,5.33
E01011769,4.876,2.782
E01011770,7.113,7.246
E01011771,16.372,12.26
E01011772,8.349,7.753
E01011773,5.973,4.993
E01011774,7.282,6.5
E01011775,4.43,3.565
E01011776,10.255,6.619
E01011777,10.577,9.763
E01011778,7.462,6.675
E01011779,8.289,7.609
E01011780,16.43,12.317
E01011781,9.24,7.622
E01011782,7.45,5.154
E01011783,7.263,4.472
E01011784,9.796,9.657
E01011785,10.783,5.717
E01011786,9.006,8.81
E01011787,8.48,7.924
E01011788,9.031,9.047
E01011789,12.697,8.647
E01011790,11.786,10.46
E01011791,13.839,11.807
E01011792,15.831,13.415
E01011793,6.786,6.618
E01011794,6.219,6.081
E01011795,6.729,8.104
E01011796,5.694,3.051
E01011797,2.382,2.913
E01011798,5.073,4.13
E01011799,8.491,9.675
E01011800,4.343,3.665
E01011801,6.069,7.191
E01011802,6.963,7.509
E01011803,10.007,6.314
E01011804,8.22,7.143
E01011805,15.584,9.131
E01011806,8.119,6.95
E01011807,8.421,8.129
E01011808,7.626,7.398
E01011809,12.144,9.792
E01011810,7.269,7.229
E01011811,10.393,7.847
E01011812,3.353,3.124
E01011813,12.153,6.622
E01011814,8.481,7.103
E01011815,10.44,8.595
E01011816,10.489,10.007
E01011817,8.033,8.029
E01011818,7.288,6.478
E01011819,5.68,5.036
E01011820,4.916,6.432
E01011821,7.837,7.014
E01011822,4.972,4.997
E01011823,8.139,8.863
E01011824,6.645,6.287
E01011825,4.135,3.546
E01011826,4.672,3.219
E01011827,6.202,5.152
E01011828,3.784,3.304
E01011829,4.418,3.165
E01011830,7.968,6.983
E01011831,5.562,6.686
E01011832,7.867,6.263
E01011833,4.313,5.181
E01011834,9.326,6.178
E01011835,5.522,5.141
E01011836,5.062,5.907
E01011837,7.498,6.32
E01011838,10.01,9.825
E01011839,6.079,6.341
E01011840,10.195,8.235
E01011841,7.556,6.609
E01011842,13.086,10.957
E01011843,8.278,6.538
E01011844,3.18,4.321
E01011845,6.218,4.54
E01011846,5.36,4.744
E01011847,4.202,3.178
E01011848,4.833,5.8
E01011849,6.409,6.014
E01011850,9.001,8.966
E01011851,9.237,9.803
E01011852,7.872,7.293
E01011853,9.035,7.107
E01011854,11.319,7.438
E01011855,7.605,6.015
E01011856,13.053,8.475
E01011857,4.875,5.024
E01011858,9.131,6.187
E01011859,11.572,11.913
E01011860,8.587,6.604
E01011861,6.296,5.45
E01011862,12.162,7.411
E01011863,14.46,10.163
E01011864,12.728,9.259
E01011865,14.821,12.68
E01011866,12.891,8.943
E01011867,11.808,8.328
E01011868,11.454,8.103
E01011869,10.035,8.659
E01011870,10.661,9.963
E01011871,9.545,8.276
E01011872,10.323,9.225
E01011873,4.952,3.409
E01011874,7.311,5.4
E01011875,7.317,7.751
E01011876,6.424,4.038
E01011877,3.209,4.296
E01011878,3.45,3.515
E01011879,5.624,4.603
E01011880,3.716,3.374
E01011881,6.063,6.054
E01011882,6.089,5.536
E01011883,8.487,6.817
E01011884,3.506,2.48
E01011885,4.545,3.45
E01011886,4.746,3.72
E01011887,4.191,2.722
E01011888,4.643,3.755
E01011889,2.456,2.554
E01011890,4.255,3.813
E01011891,9.311,7.373
E01011892,6.83,7.602
E01011893,5.781,8.232
E01011894,3.597,4.006
E01011895,5.196,5.081
E01011896,7.692,6.18
E01011897,11.174,10.225
E01011898,5.082,5.593
E01011899,8.367,6.597
E01011900,9.798,9.637
E01011901,6.809,6.806
E01011902,7.194,5.921
E01011903,7.325,6.352
E01011904,7.358,6.844
E01011905,4.944,4.458
E01011906,9.785,9.211
E01011907,7.252,7.994
E01011908,5.688,4.758
E01011909,6.268,6.734
E01011910,12.409,10.806
E01011911,7.995,6.683
E01011912,7.281,7.962
E01011913,6.928,5.977
E01011914,9.696,8.656
E01011915,7.263,6.509
E01011916,11.489,9.83
E01011917,8.553,6.412
E01011918,7.712,5.243
E01011919,5.976,6.164
E01011920,8.416,7.357
E01011921,5.518,5.221
E01011922,9.642,10.168
E01011923,3.062,2.598
E01011924,6.315,5.364
E01011925,6.915,7.377
E01011926,7.25,6.479
E01011927,8.278,8.362
E01011928,6.822,8.475
E01011929,5.934,4.107
E01011930,3.682,3.563
E01011931,4.582,4.529
E01011932,2.964,2.75
E01011933,5.299,5.009
E01011934,3.633,2.719
E01011935,2.336,3.1
E01011936,8.943,7.346
E01011937,3.451,4.626
E01011938,4.103,4.506
E01011939,3.506,3.357
E01011940,7.505,7.113
E01011941,7.867,7.844
E01011942,4.334,5.426
E01011943,8.041,6.994
E01011944,4.32,3.926
E01011945,3.957,3.978
E01011946,5.128,4.58
E01011947,3.861,4.153
E01011948,3.145,3.242
E01011949,8.805,9.874
E01011950,8.678,11.315
E01011951,6.83,10.417
E01011952,11.737,10.89
E01011953,9.544,11.089
E01011954,8.798,7.227
E01011955,9.883,10.316
E01011957,9.871,9.558
E01011959,5.192,3.396
E01011960,7.604,7.082
E01011961,9.154,9.592
E01011962,7.074,8.76
E01011963,7.123,6.022
E01011964,8.059,5.564
E01011965,3.639,4.827
E01011966,6.291,5.743
E01011967,5.478,4.839
E01011968,7.083,6.55
E01011969,5.827,6.171
E01011970,4.412,4.673
E01011971,2.41,2.57
E01011973,11.288,11.94
E01011974,8.299,8.239
E01011975,6.495,5.936
E01011976,10.331,11.94
E01011977,9.039,9.43
E01011978,13.487,13.928
E01011979,9.179,9.867
E01011980,12.463,11.744
E01011981,12.065,10.532
E01011982,4.0,3.73
E01011983,4.196,2.56
E01011984,7.68,6.086
E01011985,7.186,6.408
E01011986,5.573,6.916
E01011987,6.277,6.716
E01011988,10.606,11.607
E01011989,11.614,10.554
E01011990,7.773,5.876
E01011991,8.689,7.593
E01011992,8.786,8.971
E01011993,9.915,11.303
E01011994,13.414,14.825
E01011995,7.838,6.502
E01011996,8.498,7.236
E01011997,4.557,4.239
E01011998,6.735,5.399
E01011999,9.174,13.015
E01012000,13.834,17.168
E01012001,9.431,8.569
E01012002,5.951,6.662
E01012003,3.634,4.111
E01012005,2.224,2.301
E01012007,5.724,6.044
E01012008,4.011,3.525
E01012009,4.667,3.221
E01012010,2.786,4.087
E01012011,11.983,9.529
E01012012,4.457,5.653
E01012013,8.187,7.027
E01012014,6.765,7.787
E01012015,13.324,13.421
E01012016,9.835,10.993
E01012017,9.917,9.321
E01012018,11.337,8.792
E01012019,13.889,14.941
E01012020,10.082,8.495
E01012021,10.557,10.253
E01012022,4.084,2.846
E01012023,9.767,6.69
E01012024,5.967,4.898
E01012025,4.549,5.07
E01012026,5.897,4.632
E01012027,11.517,10.276
E01012030,6.414,5.492
E01012031,10.391,12.303
E01012032,2.478,2.624
E01012033,13.277,18.776
E01012034,5.863,5.688
E01012035,10.664,12.26
E01012036,7.497,7.143
E01012037,8.117,7.898
E01012038,5.843,6.386
E01012039,5.563,4.886
E01012040,5.73,8.16
E01012041,17.607,22.715
E01012042,8.236,10.417
E01012043,7.369,6.626
E01012044,10.229,10.982
E01012045,9.041,11.565
E01012046,7.514,5.964
E01012047,4.224,4.729
E01012048,4.787,5.304
E01012049,5.446,5.657
E01012050,8.593,8.127
E01012051,6.672,7.502
E01012052,5.576,6.792
E01012053,3.974,3.765
E01012054,3.977,4.35
E01012055,5.204,4.298
E01012056,3.429,5.305
E01012057,5.743,5.907
E01012058,8.985,9.036
E01012059,11.556,10.218
E01012060,10.042,9.703
E01012061,10.731,8.143
E01012062,4.942,3.583
E01012063,4.883,4.906
E01012064,3.21,3.448
E01012065,4.332,5.421
E01012066,2.107,2.138
E01012067,6.117,5.815
E01012068,5.699,5.068
E01012071,2.921,3.123
E01012073,5.267,3.94
E01012074,8.387,9.019
E01012075,10.53,8.54
E01012076,10.38,9.104
E01012077,13.133,13.008
E01012078,6.745,8.306
E01012079,8.177,5.617
E01012080,6.856,6.788
E01012081,8.096,9.578
E01012082,8.619,9.085
E01012083,8.039,8.256
E01012084,10.303,9.558
E01012085,9.721,9.506
E01012088,10.021,8.829
E01012089,11.104,11.358
E01012090,13.972,12.229
E01012091,10.469,9.488
E01012092,5.66,6.286
E01012093,5.468,6.495
E01012094,7.187,5.748
E01012095,5.839,5.155
E01012096,10.897,10.934
E01012097,7.458,7.942
E01012098,5.914,6.62
E01012099,7.954,8.227
E01012100,11.229,12.647
E01012101,8.206,9.619
E01012102,6.329,8.285
E01012105,6.764,6.517
E01012106,8.692,6.302
E01012107,12.749,12.445
E01012108,8.55,8.418
E01012109,9.885,9.658
E01012110,5.097,6.187
E01012111,14.674,11.838
E01012112,13.165,12.226
E01012113,9.517,8.316
E01012114,11.748,11.966
E01012117,9.437,7.509
E01012118,6.112,7.361
E01012119,5.871,8.01
E01012120,5.731,6.22
E01012121,10.414,12.49
E01012124,3.559,3.34
E01012127,14.203,15.082
E01012128,12.69,10.892
E01012129,9.703,8.703
E01012130,6.075,6.756
E01012131,14.346,12.291
E01012132,12.216,11.284
E01012134,12.301,11.643
E01012136,7.504,6.838
E01012137,6.818,5.848
E01012138,3.307,2.658
E01012139,4.171,4.238
E01012140,5.944,5.229
E01012141,6.187,5.78
E01012142,8.678,8.858
E01012143,11.189,8.011
E01012144,6.489,5.796
E01012145,7.541,8.433
E01012146,5.124,4.653
E01012147,5.643,3.857
E01012148,10.064,10.362
E01012149,5.32,4.741
E01012150,9.269,8.917
E01012151,7.886,7.963
E01012152,6.462,4.579
E01012154,6.137,7.047
E01012155,10.598,7.936
E01012156,7.077,6.234
E01012157,7.344,7.282
E01012158,5.382,6.91
E01012159,10.677,10.857
E01012160,6.834,6.984
E01012161,7.129,7.104
E01012162,5.806,7.299
E01012163,5.044,4.825
E01012164,7.465,7.592
E01012165,11.287,11.277
E01012167,6.089,4.726
E01012168,9.896,8.156
E01012170,11.91,11.349
E01012171,12.056,12.211
E01012172,8.243,6.225
E01012173,7.911,5.464
E01012174,6.036,5.66
E01012175,10.589,11.836
E01012176,7.682,6.841
E01012177,4.441,5.04
E01012178,5.688,7.394
E01012179,5.128,4.311
E01012180,2.4,2.465
E01012181,8.304,9.04
E01012182,5.481,5.375
E01012183,3.31,3.19
E01012184,7.008,8.363
E01012185,7.031,7.822
E01012186,7.552,6.637
E01012187,5.18,5.238
E01012188,2.573,3.757
E01012189,6.724,6.656
E01012190,3.751,4.345
E01012191,6.755,7.445
E01012192,7.391,6.426
E01012193,6.684,6.068
E01012194,5.458,7.973
E01012195,10.109,9.371
E01012196,8.383,9.115
E01012197,6.013,7.64
E01012198,8.407,8.333
E01012199,3.112,3.407
E01012200,4.439,4.203
E01012201,4.16,3.928
E01012202,7.095,6.41
E01012203,2.393,1.997
E01012204,6.754,5.828
E01012205,6.633,5.925
E01012206,10.548,11.306
E01012207,6.159,5.756
E01012208,2.913,3.444
E01012209,5.559,5.13
E01012210,2.715,2.945
E01012211,3.207,3.485
E01012212,4.901,4.455
E01012213,9.763,8.443
E01012214,6.53,5.372
E01012215,9.793,9.86
E01012216,7.373,7.376
E01012217,7.503,10.863
E01012218,4.37,4.218
E01012219,5.239,5.212
E01012223,3.708,3.262
E01012224,4.267,5.316
E01012225,4.246,4.536
E01012226,5.214,4.308
E01012227,1.988,3.528
E01012228,2.745,3.945
E01012230,3.149,2.742
E01012231,1.236,1.195
E01012232,2.516,2.868
E01012233,2.366,2.93
E01012234,1.535,2.067
E01012235,3.306,1.553
E01012236,3.627,4.207
E01012237,3.081,3.387
E01012238,9.709,7.939
E01012239,5.717,6.295
E01012240,8.007,7.87
E01012241,6.044,4.237
E01012242,5.727,4.578
E01012243,5.23,6.516
E01012244,4.429,4.219
E01012245,10.966,10.143
E01012246,3.446,4.304
E01012247,7.909,8.925
E01012248,8.824,10.96
E01012249,9.937,10.114
E01012250,12.526,9.119
E01012251,6.426,8.155
E01012252,8.645,9.712
E01012253,10.763,8.772
E01012254,7.019,10.178
E01012255,5.762,6.061
E01012256,6.662,7.469
E01012257,5.234,5.524
E01012258,10.954,13.236
E01012259,5.8,6.956
E01012260,6.957,7.027
E01012261,4.573,5.645
E01012262,6.61,6.923
E01012264,6.669,4.144
E01012266,13.265,11.767
E01012267,14.115,11.863
E01012268,10.59,7.103
E01012269,5.559,4.112
E01012270,4.602,5.147
E01012271,10.094,8.813
E01012272,9.671,8.061
E01012273,8.281,10.797
E01012274,8.352,10.334
E01012275,8.549,8.673
E01012276,11.478,10.229
E01012277,7.988,6.588
E01012278,8.764,10.059
E01012279,4.899,6.137
E01012280,7.776,8.65
E01012281,9.626,6.804
E01012282,7.467,7.699
E01012283,8.886,10.336
E01012284,14.359,13.836
E01012285,9.585,7.378
E01012286,8.385,11.286
E01012287,8.491,9.584
E01012288,9.369,8.738
E01012289,6.547,8.078
E01012290,8.414,7.347
E01012291,9.747,9.213
E01012292,7.945,6.104
E01012294,4.301,4.576
E01012295,4.876,5.824
E01012296,8.266,7.203
E01012297,3.064,3.341
E01012298,2.225,3.422
E01012299,3.309,2.5
E01012300,6.398,7.831
E01012301,2.193,3.277
E01012302,3.855,4.12
E01012303,2.969,3.088
E01012304,9.504,13.767
E01012305,6.418,7.699
E01012306,9.617,8.46
E01012307,7.064,6.376
E01012309,3.606,4.227
E01012310,6.939,6.36
E01012311,6.382,6.875
E01012312,10.807,9.986
E01012313,9.272,7.495
E01012314,9.164,9.507
E01012315,2.609,2.076
E01012316,3.38,4.207
E01012317,7.81,5.851
E01012318,7.666,9.134
E01012319,5.052,4.527
E01012323,4.543,4.719
E01012324,3.36,4.805
E01012325,6.868,5.528
E01012326,8.68,6.6
E01012327,7.873,8.257
E01012328,7.384,8.549
E01012329,4.294,5.758
E01012330,3.319,3.265
E01012331,4.94,5.24
E01012332,11.983,14.024
E01012333,5.307,6.863
E01012334,2.474,3.401
E01012335,4.917,5.365
E01012336,4.585,5.78
E01012337,4.039,3.007
E01012338,4.35,4.19
E01012339,3.984,3.509
E01012340,5.409,6.591
E01012341,10.29,8.839
E01012342,10.461,5.978
E01012343,6.437,5.01
E01012344,4.488,5.021
E01012345,5.203,3.459
E01012346,2.291,2.93
E01012347,4.181,3.972
E01012348,4.33,4.93
E01012349,9.465,12.291
E01012350,7.91,8.477
E01012351,3.129,2.838
E01012352,9.626,8.127
E01012353,5.087,5.62
E01012354,8.209,7.471
E01012355,5.768,6.723
E01012356,4.0,4.625
E01012357,5.114,5.657
E01012358,7.981,7.003
E01012359,9.332,8.654
E01012360,4.076,4.746
E01012361,3.353,2.961
E01012362,6.904,6.091
E01012363,5.097,4.173
E01012364,3.636,5.551
E01012365,4.382,4.911
E01012366,4.133,4.841
E01012367,10.999,10.367
E01012368,9.907,9.821
E01012369,9.888,6.775
E01012370,7.975,8.745
E01012371,4.1,5.05
E01012372,5.795,4.702
E01012373,5.969,4.848
E01012374,2.671,3.029
E01012375,2.843,3.662
E01012376,2.005,2.94
E01012377,9.197,9.149
E01012378,7.944,5.128
E01012379,6.955,10.157
E01012380,8.339,10.588
E01012381,12.879,11.863
E01012382,12.692,12.523
E01012383,11.046,12.206
E01012384,11.902,10.102
E01012385,4.094,4.737
E01012386,2.057,1.956
E01012387,4.933,5.061
E01012388,9.372,7.247
E01012389,7.171,6.011
E01012390,11.271,9.308
E01012391,8.263,8.497
E01012392,2.596,2.856
E01012393,4.783,3.954
E01012394,8.754,6.208
E01012395,4.913,4.253
E01012396,10.189,12.954
E01012397,11.03,11.262
E01012398,4.762,6.499
E01012399,10.795,12.201
E01012400,4.516,4.341
E01012401,6.79,5.686
E01012402,10.845,8.762
E01012403,10.16,9.041
E01012404,5.488,6.555
E01012405,6.325,5.281
E01012406,11.153,10.681
E01012407,11.794,11.891
E01012408,12.268,14.294
E01012409,12.204,12.528
E01012410,5.138,4.986
E01012411,6.773,7.351
E01012412,8.627,8.671
E01012413,10.976,12.232
E01012414,6.737,6.233
E01012415,4.932,4.671
E01012416,5.58,4.899
E01012417,7.264,7.686
E01012418,4.724,4.529
E01012419,7.699,8.853
E01012420,12.221,11.368
E01012421,5.377,5.485
E01012422,7.905,10.663
E01012423,6.841,7.529
E01012424,10.389,8.877
E01012425,8.989,7.648
E01012426,5.353,5.212
E01012427,7.252,5.931
E01012428,6.591,6.546
E01012429,7.787,6.749
E01012430,10.37,10.579
E01012431,6.734,5.745
E01012432,8.02,7.511
E01012433,8.519,8.756
E01012434,5.517,5.829
E01012435,3.311,3.224
E01012436,7.646,10.906
E01012437,9.601,10.489
E01012438,12.195,13.369
E01012439,11.629,10.585
E01012440,6.555,7.233
E01012441,9.387,8.907
E01012442,8.76,11.804
E01012443,9.518,8.0
E01012444,12.555,10.422
E01012445,12.618,14.102
E01012446,2.589,2.966
E01012447,1.406,0.956
E01012448,1.647,2.762
E01012449,3.635,3.963
E01012450,5.274,5.714
E01012451,8.922,6.481
E01012452,2.938,3.326
E01012453,8.222,6.126
E01012454,5.261,4.87
E01012455,8.17,7.005
E01012457,5.897,6.463
E01012458,5.112,4.823
E01012459,9.552,8.822
E01012460,8.099,6.393
E01012461,3.746,4.257
E01012462,5.043,6.536
E01012463,3.989,4.807
E01012464,6.719,8.053
E01012465,5.741,6.255
E01012466,8.228,8.693
E01012467,7.435,8.058
E01012468,4.764,5.339
E01012469,7.503,7.64
E01012470,7.874,7.599
E01012471,5.636,6.748
E01012472,5.979,3.543
E01012473,4.108,4.537
E01012474,8.97,9.625
E01012475,5.034,5.514
E01012476,5.376,4.756
E01012477,2.758,2.108
E01012478,5.74,4.889
E01012479,7.293,7.632
E01012480,10.51,7.007
E01012481,4.768,4.543
E01012482,9.182,8.278
E01012483,9.685,10.484
E01012485,3.89,3.555
E01012486,3.844,2.621
E01012487,3.578,3.243
E01012488,3.573,3.5
E01012489,2.95,2.428
E01012490,3.888,2.539
E01012491,6.61,7.368
E01012492,4.363,4.278
E01012493,4.288,5.812
E01012494,2.66,2.756
E01012495,2.627,2.505
E01012496,4.929,4.179
E01012497,7.868,7.869
E01012498,5.975,7.115
E01012499,2.778,2.807
E01012500,4.284,3.91
E01012501,4.863,5.677
E01012502,2.572,2.744
E01012503,2.412,1.784
E01012504,5.098,3.781
E01012505,6.357,5.492
E01012506,7.513,6.312
E01012507,6.612,6.757
E01012508,12.244,8.834
E01012509,6.03,4.969
E01012510,6.511,6.72
E01012511,6.108,6.11
E01012512,6.804,4.787
E01012513,2.576,2.953
E01012514,3.165,1.933
E01012515,5.235,5.215
E01012516,4.769,3.291
E01012517,2.437,2.327
E01012518,3.495,3.481
E01012519,4.274,4.31
E01012520,9.695,6.941
E01012521,5.983,5.445
E01012522,8.168,8.405
E01012523,5.687,5.196
E01012524,5.187,3.895
E01012525,5.339,5.467
E01012526,7.294,8.314
E01012527,5.433,4.585
E01012528,4.754,6.65
E01012529,4.137,5.528
E01012530,5.27,4.488
E01012531,6.213,5.137
E01012532,8.112,7.727
E01012533,6.782,6.15
E01012534,7.697,6.473
E01012535,6.707,4.791
E01012536,8.008,6.439
E01012537,9.024,8.829
E01012538,3.153,3.803
E01012539,8.263,8.04
E01012540,4.905,5.045
E01012541,4.988,5.124
E01012542,7.375,6.512
E01012543,4.736,5.358
E01012544,6.197,6.092
E01012545,9.171,9.158
E01012546,6.884,7.808
E01012547,4.837,3.602
E01012548,3.625,5.78
E01012549,6.389,3.813
E01012550,5.433,3.827
E01012551,3.91,3.721
E01012552,6.559,6.852
E01012553,2.216,1.681
E01012554,3.827,5.6
E01012555,3.852,6.198
E01012556,6.069,6.346
E01012557,4.13,3.491
E01012558,3.47,2.714
E01012559,4.891,5.023
E01012560,5.759,4.765
E01012561,5.035,6.106
E01012562,2.26,1.733
E01012563,3.412,3.132
E01012564,7.775,7.657
E01012565,5.172,2.859
E01012566,2.412,2.405
E01012567,1.387,1.335
E01012568,1.68,2.051
E01012569,2.286,2.632
E01012570,10.382,10.714
E01012571,7.327,4.757
E01012572,11.856,12.217
E01012573,6.667,5.735
E01012574,11.403,9.146
E01012575,13.006,10.008
E01012576,9.779,8.15
E01012577,6.688,6.461
E01012578,8.198,7.129
E01012579,8.121,7.848
E01012580,7.967,5.213
E01012581,4.586,3.769
E01012582,3.966,3.361
E01012583,3.35,3.176
E01012584,4.956,3.423
E01012585,8.267,8.223
E01012586,8.42,6.395
E01012587,5.734,4.303
E01012588,4.228,4.656
E01012589,9.001,8.673
E01012590,9.292,9.084
E01012591,11.083,10.758
E01012592,4.834,4.258
E01012593,5.296,5.338
E01012594,9.029,10.115
E01012595,7.882,8.007
E01012596,7.038,7.681
E01012597,4.188,4.88
E01012598,1.805,1.873
E01012599,4.534,5.666
E01012600,12.344,12.312
E01012601,11.496,10.56
E01012602,3.685,3.868
E01012603,8.861,8.074
E01012604,5.813,4.23
E01012605,8.074,5.688
E01012606,5.057,4.316
E01012607,7.048,7.241
E01012608,8.971,7.564
E01012609,5.58,4.704
E01012610,5.181,4.807
E01012611,4.091,5.204
E01012612,5.575,4.862
E01012613,5.642,5.651
E01012614,4.585,4.343
E01012615,10.1,11.709
E01012616,4.826,5.122
E01012617,6.676,7.346
E01012618,6.28,5.322
E01012619,10.0,8.017
E01012620,7.493,6.088
E01012621,7.517,9.667
E01012622,9.933,12.03
E01012623,6.262,6.995
E01012624,10.064,9.8
E01012625,8.573,7.624
E01012628,2.318,3.114
E01012629,6.55,7.242
E01012630,5.372,4.972
E01012631,13.545,12.5
E01012632,7.656,5.991
E01012633,6.721,5.996
E01012634,6.061,5.071
E01012635,4.266,3.881
E01012636,5.722,4.548
E01012637,12.318,9.431
E01012638,12.696,9.402
E01012639,11.481,8.456
E01012640,7.938,6.703
E01012641,7.827,6.854
E01012642,8.439,6.23
E01012643,11.009,8.454
E01012644,6.223,5.675
E01012645,5.371,4.047
E01012646,11.084,9.302
E01012647,11.624,9.702
E01012648,7.046,7.41
E01012649,10.055,14.183
E01012650,6.744,7.382
E01012651,5.611,5.468
E01012652,4.743,4.638
E01012653,6.491,4.762
E01012654,7.966,8.54
E01012655,14.186,13.527
E01012656,8.813,7.088
E01012657,8.469,5.943
E01012658,6.466,5.567
E01012659,5.315,3.252
E01012660,3.504,3.315
E01012661,5.607,5.111
E01012662,11.309,13.376
E01012663,9.613,8.431
E01012664,6.345,6.529
E01012665,12.546,11.037
E01012666,10.562,8.095
E01012667,7.23,6.339
E01012668,9.045,8.591
E01012669,7.511,8.447
E01012670,11.058,10.06
E01012671,14.801,11.765
E01012672,12.402,11.682
E01012673,15.216,13.128
E01012674,11.064,11.424
E01012675,10.109,10.899
E01012676,8.175,8.671
E01012677,7.024,8.612
E01012678,17.027,9.585
E01012679,12.293,13.38
E01012680,8.537,7.729
E01012681,13.484,13.288
E01012682,14.375,14.865
E01012683,16.125,11.769
E01012684,11.942,9.668
E01012685,7.723,7.426
E01012686,12.568,12.852
E01012687,11.579,12.481
E01012688,12.104,12.593
E01012689,10.131,7.754
E01012690,5.501,4.9
E01012691,7.709,7.851
E01012692,10.814,12.5
E01012693,5.871,5.538
E01012694,7.899,8.552
E01012695,8.746,8.819
E01012696,7.486,7.444
E01012697,9.513,10.079
E01012698,10.197,10.591
E01012699,7.014,6.924
E01012700,5.863,7.131
E01012701,6.813,6.899
E01012702,14.512,15.319
E01012703,8.072,6.207
E01012704,15.454,16.931
E01012705,9.36,9.677
E01012706,6.201,6.551
E01012707,12.215,10.754
E01012708,6.843,7.332
E01012709,5.645,8.328
E01012710,6.339,9.172
E01012711,8.092,8.751
E01012712,5.654,4.884
E01012713,4.745,5.622
E01012714,8.447,8.772
E01012715,6.174,6.348
E01012716,7.505,6.503
E01012717,7.59,6.497
E01012718,8.39,6.053
E01012719,9.682,8.179
E01012720,11.805,11.138
E01012721,18.166,13.92
E01012722,5.062,5.091
E01012723,6.76,6.209
E01012724,14.739,13.094
E01012725,7.834,6.069
E01012726,10.194,8.407
E01012727,5.342,5.489
E01012728,8.752,9.238
E01012729,7.25,6.675
E01012730,6.159,5.375
E01012731,7.054,6.42
E01012732,9.419,8.916
E01012733,7.887,9.029
E01012734,8.112,7.071
E01012735,12.481,13.618
E01012736,11.433,7.802
E01012737,13.864,11.72
E01012738,10.299,9.912
E01012739,9.544,9.321
E01012740,9.254,8.97
E01012741,7.048,5.087
E01012742,8.319,9.027
E01012743,9.315,8.922
E01012744,9.385,10.044
E01012745,10.166,9.169
E01012746,8.508,8.907
E01012747,5.875,5.273
E01012748,8.816,10.311
E01012749,12.991,13.221
E01012750,6.782,5.721
E01012751,14.608,14.395
E01012752,13.972,15.063
E01012753,8.242,5.113
E01012754,9.607,11.084
E01012755,5.627,5.837
E01012756,4.569,5.693
E01012757,5.093,4.234
E01012758,4.534,5.097
E01012759,5.518,4.228
E01012760,3.907,5.458
E01012761,10.928,9.63
E01012762,3.238,4.341
E01012763,5.378,6.047
E01012764,6.094,5.453
E01012765,2.861,4.509
E01012766,3.14,3.372
E01012767,4.506,4.878
E01012768,6.034,7.55
E01012769,8.321,8.075
E01012770,2.535,3.318
E01012771,6.38,5.023
E01012772,4.229,4.105
E01012773,3.699,4.586
E01012774,6.004,5.589
E01012775,8.884,7.337
E01012776,4.061,4.742
E01012777,10.397,10.687
E01012778,6.892,7.093
E01012779,6.859,8.208
E01012780,6.731,6.514
E01012781,10.637,9.915
E01012782,8.05,8.53
E01012783,8.053,7.441
E01012784,4.317,5.992
E01012785,9.187,9.7
E01012786,9.002,9.951
E01012787,8.701,10.487
E01012788,8.084,8.31
E01012789,7.223,9.412
E01012790,10.901,10.415
E01012791,3.11,3.786
E01012792,4.151,4.261
E01012793,6.811,8.618
E01012794,2.267,3.81
E01012795,8.26,7.512
E01012796,5.42,5.471
E01012797,7.792,7.988
E01012798,13.804,11.383
E01012799,4.15,4.04
E01012800,4.736,4.958
E01012801,6.868,7.194
E01012802,4.704,5.019
E01012803,5.486,4.319
E01012804,5.794,4.588
E01012805,9.058,9.091
E01012806,7.118,8.414
E01012807,6.826,7.08
E01012808,11.078,11.105
E01012809,6.767,7.736
E01012810,6.498,5.323
E01012811,3.938,4.069
E01012812,2.553,3.985
E01012813,3.658,2.575
E01012814,4.351,4.301
E01012815,3.129,2.823
E01012816,5.32,5.034
E01012817,3.723,4.155
E01012818,3.12,3.951
E01012819,4.599,5.108
E01012820,3.846,3.948
E01012821,10.582,7.808
E01012822,7.902,7.57
E01012823,8.997,9.278
E01012824,8.19,5.589
E01012825,7.538,6.14
E01012826,9.073,9.278
E01012827,11.201,8.887
E01012828,8.512,7.852
E01012829,5.21,4.371
E01012830,5.714,5.444
E01012832,6.748,4.783
E01012833,8.501,8.905
E01012834,10.229,7.378
E01012835,5.806,5.283
E01012836,10.75,10.884
E01012837,9.903,9.709
E01012838,8.146,6.754
E01012839,6.862,5.224
E01012840,8.322,7.844
E01012841,8.047,9.835
E01012842,7.157,6.556
E01012843,10.953,9.823
E01012844,10.203,10.647
E01012845,7.316,6.433
E01012846,9.325,7.903
E01012847,8.32,6.944
E01012848,9.628,7.843
E01012849,11.364,9.675
E01012850,8.712,8.278
E01012851,10.673,9.891
E01012852,9.569,9.596
E01012854,9.795,8.561
E01012855,11.499,11.242
E01012856,11.382,11.264
E01012857,10.268,9.429
E01012858,9.795,9.35
E01012859,7.076,6.81
E01012860,6.35,5.028
E01012862,10.232,11.863
E01012863,5.245,4.988
E01012864,6.754,6.731
E01012865,6.433,6.321
E01012866,4.061,3.932
E01012867,6.917,7.484
E01012868,4.46,5.523
E01012869,4.453,3.425
E01012870,2.258,3.678
E01012871,4.319,4.45
E01012872,4.32,5.886
E01012873,10.376,8.241
E01012874,8.797,7.995
E01012875,10.234,8.111
E01012876,9.32,8.387
E01012877,6.974,6.845
E01012878,9.72,7.594
E01012879,9.783,9.902
E01012880,9.651,8.18
E01012881,9.737,9.298
E01012882,4.453,4.802
E01012883,12.172,10.29
E01012884,11.256,7.186
E01012886,9.659,9.769
E01012887,8.973,8.833
E01012888,7.253,5.802
E01012889,9.274,9.342
E01012891,7.428,9.134
E01012892,6.846,6.075
E01012893,9.584,10.932
E01012894,8.323,6.719
E01012895,10.193,10.34
E01012896,4.329,4.972
E01012897,12.701,10.34
E01012898,12.971,10.638
E01012899,4.902,4.916
E01012900,8.748,9.936
E01012901,6.208,10.013
E01012902,3.657,3.495
E01012903,5.742,7.113
E01012904,6.37,7.829
E01012905,9.037,10.128
E01012906,8.442,7.782
E01012907,5.651,11.038
E01012908,14.045,9.229
E01012909,3.454,3.393
E01012910,3.544,4.139
E01012911,3.295,4.061
E01012912,5.117,5.134
E01012913,5.356,4.788
E01012914,0.977,2.639
E01012915,7.957,7.412
E01012916,5.135,4.937
E01012917,10.857,8.361
E01012918,8.956,7.188
E01012919,2.161,2.881
E01012920,2.785,3.613
E01012921,3.22,2.807
E01012922,4.228,4.784
E01012923,3.585,2.774
E01012924,3.813,2.774
E01012925,3.536,3.135
E01012926,5.014,4.305
E01012927,2.864,4.017
E01012928,10.238,11.157
E01012929,4.252,5.685
E01012930,7.654,5.314
E01012931,14.494,12.266
E01012932,7.941,9.091
E01012933,7.981,7.82
E01012934,8.464,8.613
E01012935,7.722,7.337
E01012936,10.155,15.656
E01012937,8.653,6.673
E01012938,7.919,8.742
E01012939,5.33,4.954
E01012940,9.184,8.646
E01012941,9.677,10.643
E01012942,7.749,7.274
E01012943,7.002,8.437
E01012944,10.428,12.824
E01012945,9.744,8.719
E01012946,11.565,13.72
E01012947,7.444,6.44
E01012948,11.994,12.908
E01012949,13.813,16.491
E01012950,9.639,7.252
E01012951,9.92,11.784
E01012952,8.449,9.237
E01012953,4.554,4.483
E01012954,5.399,3.611
E01012955,4.616,5.237
E01012956,3.382,3.262
E01012957,3.094,5.499
E01012958,3.534,4.352
E01012959,3.828,4.973
E01012960,4.356,5.893
E01012961,6.464,4.986
E01012962,2.783,5.998
E01012963,9.883,11.236
E01012964,5.893,6.806
E01012965,4.532,3.613
E01012966,5.218,3.641
E01012967,4.27,3.666
E01012968,2.097,3.049
E01012969,4.447,4.524
E01012970,3.219,2.922
E01012972,4.663,4.595
E01012973,1.896,2.429
E01012974,4.112,4.817
E01012975,4.506,5.796
E01012976,7.824,8.263
E01012977,3.543,3.956
E01012978,4.02,4.057
E01012979,6.3,4.325
E01012980,7.008,8.369
E01012981,5.903,6.388
E01012982,5.018,5.416
E01012983,4.401,4.384
E01012984,3.574,2.933
E01012985,5.969,6.713
E01012986,9.789,8.568
E01012987,4.476,3.819
E01012988,3.351,4.422
E01012989,5.315,6.331
E01012990,5.584,6.445
E01012991,4.494,4.93
E01012992,6.443,6.383
E01012993,7.872,7.943
E01012994,7.806,7.792
E01012995,4.836,5.671
E01012996,5.826,5.435
E01012997,5.121,5.656
E01012998,4.294,3.314
E01012999,4.08,4.214
E01013000,8.681,6.703
E01013001,4.775,4.674
E01013002,5.806,5.616
E01013003,8.984,6.959
E01013004,5.981,4.085
E01013005,10.258,5.239
E01013006,3.721,4.647
E01013007,5.166,3.23
E01013008,3.531,4.683
E01013009,7.424,6.812
E01013010,4.351,4.859
E01013011,4.497,4.931
E01013012,3.132,2.567
E01013013,3.861,4.454
E01013014,4.668,5.667
E01013015,3.439,4.501
E01013016,4.348,3.024
E01013017,5.43,5.068
E01013018,5.445,5.842
E01013019,3.237,5.505
E01013020,3.667,3.696
E01013021,5.281,4.712
E01013022,3.45,4.348
E01013023,6.148,4.338
E01013024,3.821,5.249
E01013025,4.674,4.047
E01013026,4.636,4.925
E01013027,5.958,5.827
E01013028,3.53,3.601
E01013029,7.698,6.798
E01013030,6.564,5.203
E01013031,5.423,5.112
E01013032,4.778,4.539
E01013033,3.731,3.357
E01013034,3.498,4.178
E01013035,4.381,3.878
E01013036,4.248,5.315
E01013037,2.633,4.215
E01013038,6.242,6.694
E01013039,6.167,4.925
E01013040,2.176,5.494
E01013041,7.12,5.905
E01013042,2.356,3.038
E01013043,3.815,3.747
E01013044,2.221,3.429
E01013045,5.471,8.187
E01013046,6.341,7.036
E01013047,7.87,10.779
E01013048,7.382,4.505
E01013049,9.17,7.485
E01013050,6.623,7.093
E01013051,6.713,7.933
E01013052,3.312,2.734
E01013053,4.351,3.693
E01013054,2.528,2.733
E01013055,4.596,3.514
E01013056,6.65,4.288
E01013057,2.861,3.153
E01013058,4.518,5.548
E01013059,2.346,3.398
E01013060,4.18,6.461
E01013061,4.461,4.148
E01013062,4.379,5.127
E01013063,3.831,3.571
E01013064,3.284,3.614
E01013065,4.44,4.949
E01013066,2.776,3.772
E01013067,1.501,2.162
E01013068,4.722,2.484
E01013069,5.374,4.498
E01013070,3.651,2.505
E01013071,10.377,7.29
E01013072,5.713,6.061
E01013073,3.58,4.164
E01013074,4.715,4.625
E01013075,5.219,3.961
E01013076,5.827,5.537
E01013077,5.184,4.644
E01013078,6.676,4.666
E01013079,7.652,7.468
E01013080,10.769,11.013
E01013081,6.936,5.152
E01013082,7.498,8.308
E01013083,12.34,11.991
E01013084,14.454,14.889
E01013085,5.381,5.546
E01013086,6.726,6.894
E01013087,8.352,6.101
E01013088,2.233,2.994
E01013089,4.062,3.232
E01013090,3.607,3.034
E01013091,5.335,4.503
E01013092,2.121,2.548
E01013093,3.295,3.108
E01013094,6.516,6.463
E01013095,4.671,6.263
E01013096,5.197,4.972
E01013097,6.124,5.016
E01013098,3.813,3.351
E01013099,8.874,8.677
E01013100,5.009,5.356
E01013101,4.779,5.787
E01013102,5.895,5.248
E01013103,4.581,4.566
E01013104,5.792,4.381
E01013105,4.864,6.114
E01013106,5.927,5.063
E01013107,6.323,5.481
E01013108,6.23,4.326
E01013110,3.812,4.563
E01013111,3.347,3.974
E01013112,5.056,5.217
E01013113,5.913,4.788
E01013114,3.728,2.898
E01013115,3.131,2.943
E01013116,3.5,2.473
E01013117,3.766,6.482
E01013118,3.184,3.676
E01013119,2.614,3.406
E01013120,4.752,3.358
E01013121,2.369,3.49
E01013122,2.555,3.084
E01013123,5.863,4.468
E01013124,6.241,5.749
E01013125,4.408,3.799
E01013126,5.432,5.019
E01013127,3.133,3.206
E01013128,5.659,6.656
E01013129,6.197,7.254
E01013130,10.618,11.696
E01013131,9.941,9.279
E01013132,4.915,4.825
E01013133,5.359,5.936
E01013134,7.655,8.363
E01013135,9.868,10.258
E01013136,15.768,17.43
E01013137,18.157,13.368
E01013138,8.9,9.249
E01013139,12.243,13.368
E01013140,6.559,8.638
E01013141,5.651,6.649
E01013142,6.465,7.66
E01013143,5.814,5.62
E01013144,10.458,12.175
E01013145,4.378,4.929
E01013146,4.879,4.594
E01013147,6.188,6.598
E01013148,3.822,4.438
E01013149,3.038,4.766
E01013150,3.021,4.898
E01013151,4.12,4.103
E01013152,4.053,3.42
E01013153,5.03,5.416
E01013154,4.943,6.221
E01013155,4.307,3.704
E01013156,10.16,12.003
E01013157,3.916,2.919
E01013158,4.232,6.421
E01013159,4.5,6.071
E01013160,3.844,5.459
E01013161,4.549,6.973
E01013162,4.167,6.935
E01013163,5.363,5.222
E01013164,6.367,8.94
E01013165,7.207,7.531
E01013166,6.923,7.311
E01013167,6.547,6.057
E01013168,5.127,3.807
E01013169,8.484,7.311
E01013170,5.106,4.802
E01013171,2.646,2.941
E01013172,5.537,5.112
E01013173,5.429,4.917
E01013174,5.404,7.288
E01013175,5.58,4.282
E01013176,3.92,5.539
E01013177,10.642,10.315
E01013178,4.891,6.677
E01013179,7.388,6.905
E01013180,5.165,6.209
E01013181,5.321,6.465
E01013182,4.961,5.736
E01013183,4.679,5.249
E01013184,7.184,6.212
E01013185,2.908,3.462
E01013186,4.935,3.161
E01013187,7.544,10.79
E01013188,3.444,4.423
E01013189,5.608,4.23
E01013190,3.012,3.225
E01013191,5.303,4.133
E01013192,9.293,8.333
E01013193,4.442,6.167
E01013194,5.339,5.504
E01013195,5.11,6.213
E01013196,6.855,6.151
E01013197,4.591,4.643
E01013198,5.837,5.568
E01013199,7.751,8.455
E01013200,4.222,3.598
E01013201,8.636,8.355
E01013202,4.99,6.553
E01013203,6.776,10.358
E01013204,7.986,7.787
E01013205,8.37,9.4
E01013206,9.326,7.023
E01013207,6.468,7.132
E01013208,8.251,9.835
E01013209,10.317,11.383
E01013210,7.192,6.951
E01013211,5.688,5.17
E01013212,9.241,11.473
E01013213,9.796,10.818
E01013214,3.331,4.132
E01013215,3.856,3.89
E01013216,2.767,3.586
E01013217,4.577,5.451
E01013218,7.747,9.042
E01013219,5.757,7.776
E01013220,5.379,6.493
E01013221,7.626,9.887
E01013222,5.128,6.515
E01013223,3.197,3.008
E01013224,5.311,5.879
E01013225,5.341,7.007
E01013226,3.592,4.902
E01013227,5.562,6.618
E01013228,3.433,4.301
E01013229,5.89,6.274
E01013231,5.627,5.737
E01013233,3.74,5.721
E01013234,5.821,6.662
E01013236,7.514,6.57
E01013237,6.659,8.267
E01013238,8.05,8.504
E01013239,6.778,8.132
E01013240,10.059,6.364
E01013241,6.776,4.552
E01013242,4.407,4.553
E01013243,4.145,3.783
E01013244,5.801,7.25
E01013245,6.922,7.867
E01013246,6.34,6.588
E01013247,5.41,5.677
E01013248,5.902,5.459
E01013249,4.957,6.437
E01013250,7.417,5.523
E01013251,4.791,4.283
E01013252,5.395,4.543
E01013253,5.643,6.852
E01013254,7.62,8.457
E01013255,7.211,5.278
E01013256,4.034,3.846
E01013257,4.978,4.555
E01013258,7.181,6.826
E01013259,5.42,5.958
E01013260,4.739,4.36
E01013261,3.635,5.225
E01013262,3.608,4.907
E01013263,5.16,4.848
E01013264,4.627,5.882
E01013265,3.641,4.569
E01013266,3.361,4.917
E01013267,3.99,5.492
E01013268,4.12,5.137
E01013269,4.11,4.23
E01013270,4.769,5.165
E01013271,5.928,7.6
E01013272,7.403,9.283
E01013273,4.814,4.562
E01013274,7.089,4.272
E01013275,4.415,4.814
E01013276,6.327,6.281
E01013277,4.711,4.692
E01013278,8.467,8.411
E01013279,11.805,12.752
E01013280,5.814,5.448
E01013281,6.618,6.629
E01013282,6.868,6.537
E01013283,6.608,7.224
E01013284,7.908,8.147
E01013285,4.279,5.206
E01013286,8.416,9.257
E01013287,6.523,8.237
E01013288,5.193,4.6
E01013289,3.606,6.662
E01013290,4.934,6.522
E01013291,5.768,7.903
E01013292,5.565,6.077
E01013293,5.358,4.218
E01013294,4.575,5.664
E01013295,5.56,5.084
E01013296,5.015,4.397
E01013297,6.977,5.006
E01013298,6.044,7.472
E01013299,8.72,8.853
E01013300,6.151,5.559
E01013301,3.218,4.402
E01013302,5.119,5.741
E01013303,6.656,7.669
E01013304,4.585,4.511
E01013305,5.807,5.767
E01013306,4.663,6.957
E01013307,5.345,5.843
E01013308,7.348,7.621
E01013309,6.936,5.302
E01013310,6.482,7.5
E01013311,9.179,8.32
E01013312,6.007,7.349
E01013313,5.598,6.213
E01013314,5.079,4.088
E01013315,10.329,11.371
E01013316,3.434,4.469
E01013317,6.112,7.19
E01013318,5.53,5.625
E01013319,4.637,7.906
E01013320,6.56,6.491
E01013321,3.682,3.366
E01013322,4.433,4.815
E01013323,4.967,4.987
E01013324,2.962,3.534
E01013325,5.627,5.135
E01013326,5.864,5.556
E01013327,7.523,6.054
E01013328,4.099,5.02
E01013329,5.882,6.624
E01013330,5.96,6.009
E01013331,8.966,8.696
E01013332,5.647,4.872
E01013333,3.004,4.724
E01013334,3.663,4.306
E01013335,6.764,7.007
E01013336,5.17,5.263
E01013337,3.333,3.327
E01013338,3.684,3.576
E01013339,3.323,3.569
E01013340,2.355,2.347
E01013341,5.267,5.882
E01013342,4.338,4.506
E01013343,3.242,3.493
E01013344,2.442,2.907
E01013345,2.849,3.746
E01013346,6.481,4.912
E01013347,7.819,7.307
E01013348,2.561,2.843
E01013349,6.561,5.954
E01013350,6.716,7.417
E01013351,3.776,5.87
E01013352,4.942,4.611
E01013353,6.951,6.29
E01013354,2.546,3.574
E01013355,3.659,4.109
E01013356,5.51,6.121
E01013357,2.717,2.392
E01013358,3.748,3.03
E01013359,5.236,4.774
E01013360,3.517,2.786
E01013361,2.534,2.661
E01013362,3.844,3.581
E01013363,6.113,4.567
E01013364,3.791,5.294
E01013365,5.709,4.428
E01013366,5.823,6.91
E01013368,2.449,2.903
E01013369,6.388,5.109
E01013370,4.797,5.185
E01013371,2.184,2.467
E01013372,6.965,4.891
E01013373,5.0,6.238
E01013374,2.697,3.501
E01013375,3.593,3.44
E01013376,3.545,4.662
E01013377,2.906,3.455
E01013378,1.294,1.592
E01013379,3.523,3.421
E01013380,3.219,3.648
E01013381,3.109,3.473
E01013382,5.556,5.597
E01013383,4.308,4.007
E01013384,5.031,4.557
E01013385,6.237,6.595
E01013386,5.135,7.179
E01013387,3.182,2.78
E01013388,5.518,5.164
E01013389,4.231,4.296
E01013390,2.924,3.959
E01013391,2.775,3.635
E01013392,3.91,3.25
E01013393,3.315,3.763
E01013394,6.784,6.237
E01013395,3.241,2.541
E01013396,5.109,5.0
E01013397,4.345,3.761
E01013398,3.385,2.915
E01013399,5.073,8.214
E01013400,2.479,2.278
E01013401,3.005,3.551
E01013402,2.901,3.828
E01013403,3.021,2.902
E01013404,6.612,10.145
E01013405,4.345,4.106
E01013406,3.624,4.255
E01013407,6.315,6.532
E01013408,3.988,5.217
E01013409,5.747,4.469
E01013410,8.246,6.884
E01013411,4.915,4.732
E01013412,2.584,3.064
E01013413,1.432,2.25
E01013414,3.251,4.691
E01013416,7.481,6.271
E01013417,3.691,2.849
E01013418,5.402,5.302
E01013419,5.418,4.453
E01013420,2.993,3.755
E01013421,3.165,3.802
E01013422,2.076,3.198
E01013423,2.879,3.506
E01013424,1.798,2.16
E01013425,3.22,3.639
E01013426,4.853,4.35
E01013427,2.566,2.75
E01013428,3.297,3.637
E01013429,1.646,2.559
E01013430,3.615,4.139
E01013431,2.442,2.267
E01013432,4.694,2.423
E01013433,3.559,3.936
E01013434,4.446,4.756
E01013435,3.547,5.336
E01013436,2.667,2.16
E01013437,4.53,4.928
E01013438,3.855,4.094
E01013439,2.706,1.93
E01013440,2.64,4.153
E01013441,4.243,3.414
E01013442,4.786,5.795
E01013443,9.701,9.884
E01013444,5.732,5.596
E01013445,7.802,7.075
E01013446,4.819,4.491
E01013447,5.737,4.964
E01013448,5.891,4.457
E01013449,2.918,4.343
E01013450,4.194,3.476
E01013451,2.421,2.913
E01013452,4.421,2.788
E01013453,5.768,5.975
E01013454,5.494,6.228
E01013455,7.704,7.432
E01013456,7.884,8.463
E01013457,4.679,4.299
E01013458,8.145,8.664
E01013459,5.411,4.015
E01013460,3.471,3.982
E01013461,3.486,3.49
E01013462,4.134,4.199
E01013463,2.625,3.042
E01013464,4.063,5.912
E01013465,2.769,3.354
E01013466,4.021,3.854
E01013467,3.672,3.765
E01013468,3.22,3.583
E01013469,5.391,7.783
E01013470,6.735,7.709
E01013471,4.844,5.964
E01013472,8.6,9.979
E01013473,6.464,7.387
E01013474,7.752,8.782
E01013475,6.175,5.694
E01013476,4.976,6.657
E01013477,5.912,6.166
E01013479,7.469,5.775
E01013480,11.073,9.598
E01013481,6.578,6.037
E01013483,6.513,5.894
E01013484,7.464,7.84
E01013485,5.233,6.101
E01013486,7.086,6.962
E01013487,6.877,6.983
E01013488,4.095,4.93
E01013489,6.39,5.325
E01013490,5.786,6.206
E01013491,5.216,5.175
E01013492,5.893,4.49
E01013493,5.933,6.07
E01013494,5.753,6.994
E01013495,5.379,4.905
E01013496,7.443,9.593
E01013497,6.393,5.246
E01013498,5.701,6.108
E01013499,9.971,10.779
E01013500,6.805,6.996
E01013501,8.357,6.849
E01013502,7.978,7.5
E01013503,5.246,5.455
E01013504,4.498,6.119
E01013505,5.637,5.327
E01013506,8.103,7.718
E01013507,5.828,4.368
E01013508,7.93,5.218
E01013509,5.14,6.402
E01013510,7.044,6.94
E01013511,5.061,4.44
E01013512,6.824,7.451
E01013513,6.347,7.322
E01013514,4.596,3.232
E01013515,5.32,5.342
E01013517,9.537,7.666
E01013518,8.475,5.665
E01013519,2.488,3.27
E01013520,2.676,3.198
E01013521,10.327,10.789
E01013522,8.641,8.14
E01013523,7.304,8.935
E01013524,3.324,3.578
E01013525,4.079,4.471
E01013526,4.224,4.361
E01013527,4.633,2.956
E01013528,5.704,6.131
E01013529,4.953,5.073
E01013530,4.118,3.885
E01013531,7.067,5.778
E01013532,7.847,7.29
E01013533,9.422,9.788
E01013534,7.255,6.246
E01013535,5.882,6.301
E01013536,9.404,8.603
E01013537,7.645,8.007
E01013538,7.227,8.74
E01013539,2.262,2.489
E01013540,4.108,3.818
E01013541,3.815,5.143
E01013542,6.236,6.049
E01013543,2.919,3.283
E01013544,3.254,2.611
E01013545,6.505,4.662
E01013546,3.931,3.964
E01013547,5.53,5.358
E01013548,9.001,5.813
E01013549,7.547,6.785
E01013550,7.428,7.565
E01013551,2.612,3.069
E01013552,9.635,9.798
E01013553,7.124,5.882
E01013554,5.922,5.654
E01013555,6.397,4.206
E01013556,2.797,4.173
E01013557,4.48,5.149
E01013558,4.073,4.175
E01013559,4.167,3.515
E01013560,3.247,3.501
E01013561,5.405,5.084
E01013562,7.531,8.195
E01013563,3.314,3.662
E01013564,3.75,3.439
E01013565,5.119,4.461
E01013566,8.271,8.642
E01013567,6.034,5.415
E01013568,6.828,5.457
E01013569,6.894,4.997
E01013570,6.772,5.873
E01013571,11.082,6.986
E01013572,8.701,6.987
E01013573,6.898,8.42
E01013574,3.1,1.957
E01013575,3.775,3.289
E01013576,2.092,3.153
E01013577,2.653,2.979
E01013578,2.242,2.131
E01013579,3.091,4.714
E01013580,2.847,4.517
E01013581,6.62,6.701
E01013582,5.431,5.934
E01013583,8.539,8.086
E01013584,7.273,5.691
E01013585,7.082,5.439
E01013586,7.732,8.664
E01013587,5.301,5.426
E01013588,8.812,7.157
E01013589,5.552,5.373
E01013590,6.708,5.913
E01013591,6.634,5.856
E01013592,4.497,3.954
E01013593,4.427,4.662
E01013594,5.543,6.096
E01013595,6.379,5.345
E01013596,4.811,4.172
E01013597,8.774,10.323
E01013598,7.912,9.539
E01013599,4.395,5.075
E01013600,8.85,9.355
E01013601,8.848,7.351
E01013602,7.53,6.148
E01013603,9.529,10.914
E01013604,8.178,5.766
E01013605,5.524,4.163
E01013606,8.028,5.797
E01013607,4.742,3.832
E01013608,5.171,3.846
E01013609,6.032,4.734
E01013610,6.357,6.47
E01013611,8.792,7.651
E01013612,5.318,5.518
E01013613,4.982,4.963
E01013614,5.061,5.098
E01013615,3.211,3.324
E01013616,4.383,6.193
E01013617,4.984,5.068
E01013618,5.946,4.837
E01013619,5.849,6.67
E01013620,6.843,6.464
E01013621,6.187,5.246
E01013622,6.606,6.097
E01013623,4.438,4.213
E01013624,7.104,5.635
E01013625,7.94,6.256
E01013626,6.792,5.096
E01013627,7.533,4.08
E01013628,13.299,7.889
E01013629,6.706,4.455
E01013630,6.192,4.275
E01013631,7.558,6.297
E01013632,10.743,8.915
E01013633,8.485,8.094
E01013634,9.393,10.207
E01013635,5.433,5.757
E01013636,5.441,4.903
E01013637,12.398,8.592
E01013638,9.138,10.284
E01013639,5.738,6.3
E01013640,5.846,6.188
E01013641,4.786,3.287
E01013642,2.91,3.335
E01013643,2.657,2.155
E01013646,5.217,3.701
E01013647,5.511,4.908
E01013648,2.418,2.55
E01013649,3.634,3.569
E01013650,1.604,1.99
E01013651,7.168,4.632
E01013652,6.086,4.904
E01013653,7.636,6.061
E01013654,7.185,4.785
E01013655,5.051,3.172
E01013656,5.252,2.623
E01013657,6.157,4.433
E01013658,4.866,2.52
E01013659,5.229,3.799
E01013660,5.402,4.076
E01013661,9.499,8.158
E01013662,5.804,4.735
E01013663,6.062,4.838
E01013664,8.015,8.234
E01013665,6.097,4.263
E01013666,5.668,4.759
E01013667,8.929,9.203
E01013668,5.44,4.794
E01013669,4.619,3.934
E01013670,5.915,4.767
E01013671,4.933,4.64
E01013672,5.835,4.87
E01013673,8.349,7.168
E01013674,11.721,13.175
E01013675,6.916,6.358
E01013676,6.342,6.144
E01013677,6.584,6.954
E01013678,6.569,7.062
E01013679,6.671,6.503
E01013680,3.736,2.931
E01013681,4.192,4.683
E01013682,4.813,4.186
E01013683,3.91,3.425
E01013684,6.323,3.759
E01013685,4.675,5.559
E01013686,4.378,3.03
E01013687,4.323,3.8
E01013688,5.586,5.464
E01013689,3.375,3.49
E01013690,6.104,4.526
E01013691,9.825,7.788
E01013692,7.856,9.505
E01013693,9.208,10.956
E01013694,6.375,6.095
E01013695,6.885,5.444
E01013696,4.095,5.685
E01013697,6.025,5.295
E01013698,7.157,5.435
E01013699,6.437,4.738
E01013700,6.262,6.378
E01013702,3.814,3.954
E01013703,3.566,3.52
E01013704,5.571,4.483
E01013705,4.687,5.559
E01013706,2.887,3.178
E01013707,2.441,3.569
E01013709,3.871,3.764
E01013710,3.833,5.032
E01013711,7.692,6.659
E01013712,4.497,5.769
E01013713,5.638,4.806
E01013714,8.295,4.49
E01013715,6.621,5.357
E01013716,7.45,5.123
E01013717,6.756,4.847
E01013718,6.805,4.895
E01013719,8.259,4.586
E01013720,16.345,8.459
E01013721,7.384,6.667
E01013722,7.53,6.061
E01013723,7.598,5.449
E01013725,8.143,6.809
E01013726,12.623,8.146
E01013727,6.908,7.507
E01013728,6.683,5.762
E01013729,5.17,4.806
E01013730,7.814,7.254
E01013731,5.312,6.851
E01013732,5.553,4.856
E01013733,4.185,3.443
E01013734,8.962,7.237
E01013735,6.551,6.379
E01013736,4.742,5.275
E01013737,5.428,5.029
E01013738,5.62,6.81
E01013739,10.41,10.053
E01013740,6.742,5.906
E01013741,5.851,4.582
E01013742,6.861,5.003
E01013743,7.72,4.45
E01013744,6.959,5.305
E01013745,5.476,4.287
E01013746,10.232,8.623
E01013747,4.777,3.896
E01013748,10.56,6.361
E01013749,5.941,6.262
E01013750,5.65,3.549
E01013751,5.199,4.596
E01013752,6.688,5.49
E01013753,5.824,5.942
E01013754,7.674,4.588
E01013755,5.596,4.479
E01013756,4.91,4.98
E01013757,4.147,4.768
E01013758,4.509,3.966
E01013759,3.969,3.652
E01013760,6.164,6.129
E01013761,5.524,5.4
E01013762,6.677,6.619
E01013763,4.968,4.596
E01013764,5.868,4.878
E01013765,4.358,4.96
E01013766,6.061,4.41
E01013767,5.465,5.15
E01013768,9.391,8.843
E01013770,5.899,5.349
E01013771,4.738,4.005
E01013772,7.245,5.602
E01013773,7.905,7.703
E01013774,3.888,3.092
E01013775,3.759,2.266
E01013776,4.091,3.445
E01013777,3.995,3.337
E01013778,4.836,2.612
E01013779,2.974,3.664
E01013780,4.275,5.013
E01013781,6.231,4.72
E01013782,5.013,5.687
E01013783,4.826,4.497
E01013784,2.853,3.889
E01013785,5.395,6.039
E01013786,4.809,5.737
E01013787,2.416,3.831
E01013788,3.099,1.974
E01013789,2.991,4.17
E01013790,4.942,4.889
E01013791,3.319,3.028
E01013792,4.038,3.345
E01013793,4.158,4.354
E01013794,3.925,3.654
E01013795,4.025,4.17
E01013796,2.709,3.625
E01013797,2.687,2.974
E01013798,1.966,2.033
E01013799,2.901,3.537
E01013800,3.646,4.527
E01013801,5.381,3.816
E01013802,3.676,4.566
E01013803,3.763,3.5
E01013804,2.785,2.396
E01013805,3.743,3.858
E01013806,2.049,2.515
E01013807,4.152,2.964
E01013808,4.16,4.591
E01013809,2.873,3.695
E01013810,6.276,6.383
E01013811,6.254,7.106
E01013812,6.466,6.185
E01013813,6.048,3.656
E01013814,4.002,3.363
E01013815,3.825,2.57
E01013816,2.893,2.248
E01013817,6.327,7.11
E01013818,7.61,8.226
E01013819,8.372,7.422
E01013820,5.671,6.485
E01013821,6.075,5.454
E01013822,7.566,7.39
E01013823,7.393,6.592
E01013824,5.853,5.122
E01013825,6.324,5.906
E01013826,6.626,5.599
E01013827,7.225,8.07
E01013828,4.678,5.54
E01013829,7.015,7.862
E01013830,7.31,7.375
E01013831,4.894,4.595
E01013832,6.897,7.489
E01013833,6.935,7.809
E01013834,7.0,7.152
E01013835,7.407,8.86
E01013836,6.183,6.557
E01013837,4.684,4.508
E01013838,3.889,3.725
E01013839,7.684,6.713
E01013840,3.007,4.48
E01013841,5.496,5.811
E01013842,4.896,6.0
E01013843,8.328,5.042
E01013844,5.431,6.354
E01013845,6.931,5.882
E01013846,6.099,5.825
E01013847,6.336,7.421
E01013849,8.566,10.693
E01013850,10.123,10.659
E01013851,8.657,10.443
E01013852,8.968,9.487
E01013853,8.407,6.001
E01013854,7.698,7.761
E01013855,5.993,6.975
E01013856,6.807,7.314
E01013858,9.197,7.735
E01013859,18.569,17.141
E01013860,14.204,11.557
E01013861,20.724,18.176
E01013862,8.455,9.65
E01013863,6.489,7.631
E01013864,6.797,4.574
E01013865,11.405,9.582
E01013866,10.54,9.479
E01013867,6.775,6.473
E01013868,12.532,12.008
E01013870,6.095,6.717
E01013871,11.981,9.065
E01013872,8.231,5.891
E01013873,5.067,4.482
E01013874,4.404,3.218
E01013875,3.428,4.382
E01013876,12.41,11.761
E01013877,9.182,9.634
E01013878,6.019,6.662
E01013879,8.817,8.397
E01013880,11.481,11.643
E01013881,8.704,7.364
E01013882,8.589,8.356
E01013883,7.94,8.759
E01013884,6.37,8.13
E01013885,7.641,7.464
E01013886,7.586,6.708
E01013887,5.737,5.106
E01013888,7.299,8.302
E01013889,7.502,7.807
E01013890,3.881,4.765
E01013891,8.19,7.241
E01013892,7.638,6.886
E01013893,4.151,5.228
E01013894,6.64,7.042
E01013895,5.109,5.183
E01013896,8.034,9.233
E01013897,8.571,9.344
E01013898,6.027,4.567
E01013899,5.586,6.388
E01013900,9.387,7.955
E01013901,4.39,2.571
E01013902,5.126,3.917
E01013903,5.044,6.302
E01013904,7.161,8.505
E01013905,7.881,7.946
E01013906,6.518,6.44
E01013907,10.634,8.149
E01013908,9.377,9.537
E01013909,7.652,9.64
E01013910,8.654,6.662
E01013911,6.908,7.802
E01013912,6.831,4.979
E01013913,6.129,5.347
E01013914,6.325,5.335
E01013915,6.346,6.821
E01013916,8.45,8.765
E01013917,6.621,5.252
E01013918,5.642,5.05
E01013919,6.445,6.225
E01013920,10.04,8.407
E01013921,7.497,5.684
E01013924,6.007,3.24
E01013926,2.89,3.24
E01013928,1.896,3.026
E01013929,10.276,6.488
E01013930,5.808,5.606
E01013931,6.331,5.438
E01013932,9.174,5.608
E01013933,6.087,5.95
E01013934,8.034,7.519
E01013935,6.16,5.601
E01013936,4.896,5.033
E01013937,5.747,4.535
E01013938,3.553,3.708
E01013939,7.036,7.428
E01013940,6.417,6.423
E01013941,3.846,5.386
E01013942,11.264,8.643
E01013943,5.549,3.688
E01013944,6.308,5.447
E01013945,5.263,5.742
E01013947,7.7,6.388
E01013948,9.602,8.166
E01013953,1.273,1.97
E01013954,8.887,7.538
E01013957,8.48,6.129
E01013958,8.915,8.775
E01013959,8.506,8.716
E01013960,8.859,10.114
E01013961,4.516,4.221
E01013962,8.223,7.714
E01013963,6.883,6.658
E01013964,5.182,3.734
E01013965,7.62,7.309
E01013966,7.203,7.386
E01013967,5.522,5.437
E01013968,8.819,10.082
E01013969,4.037,4.016
E01013970,3.604,4.434
E01013971,5.806,3.678
E01013972,7.079,6.662
E01013973,2.191,3.253
E01013974,7.677,4.555
E01013975,3.184,4.555
E01013976,4.957,3.253
E01013977,5.235,4.85
E01013978,5.172,4.811
E01013979,3.125,2.871
E01013980,3.806,3.619
E01013981,3.828,3.421
E01013982,3.08,2.791
E01013983,7.963,7.041
E01013984,5.209,4.318
E01013985,4.561,4.322
E01013986,6.757,7.38
E01013987,3.626,4.893
E01013988,7.403,6.116
E01013989,7.918,7.443
E01013990,6.743,3.432
E01013991,3.754,4.367
E01013992,5.858,6.031
E01013993,8.073,8.248
E01013994,8.163,7.906
E01013995,6.202,7.638
E01013996,3.495,2.861
E01013997,3.53,3.799
E01013998,3.461,5.363
E01013999,6.048,3.646
E01014000,4.871,5.111
E01014001,4.114,4.332
E01014002,7.23,5.907
E01014003,6.019,6.918
E01014004,5.92,4.454
E01014005,7.474,9.241
E01014006,4.687,5.01
E01014007,4.855,4.06
E01014008,4.261,4.169
E01014009,3.738,3.896
E01014010,4.49,6.496
E01014011,5.155,5.492
E01014012,7.1,5.134
E01014013,3.719,4.301
E01014014,2.761,3.03
E01014015,4.759,4.49
E01014016,6.755,5.311
E01014017,3.661,4.073
E01014018,4.409,3.222
E01014019,5.897,5.585
E01014020,3.189,3.836
E01014021,6.561,5.326
E01014022,3.315,3.959
E01014023,3.864,4.873
E01014024,4.044,4.521
E01014025,3.759,4.485
E01014026,4.773,4.922
E01014027,4.629,7.188
E01014028,4.498,3.976
E01014029,4.822,6.199
E01014030,4.683,3.582
E01014031,5.935,5.3
E01014032,5.495,4.455
E01014033,5.957,7.014
E01014034,7.081,7.713
E01014035,7.122,7.647
E01014036,4.704,3.867
E01014037,7.907,5.439
E01014038,5.324,5.67
E01014039,2.122,2.55
E01014040,5.816,4.194
E01014041,6.073,7.44
E01014042,6.258,8.235
E01014043,5.867,5.695
E01014044,5.16,5.068
E01014045,5.156,5.443
E01014046,5.034,3.486
E01014047,8.826,9.642
E01014048,9.821,8.177
E01014049,4.193,4.057
E01014050,4.434,3.601
E01014051,3.673,4.905
E01014052,4.746,3.102
E01014053,5.084,4.092
E01014054,4.136,5.287
E01014055,4.485,4.543
E01014056,4.153,4.591
E01014057,4.174,4.742
E01014058,3.398,3.745
E01014059,3.785,4.432
E01014060,4.446,3.704
E01014061,6.848,5.442
E01014062,5.302,6.765
E01014063,6.415,5.336
E01014064,6.562,7.093
E01014065,5.328,5.424
E01014066,4.007,5.985
E01014067,3.177,3.553
E01014068,6.793,7.098
E01014069,2.959,4.613
E01014070,3.827,5.249
E01014071,7.735,7.572
E01014072,5.434,6.636
E01014073,7.792,9.205
E01014074,8.846,9.232
E01014075,4.052,3.787
E01014076,4.448,4.416
E01014077,4.373,4.971
E01014078,6.023,4.897
E01014079,4.585,5.324
E01014080,6.295,6.328
E01014081,5.135,4.868
E01014082,5.338,5.208
E01014083,5.666,4.092
E01014084,6.226,6.595
E01014085,4.93,5.8
E01014086,6.146,7.593
E01014087,4.555,4.167
E01014088,4.809,6.189
E01014089,5.42,4.441
E01014090,4.47,4.452
E01014091,3.204,4.593
E01014092,5.254,4.197
E01014093,8.466,4.512
E01014094,5.049,3.817
E01014095,3.748,4.226
E01014096,4.391,4.188
E01014097,4.639,3.915
E01014098,6.501,5.788
E01014099,4.825,4.762
E01014100,4.46,4.225
E01014101,2.884,3.561
E01014102,3.346,3.661
E01014103,4.13,5.862
E01014104,5.588,6.232
E01014105,6.253,5.065
E01014106,6.439,7.568
E01014107,5.932,4.653
E01014108,7.43,10.303
E01014109,4.694,6.27
E01014110,6.404,5.999
E01014111,4.581,4.505
E01014112,5.439,3.821
E01014113,8.379,8.347
E01014114,4.876,6.936
E01014115,8.65,7.672
E01014116,10.764,9.983
E01014117,4.979,6.885
E01014118,6.584,7.654
E01014119,5.971,6.556
E01014120,9.738,9.548
E01014121,9.87,9.608
E01014122,4.598,5.653
E01014123,3.721,4.571
E01014124,10.629,9.773
E01014125,9.085,7.133
E01014126,9.87,8.251
E01014127,8.633,9.127
E01014128,9.087,9.095
E01014129,9.913,7.221
E01014130,3.822,4.167
E01014131,2.765,4.358
E01014132,3.426,3.853
E01014133,7.06,5.619
E01014134,5.046,4.851
E01014135,3.563,3.443
E01014136,9.823,7.973
E01014137,3.783,3.387
E01014138,6.46,7.049
E01014139,8.453,7.79
E01014140,8.271,8.298
E01014141,4.966,3.367
E01014142,7.561,9.461
E01014143,9.825,8.777
E01014144,11.765,8.197
E01014145,7.183,7.254
E01014146,5.606,4.894
E01014147,4.038,3.617
E01014148,5.425,3.797
E01014149,5.051,4.834
E01014150,5.839,4.591
E01014151,9.176,8.446
E01014152,11.018,7.869
E01014153,7.325,6.764
E01014154,6.603,6.043
E01014155,7.828,10.205
E01014156,5.139,4.241
E01014157,3.586,3.098
E01014158,5.189,6.825
E01014159,9.748,9.911
E01014160,3.718,4.519
E01014161,5.934,7.089
E01014162,11.444,10.061
E01014163,8.91,6.852
E01014164,9.715,11.671
E01014165,9.796,9.53
E01014166,6.452,7.546
E01014167,2.719,3.384
E01014168,2.88,5.193
E01014169,3.454,3.998
E01014170,6.073,5.697
E01014171,6.413,6.667
E01014172,3.767,3.209
E01014173,6.581,6.969
E01014174,3.749,4.201
E01014175,5.965,4.676
E01014176,5.485,6.784
E01014177,4.335,3.876
E01014178,7.86,6.112
E01014179,4.782,5.798
E01014180,9.445,8.015
E01014181,1.448,1.68
E01014182,2.372,2.274
E01014183,4.041,4.399
E01014184,5.007,4.491
E01014185,10.116,10.817
E01014186,4.812,5.706
E01014187,7.682,8.069
E01014188,2.861,4.512
E01014189,3.578,5.199
E01014190,3.173,4.224
E01014191,5.913,6.755
E01014192,5.059,5.06
E01014193,7.236,6.734
E01014194,5.592,6.301
E01014195,2.903,4.459
E01014196,7.842,8.135
E01014197,8.601,6.587
E01014198,8.433,7.795
E01014199,4.483,5.491
E01014200,7.728,5.874
E01014201,5.905,10.475
E01014202,3.474,4.105
E01014203,4.475,4.892
E01014204,3.735,4.097
E01014205,5.065,6.264
E01014206,6.959,5.199
E01014207,5.732,5.951
E01014208,7.586,7.749
E01014209,7.682,7.821
E01014210,10.671,10.116
E01014211,12.062,10.319
E01014212,12.891,10.997
E01014213,7.754,7.192
E01014214,6.323,4.524
E01014215,7.039,5.291
E01014216,6.33,6.273
E01014217,11.15,9.517
E01014218,10.258,8.733
E01014219,7.311,7.267
E01014220,14.478,9.35
E01014221,10.957,8.313
E01014222,10.216,9.663
E01014223,12.089,10.461
E01014224,15.212,10.235
E01014225,7.114,5.973
E01014226,12.637,11.403
E01014228,7.551,8.47
E01014229,10.011,9.791
E01014230,7.564,7.292
E01014231,11.156,6.244
E01014233,7.583,6.537
E01014234,8.144,7.974
E01014235,12.161,8.829
E01014236,6.997,6.723
E01014237,13.379,8.945
E01014238,11.541,9.219
E01014239,6.671,6.149
E01014240,8.829,6.74
E01014241,9.744,7.913
E01014242,9.215,9.185
E01014243,6.784,7.449
E01014244,8.9,8.961
E01014245,6.175,5.387
E01014246,9.726,10.229
E01014247,9.211,8.333
E01014248,8.141,7.715
E01014249,9.62,8.708
E01014250,12.577,10.195
E01014251,10.432,8.607
E01014252,6.124,5.756
E01014253,6.447,4.887
E01014254,8.142,6.66
E01014255,10.246,10.758
E01014256,11.289,7.681
E01014257,10.054,7.984
E01014258,3.164,3.386
E01014259,8.14,11.894
E01014260,12.182,10.666
E01014261,9.473,9.518
E01014262,9.124,7.859
E01014263,8.77,8.672
E01014264,5.766,5.524
E01014265,4.681,4.579
E01014266,9.061,7.543
E01014267,6.337,7.422
E01014268,9.795,8.265
E01014269,8.717,8.343
E01014270,6.684,5.318
E01014271,5.967,6.422
E01014272,4.765,4.022
E01014273,6.641,7.278
E01014274,7.839,8.804
E01014275,12.509,10.996
E01014276,6.612,7.152
E01014277,8.087,6.969
E01014278,8.936,9.776
E01014279,6.467,7.087
E01014280,7.921,7.596
E01014281,5.08,4.76
E01014282,5.045,4.238
E01014283,3.822,4.276
E01014284,2.245,3.006
E01014285,6.111,5.931
E01014286,7.756,5.3
E01014287,9.719,8.068
E01014288,3.133,4.771
E01014289,4.467,3.874
E01014290,4.131,4.651
E01014291,6.963,4.879
E01014292,4.747,3.849
E01014293,5.483,6.562
E01014294,9.797,8.165
E01014295,6.096,7.425
E01014296,8.573,8.886
E01014297,5.747,5.198
E01014298,9.981,9.184
E01014299,6.01,6.264
E01014300,8.69,9.397
E01014301,3.993,3.867
E01014302,10.538,11.545
E01014303,6.391,5.87
E01014304,6.036,8.116
E01014305,6.452,5.879
E01014306,9.373,8.696
E01014307,7.086,5.357
E01014308,7.794,8.616
E01014309,9.728,8.943
E01014310,3.492,4.375
E01014311,10.418,9.677
E01014312,8.491,7.692
E01014313,13.648,14.533
E01014314,5.591,3.824
E01014315,6.536,5.259
E01014316,8.429,8.885
E01014317,14.066,11.567
E01014318,4.006,4.1
E01014319,6.755,6.644
E01014320,3.253,3.249
E01014321,6.316,7.687
E01014322,7.04,6.667
E01014323,4.867,6.486
E01014324,7.708,6.039
E01014325,3.745,3.591
E01014326,3.372,3.888
E01014327,6.543,6.338
E01014328,7.981,8.669
E01014329,10.444,8.039
E01014330,12.288,9.145
E01014331,9.948,7.955
E01014332,9.803,8.478
E01014333,6.849,6.317
E01014334,13.655,12.425
E01014335,6.915,5.591
E01014336,12.166,9.309
E01014337,8.805,7.986
E01014338,6.321,4.225
E01014339,5.847,6.164
E01014340,5.867,6.933
E01014341,8.295,6.18
E01014342,8.311,9.367
E01014343,6.554,6.999
E01014344,6.283,7.546
E01014345,7.683,6.676
E01014346,7.419,6.545
E01014347,2.972,3.015
E01014348,4.685,6.713
E01014349,4.829,5.556
E01014350,3.65,3.017
E01014351,7.634,6.137
E01014352,3.752,3.55
E01014353,6.784,7.321
E01014354,11.795,10.605
E01014355,8.381,6.351
E01014356,7.535,6.406
E01014357,12.977,14.987
E01014358,9.033,8.728
E01014359,7.709,6.193
E01014360,4.774,3.172
E01014361,7.305,5.534
E01014362,6.69,5.85
E01014363,8.815,8.263
E01014364,10.428,9.493
E01014365,7.037,8.95
E01014366,9.742,9.276
E01014367,13.63,9.695
E01014368,9.831,9.018
E01014369,8.012,6.462
E01014370,7.778,7.111
E01014371,3.537,2.91
E01014372,4.291,4.362
E01014373,3.948,3.674
E01014374,4.094,4.82
E01014375,2.711,3.483
E01014376,4.536,3.03
E01014377,2.841,3.53
E01014379,3.573,3.015
E01014380,1.833,1.472
E01014381,3.108,2.338
E01014382,2.808,3.414
E01014383,2.854,2.096
E01014384,4.188,2.954
E01014385,3.551,3.215
E01014386,2.939,3.38
E01014387,4.951,3.399
E01014388,2.835,2.786
E01014389,4.702,4.158
E01014390,6.443,7.442
E01014391,3.282,3.355
E01014392,4.939,6.897
E01014393,5.037,2.751
E01014394,4.532,4.005
E01014395,3.158,3.666
E01014396,4.393,4.627
E01014397,3.582,2.943
E01014398,3.795,3.993
E01014399,4.372,5.312
E01014400,4.012,4.19
E01014401,6.565,5.595
E01014402,5.166,4.022
E01014403,9.396,6.873
E01014404,5.333,6.188
E01014405,4.046,3.14
E01014407,6.883,4.366
E01014409,7.547,6.58
E01014410,1.695,3.191
E01014411,4.078,3.217
E01014412,2.257,2.026
E01014413,1.94,1.046
E01014414,5.036,4.781
E01014415,2.299,1.789
E01014416,4.259,4.532
E01014417,3.464,2.604
E01014418,2.876,3.1
E01014419,6.656,5.603
E01014420,4.201,3.903
E01014421,3.022,2.897
E01014422,3.645,4.673
E01014423,3.499,5.003
E01014424,3.371,3.76
E01014425,4.119,4.656
E01014426,6.458,6.996
E01014427,3.183,3.481
E01014428,3.212,2.812
E01014429,3.098,2.355
E01014430,4.932,5.313
E01014431,3.918,5.224
E01014432,6.186,4.529
E01014433,4.124,5.421
E01014434,3.075,4.325
E01014435,2.26,1.831
E01014436,4.924,2.971
E01014437,6.175,7.322
E01014438,5.781,7.723
E01014439,8.273,6.134
E01014440,2.899,3.102
E01014441,4.022,4.487
E01014442,4.227,5.048
E01014443,3.556,4.007
E01014444,2.167,3.166
E01014445,6.169,6.254
E01014446,3.664,4.33
E01014447,6.13,3.865
E01014448,6.151,6.64
E01014449,3.406,3.959
E01014450,6.915,5.918
E01014451,4.051,4.655
E01014452,5.982,6.223
E01014453,3.407,2.657
E01014454,1.493,1.757
E01014455,5.315,4.074
E01014456,4.591,4.122
E01014457,3.333,4.111
E01014458,7.631,8.43
E01014459,7.418,4.382
E01014460,5.565,3.009
E01014461,7.24,6.879
E01014462,6.301,5.758
E01014463,9.465,7.615
E01014464,6.401,6.33
E01014465,2.505,3.37
E01014466,3.642,4.083
E01014467,2.778,3.506
E01014468,2.895,2.714
E01014469,6.477,6.078
E01014470,2.778,3.267
E01014471,3.032,3.69
E01014472,3.738,4.538
E01014473,4.187,4.523
E01014474,4.987,3.744
E01014475,2.713,3.005
E01014476,2.78,2.218
E01014477,3.439,3.518
E01014478,3.701,6.454
E01014479,4.93,3.041
E01014480,5.155,5.681
E01014481,1.661,1.727
E01014482,1.643,1.91
E01014483,3.114,3.331
E01014484,3.121,2.165
E01014485,5.779,4.68
E01014486,6.776,5.244
E01014487,2.4,2.162
E01014488,4.114,3.199
E01014489,5.368,4.699
E01014491,2.599,2.221
E01014492,8.593,8.024
E01014493,7.392,6.951
E01014494,5.703,3.234
E01014495,7.947,6.814
E01014496,5.098,5.033
E01014497,6.59,6.214
E01014498,5.18,5.526
E01014499,7.511,7.606
E01014500,5.581,6.132
E01014501,10.095,7.782
E01014502,8.45,5.82
E01014504,3.469,3.775
E01014505,3.793,2.779
E01014506,3.483,2.929
E01014507,2.043,1.852
E01014508,4.297,2.501
E01014509,1.989,1.693
E01014510,2.194,2.114
E01014511,2.112,1.535
E01014512,3.522,3.176
E01014513,2.263,1.745
E01014514,3.053,3.699
E01014515,8.266,8.527
E01014516,9.311,8.198
E01014517,8.519,7.075
E01014518,6.239,4.045
E01014519,7.165,6.106
E01014520,3.929,4.179
E01014521,7.207,5.38
E01014522,7.939,7.812
E01014523,5.181,6.344
E01014524,5.088,5.006
E01014525,4.035,3.862
E01014526,6.987,6.663
E01014527,5.655,5.822
E01014528,3.941,4.34
E01014529,5.59,7.537
E01014530,4.552,4.113
E01014531,3.612,2.951
E01014532,4.7,3.864
E01014533,3.268,3.658
E01014534,3.274,3.763
E01014535,4.616,3.789
E01014536,7.724,11.374
E01014537,6.317,5.476
E01014538,1.804,1.44
E01014539,3.435,2.727
E01014540,3.288,2.691
E01014542,1.598,1.43
E01014544,2.034,2.555
E01014545,2.476,2.352
E01014546,1.932,1.942
E01014547,2.491,2.111
E01014548,3.432,2.66
E01014549,4.03,3.431
E01014550,1.434,2.074
E01014551,1.797,1.22
E01014552,2.191,1.624
E01014553,1.863,1.88
E01014554,2.18,1.903
E01014555,3.411,2.175
E01014556,2.862,2.57
E01014557,1.713,1.485
E01014558,3.093,2.87
E01014559,3.28,1.241
E01014560,2.277,2.83
E01014561,2.872,2.759
E01014562,1.36,1.948
E01014563,1.268,1.955
E01014564,5.636,4.375
E01014565,8.662,6.356
E01014566,4.434,5.003
E01014567,3.51,3.874
E01014568,6.787,6.019
E01014569,5.447,4.238
E01014570,5.921,2.761
E01014571,5.475,5.333
E01014572,5.331,3.519
E01014573,4.355,3.903
E01014574,6.097,5.953
E01014575,7.234,5.332
E01014576,4.115,4.582
E01014577,4.262,4.493
E01014578,6.432,6.606
E01014579,6.695,5.054
E01014580,12.416,13.16
E01014581,11.445,10.69
E01014582,8.714,8.612
E01014583,7.639,7.434
E01014584,8.471,9.019
E01014585,8.23,8.304
E01014586,9.152,7.663
E01014587,10.284,8.119
E01014588,5.803,6.043
E01014589,9.373,10.037
E01014590,6.012,4.151
E01014591,5.393,4.012
E01014592,4.783,4.184
E01014593,7.459,8.612
E01014594,8.433,7.035
E01014595,8.751,10.129
E01014596,12.311,8.784
E01014597,10.682,9.698
E01014598,5.87,3.318
E01014599,3.125,3.275
E01014600,8.147,8.195
E01014601,10.951,7.043
E01014602,7.279,6.399
E01014603,5.014,5.443
E01014605,11.022,9.646
E01014607,4.482,3.58
E01014608,7.683,7.629
E01014609,8.723,7.563
E01014610,10.401,10.728
E01014611,6.926,5.548
E01014612,6.616,6.0
E01014613,5.192,5.616
E01014614,6.235,5.456
E01014615,3.213,2.293
E01014616,4.142,4.32
E01014617,2.913,2.206
E01014618,3.361,3.142
E01014619,2.201,1.297
E01014620,3.159,2.673
E01014621,2.791,2.248
E01014622,5.033,4.68
E01014623,4.537,4.594
E01014624,6.617,6.132
E01014626,7.136,5.713
E01014627,4.942,4.053
E01014629,6.364,6.827
E01014630,7.174,7.744
E01014631,7.919,7.73
E01014632,5.25,5.039
E01014633,3.81,3.529
E01014634,3.237,2.799
E01014635,2.949,2.912
E01014636,7.62,7.294
E01014637,1.678,2.191
E01014638,10.653,10.387
E01014639,6.76,6.94
E01014640,8.115,5.921
E01014641,5.773,5.049
E01014642,5.659,4.59
E01014643,7.185,8.595
E01014644,6.217,5.464
E01014645,7.796,6.589
E01014646,7.756,7.248
E01014647,6.944,6.811
E01014648,3.58,3.103
E01014649,3.639,3.392
E01014650,7.353,5.903
E01014651,3.924,4.096
E01014653,8.282,6.489
E01014654,7.017,6.785
E01014655,7.78,5.916
E01014658,7.441,5.615
E01014659,5.687,6.56
E01014660,9.542,8.506
E01014661,6.611,6.55
E01014662,5.143,4.588
E01014663,7.789,8.803
E01014664,9.008,6.45
E01014665,5.281,3.409
E01014666,2.083,1.714
E01014667,1.833,1.697
E01014668,1.893,1.999
E01014669,2.259,1.818
E01014670,1.851,1.851
E01014671,3.792,2.924
E01014672,4.441,5.863
E01014673,6.081,4.502
E01014674,5.98,5.39
E01014675,4.904,4.695
E01014676,6.45,6.903
E01014677,3.397,3.067
E01014678,4.75,3.812
E01014679,5.0,4.02
E01014680,4.351,3.689
E01014681,5.369,5.47
E01014682,7.107,4.98
E01014683,6.619,7.234
E01014684,7.436,5.876
E01014685,7.522,7.575
E01014686,6.994,5.702
E01014687,6.835,6.399
E01014688,6.818,5.503
E01014689,8.853,9.46
E01014690,6.321,6.557
E01014691,8.716,10.07
E01014692,7.031,5.492
E01014693,4.592,5.647
E01014694,8.374,8.028
E01014695,7.832,6.814
E01014696,2.889,2.044
E01014698,2.991,2.796
E01014699,7.977,5.64
E01014700,3.079,2.924
E01014701,3.254,2.698
E01014702,4.815,3.102
E01014703,9.437,8.623
E01014704,6.723,7.609
E01014705,6.781,5.792
E01014706,10.337,12.097
E01014707,4.588,6.281
E01014708,5.165,6.161
E01014709,3.015,2.273
E01014710,2.632,2.83
E01014711,4.026,3.771
E01014712,3.614,5.482
E01014713,2.756,2.715
E01014714,2.483,1.821
E01014715,1.862,2.231
E01014716,3.209,3.133
E01014717,5.824,5.861
E01014718,2.724,4.396
E01014719,4.026,2.901
E01014720,7.196,7.824
E01014721,8.157,7.22
E01014722,3.418,4.906
E01014723,3.274,3.263
E01014725,3.951,4.856
E01014726,10.97,9.339
E01014727,9.487,8.105
E01014729,7.108,6.033
E01014730,5.518,4.502
E01014731,4.128,3.731
E01014732,3.359,2.989
E01014733,3.414,2.406
E01014734,3.549,2.75
E01014735,4.226,3.577
E01014736,6.292,6.528
E01014737,2.389,2.861
E01014738,3.891,4.013
E01014739,4.301,4.167
E01014740,2.41,2.763
E01014741,4.52,5.302
E01014742,3.706,3.296
E01014744,5.067,7.104
E01014745,6.74,7.184
E01014746,6.383,8.063
E01014747,2.587,4.327
E01014748,3.797,4.516
E01014749,2.065,2.641
E01014750,5.12,5.047
E01014751,7.929,7.813
E01014752,3.564,3.711
E01014753,4.972,7.908
E01014754,6.114,5.635
E01014755,5.7,6.072
E01014756,4.683,4.442
E01014757,3.123,4.568
E01014758,8.204,7.059
E01014759,5.587,4.261
E01014760,4.53,4.127
E01014761,2.912,3.667
E01014762,3.062,3.322
E01014763,3.947,4.817
E01014764,6.102,5.61
E01014765,4.601,4.336
E01014766,4.586,2.304
E01014767,3.607,3.742
E01014769,5.023,3.918
E01014770,7.016,6.449
E01014771,5.916,6.192
E01014772,4.744,7.288
E01014773,2.722,3.282
E01014774,7.929,7.544
E01014775,2.031,3.058
E01014776,2.658,2.215
E01014777,3.62,4.008
E01014778,2.773,3.294
E01014779,5.789,5.64
E01014780,5.178,5.364
E01014781,6.542,7.683
E01014782,3.091,4.08
E01014783,4.648,4.475
E01014784,4.844,4.908
E01014785,3.68,3.776
E01014786,6.892,6.829
E01014787,4.821,3.461
E01014789,4.22,4.402
E01014790,5.574,2.932
E01014792,5.281,4.523
E01014793,3.307,2.165
E01014794,3.774,3.851
E01014795,5.417,5.281
E01014796,5.015,5.025
E01014797,3.532,4.906
E01014798,3.264,2.29
E01014799,8.824,9.459
E01014800,8.664,8.43
E01014801,11.104,10.955
E01014802,10.846,10.341
E01014803,7.167,4.645
E01014804,8.018,8.086
E01014805,6.402,5.283
E01014806,12.66,13.329
E01014807,6.72,7.389
E01014808,4.488,4.37
E01014809,6.472,6.152
E01014810,6.936,4.815
E01014811,9.912,7.778
E01014812,6.899,7.329
E01014813,5.075,5.208
E01014815,6.119,7.117
E01014816,6.452,5.466
E01014817,5.855,5.665
E01014818,4.24,3.13
E01014819,4.703,4.777
E01014820,7.566,8.937
E01014821,4.187,3.363
E01014822,2.374,3.416
E01014823,4.257,3.013
E01014824,5.079,4.775
E01014825,4.241,3.44
E01014826,4.259,4.555
E01014827,7.211,6.598
E01014828,6.736,7.238
E01014829,9.365,9.517
E01014830,5.474,5.182
E01014831,9.896,11.653
E01014832,11.707,13.091
E01014833,12.619,9.479
E01014834,9.261,9.111
E01014835,9.618,11.119
E01014836,6.744,6.944
E01014838,4.943,4.953
E01014839,4.438,4.807
E01014840,7.482,8.218
E01014841,8.862,7.509
E01014842,7.47,6.708
E01014843,12.287,9.925
E01014844,9.732,9.097
E01014845,5.16,6.867
E01014846,7.493,5.798
E01014847,2.627,3.035
E01014848,4.571,3.645
E01014849,3.29,3.092
E01014850,3.473,2.762
E01014851,3.673,3.364
E01014852,4.842,2.662
E01014853,3.404,3.339
E01014854,2.819,3.121
E01014855,4.245,2.755
E01014856,3.701,5.484
E01014857,3.55,4.752
E01014858,3.138,3.12
E01014859,4.392,3.8
E01014860,5.529,6.02
E01014861,4.185,4.46
E01014862,3.661,4.117
E01014863,4.746,5.01
E01014864,3.706,3.604
E01014865,3.655,3.873
E01014866,4.874,4.065
E01014867,5.473,7.121
E01014868,3.479,2.834
E01014869,3.205,2.525
E01014870,3.985,3.794
E01014871,5.82,4.355
E01014872,2.511,2.824
E01014873,1.327,1.931
E01014874,2.003,2.478
E01014875,1.786,2.703
E01014876,1.224,1.842
E01014877,1.727,2.2
E01014878,1.562,2.416
E01014879,4.089,3.261
E01014880,1.855,2.69
E01014881,1.534,1.592
E01014882,3.407,4.305
E01014883,2.922,3.336
E01014884,3.271,5.72
E01014885,2.677,2.729
E01014886,6.045,6.991
E01014887,3.15,2.505
E01014888,4.267,5.266
E01014889,3.063,4.187
E01014890,3.716,2.782
E01014891,2.703,2.96
E01014892,4.337,5.627
E01014893,4.685,4.956
E01014894,2.37,3.485
E01014895,2.11,3.331
E01014896,2.477,4.462
E01014897,2.737,3.024
E01014898,4.856,5.735
E01014899,5.627,5.35
E01014900,5.157,5.471
E01014901,2.374,2.657
E01014902,2.881,2.838
E01014903,4.842,3.349
E01014904,7.128,5.243
E01014905,4.515,3.249
E01014906,6.519,6.468
E01014907,4.248,5.1
E01014908,4.091,3.244
E01014909,3.495,3.531
E01014910,4.351,3.796
E01014911,3.752,3.571
E01014912,3.324,2.842
E01014913,2.959,2.46
E01014914,6.977,5.589
E01014915,6.501,5.981
E01014916,6.101,5.247
E01014917,5.701,5.279
E01014918,6.629,4.908
E01014919,3.462,3.483
E01014920,3.737,4.453
E01014921,4.037,4.314
E01014922,4.845,4.124
E01014923,6.435,5.649
E01014924,5.722,4.92
E01014925,5.422,5.837
E01014926,7.003,7.733
E01014927,7.99,8.026
E01014928,5.505,6.581
E01014929,3.761,4.332
E01014930,2.629,3.501
E01014931,4.849,4.317
E01014932,4.205,4.682
E01014933,3.082,2.765
E01014934,3.88,4.506
E01014935,2.523,3.107
E01014936,5.563,4.658
E01014937,3.51,4.325
E01014938,3.876,4.046
E01014939,3.862,4.479
E01014940,3.306,3.477
E01014941,8.725,7.2
E01014942,8.62,6.688
E01014943,2.962,2.908
E01014944,1.72,1.976
E01014945,4.826,5.066
E01014946,5.972,4.154
E01014947,5.977,5.144
E01014948,7.147,7.961
E01014949,3.592,3.279
E01014950,4.272,4.063
E01014951,6.43,5.011
E01014952,4.843,4.056
E01014953,3.036,3.786
E01014954,5.198,4.91
E01014955,4.371,4.032
E01014956,4.497,4.642
E01014957,4.382,3.96
E01014958,5.957,5.955
E01014959,4.903,2.902
E01014960,6.131,5.236
E01014961,5.815,5.997
E01014962,3.432,3.032
E01014963,2.606,3.392
E01014964,1.987,2.347
E01014965,4.15,2.771
E01014966,2.157,2.113
E01014967,1.464,2.361
E01014968,7.535,6.711
E01014969,2.627,3.667
E01014972,4.509,4.921
E01014973,6.899,6.978
E01014974,5.968,6.121
E01014975,4.892,5.137
E01014976,6.966,5.769
E01014977,8.471,7.036
E01014978,3.922,3.327
E01014979,3.432,3.142
E01014980,2.283,2.356
E01014981,2.749,3.294
E01014982,3.752,4.667
E01014983,5.863,5.727
E01014984,4.794,5.098
E01014985,2.603,3.828
E01014986,5.657,6.012
E01014987,3.323,2.684
E01014988,3.421,3.633
E01014989,5.012,5.0
E01014990,3.706,3.228
E01014991,6.793,7.608
E01014992,2.9,3.003
E01014993,2.705,3.362
E01014994,7.155,6.079
E01014995,4.202,3.875
E01014996,4.85,5.647
E01014998,6.632,6.863
E01014999,3.639,4.123
E01015000,4.41,5.763
E01015001,3.543,3.844
E01015002,3.426,4.683
E01015003,3.701,3.541
E01015004,3.551,4.126
E01015005,5.15,3.807
E01015006,5.792,4.495
E01015007,5.198,4.909
E01015008,8.711,5.332
E01015009,4.986,6.409
E01015010,4.085,4.602
E01015011,7.134,6.352
E01015012,5.107,4.924
E01015013,3.632,4.394
E01015014,1.91,2.234
E01015015,5.378,4.288
E01015016,2.301,2.86
E01015017,5.114,4.079
E01015018,4.068,4.506
E01015019,4.561,5.62
E01015020,5.913,5.411
E01015021,2.801,4.907
E01015022,3.161,6.675
E01015023,9.307,8.615
E01015024,5.171,6.038
E01015025,5.964,5.15
E01015026,8.597,8.096
E01015027,4.806,4.703
E01015028,9.889,10.551
E01015029,3.665,3.883
E01015030,9.77,10.429
E01015031,5.348,7.129
E01015032,3.759,4.814
E01015033,3.885,3.846
E01015034,4.711,5.73
E01015035,4.099,4.59
E01015036,4.794,4.43
E01015037,7.313,7.559
E01015038,3.958,4.762
E01015039,3.947,8.413
E01015040,9.369,7.874
E01015041,6.624,4.909
E01015042,5.092,7.049
E01015043,7.847,8.878
E01015044,6.602,7.138
E01015045,8.033,8.687
E01015046,11.87,10.485
E01015047,7.58,6.902
E01015048,10.034,6.431
E01015049,3.455,3.935
E01015050,3.504,7.155
E01015051,2.739,3.587
E01015052,5.948,6.432
E01015053,4.813,4.73
E01015054,2.989,3.942
E01015055,10.537,10.345
E01015056,8.174,7.29
E01015057,7.971,8.304
E01015058,6.798,8.365
E01015059,5.209,5.628
E01015060,6.675,8.322
E01015061,4.736,5.523
E01015062,3.042,3.971
E01015063,7.569,7.03
E01015064,6.1,4.478
E01015065,7.445,8.036
E01015066,3.973,5.081
E01015067,4.756,5.114
E01015068,4.238,3.608
E01015069,8.407,6.505
E01015070,6.312,5.69
E01015071,7.021,6.471
E01015072,9.267,8.841
E01015073,10.621,10.333
E01015074,11.06,10.624
E01015075,10.111,9.618
E01015076,5.911,5.402
E01015077,7.643,4.088
E01015078,11.486,8.253
E01015079,5.942,6.181
E01015080,7.752,5.162
E01015081,9.389,9.016
E01015082,10.831,12.216
E01015083,10.802,12.07
E01015084,8.93,6.978
E01015085,9.87,8.103
E01015086,11.028,10.675
E01015087,6.838,8.412
E01015088,7.995,8.616
E01015089,9.749,9.426
E01015090,4.38,5.279
E01015091,6.303,6.359
E01015092,5.159,4.1
E01015093,11.538,9.782
E01015094,8.47,8.126
E01015095,9.182,8.169
E01015096,9.91,8.529
E01015097,8.268,6.272
E01015098,4.792,4.04
E01015099,3.455,3.075
E01015100,4.13,4.263
E01015101,4.926,5.306
E01015102,4.505,4.141
E01015103,3.659,3.146
E01015104,3.39,2.8
E01015105,3.171,3.992
E01015106,4.464,5.041
E01015107,4.317,3.415
E01015108,3.945,3.249
E01015109,4.187,4.562
E01015110,3.463,3.342
E01015111,3.23,3.064
E01015112,5.077,5.451
E01015113,4.548,4.241
E01015114,5.341,4.499
E01015115,11.707,10.657
E01015116,5.144,5.54
E01015117,5.034,4.064
E01015118,3.917,5.634
E01015119,2.261,3.156
E01015120,6.386,7.066
E01015121,4.708,5.109
E01015122,5.276,3.873
E01015123,8.555,8.146
E01015124,4.631,6.005
E01015125,4.746,3.862
E01015126,5.318,5.421
E01015127,5.792,7.766
E01015128,4.468,5.161
E01015129,5.199,5.098
E01015130,2.567,4.049
E01015131,4.878,4.198
E01015132,6.569,8.378
E01015133,5.668,5.613
E01015134,4.941,5.802
E01015135,6.084,5.284
E01015136,5.669,4.558
E01015137,4.58,4.494
E01015138,5.863,4.987
E01015139,7.015,4.858
E01015140,4.815,6.071
E01015141,4.451,3.687
E01015142,6.098,7.829
E01015143,7.961,7.883
E01015144,8.895,7.731
E01015145,5.553,6.592
E01015146,7.901,6.849
E01015147,9.207,9.134
E01015148,6.865,7.584
E01015149,11.992,10.693
E01015150,9.507,7.681
E01015151,8.138,7.536
E01015152,12.629,7.796
E01015153,10.499,10.392
E01015155,13.208,12.304
E01015156,8.713,5.42
E01015157,7.359,8.261
E01015158,8.091,6.901
E01015159,10.379,9.033
E01015160,4.916,5.059
E01015161,6.878,6.473
E01015162,10.228,8.837
E01015163,8.408,8.312
E01015164,4.902,5.889
E01015165,3.919,3.353
E01015166,7.483,6.688
E01015167,5.042,6.964
E01015168,6.298,7.214
E01015169,4.523,4.927
E01015170,6.877,7.262
E01015171,9.711,9.117
E01015172,4.561,6.159
E01015173,5.713,5.556
E01015174,4.576,5.854
E01015175,4.63,4.294
E01015176,8.88,6.899
E01015177,4.874,3.815
E01015178,3.805,4.833
E01015179,3.216,4.414
E01015180,8.239,10.453
E01015181,6.128,6.452
E01015182,7.526,7.409
E01015183,9.167,7.653
E01015184,9.23,6.927
E01015185,7.698,9.098
E01015186,9.485,7.214
E01015187,7.803,5.931
E01015188,8.704,8.843
E01015189,6.41,7.283
E01015190,8.043,6.65
E01015191,4.633,4.089
E01015192,8.207,8.043
E01015193,9.197,7.344
E01015194,8.071,8.828
E01015195,8.422,6.105
E01015196,8.82,9.232
E01015197,5.768,5.712
E01015198,7.594,6.662
E01015199,7.544,6.047
E01015200,6.594,5.949
E01015201,6.737,7.413
E01015202,6.543,5.663
E01015203,5.975,4.743
E01015204,6.836,5.967
E01015205,7.32,5.489
E01015206,9.569,7.308
E01015207,5.39,5.287
E01015208,5.292,4.186
E01015209,7.455,4.957
E01015210,7.498,5.954
E01015211,5.886,4.434
E01015212,6.098,5.67
E01015213,5.443,4.752
E01015214,6.254,6.371
E01015215,5.007,4.719
E01015216,6.928,8.322
E01015217,9.097,9.759
E01015218,8.052,6.181
E01015219,9.045,10.855
E01015220,5.766,4.594
E01015221,6.783,8.267
E01015222,6.228,7.048
E01015223,4.371,5.201
E01015224,6.698,6.238
E01015225,9.339,5.249
E01015226,5.103,5.128
E01015227,5.733,5.834
E01015228,9.169,8.595
E01015229,9.064,11.365
E01015230,6.078,5.755
E01015231,13.81,12.674
E01015232,7.995,10.459
E01015233,10.793,10.836
E01015234,9.181,9.287
E01015235,10.598,10.252
E01015236,5.256,6.153
E01015237,4.418,5.387
E01015238,6.272,7.885
E01015239,9.81,11.643
E01015240,9.911,9.275
E01015241,6.558,7.76
E01015242,7.674,6.466
E01015243,6.667,4.918
E01015244,7.04,7.158
E01015245,9.375,7.968
E01015246,11.181,7.446
E01015247,7.733,6.63
E01015248,7.292,8.166
E01015249,9.743,9.085
E01015250,3.686,5.361
E01015251,4.333,4.664
E01015252,4.574,5.944
E01015253,3.565,4.983
E01015254,6.004,4.739
E01015255,7.721,11.331
E01015256,8.533,9.155
E01015257,8.936,10.712
E01015258,6.013,6.663
E01015259,5.372,5.434
E01015260,10.427,8.92
E01015261,8.533,6.763
E01015262,8.728,7.849
E01015263,9.623,8.017
E01015264,7.105,6.461
E01015265,8.906,8.284
E01015266,11.513,10.115
E01015267,7.531,11.425
E01015268,7.197,7.606
E01015269,9.749,11.277
E01015270,10.387,10.471
E01015271,6.259,7.196
E01015272,5.226,3.891
E01015273,5.601,6.328
E01015274,5.096,5.736
E01015275,4.101,5.329
E01015276,5.176,5.689
E01015277,5.247,6.253
E01015279,9.343,7.529
E01015280,9.481,6.86
E01015281,8.822,8.562
E01015282,11.708,9.701
E01015283,5.452,2.026
E01015285,2.77,2.935
E01015286,6.754,6.61
E01015287,4.127,2.524
E01015288,5.434,5.689
E01015289,6.521,6.78
E01015290,7.065,4.609
E01015291,6.189,6.392
E01015292,5.542,5.388
E01015293,5.686,5.842
E01015294,4.874,4.993
E01015295,5.332,3.111
E01015296,7.126,6.835
E01015297,8.92,6.379
E01015298,6.559,4.887
E01015299,4.059,4.389
E01015300,5.096,3.933
E01015301,6.945,6.514
E01015302,6.865,7.268
E01015303,8.947,7.182
E01015304,10.403,11.277
E01015305,6.821,8.844
E01015306,8.383,9.14
E01015307,9.835,10.557
E01015308,6.268,6.122
E01015309,8.414,9.966
E01015310,7.812,7.629
E01015311,8.358,6.155
E01015312,7.091,10.073
E01015313,8.4,8.889
E01015314,4.06,3.677
E01015315,3.52,2.844
E01015316,3.834,3.753
E01015317,7.56,5.668
E01015318,5.469,4.651
E01015319,2.503,2.937
E01015320,3.321,3.792
E01015321,6.233,5.346
E01015322,3.976,2.745
E01015323,2.839,2.685
E01015324,3.809,3.96
E01015325,3.869,3.113
E01015326,3.586,4.107
E01015327,4.481,4.049
E01015328,6.973,7.204
E01015329,3.976,4.497
E01015330,5.33,3.97
E01015331,3.413,3.776
E01015332,5.052,5.608
E01015333,3.605,5.563
E01015334,9.001,7.276
E01015335,4.872,5.622
E01015336,4.31,4.989
E01015337,5.598,4.677
E01015338,11.295,11.989
E01015339,7.498,6.55
E01015340,7.673,6.602
E01015341,8.859,8.351
E01015342,3.361,3.567
E01015343,6.705,6.052
E01015344,5.82,2.998
E01015345,4.318,4.259
E01015346,4.565,4.257
E01015348,4.153,3.608
E01015349,4.227,5.203
E01015350,4.48,4.334
E01015351,3.777,3.106
E01015352,3.074,2.999
E01015353,4.435,4.847
E01015354,3.702,3.7
E01015355,5.151,4.861
E01015356,3.681,3.49
E01015357,9.097,8.771
E01015358,5.371,5.037
E01015359,8.685,9.864
E01015360,2.91,2.697
E01015361,5.23,5.305
E01015362,6.725,6.911
E01015363,4.307,3.574
E01015364,4.312,3.197
E01015365,4.04,4.997
E01015366,8.965,7.825
E01015367,4.354,3.589
E01015368,5.179,5.527
E01015369,5.815,5.464
E01015370,3.846,3.331
E01015371,6.91,5.689
E01015372,11.294,9.449
E01015373,3.169,3.636
E01015374,3.896,3.964
E01015375,3.618,3.135
E01015376,3.158,2.609
E01015377,4.276,4.302
E01015378,2.305,3.62
E01015379,7.255,7.084
E01015380,7.925,6.059
E01015381,7.121,7.661
E01015382,5.218,4.388
E01015383,8.034,6.513
E01015384,5.784,7.299
E01015385,7.915,8.212
E01015386,7.503,7.275
E01015387,4.697,4.852
E01015388,3.381,3.927
E01015389,4.138,3.616
E01015390,5.154,5.26
E01015391,3.711,4.443
E01015392,5.348,4.33
E01015393,4.206,4.144
E01015394,4.023,3.452
E01015395,6.179,5.71
E01015396,4.286,3.365
E01015397,1.537,1.431
E01015398,3.237,2.204
E01015399,5.103,6.105
E01015400,3.294,2.154
E01015401,3.086,3.788
E01015402,7.729,7.73
E01015403,6.393,7.197
E01015404,4.398,3.439
E01015405,5.908,3.574
E01015406,3.561,3.94
E01015407,5.21,4.967
E01015408,5.125,3.881
E01015409,5.109,5.936
E01015410,3.432,3.416
E01015411,4.047,4.179
E01015412,2.525,2.925
E01015413,4.804,6.601
E01015414,4.539,4.701
E01015415,6.656,8.213
E01015416,4.944,3.689
E01015417,6.233,5.381
E01015418,4.665,4.26
E01015419,2.904,3.948
E01015420,7.051,6.788
E01015421,6.341,7.094
E01015422,2.281,2.841
E01015423,5.92,5.634
E01015424,5.259,4.661
E01015425,4.876,5.215
E01015426,8.461,8.216
E01015427,4.686,4.343
E01015428,5.314,4.278
E01015429,6.11,6.842
E01015430,6.012,7.311
E01015431,1.479,2.441
E01015432,4.808,3.857
E01015433,2.905,2.97
E01015434,5.334,4.543
E01015435,3.743,4.189
E01015436,5.045,5.282
E01015437,4.062,4.351
E01015438,5.363,4.617
E01015439,7.951,5.924
E01015440,4.531,5.019
E01015441,6.09,5.645
E01015442,8.372,8.235
E01015443,6.253,6.054
E01015444,6.11,5.357
E01015445,3.892,3.828
E01015446,5.685,6.687
E01015447,5.351,6.29
E01015448,3.672,4.032
E01015449,6.272,7.143
E01015450,4.776,3.984
E01015451,4.915,4.307
E01015452,4.0,3.534
E01015453,2.989,3.679
E01015454,4.319,4.844
E01015455,4.047,3.921
E01015456,7.063,6.597
E01015457,5.4,4.345
E01015458,4.08,2.453
E01015459,2.956,2.918
E01015460,5.498,3.552
E01015461,3.58,4.356
E01015462,4.397,3.723
E01015463,3.918,3.384
E01015464,2.912,2.442
E01015465,5.714,5.95
E01015466,7.41,5.231
E01015468,6.585,5.353
E01015471,1.813,1.871
E01015472,2.36,3.517
E01015473,4.196,4.039
E01015474,5.109,2.44
E01015475,3.116,2.751
E01015476,5.953,5.309
E01015477,5.943,3.654
E01015478,3.237,4.342
E01015479,2.967,2.746
E01015480,3.248,1.775
E01015481,2.924,3.519
E01015482,3.678,2.76
E01015483,6.328,5.314
E01015484,4.633,4.32
E01015485,2.917,3.384
E01015486,3.405,4.275
E01015487,3.406,4.184
E01015488,6.81,6.566
E01015489,3.268,4.047
E01015490,3.658,2.85
E01015491,7.4,9.027
E01015492,3.208,5.421
E01015493,3.328,2.513
E01015494,2.804,3.493
E01015496,3.346,2.512
E01015497,6.156,3.791
E01015498,3.522,3.32
E01015499,2.992,3.118
E01015500,3.217,4.82
E01015501,3.433,2.634
E01015502,5.437,5.523
E01015503,9.056,9.313
E01015504,2.551,3.721
E01015505,4.545,4.027
E01015506,7.415,9.006
E01015507,8.803,9.006
E01015508,7.5,7.444
E01015509,4.383,4.859
E01015510,5.816,4.93
E01015511,5.527,4.523
E01015512,1.924,1.581
E01015513,2.315,3.255
E01015514,3.791,4.0
E01015515,1.887,2.335
E01015516,7.828,8.969
E01015517,6.189,6.798
E01015518,1.602,2.352
E01015519,9.789,7.565
E01015520,3.98,3.754
E01015521,2.793,2.207
E01015522,3.4,4.364
E01015523,4.172,4.221
E01015524,2.836,3.69
E01015525,2.408,2.61
E01015526,3.108,3.659
E01015527,5.654,5.909
E01015528,8.531,7.678
E01015529,7.333,6.366
E01015530,7.871,7.038
E01015532,4.499,3.63
E01015533,5.386,4.43
E01015534,5.2,4.755
E01015535,3.28,4.739
E01015536,3.042,2.818
E01015537,7.84,7.111
E01015538,10.64,8.586
E01015539,5.741,6.743
E01015540,7.262,9.052
E01015541,9.827,9.041
E01015542,7.682,8.68
E01015543,8.443,6.221
E01015544,8.343,9.729
E01015545,7.447,6.726
E01015546,7.344,7.334
E01015547,4.746,2.903
E01015548,2.346,3.203
E01015549,4.193,4.398
E01015550,4.329,4.418
E01015551,5.085,5.133
E01015552,3.466,5.98
E01015553,3.556,2.512
E01015554,5.571,5.137
E01015555,6.071,7.505
E01015556,3.625,3.966
E01015557,3.154,3.554
E01015558,8.749,7.979
E01015559,5.367,6.739
E01015560,3.83,4.149
E01015561,3.274,3.34
E01015562,2.472,2.939
E01015563,1.593,2.346
E01015564,2.618,3.658
E01015565,3.983,4.963
E01015566,2.637,3.269
E01015567,4.29,3.576
E01015568,3.492,4.181
E01015569,6.887,7.697
E01015570,8.426,7.905
E01015571,4.78,5.711
E01015572,7.36,6.941
E01015573,8.653,7.853
E01015574,3.963,3.254
E01015575,6.25,7.565
E01015576,5.516,4.834
E01015578,5.666,4.963
E01015579,3.912,3.795
E01015580,6.506,6.126
E01015581,3.958,4.044
E01015582,3.415,3.134
E01015583,2.673,3.106
E01015584,5.999,4.412
E01015585,3.532,3.893
E01015586,4.732,5.459
E01015587,8.593,8.261
E01015588,5.389,4.505
E01015589,2.963,2.401
E01015590,3.273,3.979
E01015591,3.989,4.917
E01015592,5.494,6.29
E01015593,6.364,5.772
E01015594,5.434,7.17
E01015595,8.568,6.773
E01015596,5.317,6.54
E01015597,5.149,5.392
E01015598,3.872,4.479
E01015599,7.071,4.78
E01015600,5.653,5.858
E01015601,4.72,4.291
E01015602,6.112,4.804
E01015603,6.588,5.406
E01015604,5.502,5.995
E01015605,8.528,8.164
E01015606,5.623,4.399
E01015607,7.889,6.446
E01015608,6.928,5.929
E01015609,5.879,4.947
E01015610,7.801,5.367
E01015611,7.153,5.543
E01015612,6.642,6.275
E01015613,5.81,7.165
E01015614,4.169,3.571
E01015615,7.435,6.324
E01015616,7.195,4.77
E01015617,3.341,4.075
E01015618,5.535,5.94
E01015619,5.312,6.101
E01015620,4.108,4.274
E01015621,4.759,2.908
E01015622,4.405,4.726
E01015623,5.137,5.738
E01015624,4.733,4.188
E01015626,2.492,3.254
E01015627,4.023,4.677
E01015628,2.249,3.531
E01015629,3.448,3.95
E01015630,3.964,4.074
E01015631,3.675,3.883
E01015632,5.572,5.804
E01015633,8.502,8.47
E01015634,7.73,6.523
E01015635,2.673,3.338
E01015636,4.0,3.867
E01015637,6.703,6.822
E01015638,7.258,6.728
E01015639,7.011,8.069
E01015640,4.772,5.588
E01015641,5.798,7.354
E01015642,7.073,7.003
E01015643,6.982,5.602
E01015644,3.905,3.924
E01015645,3.121,5.879
E01015646,3.764,4.402
E01015647,8.792,7.387
E01015648,3.892,4.39
E01015650,3.707,3.486
E01015651,4.029,4.327
E01015652,4.335,5.157
E01015653,3.96,3.652
E01015654,8.045,6.375
E01015655,4.073,4.566
E01015656,7.722,6.518
E01015657,5.063,4.864
E01015658,7.856,8.21
E01015659,2.46,3.864
E01015660,6.797,8.6
E01015661,6.404,9.499
E01015662,3.793,5.43
E01015663,7.994,8.513
E01015664,5.622,7.536
E01015665,5.156,5.109
E01015666,9.385,7.436
E01015667,3.927,6.634
E01015668,5.853,5.93
E01015669,5.022,6.359
E01015670,5.556,5.866
E01015671,4.514,2.528
E01015672,5.0,4.696
E01015673,8.489,9.377
E01015674,7.96,6.431
E01015675,5.499,4.383
E01015676,5.64,6.85
E01015677,5.822,4.051
E01015678,3.938,4.611
E01015679,4.743,5.088
E01015680,6.75,8.013
E01015681,2.899,4.119
E01015682,4.161,3.448
E01015683,6.155,6.443
E01015684,5.097,4.243
E01015685,3.104,3.816
E01015686,4.452,4.983
E01015687,3.396,4.303
E01015688,3.589,4.72
E01015689,4.39,6.052
E01015690,3.322,4.933
E01015691,7.477,3.777
E01015692,3.659,3.499
E01015693,3.107,2.909
E01015694,4.297,3.962
E01015695,3.015,2.334
E01015696,2.96,3.79
E01015697,2.654,3.538
E01015698,6.684,7.506
E01015699,7.236,5.398
E01015700,4.266,3.966
E01015701,5.318,5.291
E01015702,5.112,5.651
E01015703,6.34,6.506
E01015704,4.301,4.721
E01015705,3.948,4.388
E01015706,3.983,4.267
E01015707,3.259,3.365
E01015708,1.93,3.134
E01015709,4.297,4.79
E01015710,3.146,2.598
E01015711,4.698,4.52
E01015712,5.319,4.195
E01015713,6.108,5.25
E01015714,5.096,3.112
E01015715,4.72,3.447
E01015716,8.252,7.686
E01015717,4.684,3.647
E01015718,3.594,3.853
E01015719,3.654,2.356
E01015720,7.148,7.053
E01015721,4.297,4.024
E01015722,4.627,4.19
E01015723,3.966,3.86
E01015724,5.081,3.349
E01015725,5.768,5.644
E01015726,6.443,5.627
E01015727,5.796,4.611
E01015728,4.218,4.268
E01015729,6.425,4.747
E01015730,4.701,3.432
E01015731,3.501,3.453
E01015732,6.566,6.734
E01015733,7.748,7.012
E01015734,4.852,4.318
E01015735,3.815,4.352
E01015736,11.034,7.967
E01015737,6.059,5.204
E01015738,4.319,4.459
E01015739,3.092,2.391
E01015740,3.387,2.854
E01015741,5.629,4.967
E01015742,2.77,2.323
E01015743,4.07,5.272
E01015744,7.093,6.624
E01015745,2.704,4.29
E01015746,6.835,7.559
E01015747,3.208,3.315
E01015748,6.265,6.094
E01015749,7.497,7.222
E01015750,3.385,3.996
E01015751,6.217,5.516
E01015752,5.975,4.1
E01015753,3.822,4.642
E01015754,7.445,8.516
E01015755,7.835,6.257
E01015756,3.829,5.211
E01015757,7.502,7.496
E01015758,3.815,4.672
E01015759,8.632,6.431
E01015760,7.517,7.839
E01015761,6.174,4.866
E01015762,4.591,4.967
E01015763,5.412,6.22
E01015764,4.63,4.614
E01015765,4.488,4.57
E01015766,3.582,4.085
E01015767,3.435,4.227
E01015768,4.749,5.631
E01015769,5.439,4.485
E01015770,2.893,4.098
E01015771,8.549,6.848
E01015772,5.424,6.618
E01015773,6.827,6.352
E01015774,5.609,4.913
E01015775,3.108,3.912
E01015776,4.334,5.519
E01015777,3.926,2.731
E01015778,3.302,2.703
E01015779,6.309,6.959
E01015780,4.255,4.097
E01015781,4.337,5.436
E01015782,4.203,4.57
E01015783,5.517,5.948
E01015784,3.909,3.61
E01015785,4.92,5.728
E01015786,4.751,3.753
E01015787,6.657,4.489
E01015788,6.493,5.028
E01015789,9.159,7.869
E01015790,4.259,4.005
E01015791,5.177,5.6
E01015792,3.617,3.499
E01015793,3.069,4.428
E01015794,3.792,3.423
E01015795,3.621,3.737
E01015796,8.145,5.461
E01015797,3.29,4.489
E01015798,4.396,4.218
E01015799,3.458,2.5
E01015800,4.071,3.649
E01015801,4.713,4.534
E01015802,6.324,5.387
E01015803,3.588,3.17
E01015804,3.934,3.098
E01015805,4.345,3.84
E01015806,2.2,2.742
E01015807,6.09,5.38
E01015808,3.395,4.1
E01015809,2.619,3.652
E01015810,2.516,3.35
E01015811,1.751,3.183
E01015812,2.134,2.693
E01015813,8.904,9.704
E01015814,5.762,7.184
E01015815,5.131,4.345
E01015816,7.542,5.964
E01015817,7.057,5.589
E01015818,7.36,5.906
E01015819,6.933,6.415
E01015820,8.754,8.343
E01015821,7.284,5.368
E01015822,4.334,3.552
E01015823,4.702,4.614
E01015824,9.256,9.097
E01015825,8.125,7.895
E01015826,5.651,4.342
E01015827,6.442,4.572
E01015828,8.64,8.02
E01015829,3.905,6.154
E01015830,2.414,3.157
E01015831,5.405,5.214
E01015832,8.529,6.993
E01015833,3.824,5.115
E01015834,3.279,3.208
E01015835,7.233,5.842
E01015836,4.224,4.307
E01015837,5.051,4.891
E01015838,4.667,5.959
E01015839,6.432,6.364
E01015840,6.264,5.708
E01015841,5.9,6.812
E01015842,10.064,12.251
E01015843,5.157,5.437
E01015844,10.112,9.031
E01015845,2.834,1.551
E01015846,3.588,3.859
E01015847,3.116,4.052
E01015848,5.407,5.114
E01015849,4.254,3.467
E01015850,2.536,3.483
E01015851,7.906,7.523
E01015852,7.666,7.43
E01015853,7.363,6.4
E01015854,4.684,4.258
E01015855,4.941,6.325
E01015856,5.281,3.796
E01015857,4.472,5.231
E01015858,4.64,3.488
E01015859,7.54,6.068
E01015860,5.13,4.378
E01015861,7.792,6.667
E01015862,5.107,5.454
E01015863,4.85,4.778
E01015864,5.0,5.055
E01015865,6.807,6.379
E01015866,4.83,4.755
E01015867,9.554,9.64
E01015868,6.297,6.021
E01015869,5.031,5.636
E01015870,4.017,5.825
E01015871,7.669,5.205
E01015872,4.917,4.955
E01015873,4.304,5.044
E01015874,5.392,5.269
E01015875,8.108,9.124
E01015876,3.875,4.679
E01015877,6.835,6.857
E01015878,4.136,3.981
E01015879,6.638,6.941
E01015880,10.606,11.177
E01015881,6.111,4.949
E01015882,7.152,6.852
E01015883,3.181,3.928
E01015884,5.946,6.103
E01015885,3.986,3.438
E01015886,10.368,10.598
E01015887,7.465,8.677
E01015888,6.22,6.404
E01015889,3.544,3.369
E01015890,3.694,4.172
E01015891,5.821,5.79
E01015892,3.406,3.373
E01015893,7.03,5.459
E01015894,3.844,4.905
E01015895,10.061,5.887
E01015896,8.8,6.34
E01015897,9.426,9.3
E01015898,7.219,6.803
E01015899,6.108,5.481
E01015900,4.883,4.155
E01015901,3.559,4.932
E01015902,4.816,5.045
E01015903,3.817,4.991
E01015904,4.187,4.841
E01015905,3.361,4.29
E01015906,4.934,5.686
E01015907,4.003,3.877
E01015908,2.607,1.71
E01015909,3.353,2.461
E01015910,2.19,2.549
E01015911,2.297,2.864
E01015912,3.607,3.155
E01015913,4.043,3.619
E01015914,3.077,2.533
E01015915,4.378,3.475
E01015916,8.016,7.807
E01015917,7.683,8.79
E01015918,6.695,4.332
E01015919,4.57,4.268
E01015920,4.803,4.481
E01015921,3.827,3.435
E01015922,8.432,7.581
E01015923,5.2,3.393
E01015924,5.932,4.966
E01015925,4.665,4.251
E01015926,5.443,4.248
E01015927,5.654,5.117
E01015928,6.64,5.995
E01015929,8.051,6.246
E01015930,6.009,3.919
E01015931,8.006,4.601
E01015932,4.732,4.665
E01015933,7.995,6.121
E01015934,6.217,4.99
E01015935,6.484,6.26
E01015936,8.957,7.772
E01015937,7.042,6.675
E01015938,7.272,6.004
E01015939,2.046,2.023
E01015941,1.796,1.846
E01015942,2.302,3.943
E01015943,3.634,3.336
E01015944,4.911,4.677
E01015945,5.272,5.86
E01015946,3.646,3.416
E01015947,3.48,4.29
E01015948,4.746,3.091
E01015949,3.195,4.101
E01015950,5.324,4.255
E01015951,3.986,3.741
E01015952,2.836,2.787
E01015953,3.122,2.806
E01015954,5.575,4.804
E01015955,2.645,2.573
E01015956,4.128,4.965
E01015957,7.537,8.073
E01015958,4.791,5.088
E01015959,4.259,4.872
E01015960,4.966,4.781
E01015961,3.995,2.538
E01015962,4.225,6.445
E01015963,4.373,5.785
E01015964,3.794,3.903
E01015965,5.394,2.933
E01015966,4.62,3.747
E01015967,4.139,4.45
E01015968,4.389,4.637
E01015969,4.03,5.016
E01015970,3.085,2.334
E01015971,7.128,5.6
E01015972,6.808,6.701
E01015973,6.826,3.317
E01015974,4.152,2.786
E01015975,6.03,4.875
E01015976,7.87,7.773
E01015977,4.236,5.132
E01015978,4.606,2.922
E01015979,3.496,1.494
E01015980,3.697,3.976
E01015982,1.325,1.398
E01015983,4.261,3.797
E01015984,3.963,4.736
E01015985,8.345,7.687
E01015986,6.915,6.291
E01015987,6.005,6.115
E01015988,7.855,7.756
E01015989,3.135,4.573
E01015990,6.188,6.217
E01015991,3.649,2.779
E01015992,4.82,2.946
E01015993,6.492,6.943
E01015994,6.362,6.162
E01015995,4.069,3.721
E01015996,7.112,6.487
E01015997,2.592,3.712
E01015998,4.318,3.08
E01015999,2.668,3.93
E01016000,3.324,4.392
E01016001,3.257,4.051
E01016002,2.778,3.646
E01016003,5.849,4.319
E01016004,6.197,5.91
E01016005,4.563,3.938
E01016006,5.313,5.356
E01016007,7.925,5.528
E01016008,4.528,4.373
E01016009,7.557,6.498
E01016010,6.726,7.087
E01016011,3.767,3.123
E01016012,3.144,2.706
E01016013,2.816,2.633
E01016014,4.06,3.456
E01016015,4.028,2.764
E01016016,6.772,6.49
E01016017,8.122,6.36
E01016018,3.978,4.029
E01016019,4.502,5.404
E01016020,5.547,5.206
E01016021,4.388,4.868
E01016022,3.854,4.827
E01016023,6.465,6.67
E01016024,4.392,4.92
E01016025,11.036,8.431
E01016026,3.736,3.137
E01016027,2.094,3.393
E01016028,4.864,5.349
E01016029,3.908,3.943
E01016030,7.423,6.571
E01016031,6.393,6.236
E01016032,7.768,8.012
E01016033,8.821,9.609
E01016034,3.738,4.764
E01016035,5.371,5.454
E01016036,3.346,3.319
E01016037,4.447,4.426
E01016038,6.151,5.915
E01016039,4.611,4.843
E01016040,5.215,5.546
E01016041,5.361,5.317
E01016042,4.305,5.642
E01016043,5.367,5.368
E01016044,5.399,4.901
E01016045,4.562,4.626
E01016046,5.825,4.963
E01016047,5.565,5.079
E01016048,5.18,4.188
E01016049,5.775,5.216
E01016050,3.298,3.704
E01016051,3.315,2.689
E01016052,3.207,3.666
E01016053,4.716,4.629
E01016054,3.189,3.036
E01016055,5.863,4.376
E01016056,3.451,4.303
E01016057,3.797,4.014
E01016058,3.666,3.415
E01016059,5.655,8.269
E01016060,3.671,4.869
E01016061,3.835,4.602
E01016062,5.648,5.882
E01016063,8.634,7.57
E01016064,7.471,7.958
E01016065,5.957,5.818
E01016066,7.047,7.151
E01016067,5.897,6.867
E01016068,7.354,7.025
E01016069,5.801,6.36
E01016070,7.339,7.898
E01016071,7.282,7.803
E01016072,6.549,5.144
E01016073,4.449,3.929
E01016074,9.775,7.802
E01016075,5.575,5.607
E01016076,3.782,3.365
E01016077,7.355,5.514
E01016078,2.571,3.148
E01016079,3.104,4.314
E01016080,4.494,5.183
E01016081,2.421,3.066
E01016082,3.214,3.469
E01016083,10.12,8.468
E01016084,4.348,4.807
E01016085,3.839,2.882
E01016086,3.385,4.394
E01016087,3.272,4.045
E01016088,5.416,5.481
E01016089,5.19,5.107
E01016090,4.013,3.475
E01016091,4.425,4.743
E01016092,3.735,4.4
E01016093,4.716,4.408
E01016094,3.64,3.612
E01016095,2.609,3.209
E01016096,5.175,5.472
E01016097,5.249,5.146
E01016098,6.168,5.746
E01016099,3.539,3.849
E01016100,5.414,6.25
E01016101,2.245,2.561
E01016102,7.889,8.46
E01016103,2.401,2.733
E01016104,1.751,2.047
E01016105,5.226,6.662
E01016106,4.138,4.702
E01016107,1.939,3.497
E01016110,5.019,4.646
E01016111,10.129,8.735
E01016112,2.072,3.265
E01016113,5.451,4.622
E01016114,4.293,6.371
E01016115,5.144,5.444
E01016116,5.459,5.274
E01016117,7.029,7.256
E01016118,3.504,4.055
E01016119,8.147,6.689
E01016120,6.769,6.832
E01016121,4.886,5.728
E01016122,5.036,3.954
E01016123,4.257,5.483
E01016124,4.379,3.76
E01016125,3.8,3.784
E01016126,3.844,3.824
E01016127,4.016,4.236
E01016128,5.996,5.291
E01016129,3.638,5.266
E01016130,4.231,3.722
E01016131,4.784,3.592
E01016132,2.497,2.958
E01016133,3.499,3.237
E01016134,3.779,4.14
E01016135,5.411,8.065
E01016136,6.063,5.773
E01016137,3.992,4.651
E01016138,3.765,3.344
E01016139,3.803,3.812
E01016140,7.218,5.636
E01016141,4.031,4.002
E01016142,3.378,3.8
E01016143,3.24,3.175
E01016144,4.66,4.475
E01016145,2.6,1.744
E01016146,6.389,7.114
E01016147,4.175,4.555
E01016148,3.659,4.211
E01016149,5.645,6.279
E01016150,5.67,4.875
E01016151,4.638,4.698
E01016152,8.086,7.362
E01016153,7.188,6.198
E01016154,6.04,5.254
E01016155,6.053,7.512
E01016156,3.399,4.159
E01016157,5.26,3.638
E01016158,4.62,4.967
E01016159,5.72,8.675
E01016160,10.923,9.505
E01016161,10.823,10.338
E01016162,3.767,4.308
E01016163,5.635,4.884
E01016164,7.625,8.654
E01016165,6.923,5.371
E01016166,6.207,4.725
E01016167,4.832,6.033
E01016168,7.326,6.687
E01016169,3.335,3.257
E01016170,3.905,4.816
E01016171,6.401,8.289
E01016172,3.108,3.349
E01016173,6.541,6.868
E01016174,6.643,5.918
E01016175,3.967,3.522
E01016176,3.41,3.056
E01016177,5.935,5.982
E01016178,5.163,6.009
E01016179,4.779,3.779
E01016180,2.735,4.037
E01016181,2.199,2.092
E01016182,2.829,2.343
E01016183,2.111,1.83
E01016184,2.26,1.545
E01016185,2.326,2.154
E01016186,3.233,2.567
E01016187,2.445,2.011
E01016188,1.544,1.924
E01016190,3.52,4.497
E01016191,4.94,4.524
E01016192,3.786,6.006
E01016193,1.873,4.098
E01016194,2.718,2.977
E01016195,2.021,2.862
E01016196,1.362,1.701
E01016197,3.775,3.597
E01016198,3.716,2.747
E01016199,1.61,1.885
E01016200,1.925,2.539
E01016201,1.786,2.253
E01016202,2.015,2.385
E01016203,5.492,7.088
E01016204,4.208,4.209
E01016205,4.974,4.895
E01016206,3.018,2.885
E01016207,3.709,3.042
E01016208,3.788,3.748
E01016209,4.494,3.425
E01016210,4.412,4.842
E01016212,5.073,3.886
E01016213,2.45,3.65
E01016214,2.475,3.263
E01016215,4.462,4.309
E01016216,4.244,3.558
E01016217,2.991,4.058
E01016218,5.455,4.971
E01016219,4.325,3.318
E01016220,2.611,3.795
E01016221,3.481,4.361
E01016222,1.34,2.008
E01016223,2.999,3.187
E01016224,4.037,3.453
E01016225,2.68,2.226
E01016226,5.731,4.762
E01016227,1.716,1.579
E01016228,3.764,1.785
E01016229,2.371,3.266
E01016230,1.114,2.612
E01016231,3.96,3.482
E01016232,4.043,4.05
E01016233,3.164,3.834
E01016234,3.217,2.349
E01016235,1.195,1.617
E01016236,4.248,3.618
E01016237,1.847,2.715
E01016238,6.888,4.559
E01016239,4.295,4.164
E01016240,3.583,4.51
E01016241,4.889,4.479
E01016242,4.803,3.609
E01016243,1.268,1.937
E01016245,1.227,1.464
E01016246,1.263,1.35
E01016247,0.846,1.977
E01016248,5.314,5.208
E01016249,5.726,4.323
E01016250,3.935,3.086
E01016252,3.972,3.753
E01016253,3.011,2.274
E01016254,3.505,5.997
E01016255,2.914,3.184
E01016256,1.145,1.808
E01016257,2.139,2.221
E01016258,3.567,4.958
E01016259,3.161,3.129
E01016260,2.164,2.852
E01016261,1.396,1.842
E01016262,3.433,2.853
E01016263,2.081,1.903
E01016264,1.669,1.514
E01016265,2.907,2.254
E01016266,2.982,2.485
E01016267,1.826,2.561
E01016268,4.391,4.212
E01016269,2.701,2.657
E01016270,3.137,2.454
E01016271,4.64,5.446
E01016272,2.398,2.082
E01016273,5.548,5.79
E01016274,3.03,2.546
E01016275,1.769,2.597
E01016276,1.835,2.234
E01016277,2.411,2.39
E01016278,1.37,1.777
E01016279,2.954,3.699
E01016280,3.113,6.818
E01016281,3.938,4.193
E01016282,1.966,3.038
E01016283,1.686,1.777
E01016284,2.776,2.256
E01016285,2.009,2.622
E01016286,2.737,2.124
E01016287,2.322,2.456
E01016288,2.665,3.588
E01016289,2.102,2.67
E01016290,1.614,2.758
E01016291,1.402,2.312
E01016292,3.87,2.889
E01016293,3.018,2.025
E01016294,2.612,1.777
E01016295,4.585,6.212
E01016296,2.492,3.028
E01016297,4.269,4.826
E01016298,5.877,2.445
E01016299,1.619,3.425
E01016300,2.738,4.255
E01016301,2.746,2.693
E01016302,2.861,2.329
E01016303,2.785,3.734
E01016304,3.562,2.669
E01016305,3.614,3.745
E01016306,3.957,5.527
E01016307,4.903,4.947
E01016308,2.648,2.749
E01016309,2.885,2.195
E01016310,5.266,5.584
E01016311,3.789,3.919
E01016312,3.918,4.487
E01016313,3.911,3.436
E01016314,2.195,2.137
E01016315,2.467,3.085
E01016316,2.653,2.116
E01016317,3.296,2.981
E01016318,1.879,3.026
E01016319,4.129,6.315
E01016320,3.478,3.745
E01016321,4.046,3.547
E01016322,2.095,2.905
E01016323,4.49,4.388
E01016324,3.807,3.426
E01016325,5.462,4.792
E01016326,3.331,4.385
E01016327,2.843,2.958
E01016328,4.439,3.12
E01016329,1.711,2.707
E01016330,3.38,4.878
E01016331,3.061,3.583
E01016332,7.737,5.334
E01016333,2.236,1.664
E01016334,4.784,3.893
E01016335,1.538,2.397
E01016336,4.695,6.562
E01016337,4.039,3.523
E01016338,1.647,3.053
E01016339,3.433,3.012
E01016340,5.213,4.029
E01016341,2.782,3.843
E01016342,1.983,2.621
E01016343,3.66,3.63
E01016344,5.578,5.28
E01016345,2.598,3.038
E01016346,5.847,4.245
E01016347,6.024,4.529
E01016348,3.261,3.202
E01016349,3.171,3.223
E01016350,2.556,4.214
E01016353,4.229,3.104
E01016355,2.397,2.583
E01016356,3.468,3.319
E01016357,2.578,3.222
E01016358,3.132,3.824
E01016359,3.153,2.811
E01016360,3.354,3.061
E01016361,2.754,2.277
E01016362,4.227,2.99
E01016363,4.086,5.082
E01016364,2.405,2.784
E01016365,2.334,2.182
E01016366,3.477,3.076
E01016367,3.992,4.287
E01016368,6.091,6.814
E01016369,4.803,6.338
E01016370,1.875,1.521
E01016371,2.996,3.63
E01016372,5.73,5.552
E01016373,4.224,3.932
E01016374,2.522,2.811
E01016375,4.213,4.436
E01016376,1.759,4.315
E01016377,4.266,4.86
E01016378,3.169,2.094
E01016379,1.6,2.046
E01016380,3.226,3.041
E01016381,4.115,4.413
E01016382,4.696,4.959
E01016383,2.291,3.181
E01016384,1.955,4.012
E01016385,7.023,4.176
E01016386,2.473,2.642
E01016387,2.647,2.54
E01016388,3.972,4.61
E01016389,4.147,4.526
E01016390,5.195,3.162
E01016391,3.052,4.093
E01016392,7.496,5.428
E01016393,6.435,4.179
E01016394,7.97,6.352
E01016395,5.331,5.141
E01016396,6.588,5.813
E01016397,6.686,5.902
E01016398,2.647,2.762
E01016399,2.966,4.371
E01016400,3.916,4.162
E01016401,3.512,3.686
E01016402,2.145,2.916
E01016403,2.614,2.713
E01016404,3.073,3.464
E01016405,1.732,2.752
E01016406,2.747,2.623
E01016407,2.91,3.183
E01016408,3.593,3.604
E01016409,5.426,5.046
E01016410,2.977,2.108
E01016411,3.374,2.786
E01016412,2.582,2.676
E01016413,2.098,1.567
E01016414,2.671,1.967
E01016415,5.462,6.138
E01016416,1.466,2.373
E01016417,2.549,2.44
E01016418,1.951,1.802
E01016419,4.418,3.324
E01016420,6.595,5.499
E01016421,5.851,5.697
E01016422,6.917,6.472
E01016423,6.081,5.752
E01016424,3.175,2.805
E01016425,1.64,1.993
E01016426,1.418,2.198
E01016427,2.905,2.36
E01016428,3.591,3.018
E01016429,2.468,2.389
E01016430,1.551,1.032
E01016431,2.88,2.439
E01016432,3.199,3.15
E01016433,4.423,4.545
E01016434,3.672,3.791
E01016435,5.248,5.53
E01016436,5.294,5.197
E01016437,4.523,3.629
E01016438,6.646,6.709
E01016439,5.411,4.582
E01016440,5.007,6.327
E01016441,7.039,8.11
E01016442,3.743,3.257
E01016443,6.179,6.418
E01016444,4.315,4.727
E01016445,4.715,4.611
E01016446,5.828,3.744
E01016447,4.675,3.719
E01016448,5.747,5.01
E01016449,5.537,3.824
E01016450,4.91,5.123
E01016451,6.173,4.47
E01016452,6.386,4.23
E01016453,6.479,4.731
E01016454,5.552,3.983
E01016455,4.366,2.991
E01016456,5.256,4.973
E01016457,5.074,3.927
E01016458,6.472,5.215
E01016459,4.208,2.016
E01016460,3.638,3.128
E01016461,3.708,3.296
E01016462,3.633,4.236
E01016463,6.103,5.952
E01016464,4.968,5.258
E01016465,4.466,3.234
E01016467,4.118,2.937
E01016468,2.687,2.256
E01016469,4.382,4.176
E01016470,2.724,2.703
E01016471,4.136,3.329
E01016472,5.582,4.284
E01016473,2.06,2.719
E01016474,5.11,4.801
E01016475,4.609,3.347
E01016476,3.068,2.769
E01016477,2.646,2.426
E01016478,2.504,2.993
E01016479,2.513,2.899
E01016480,5.374,3.521
E01016481,4.461,2.906
E01016482,2.311,3.456
E01016483,4.394,3.453
E01016484,5.07,5.079
E01016485,4.232,3.337
E01016486,5.636,3.837
E01016487,5.684,5.301
E01016488,3.71,2.583
E01016490,6.8,5.235
E01016491,3.632,3.844
E01016492,4.244,3.49
E01016493,3.153,3.674
E01016494,3.629,2.833
E01016495,4.84,5.73
E01016496,4.777,4.376
E01016497,4.577,3.654
E01016498,4.507,4.217
E01016499,4.322,4.252
E01016500,3.898,3.535
E01016501,5.26,5.017
E01016502,3.978,2.886
E01016503,5.045,4.799
E01016504,3.594,4.142
E01016505,5.509,3.965
E01016506,2.153,3.273
E01016507,4.177,4.094
E01016508,3.733,2.806
E01016509,3.353,2.53
E01016510,3.397,2.806
E01016511,4.033,3.525
E01016512,4.286,2.841
E01016513,3.736,2.162
E01016514,4.078,2.445
E01016515,2.892,3.004
E01016516,4.121,4.024
E01016517,5.519,4.459
E01016518,3.919,3.629
E01016519,8.451,3.551
E01016520,6.484,4.831
E01016521,4.889,5.231
E01016522,4.394,2.35
E01016523,2.561,4.398
E01016524,2.755,2.505
E01016525,2.495,2.23
E01016526,1.89,1.648
E01016527,4.872,5.328
E01016528,2.776,2.06
E01016529,6.716,4.676
E01016530,6.693,5.618
E01016531,2.151,2.739
E01016532,4.764,3.333
E01016533,2.282,1.951
E01016534,2.157,2.81
E01016535,2.278,1.93
E01016536,3.827,2.436
E01016537,2.485,2.474
E01016538,1.924,2.182
E01016539,2.203,2.363
E01016540,3.243,2.413
E01016541,2.023,2.381
E01016542,3.91,3.344
E01016543,3.774,2.21
E01016544,2.815,1.994
E01016545,3.715,3.401
E01016546,2.591,1.91
E01016547,1.718,0.914
E01016548,2.72,2.312
E01016549,5.765,3.972
E01016550,3.08,3.499
E01016551,3.044,2.467
E01016552,2.989,2.468
E01016553,4.286,3.533
E01016554,7.099,4.451
E01016555,5.567,5.208
E01016556,5.411,5.303
E01016557,4.276,3.654
E01016558,1.415,2.426
E01016559,2.776,1.875
E01016560,5.995,4.551
E01016561,2.242,2.424
E01016562,2.023,1.602
E01016563,1.937,1.753
E01016564,2.826,3.456
E01016565,1.919,3.101
E01016566,2.962,2.825
E01016567,1.929,1.449
E01016568,3.548,3.274
E01016569,4.118,3.864
E01016570,2.132,1.983
E01016571,2.896,1.813
E01016572,3.197,3.524
E01016573,4.0,4.33
E01016574,4.003,2.823
E01016575,3.842,2.841
E01016576,3.501,3.309
E01016577,4.1,3.591
E01016578,3.867,3.888
E01016579,3.536,2.602
E01016580,5.208,5.727
E01016581,1.874,3.032
E01016582,2.915,3.305
E01016583,2.517,1.419
E01016584,5.075,2.897
E01016585,2.407,3.19
E01016586,2.954,3.06
E01016587,3.592,2.678
E01016588,4.35,4.433
E01016589,4.012,2.356
E01016591,2.113,1.547
E01016592,6.76,4.685
E01016593,4.418,5.543
E01016594,4.201,4.408
E01016595,3.023,3.653
E01016596,2.51,2.343
E01016597,2.195,2.031
E01016598,5.603,5.672
E01016599,4.461,4.132
E01016600,2.298,2.962
E01016601,2.531,2.668
E01016602,2.606,3.623
E01016603,4.609,2.586
E01016604,4.665,2.676
E01016605,3.201,3.1
E01016606,1.586,2.696
E01016607,1.303,1.116
E01016608,4.386,1.998
E01016609,4.245,3.435
E01016610,2.273,2.255
E01016611,1.944,2.327
E01016612,1.491,1.268
E01016613,3.52,3.536
E01016614,2.527,2.859
E01016615,5.267,4.921
E01016616,4.634,5.43
E01016617,4.75,2.711
E01016618,3.663,2.116
E01016619,2.178,1.719
E01016620,2.026,3.342
E01016621,2.774,3.167
E01016622,1.681,1.463
E01016623,3.828,3.869
E01016624,2.503,3.004
E01016625,4.548,4.373
E01016626,3.499,4.223
E01016627,1.463,2.073
E01016628,2.868,1.587
E01016629,1.676,3.107
E01016630,1.24,1.471
E01016631,3.017,3.051
E01016632,1.655,1.329
E01016633,0.734,1.096
E01016634,3.131,4.057
E01016635,1.076,1.201
E01016636,2.937,2.297
E01016637,2.675,1.592
E01016638,2.045,1.566
E01016639,2.382,2.845
E01016640,2.642,3.359
E01016641,3.451,3.672
E01016642,5.628,3.672
E01016643,1.298,2.378
E01016644,1.092,1.58
E01016645,1.949,1.76
E01016646,1.45,1.303
E01016647,3.748,2.564
E01016648,2.232,1.302
E01016649,1.25,1.958
E01016651,1.991,2.649
E01016652,1.803,2.275
E01016653,1.473,1.862
E01016654,2.505,2.319
E01016655,1.075,1.549
E01016656,2.637,2.034
E01016657,1.146,1.369
E01016658,1.196,1.276
E01016659,1.986,2.695
E01016660,2.09,2.576
E01016661,2.044,3.308
E01016662,5.336,6.371
E01016663,3.123,3.174
E01016664,2.119,3.184
E01016665,2.952,2.289
E01016666,1.952,2.628
E01016668,2.647,2.867
E01016669,3.229,2.859
E01016670,1.312,1.717
E01016671,4.882,4.036
E01016672,2.158,2.154
E01016673,5.452,7.033
E01016674,3.262,2.213
E01016675,3.391,2.99
E01016676,2.733,2.028
E01016677,4.368,2.99
E01016678,3.812,3.819
E01016679,2.779,2.203
E01016680,3.629,3.818
E01016682,2.797,1.899
E01016683,2.609,1.586
E01016684,2.128,3.157
E01016685,5.395,5.879
E01016686,2.283,2.719
E01016687,2.893,2.758
E01016688,2.141,2.547
E01016689,2.821,4.433
E01016690,2.649,2.515
E01016691,5.482,4.402
E01016692,4.596,3.784
E01016693,2.145,1.751
E01016694,4.883,3.279
E01016695,1.808,1.633
E01016696,3.591,3.816
E01016699,2.471,2.744
E01016700,1.587,3.871
E01016701,2.806,2.138
E01016702,1.915,2.828
E01016703,3.063,2.399
E01016704,4.859,3.967
E01016705,3.51,2.192
E01016706,1.8,2.289
E01016707,2.792,2.938
E01016708,2.447,2.917
E01016709,3.346,1.744
E01016710,7.768,6.867
E01016711,3.502,4.127
E01016713,4.731,5.723
E01016714,5.258,4.973
E01016715,5.943,6.561
E01016716,7.002,4.37
E01016717,5.566,5.992
E01016718,5.944,3.782
E01016719,5.761,5.645
E01016720,5.534,7.765
E01016721,4.982,4.287
E01016722,4.406,4.574
E01016723,2.244,3.411
E01016724,4.745,4.967
E01016725,3.552,3.528
E01016726,5.5,5.534
E01016727,5.052,6.527
E01016728,2.154,2.707
E01016729,4.474,3.885
E01016731,4.943,4.443
E01016732,5.587,4.432
E01016733,3.035,4.513
E01016734,3.61,3.269
E01016735,2.656,1.852
E01016736,5.572,5.696
E01016737,2.681,3.723
E01016738,6.887,5.383
E01016739,3.505,3.836
E01016740,4.462,4.905
E01016741,6.647,5.964
E01016742,6.756,8.147
E01016743,6.966,3.336
E01016744,4.492,4.873
E01016745,4.276,4.825
E01016746,7.879,6.057
E01016748,2.782,2.909
E01016750,3.131,3.214
E01016751,4.275,3.125
E01016752,2.468,4.832
E01016753,2.632,3.383
E01016754,5.266,5.048
E01016755,3.045,3.221
E01016756,4.241,6.167
E01016757,2.723,3.141
E01016758,2.725,3.428
E01016759,3.556,4.654
E01016760,3.227,2.589
E01016761,3.728,3.728
E01016762,4.851,5.719
E01016763,5.0,5.887
E01016764,3.424,4.861
E01016765,7.715,7.475
E01016766,4.068,4.417
E01016767,2.644,3.392
E01016768,3.673,3.66
E01016769,3.214,4.364
E01016770,4.659,3.634
E01016771,6.277,6.36
E01016772,5.704,6.003
E01016773,5.664,5.6
E01016774,3.818,2.878
E01016775,2.885,4.274
E01016776,2.997,2.525
E01016777,3.77,4.886
E01016778,3.733,3.68
E01016780,2.189,3.062
E01016781,1.957,3.051
E01016783,1.492,3.189
E01016784,4.396,4.859
E01016786,5.168,4.555
E01016787,7.78,5.407
E01016788,1.924,3.075
E01016789,2.249,2.61
E01016790,4.495,5.752
E01016791,2.923,3.37
E01016792,2.771,3.56
E01016793,4.723,4.013
E01016794,2.697,2.752
E01016795,3.592,3.519
E01016796,2.621,3.055
E01016797,3.984,4.674
E01016798,1.403,2.457
E01016799,3.046,3.41
E01016800,3.064,3.625
E01016801,3.778,3.656
E01016802,4.047,4.267
E01016803,3.184,3.527
E01016804,5.643,5.52
E01016805,4.024,4.219
E01016806,5.115,6.819
E01016807,5.482,4.712
E01016808,2.341,3.385
E01016809,4.284,4.568
E01016810,7.657,7.441
E01016811,3.65,5.189
E01016812,4.097,4.615
E01016813,3.433,3.177
E01016814,3.532,1.752
E01016815,3.323,3.374
E01016816,3.818,4.058
E01016817,3.677,4.922
E01016818,4.709,3.689
E01016819,6.995,8.38
E01016820,3.398,2.686
E01016821,5.802,7.484
E01016822,3.459,6.35
E01016823,2.466,3.434
E01016824,3.083,4.797
E01016825,3.562,3.146
E01016826,1.798,2.099
E01016827,2.364,3.36
E01016828,2.228,2.723
E01016829,6.074,5.448
E01016830,2.924,5.474
E01016831,3.087,5.189
E01016832,3.675,5.94
E01016833,4.341,4.823
E01016834,6.61,6.303
E01016835,5.699,6.003
E01016836,3.339,3.281
E01016837,4.521,3.386
E01016838,4.857,4.304
E01016839,4.707,5.622
E01016840,3.156,3.383
E01016841,3.732,4.394
E01016842,7.591,7.333
E01016843,6.815,6.403
E01016844,12.089,10.884
E01016845,8.078,8.23
E01016846,3.853,5.314
E01016847,8.668,8.94
E01016848,10.955,10.2
E01016849,3.379,3.602
E01016850,3.851,3.47
E01016851,3.686,2.203
E01016852,4.394,3.359
E01016853,4.167,3.852
E01016854,5.174,4.872
E01016855,4.328,4.315
E01016856,5.402,4.668
E01016857,5.056,5.387
E01016858,4.378,4.375
E01016859,6.259,4.68
E01016860,4.987,4.038
E01016861,5.031,3.473
E01016862,4.88,4.202
E01016863,10.64,8.434
E01016864,9.878,6.98
E01016865,9.269,9.782
E01016866,10.095,11.467
E01016867,9.103,11.31
E01016868,10.336,12.119
E01016869,7.103,6.691
E01016870,3.319,2.736
E01016871,7.003,6.052
E01016872,3.888,3.799
E01016873,8.598,6.837
E01016874,5.556,6.191
E01016875,2.982,2.662
E01016876,4.923,4.573
E01016877,5.093,6.648
E01016878,5.398,5.246
E01016879,6.549,5.007
E01016880,8.917,10.678
E01016881,7.086,7.281
E01016882,6.19,6.684
E01016883,6.46,4.491
E01016884,6.336,6.039
E01016885,8.102,10.0
E01016886,5.395,4.858
E01016887,6.105,4.147
E01016888,4.415,4.385
E01016889,4.231,2.828
E01016890,2.748,3.675
E01016891,5.141,4.519
E01016892,4.181,3.459
E01016893,2.316,2.276
E01016894,4.541,4.752
E01016895,8.537,8.834
E01016896,1.868,2.436
E01016897,3.537,3.986
E01016898,5.699,5.322
E01016899,2.138,2.326
E01016900,10.191,11.159
E01016901,2.709,2.7
E01016902,5.13,5.23
E01016903,2.396,2.787
E01016904,9.314,9.033
E01016905,9.286,8.07
E01016906,7.95,10.297
E01016907,6.184,6.218
E01016908,6.971,7.578
E01016909,6.134,6.632
E01016910,7.924,8.98
E01016911,7.927,5.224
E01016912,4.286,3.256
E01016913,2.808,2.35
E01016914,5.42,6.154
E01016915,7.124,9.424
E01016916,6.314,4.587
E01016917,3.582,3.448
E01016918,6.175,9.232
E01016919,5.584,6.065
E01016920,2.928,2.697
E01016921,4.572,5.425
E01016922,5.304,5.779
E01016923,4.161,6.784
E01016924,4.48,3.119
E01016925,5.526,5.212
E01016926,5.882,6.498
E01016927,5.297,5.041
E01016928,3.683,3.144
E01016929,4.159,3.359
E01016930,3.798,3.862
E01016931,5.12,5.651
E01016932,3.119,3.386
E01016933,4.117,5.832
E01016934,2.066,2.345
E01016935,5.464,4.667
E01016936,3.182,1.989
E01016937,3.724,3.458
E01016938,3.643,1.751
E01016939,2.452,1.63
E01016940,2.35,2.274
E01016941,8.19,8.517
E01016942,23.509,19.017
E01016943,4.921,3.81
E01016944,5.37,4.709
E01016945,5.545,4.32
E01016946,3.167,3.874
E01016947,14.126,9.831
E01016948,4.563,4.139
E01016949,11.434,9.112
E01016950,3.563,4.929
E01016951,7.038,5.701
E01016952,2.831,3.702
E01016953,3.934,3.43
E01016954,5.08,5.795
E01016955,4.179,5.296
E01016956,5.08,4.337
E01016957,4.002,4.176
E01016958,4.443,4.97
E01016959,4.898,4.98
E01016960,5.647,4.604
E01016961,4.697,4.055
E01016962,3.957,3.461
E01016963,4.879,4.193
E01016964,9.186,6.848
E01016966,5.178,5.081
E01016967,3.852,4.148
E01016968,3.659,3.322
E01016969,4.705,5.634
E01016970,3.851,3.463
E01016971,3.581,3.469
E01016972,3.243,3.195
E01016973,4.843,5.249
E01016974,4.093,3.83
E01016975,6.926,6.744
E01016976,4.277,3.113
E01016977,5.584,5.426
E01016978,6.344,7.139
E01016979,3.628,2.831
E01016980,2.933,4.184
E01016981,3.199,2.424
E01016982,3.303,3.412
E01016983,3.704,2.945
E01016984,2.78,2.574
E01016985,3.348,2.72
E01016986,7.138,5.702
E01016987,7.054,6.268
E01016988,8.295,5.02
E01016989,6.584,4.021
E01016990,4.41,5.434
E01016991,4.533,4.83
E01016992,3.755,3.114
E01016993,11.892,9.389
E01016994,3.932,3.424
E01016995,4.376,3.893
E01016996,3.608,2.476
E01016997,4.046,4.436
E01016998,3.657,2.578
E01016999,4.043,3.085
E01017000,4.065,3.753
E01017001,2.992,2.772
E01017002,4.815,3.31
E01017003,3.764,2.838
E01017004,4.739,3.892
E01017005,1.998,2.402
E01017006,3.753,2.32
E01017007,6.223,7.837
E01017008,4.832,7.135
E01017009,5.794,5.508
E01017010,3.367,5.272
E01017011,7.741,8.436
E01017012,4.699,5.251
E01017013,3.801,3.788
E01017014,3.899,3.692
E01017015,5.521,4.542
E01017016,3.592,3.212
E01017017,3.614,3.441
E01017018,3.56,4.334
E01017019,6.206,5.846
E01017020,6.106,5.223
E01017021,9.534,5.282
E01017022,4.849,5.339
E01017023,3.66,4.645
E01017024,2.928,2.337
E01017025,3.533,2.876
E01017026,3.323,3.185
E01017027,3.512,2.894
E01017028,2.572,3.785
E01017029,3.025,3.199
E01017030,3.571,3.009
E01017031,11.294,9.546
E01017032,4.718,3.033
E01017034,5.074,4.435
E01017035,11.995,10.61
E01017036,7.015,6.202
E01017037,8.914,8.458
E01017038,12.017,11.092
E01017039,9.407,8.028
E01017040,10.21,10.755
E01017041,3.433,3.789
E01017042,4.603,5.703
E01017043,4.164,4.922
E01017044,3.839,3.562
E01017045,3.292,4.818
E01017046,3.396,2.848
E01017047,4.189,2.42
E01017048,2.919,3.131
E01017049,4.072,4.24
E01017050,4.842,4.358
E01017051,5.611,6.117
E01017052,6.977,6.897
E01017053,9.637,7.775
E01017054,6.941,6.606
E01017055,5.714,5.125
E01017056,2.334,3.84
E01017057,3.362,2.8
E01017058,4.217,4.293
E01017059,4.407,5.062
E01017060,3.938,3.262
E01017061,5.431,5.012
E01017062,2.838,2.28
E01017063,2.607,2.949
E01017064,5.257,4.634
E01017066,4.603,4.693
E01017067,5.374,5.505
E01017068,3.666,3.666
E01017069,4.263,4.04
E01017070,5.197,4.068
E01017071,2.82,3.443
E01017072,6.822,6.157
E01017073,4.088,6.006
E01017074,3.491,3.196
E01017075,3.069,4.622
E01017076,4.548,6.982
E01017077,8.907,9.452
E01017078,4.268,3.76
E01017079,4.433,4.412
E01017080,4.053,3.265
E01017081,3.446,4.005
E01017082,3.612,4.65
E01017083,3.46,3.322
E01017084,5.388,3.28
E01017085,5.532,5.057
E01017086,3.094,2.312
E01017087,5.552,4.372
E01017088,4.909,4.633
E01017089,5.05,5.868
E01017090,3.789,3.89
E01017091,6.274,8.328
E01017092,5.09,4.606
E01017093,4.205,6.553
E01017094,3.661,4.254
E01017095,4.638,5.327
E01017096,4.915,4.182
E01017097,3.299,3.642
E01017098,4.913,4.144
E01017099,4.905,5.465
E01017100,4.387,3.363
E01017101,3.484,3.915
E01017102,8.217,6.571
E01017103,8.387,8.719
E01017104,5.331,5.074
E01017105,5.278,6.345
E01017106,6.409,5.599
E01017107,3.969,4.526
E01017108,7.672,5.971
E01017109,6.848,5.506
E01017110,3.754,3.862
E01017111,4.539,3.926
E01017112,8.651,6.731
E01017113,4.834,3.317
E01017114,3.701,3.476
E01017115,6.696,7.081
E01017116,5.201,5.137
E01017117,6.178,5.825
E01017118,6.905,7.11
E01017119,7.399,7.139
E01017120,8.378,8.158
E01017121,3.224,6.269
E01017122,5.164,3.504
E01017123,4.396,4.877
E01017124,4.121,4.85
E01017125,4.733,7.029
E01017126,3.01,3.052
E01017127,4.678,3.857
E01017128,2.906,3.732
E01017129,3.076,3.302
E01017130,8.764,8.253
E01017131,2.796,3.756
E01017132,5.244,5.484
E01017133,6.263,7.706
E01017135,5.223,5.514
E01017136,2.834,3.208
E01017137,1.687,2.366
E01017138,3.914,5.774
E01017139,7.606,4.377
E01017140,6.546,4.972
E01017142,1.732,2.467
E01017144,3.12,3.352
E01017145,3.504,3.595
E01017146,2.564,2.611
E01017147,4.05,4.772
E01017148,1.648,2.374
E01017149,4.286,5.139
E01017150,4.831,4.031
E01017151,5.912,5.864
E01017152,5.822,4.731
E01017153,5.457,4.055
E01017154,6.859,5.938
E01017155,5.359,4.879
E01017156,4.247,4.158
E01017157,2.665,5.19
E01017158,3.755,3.835
E01017159,2.688,2.83
E01017160,3.376,3.59
E01017162,5.714,6.342
E01017163,8.263,6.752
E01017164,5.389,5.412
E01017165,8.711,6.903
E01017166,7.896,7.212
E01017167,7.4,7.134
E01017168,7.434,7.565
E01017169,7.593,7.354
E01017170,4.898,6.696
E01017171,5.652,4.296
E01017172,4.336,4.646
E01017173,4.318,5.069
E01017174,4.021,3.654
E01017175,4.272,3.125
E01017176,4.7,4.838
E01017177,4.768,3.729
E01017178,2.692,1.794
E01017179,5.749,5.347
E01017180,3.286,3.699
E01017181,6.548,9.391
E01017182,11.991,11.98
E01017183,2.703,2.505
E01017184,8.173,7.031
E01017185,6.225,5.495
E01017186,6.477,7.197
E01017187,6.238,5.13
E01017188,7.026,6.901
E01017189,3.614,5.174
E01017190,4.593,5.514
E01017191,3.349,3.955
E01017192,4.597,4.165
E01017193,5.733,5.976
E01017194,5.228,4.578
E01017195,4.154,4.627
E01017196,2.63,2.334
E01017197,3.882,3.196
E01017198,8.02,7.027
E01017199,6.342,7.049
E01017200,4.233,5.2
E01017201,7.164,6.388
E01017202,6.149,6.218
E01017203,3.244,4.486
E01017204,4.191,3.962
E01017205,6.813,6.144
E01017206,5.459,5.426
E01017207,7.31,7.692
E01017208,6.18,6.375
E01017209,2.986,4.267
E01017210,6.593,6.729
E01017211,8.125,6.706
E01017212,3.639,4.48
E01017213,4.026,5.292
E01017214,4.223,4.459
E01017215,3.545,3.374
E01017216,5.943,4.388
E01017217,7.837,6.328
E01017218,6.948,6.855
E01017219,7.345,7.511
E01017220,5.86,5.713
E01017221,4.926,3.748
E01017222,3.733,4.648
E01017223,3.933,3.899
E01017224,4.065,2.634
E01017225,4.961,5.685
E01017226,4.447,4.167
E01017227,4.321,3.653
E01017228,4.704,6.225
E01017231,2.692,2.66
E01017232,3.73,3.195
E01017233,5.022,6.266
E01017234,4.775,4.278
E01017235,2.9,4.712
E01017236,7.67,8.212
E01017237,8.843,7.08
E01017238,6.277,6.466
E01017239,5.078,6.475
E01017240,8.699,5.482
E01017241,8.842,7.456
E01017242,5.237,4.484
E01017243,4.517,4.021
E01017244,5.676,5.411
E01017245,6.733,6.182
E01017246,4.576,3.529
E01017247,5.254,3.998
E01017248,3.273,3.199
E01017249,2.432,3.028
E01017250,10.106,8.722
E01017251,5.502,6.277
E01017252,3.261,2.808
E01017253,5.26,5.583
E01017254,3.744,3.637
E01017255,4.203,3.985
E01017256,4.288,4.123
E01017257,5.0,4.895
E01017258,5.263,4.639
E01017259,4.204,4.412
E01017260,7.598,7.818
E01017261,5.423,4.442
E01017262,3.67,5.474
E01017263,7.418,5.538
E01017264,2.866,3.548
E01017265,8.027,8.032
E01017266,3.953,5.475
E01017267,3.635,3.483
E01017270,6.125,6.701
E01017271,4.788,4.488
E01017272,5.52,5.241
E01017273,6.132,5.15
E01017274,7.315,8.887
E01017275,5.113,5.124
E01017276,5.646,4.835
E01017277,6.458,4.533
E01017278,4.195,3.146
E01017279,4.731,5.021
E01017280,9.039,7.574
E01017281,9.367,8.328
E01017282,5.556,5.576
E01017283,6.705,5.405
E01017284,4.676,6.013
E01017285,6.534,6.155
E01017286,4.815,5.524
E01017287,5.036,4.771
E01017288,5.688,5.39
E01017289,6.932,7.505
E01017290,4.429,6.051
E01017291,5.618,6.378
E01017292,4.391,4.823
E01017293,4.016,3.284
E01017294,4.454,4.696
E01017295,6.008,6.25
E01017296,4.84,4.715
E01017297,5.01,5.671
E01017298,6.192,5.435
E01017299,6.153,5.547
E01017300,4.655,6.047
E01017301,5.629,3.728
E01017302,5.094,3.191
E01017303,4.105,4.044
E01017304,4.986,5.476
E01017305,6.061,5.184
E01017306,5.037,5.698
E01017307,6.516,6.803
E01017308,5.21,7.488
E01017309,5.359,5.428
E01017310,16.088,9.96
E01017311,5.809,6.46
E01017312,8.637,7.833
E01017315,7.933,8.508
E01017316,5.47,5.127
E01017317,6.327,6.547
E01017318,8.263,6.741
E01017319,8.83,9.475
E01017320,7.883,8.063
E01017321,6.902,6.525
E01017322,6.631,9.205
E01017323,4.145,5.394
E01017324,6.284,5.99
E01017325,6.59,7.434
E01017326,7.025,9.503
E01017327,5.808,7.068
E01017328,5.817,8.604
E01017329,4.63,5.838
E01017331,9.165,6.951
E01017332,10.456,7.825
E01017333,7.172,4.748
E01017334,8.594,9.086
E01017335,6.316,8.536
E01017336,6.546,8.122
E01017337,6.58,7.147
E01017338,5.108,6.877
E01017339,5.174,7.068
E01017340,6.166,7.947
E01017341,6.996,7.407
E01017342,8.203,6.56
E01017343,7.594,6.942
E01017344,5.69,6.025
E01017345,6.01,7.511
E01017346,5.407,6.941
E01017347,7.213,7.571
E01017348,9.967,7.123
E01017349,6.142,8.029
E01017350,6.509,8.442
E01017351,4.351,4.728
E01017352,6.016,5.701
E01017353,4.816,6.587
E01017354,4.975,6.783
E01017355,4.974,5.506
E01017356,9.091,8.707
E01017357,7.82,8.095
E01017358,7.104,8.127
E01017359,6.069,4.907
E01017360,6.917,7.613
E01017361,7.173,8.771
E01017362,6.439,6.812
E01017363,9.981,9.737
E01017364,6.362,8.981
E01017365,7.216,6.909
E01017366,7.012,7.148
E01017367,6.778,5.656
E01017368,7.761,7.063
E01017369,7.402,6.873
E01017370,8.1,6.905
E01017371,2.846,1.844
E01017372,3.533,3.579
E01017373,1.815,1.806
E01017374,2.582,1.947
E01017375,3.881,4.354
E01017376,2.873,3.175
E01017377,4.668,5.225
E01017378,5.826,5.903
E01017379,4.534,4.519
E01017380,3.062,1.745
E01017381,3.802,4.695
E01017382,5.834,5.898
E01017383,3.583,2.891
E01017384,3.536,5.04
E01017385,5.505,5.35
E01017386,4.097,4.19
E01017387,3.63,3.718
E01017388,5.283,3.352
E01017389,2.675,2.516
E01017390,5.271,5.121
E01017391,3.877,4.787
E01017392,4.236,2.99
E01017393,4.527,3.325
E01017394,3.312,3.523
E01017397,4.065,3.6
E01017398,2.75,2.718
E01017399,2.341,3.472
E01017400,7.219,7.338
E01017401,2.99,3.802
E01017402,3.94,5.056
E01017403,3.101,3.271
E01017404,2.448,1.917
E01017405,2.968,3.448
E01017406,3.408,2.331
E01017407,2.559,2.84
E01017408,2.146,3.481
E01017409,4.0,4.013
E01017410,3.67,5.017
E01017411,4.557,3.42
E01017412,3.421,4.775
E01017413,2.733,2.395
E01017414,3.802,3.305
E01017415,3.78,3.556
E01017416,3.584,2.958
E01017417,2.199,2.245
E01017418,7.514,6.955
E01017419,2.667,2.742
E01017420,5.132,4.773
E01017421,2.877,3.291
E01017422,3.166,3.027
E01017423,4.362,4.012
E01017424,2.838,3.622
E01017425,3.107,4.12
E01017426,3.066,4.06
E01017427,3.871,3.994
E01017428,3.311,3.032
E01017429,2.918,2.223
E01017430,4.023,5.168
E01017431,3.511,3.56
E01017432,5.03,5.309
E01017433,6.045,6.944
E01017434,4.097,3.777
E01017435,4.551,4.119
E01017436,2.19,3.359
E01017437,3.665,3.935
E01017438,2.768,2.607
E01017439,2.446,2.369
E01017440,5.459,4.576
E01017441,2.326,1.888
E01017442,2.875,2.186
E01017443,1.717,3.802
E01017444,2.877,3.755
E01017445,3.797,2.964
E01017446,4.737,3.973
E01017447,2.371,3.132
E01017449,2.759,3.02
E01017450,2.87,3.804
E01017451,2.75,3.107
E01017452,2.916,4.593
E01017453,7.82,6.613
E01017454,3.666,4.121
E01017455,4.115,3.958
E01017456,5.028,3.973
E01017457,5.254,5.037
E01017458,3.516,2.839
E01017459,3.199,3.348
E01017460,2.081,1.399
E01017461,2.311,2.145
E01017462,2.036,2.716
E01017463,3.717,4.418
E01017464,3.356,3.706
E01017465,3.927,4.44
E01017466,5.83,4.51
E01017467,3.315,4.912
E01017468,3.346,2.605
E01017469,5.191,5.634
E01017470,2.353,2.29
E01017471,6.963,7.067
E01017472,7.045,6.619
E01017473,3.908,3.525
E01017474,5.787,5.364
E01017475,5.128,4.289
E01017476,7.207,5.632
E01017477,10.23,10.134
E01017478,4.198,5.215
E01017479,5.831,6.255
E01017480,4.161,3.517
E01017481,4.917,3.716
E01017482,7.515,6.237
E01017483,2.012,2.983
E01017484,7.609,8.108
E01017485,2.954,1.744
E01017486,4.072,2.184
E01017487,3.65,4.884
E01017488,4.755,5.321
E01017489,5.313,6.464
E01017490,7.231,8.931
E01017491,4.005,4.695
E01017492,5.442,7.201
E01017493,3.5,4.967
E01017495,2.646,3.108
E01017496,4.209,4.23
E01017497,3.696,3.874
E01017498,3.681,3.291
E01017499,5.172,5.87
E01017500,6.016,6.454
E01017501,11.233,8.249
E01017502,10.633,9.516
E01017503,3.509,3.688
E01017504,2.932,4.002
E01017505,4.886,4.003
E01017506,4.51,4.65
E01017507,4.204,4.457
E01017508,3.956,3.534
E01017509,8.54,7.311
E01017510,4.636,4.972
E01017511,4.134,4.565
E01017512,5.365,4.987
E01017513,3.425,3.521
E01017514,7.829,6.145
E01017515,6.199,5.694
E01017516,3.376,2.8
E01017517,3.706,3.444
E01017518,5.15,7.661
E01017519,7.541,7.339
E01017520,4.381,4.871
E01017521,4.188,4.141
E01017522,5.135,5.502
E01017523,5.591,6.72
E01017524,3.974,2.84
E01017525,3.317,4.793
E01017526,2.405,3.065
E01017527,3.663,3.791
E01017528,1.845,2.55
E01017529,3.166,3.741
E01017530,2.979,3.056
E01017531,7.903,8.495
E01017532,4.091,2.392
E01017533,3.97,3.262
E01017534,3.131,3.854
E01017535,4.327,3.437
E01017536,3.931,4.837
E01017537,6.574,5.414
E01017538,6.942,5.204
E01017539,5.983,5.353
E01017540,3.001,2.61
E01017541,3.733,3.338
E01017542,4.772,4.951
E01017543,3.21,5.164
E01017544,3.424,4.492
E01017545,2.413,3.645
E01017546,3.102,3.943
E01017547,4.137,3.752
E01017548,3.222,2.791
E01017549,5.398,5.218
E01017550,2.887,5.22
E01017551,2.833,2.887
E01017552,3.613,3.524
E01017553,2.782,3.136
E01017554,6.203,5.051
E01017555,6.23,5.369
E01017556,2.85,2.961
E01017557,6.197,5.509
E01017558,2.558,2.318
E01017559,4.228,4.518
E01017560,4.158,3.65
E01017561,2.939,2.705
E01017562,6.875,5.504
E01017563,3.98,3.701
E01017564,3.983,5.667
E01017565,3.616,3.069
E01017566,2.804,3.854
E01017567,5.015,5.039
E01017568,5.081,6.053
E01017569,5.149,4.798
E01017570,4.597,4.07
E01017571,4.793,5.971
E01017572,2.511,3.309
E01017573,3.652,5.172
E01017575,3.955,3.224
E01017576,5.259,4.068
E01017577,3.642,4.684
E01017578,4.46,3.143
E01017579,5.112,4.752
E01017580,3.601,3.698
E01017581,7.659,7.197
E01017582,3.162,3.048
E01017583,3.581,3.44
E01017584,5.691,3.852
E01017585,4.658,3.011
E01017586,3.986,4.806
E01017587,4.91,4.576
E01017588,4.863,5.941
E01017589,3.811,3.559
E01017590,7.984,4.731
E01017591,3.774,2.982
E01017592,5.065,5.506
E01017593,4.775,4.749
E01017594,5.125,5.743
E01017595,4.428,5.616
E01017596,5.913,5.285
E01017597,5.318,5.727
E01017598,4.253,2.38
E01017599,4.188,4.073
E01017600,4.384,3.504
E01017601,4.438,5.225
E01017602,7.014,6.944
E01017603,3.864,3.053
E01017604,2.288,3.819
E01017605,3.672,3.933
E01017606,2.84,3.228
E01017607,6.246,4.132
E01017608,5.899,5.804
E01017609,6.055,5.131
E01017610,1.853,2.372
E01017611,2.684,2.535
E01017612,2.415,3.903
E01017613,3.461,3.64
E01017614,2.408,2.883
E01017615,4.435,3.196
E01017616,2.371,3.241
E01017617,5.594,5.61
E01017618,4.681,4.325
E01017619,5.389,5.287
E01017620,2.664,2.308
E01017621,3.11,3.676
E01017622,4.164,4.642
E01017623,3.869,3.426
E01017624,2.291,2.852
E01017625,2.983,3.604
E01017626,2.809,3.316
E01017627,4.065,4.538
E01017628,3.417,4.602
E01017629,2.006,2.576
E01017630,3.756,3.352
E01017631,4.224,4.337
E01017632,2.434,2.248
E01017634,2.97,3.692
E01017635,3.336,3.173
E01017636,3.718,2.71
E01017637,3.895,4.048
E01017638,3.139,2.99
E01017639,2.133,2.78
E01017640,3.376,3.307
E01017641,4.223,2.103
E01017642,2.837,2.953
E01017643,3.438,3.081
E01017644,2.199,2.117
E01017645,5.354,3.98
E01017646,5.41,5.216
E01017647,1.908,2.214
E01017648,1.495,1.886
E01017649,3.333,2.88
E01017650,2.098,1.618
E01017651,2.505,2.657
E01017652,4.502,3.327
E01017653,3.781,3.342
E01017654,5.726,5.159
E01017655,2.878,2.842
E01017657,3.026,3.232
E01017658,3.086,2.866
E01017659,3.731,4.62
E01017660,3.848,4.008
E01017661,3.962,4.18
E01017662,4.893,4.918
E01017663,5.395,4.7
E01017664,1.282,2.939
E01017665,6.262,3.706
E01017666,7.41,5.672
E01017667,4.894,3.956
E01017668,4.498,3.09
E01017669,3.146,2.921
E01017670,2.778,3.231
E01017671,2.703,2.859
E01017672,2.63,2.657
E01017673,2.458,3.256
E01017674,2.513,3.619
E01017675,2.027,2.642
E01017676,2.661,3.018
E01017677,2.534,2.341
E01017678,3.624,3.916
E01017679,4.211,3.755
E01017680,6.855,4.508
E01017681,3.815,4.399
E01017682,1.641,1.429
E01017683,2.706,2.614
E01017684,2.888,2.729
E01017687,3.645,3.436
E01017688,2.841,2.847
E01017689,2.448,2.799
E01017690,4.094,4.807
E01017691,1.971,2.24
E01017692,3.404,3.089
E01017693,2.493,2.139
E01017694,2.362,3.969
E01017695,5.276,5.111
E01017696,3.167,2.816
E01017697,2.314,3.13
E01017698,4.447,3.212
E01017699,2.919,3.439
E01017700,2.198,2.995
E01017701,2.084,2.706
E01017702,3.408,3.716
E01017703,3.173,3.43
E01017704,3.336,3.763
E01017705,3.149,1.496
E01017706,5.738,5.119
E01017707,5.038,5.695
E01017708,5.371,3.933
E01017709,6.106,6.476
E01017710,4.191,3.727
E01017711,6.167,5.765
E01017712,5.426,3.721
E01017713,3.83,4.076
E01017714,2.326,1.679
E01017715,2.818,4.308
E01017716,2.826,3.264
E01017717,3.592,3.885
E01017718,2.727,2.152
E01017719,4.754,3.459
E01017720,2.511,1.687
E01017721,2.794,3.622
E01017722,3.046,3.166
E01017723,5.175,4.773
E01017724,4.07,5.238
E01017726,5.614,5.575
E01017727,3.412,2.688
E01017728,1.833,1.511
E01017729,2.182,3.309
E01017730,6.791,4.403
E01017731,4.384,5.097
E01017732,4.43,3.708
E01017733,3.926,3.96
E01017734,1.506,2.816
E01017735,2.2,3.493
E01017736,6.029,4.531
E01017737,3.405,3.096
E01017738,4.118,3.094
E01017739,2.073,2.518
E01017740,2.788,2.84
E01017741,4.868,5.03
E01017742,3.835,2.277
E01017743,4.447,4.448
E01017744,2.557,2.576
E01017745,3.733,3.098
E01017746,3.131,1.563
E01017747,3.833,2.9
E01017748,6.26,6.343
E01017749,2.506,1.678
E01017750,2.905,3.329
E01017751,2.497,2.103
E01017752,2.86,2.918
E01017753,5.242,4.388
E01017754,4.965,6.336
E01017755,2.774,2.663
E01017756,1.877,2.935
E01017757,2.367,2.022
E01017758,4.028,4.629
E01017759,3.03,3.093
E01017760,2.178,2.881
E01017761,2.767,2.34
E01017762,1.698,1.918
E01017763,2.794,2.076
E01017764,1.483,3.228
E01017765,1.701,1.642
E01017766,2.734,2.945
E01017767,5.098,4.419
E01017768,4.844,2.282
E01017769,2.399,2.399
E01017770,3.407,4.243
E01017771,3.836,3.639
E01017773,2.544,2.947
E01017774,3.241,3.275
E01017775,4.412,4.1
E01017776,3.397,3.168
E01017777,2.932,2.217
E01017778,3.372,3.175
E01017779,1.634,1.436
E01017780,2.298,1.247
E01017781,4.538,4.495
E01017782,1.734,1.038
E01017783,2.277,3.081
E01017784,1.968,2.214
E01017785,2.683,2.453
E01017786,2.64,2.601
E01017787,1.983,2.079
E01017788,3.879,5.273
E01017789,3.764,4.021
E01017790,3.98,5.581
E01017791,4.494,4.573
E01017792,4.831,3.762
E01017793,4.142,4.739
E01017794,2.077,2.41
E01017795,3.88,3.982
E01017796,6.17,5.088
E01017797,1.785,1.742
E01017798,2.679,3.134
E01017799,3.785,2.709
E01017800,3.818,4.213
E01017801,1.539,1.787
E01017802,4.156,4.321
E01017803,3.74,3.089
E01017804,5.735,3.787
E01017805,5.235,4.917
E01017806,2.789,2.354
E01017807,3.209,3.22
E01017808,3.649,4.675
E01017809,5.667,4.26
E01017810,6.94,6.603
E01017811,7.521,5.383
E01017812,4.139,3.808
E01017813,2.585,2.632
E01017814,3.374,2.837
E01017815,2.898,3.117
E01017816,3.118,4.059
E01017817,4.645,4.562
E01017818,2.555,3.688
E01017819,2.07,2.335
E01017820,4.622,2.525
E01017821,1.439,1.737
E01017822,2.882,1.706
E01017823,3.166,2.476
E01017824,3.846,4.279
E01017825,2.523,2.613
E01017826,5.824,4.95
E01017827,3.71,4.927
E01017828,6.369,4.867
E01017829,2.804,2.964
E01017830,3.677,3.532
E01017831,3.846,3.08
E01017832,3.201,3.579
E01017833,2.217,2.509
E01017834,2.789,3.438
E01017835,5.266,4.885
E01017836,3.138,3.067
E01017837,4.736,3.762
E01017838,3.464,2.907
E01017839,2.324,2.416
E01017840,3.328,3.835
E01017841,2.029,2.291
E01017842,3.095,2.333
E01017843,4.516,4.632
E01017844,10.418,7.418
E01017845,5.188,5.484
E01017846,6.345,5.105
E01017847,4.694,3.906
E01017848,2.064,2.215
E01017849,2.43,2.447
E01017850,3.936,4.23
E01017851,4.096,4.806
E01017852,3.851,3.679
E01017853,1.561,2.52
E01017854,3.106,2.806
E01017855,4.599,5.377
E01017856,5.226,4.51
E01017857,5.327,4.845
E01017858,2.474,3.921
E01017859,3.037,1.864
E01017860,3.793,4.514
E01017861,3.007,5.176
E01017862,2.553,2.432
E01017863,2.478,2.509
E01017864,1.718,2.644
E01017865,2.981,2.52
E01017866,2.782,2.123
E01017867,5.049,4.489
E01017868,2.796,2.228
E01017869,1.874,2.542
E01017870,2.254,1.879
E01017871,1.844,2.791
E01017872,3.165,2.824
E01017873,1.407,1.684
E01017874,2.872,1.384
E01017875,1.379,1.011
E01017876,2.216,1.659
E01017877,3.108,3.49
E01017878,1.85,2.532
E01017880,2.46,3.074
E01017881,4.369,4.409
E01017882,2.903,3.188
E01017883,2.196,2.087
E01017884,3.19,3.305
E01017885,2.753,3.64
E01017886,3.297,3.14
E01017887,2.964,2.996
E01017888,1.11,2.02
E01017889,3.613,2.909
E01017890,2.754,2.05
E01017891,3.282,2.378
E01017892,2.02,1.889
E01017893,5.57,5.685
E01017894,2.696,2.385
E01017895,3.493,3.645
E01017896,2.484,1.848
E01017897,2.982,3.228
E01017898,2.696,3.401
E01017899,4.952,4.718
E01017900,4.095,3.112
E01017901,3.648,4.684
E01017902,3.933,4.568
E01017903,5.623,4.288
E01017904,4.926,4.716
E01017905,5.456,4.476
E01017906,4.747,4.229
E01017907,5.637,5.289
E01017908,4.271,4.764
E01017909,2.2,2.386
E01017910,3.915,2.549
E01017911,4.063,3.456
E01017912,2.855,2.588
E01017913,2.955,3.463
E01017914,2.419,3.0
E01017915,3.674,3.049
E01017916,2.764,2.881
E01017917,2.587,2.973
E01017918,4.641,5.045
E01017919,3.863,2.355
E01017920,2.627,3.245
E01017921,2.008,3.013
E01017922,4.075,3.496
E01017923,5.207,3.331
E01017924,2.068,2.362
E01017925,3.085,3.192
E01017926,3.533,3.653
E01017927,3.466,4.2
E01017928,5.87,4.736
E01017929,7.434,5.491
E01017930,2.644,2.154
E01017931,4.298,4.316
E01017932,3.179,3.42
E01017933,5.568,5.967
E01017934,4.088,3.631
E01017935,3.35,2.326
E01017936,3.089,2.705
E01017937,1.55,1.737
E01017938,1.176,2.017
E01017939,3.514,3.554
E01017940,2.132,3.667
E01017941,5.651,4.607
E01017942,2.715,2.719
E01017943,2.342,1.879
E01017944,4.62,5.656
E01017945,4.751,4.246
E01017946,6.323,5.662
E01017947,6.044,5.549
E01017948,6.326,8.318
E01017949,2.778,4.478
E01017950,2.419,0.926
E01017951,5.794,4.461
E01017952,6.233,4.056
E01017953,5.864,4.468
E01017954,5.043,3.787
E01017955,3.268,2.046
E01017956,2.18,1.577
E01017957,1.511,1.118
E01017958,1.186,1.118
E01017959,3.367,2.63
E01017960,5.847,4.342
E01017961,5.254,5.844
E01017962,5.108,4.323
E01017963,4.708,4.313
E01017964,2.695,3.061
E01017965,5.272,4.611
E01017966,2.405,3.31
E01017967,4.705,4.157
E01017968,3.21,4.132
E01017969,7.147,3.233
E01017971,5.872,6.227
E01017972,4.501,5.291
E01017973,6.481,5.859
E01017974,4.488,4.157
E01017975,7.385,5.649
E01017976,4.343,3.882
E01017977,4.02,4.684
E01017978,6.319,6.258
E01017979,7.317,7.322
E01017980,3.797,4.729
E01017983,2.848,2.802
E01017984,1.92,1.639
E01017985,1.804,1.856
E01017986,0.987,1.639
E01017987,2.305,1.772
E01017988,1.004,1.762
E01017989,2.771,2.908
E01017990,1.764,2.259
E01017991,5.697,4.127
E01017992,4.268,4.938
E01017993,2.125,2.512
E01017994,3.935,4.471
E01017995,2.981,2.773
E01017996,1.109,1.546
E01017997,4.466,3.478
E01017998,1.804,2.219
E01017999,4.22,3.129
E01018000,2.399,1.315
E01018001,3.004,3.391
E01018002,4.56,2.736
E01018003,3.621,2.22
E01018005,3.878,3.412
E01018006,3.925,2.831
E01018007,2.543,2.154
E01018008,2.681,2.456
E01018009,5.271,2.475
E01018010,2.913,2.824
E01018011,6.272,4.987
E01018012,5.147,4.991
E01018013,3.547,3.172
E01018014,3.099,3.752
E01018015,2.539,2.502
E01018016,5.3,6.018
E01018017,4.671,5.958
E01018019,3.861,3.515
E01018020,3.322,3.139
E01018021,4.31,4.905
E01018022,6.237,5.289
E01018023,2.53,2.856
E01018024,5.21,5.714
E01018025,5.049,4.122
E01018026,3.163,4.15
E01018027,4.224,3.328
E01018029,2.164,2.55
E01018030,4.73,4.534
E01018032,3.369,3.382
E01018033,5.487,5.103
E01018034,3.964,2.245
E01018035,4.628,4.677
E01018036,4.2,4.839
E01018037,3.805,3.956
E01018038,3.376,4.307
E01018039,4.686,4.525
E01018040,2.769,3.118
E01018041,3.411,4.202
E01018042,6.117,5.845
E01018043,5.186,5.689
E01018044,5.248,5.415
E01018045,4.306,4.469
E01018046,4.762,4.53
E01018047,4.824,4.616
E01018049,3.848,4.57
E01018050,4.946,4.826
E01018051,4.135,4.388
E01018052,4.781,4.717
E01018053,3.808,4.427
E01018054,3.666,4.082
E01018055,2.4,3.38
E01018056,4.398,4.22
E01018057,3.901,4.144
E01018058,4.78,4.997
E01018059,4.429,6.564
E01018060,4.28,4.149
E01018061,4.481,5.288
E01018062,7.006,7.218
E01018063,5.92,5.916
E01018064,4.396,4.655
E01018065,5.823,5.178
E01018066,7.798,8.244
E01018067,6.291,5.711
E01018068,6.454,6.429
E01018069,4.651,4.715
E01018070,7.819,6.188
E01018071,8.948,8.406
E01018072,6.364,5.463
E01018073,6.522,6.363
E01018074,4.423,4.594
E01018075,7.91,7.609
E01018076,4.933,5.76
E01018077,7.391,6.816
E01018078,11.098,11.429
E01018079,6.893,7.147
E01018080,4.614,5.955
E01018081,7.039,5.954
E01018082,5.023,5.65
E01018083,4.615,6.431
E01018084,6.582,5.996
E01018085,4.659,5.13
E01018086,4.687,6.419
E01018087,7.066,7.727
E01018088,6.174,7.456
E01018090,6.561,7.685
E01018091,8.152,7.162
E01018092,6.808,6.187
E01018093,6.326,6.432
E01018094,7.544,6.935
E01018095,7.138,6.047
E01018096,6.536,6.754
E01018097,7.371,8.682
E01018098,6.285,5.197
E01018099,3.636,4.676
E01018100,7.756,6.942
E01018101,4.726,4.384
E01018102,5.083,6.141
E01018103,6.853,7.867
E01018104,5.81,6.496
E01018105,4.416,6.862
E01018106,3.933,4.146
E01018107,8.036,9.195
E01018108,7.3,6.723
E01018109,6.552,7.708
E01018110,5.192,5.218
E01018111,5.744,5.108
E01018113,4.909,4.447
E01018115,5.894,7.167
E01018116,2.584,2.673
E01018117,6.338,7.151
E01018118,2.296,4.01
E01018119,3.125,3.772
E01018120,5.422,5.702
E01018121,2.057,1.091
E01018122,4.412,5.037
E01018123,3.176,4.109
E01018124,2.996,3.388
E01018125,4.151,4.382
E01018126,2.486,3.308
E01018127,2.706,4.428
E01018128,5.122,3.889
E01018129,3.569,3.853
E01018130,3.41,3.191
E01018131,4.443,5.614
E01018132,6.311,3.282
E01018133,2.267,3.325
E01018134,2.27,2.636
E01018135,3.093,2.993
E01018136,2.574,2.433
E01018137,3.209,3.586
E01018138,3.43,6.182
E01018139,5.757,4.057
E01018140,3.897,5.276
E01018141,2.618,2.545
E01018142,6.89,9.017
E01018143,8.359,6.27
E01018144,3.607,5.036
E01018145,4.762,5.052
E01018146,4.931,4.489
E01018147,3.802,5.313
E01018148,1.957,2.526
E01018149,1.555,1.444
E01018150,4.524,3.948
E01018151,2.999,4.88
E01018152,2.922,2.867
E01018153,3.032,3.428
E01018154,2.961,3.804
E01018155,3.629,3.528
E01018156,4.762,5.109
E01018157,3.818,3.868
E01018158,6.607,6.675
E01018159,2.557,2.666
E01018160,7.554,8.549
E01018161,3.041,3.742
E01018162,2.166,2.417
E01018163,3.347,3.901
E01018164,3.279,3.272
E01018165,3.73,3.632
E01018166,4.242,4.724
E01018167,3.481,3.822
E01018168,7.117,6.555
E01018169,3.378,4.27
E01018170,5.147,6.106
E01018171,3.807,2.346
E01018172,4.27,4.654
E01018173,1.86,2.771
E01018174,3.181,4.627
E01018175,2.388,2.729
E01018176,1.807,2.745
E01018177,3.395,4.656
E01018178,4.339,3.693
E01018179,4.833,6.643
E01018180,5.379,8.178
E01018181,2.933,3.491
E01018182,2.955,3.795
E01018183,5.894,5.727
E01018184,5.056,4.236
E01018185,6.182,5.627
E01018186,5.128,5.226
E01018187,5.353,5.894
E01018188,4.354,4.29
E01018189,2.496,2.623
E01018190,4.949,5.048
E01018191,2.929,3.558
E01018192,3.116,3.752
E01018193,2.946,3.405
E01018194,3.333,2.832
E01018195,5.081,6.507
E01018196,5.159,4.861
E01018197,4.333,4.906
E01018198,2.712,3.946
E01018199,2.968,3.638
E01018200,3.155,3.932
E01018201,3.742,4.323
E01018202,3.119,3.375
E01018203,2.746,3.937
E01018204,2.011,2.001
E01018205,3.797,3.706
E01018206,2.199,1.508
E01018207,6.078,5.199
E01018208,4.223,4.348
E01018209,3.851,3.735
E01018210,3.424,5.69
E01018211,5.223,4.786
E01018212,6.16,6.955
E01018213,3.008,3.913
E01018214,5.119,5.103
E01018215,4.292,4.128
E01018216,2.844,3.281
E01018217,6.212,5.549
E01018218,2.599,2.176
E01018219,2.633,3.766
E01018220,2.92,3.419
E01018221,2.471,3.085
E01018222,2.916,2.276
E01018223,2.766,3.029
E01018224,3.011,2.507
E01018225,4.082,5.374
E01018226,2.164,4.43
E01018227,3.639,4.271
E01018228,3.419,3.41
E01018231,2.744,3.001
E01018232,2.643,3.815
E01018233,3.937,3.94
E01018234,2.691,3.209
E01018235,3.207,3.722
E01018236,5.707,4.716
E01018237,2.489,4.615
E01018238,2.818,4.452
E01018239,1.774,2.061
E01018240,3.653,3.524
E01018241,3.151,2.932
E01018242,3.438,4.08
E01018243,2.833,2.525
E01018244,4.3,3.058
E01018245,2.882,3.073
E01018246,4.607,6.105
E01018247,3.244,4.807
E01018248,1.027,2.515
E01018249,2.88,3.369
E01018250,5.272,3.369
E01018251,2.787,3.251
E01018252,2.069,3.088
E01018253,2.13,2.163
E01018254,4.16,4.022
E01018255,3.394,3.055
E01018256,3.251,2.07
E01018257,5.062,6.003
E01018258,2.891,3.641
E01018259,2.34,3.14
E01018260,3.764,3.335
E01018262,4.729,2.174
E01018263,2.165,2.299
E01018264,4.608,6.991
E01018265,3.121,2.845
E01018266,2.785,2.587
E01018267,4.854,3.998
E01018268,2.467,2.232
E01018269,6.245,5.541
E01018270,4.018,2.795
E01018271,5.451,5.038
E01018272,1.727,2.5
E01018273,4.169,3.466
E01018274,1.552,2.611
E01018275,3.306,4.156
E01018276,5.311,4.551
E01018277,3.49,3.444
E01018278,2.129,2.899
E01018279,7.44,5.882
E01018280,4.382,3.919
E01018281,5.627,6.135
E01018282,2.215,4.012
E01018283,3.14,2.392
E01018284,2.136,2.727
E01018285,3.92,2.679
E01018286,4.032,3.289
E01018287,2.404,2.494
E01018288,3.636,3.658
E01018289,1.995,3.206
E01018290,2.912,3.461
E01018291,3.12,2.98
E01018292,2.415,2.464
E01018293,3.174,2.854
E01018294,5.103,5.741
E01018295,2.996,3.288
E01018296,3.707,3.375
E01018297,3.151,3.31
E01018298,1.043,2.356
E01018299,3.869,3.774
E01018300,3.959,3.849
E01018301,4.067,3.385
E01018302,2.268,3.4
E01018303,4.663,3.964
E01018304,3.734,5.112
E01018305,3.679,3.79
E01018306,2.092,2.495
E01018307,1.8,3.244
E01018308,4.627,4.27
E01018309,6.371,7.702
E01018310,8.361,9.107
E01018311,12.896,9.641
E01018312,7.837,8.158
E01018313,6.927,7.921
E01018314,8.394,8.59
E01018315,5.956,6.235
E01018316,7.966,7.453
E01018317,11.741,8.779
E01018319,5.832,4.472
E01018320,5.292,3.601
E01018321,4.833,7.21
E01018322,3.754,4.242
E01018323,4.555,3.056
E01018324,2.43,2.905
E01018325,2.931,3.078
E01018326,5.616,4.217
E01018327,8.759,8.072
E01018328,2.035,3.281
E01018329,4.305,3.901
E01018330,3.138,2.489
E01018331,1.515,2.976
E01018332,3.575,3.766
E01018333,2.994,2.909
E01018334,4.5,3.329
E01018335,4.586,4.058
E01018336,4.947,4.448
E01018337,7.363,5.914
E01018338,4.972,6.09
E01018339,3.865,2.782
E01018340,4.622,6.424
E01018341,4.422,4.242
E01018342,3.89,4.486
E01018343,9.726,7.592
E01018344,2.376,2.79
E01018345,3.189,3.318
E01018346,3.723,4.392
E01018347,9.668,8.979
E01018348,3.452,2.037
E01018349,2.472,3.388
E01018350,4.463,2.566
E01018351,12.224,12.908
E01018352,4.246,3.669
E01018353,4.0,3.902
E01018354,5.293,6.761
E01018355,7.273,8.689
E01018356,3.731,5.25
E01018357,3.796,2.952
E01018358,3.381,3.957
E01018359,2.498,3.914
E01018360,4.58,4.006
E01018361,2.447,1.745
E01018362,3.562,3.699
E01018363,3.721,4.644
E01018364,8.818,8.179
E01018365,4.57,4.987
E01018366,4.026,4.404
E01018367,4.637,5.306
E01018368,4.067,4.833
E01018369,4.529,5.186
E01018370,3.183,3.173
E01018371,4.538,4.599
E01018372,3.217,3.413
E01018373,3.687,3.542
E01018374,4.488,3.425
E01018375,2.719,2.748
E01018376,4.085,2.615
E01018377,2.732,2.82
E01018378,6.992,6.603
E01018379,5.494,5.689
E01018380,4.847,4.863
E01018381,2.843,4.029
E01018382,8.616,7.362
E01018383,4.768,4.127
E01018384,4.288,3.512
E01018385,2.86,3.253
E01018386,6.417,4.568
E01018387,3.266,4.246
E01018388,8.673,9.0
E01018389,4.916,4.473
E01018390,5.042,4.693
E01018391,5.07,4.703
E01018392,2.686,3.062
E01018393,3.127,3.26
E01018394,3.702,3.242
E01018395,4.117,4.615
E01018396,6.95,7.015
E01018397,3.386,4.022
E01018398,8.842,8.091
E01018399,5.796,4.602
E01018400,9.782,7.994
E01018401,4.949,4.581
E01018402,6.44,8.226
E01018403,4.403,3.736
E01018404,4.698,4.696
E01018405,2.649,3.373
E01018406,2.285,2.284
E01018407,3.106,4.279
E01018408,3.868,3.991
E01018409,6.714,6.004
E01018410,5.616,4.69
E01018411,2.112,2.673
E01018412,5.111,4.188
E01018413,2.036,2.602
E01018414,3.717,3.365
E01018415,6.212,5.808
E01018416,2.816,5.934
E01018417,6.384,7.256
E01018418,5.232,5.288
E01018419,3.233,2.884
E01018420,3.312,2.199
E01018421,2.385,3.527
E01018422,4.432,4.889
E01018423,10.096,10.054
E01018424,2.948,5.14
E01018425,8.492,7.181
E01018426,7.99,7.234
E01018427,4.679,3.133
E01018428,6.862,6.594
E01018429,5.027,5.352
E01018430,4.827,5.158
E01018431,2.923,3.074
E01018432,5.753,5.041
E01018433,6.145,5.458
E01018434,5.094,5.213
E01018435,7.982,8.866
E01018436,3.955,4.474
E01018437,6.966,6.799
E01018438,5.304,6.134
E01018439,4.332,3.054
E01018440,2.809,3.544
E01018441,2.367,2.904
E01018442,3.007,2.963
E01018443,5.425,4.573
E01018444,4.404,3.005
E01018445,6.175,6.086
E01018446,5.614,4.665
E01018447,3.91,4.578
E01018448,4.496,2.438
E01018449,4.522,4.751
E01018450,5.943,3.75
E01018451,9.063,9.433
E01018452,8.253,7.495
E01018454,6.833,7.051
E01018455,6.642,5.472
E01018456,5.873,3.852
E01018457,4.606,6.739
E01018458,3.745,4.066
E01018459,6.241,6.346
E01018460,6.286,6.272
E01018461,8.494,6.533
E01018462,6.789,7.84
E01018463,7.085,7.986
E01018464,3.597,4.897
E01018465,4.186,3.749
E01018466,7.639,7.973
E01018467,4.973,5.822
E01018468,3.512,3.593
E01018469,7.403,6.586
E01018470,3.779,3.507
E01018471,3.617,4.251
E01018472,5.844,6.737
E01018473,2.513,2.673
E01018474,2.781,2.275
E01018475,1.548,2.102
E01018476,7.563,13.118
E01018477,8.48,7.35
E01018478,6.408,5.993
E01018479,7.299,4.628
E01018480,4.558,3.322
E01018481,3.778,3.264
E01018482,8.851,7.849
E01018483,8.467,7.418
E01018484,8.285,5.338
E01018485,7.727,6.262
E01018486,7.734,6.873
E01018487,4.0,4.507
E01018488,3.821,3.594
E01018489,3.66,3.309
E01018490,4.006,3.875
E01018491,4.202,3.574
E01018492,6.004,5.545
E01018493,7.201,6.771
E01018494,4.015,2.579
E01018495,5.238,3.569
E01018496,4.979,5.631
E01018497,5.196,5.437
E01018498,8.917,7.288
E01018499,4.858,6.018
E01018500,4.306,4.355
E01018501,6.65,6.39
E01018502,4.274,5.33
E01018503,4.601,3.953
E01018504,7.649,5.448
E01018505,4.052,2.546
E01018506,2.463,3.315
E01018507,4.131,4.708
E01018508,2.542,3.819
E01018509,4.446,5.504
E01018510,3.96,3.171
E01018511,7.474,7.966
E01018512,7.988,6.854
E01018513,4.683,3.689
E01018514,5.263,4.408
E01018515,3.011,2.78
E01018516,4.384,4.522
E01018518,3.119,3.391
E01018519,7.345,6.657
E01018520,6.377,5.412
E01018521,12.613,9.847
E01018522,10.275,9.589
E01018523,9.28,9.024
E01018524,8.28,10.1
E01018525,9.481,8.249
E01018526,4.249,4.18
E01018527,4.401,4.397
E01018528,3.997,4.016
E01018529,6.503,4.945
E01018530,1.714,2.207
E01018531,4.023,3.954
E01018532,6.469,6.582
E01018533,5.246,4.452
E01018534,7.338,7.218
E01018535,6.627,6.066
E01018536,4.129,4.244
E01018537,5.453,4.497
E01018538,10.008,11.58
E01018539,7.537,7.113
E01018540,5.125,4.742
E01018541,6.209,7.575
E01018542,6.15,7.618
E01018543,7.354,7.054
E01018544,4.896,5.123
E01018545,4.531,4.339
E01018546,9.331,8.21
E01018547,5.925,6.302
E01018548,10.336,8.258
E01018549,7.011,6.832
E01018550,8.101,9.92
E01018551,9.375,10.36
E01018552,7.593,5.693
E01018553,9.338,9.136
E01018554,4.346,5.152
E01018555,4.437,3.069
E01018556,5.993,5.7
E01018557,8.729,9.013
E01018558,2.707,3.041
E01018559,3.339,4.227
E01018560,2.481,3.527
E01018561,2.104,1.598
E01018562,2.338,2.01
E01018563,10.043,8.973
E01018564,9.657,8.234
E01018565,6.186,4.809
E01018566,7.357,6.299
E01018567,5.618,5.014
E01018568,1.659,2.145
E01018569,3.429,2.658
E01018570,4.417,3.714
E01018571,5.291,6.449
E01018572,6.678,7.964
E01018573,2.202,2.222
E01018574,4.755,3.802
E01018575,3.451,1.973
E01018576,3.547,3.177
E01018577,4.559,3.65
E01018578,4.942,3.764
E01018579,7.671,5.76
E01018580,5.16,4.431
E01018581,4.102,4.382
E01018582,4.164,2.401
E01018583,2.141,2.565
E01018584,1.645,1.693
E01018585,5.572,4.807
E01018586,3.516,3.107
E01018587,3.932,3.731
E01018588,1.944,1.969
E01018589,1.555,1.924
E01018590,3.424,2.944
E01018591,4.104,3.801
E01018592,4.551,4.896
E01018593,4.54,4.829
E01018594,9.627,7.458
E01018595,5.921,5.106
E01018596,8.029,7.659
E01018597,3.498,4.168
E01018598,3.289,4.697
E01018599,2.969,4.541
E01018600,1.367,1.933
E01018601,4.368,4.827
E01018602,3.918,2.978
E01018603,2.5,1.722
E01018604,4.851,2.752
E01018605,2.463,2.372
E01018606,4.891,4.545
E01018607,2.079,2.033
E01018608,2.315,1.551
E01018609,5.746,7.043
E01018610,5.864,5.84
E01018611,6.714,6.152
E01018612,4.561,4.859
E01018613,6.001,4.861
E01018614,2.317,2.558
E01018615,3.65,3.783
E01018616,5.909,5.737
E01018617,6.541,5.978
E01018618,5.453,5.709
E01018619,2.805,3.357
E01018620,7.821,6.553
E01018621,2.803,3.976
E01018622,5.887,5.471
E01018623,3.962,3.894
E01018624,3.454,3.629
E01018625,4.491,3.062
E01018626,5.677,6.521
E01018627,3.737,5.955
E01018628,4.088,3.484
E01018629,6.566,6.716
E01018630,5.469,3.888
E01018631,9.638,8.122
E01018632,3.157,3.181
E01018633,2.798,4.491
E01018634,2.988,3.43
E01018635,7.265,6.43
E01018636,3.941,3.869
E01018637,7.296,6.923
E01018638,7.634,7.878
E01018639,5.068,4.409
E01018640,9.306,10.016
E01018641,2.734,2.967
E01018642,2.388,1.917
E01018643,1.922,2.396
E01018644,2.911,3.316
E01018645,11.297,10.538
E01018646,6.12,7.118
E01018647,7.254,6.711
E01018648,6.492,5.764
E01018649,5.213,7.554
E01018650,3.555,2.89
E01018651,8.534,8.992
E01018652,1.721,1.867
E01018653,2.851,2.929
E01018654,6.192,4.986
E01018655,6.209,7.511
E01018656,8.64,4.878
E01018657,6.612,5.526
E01018658,2.932,2.373
E01018659,2.885,2.791
E01018660,2.388,4.878
E01018661,4.421,4.996
E01018662,3.025,2.5
E01018663,3.401,3.883
E01018664,3.078,3.2
E01018665,4.566,4.355
E01018666,2.412,2.162
E01018667,4.272,3.995
E01018668,5.434,6.322
E01018669,2.396,2.989
E01018670,4.243,3.783
E01018671,3.259,3.673
E01018672,6.912,6.697
E01018673,4.446,3.938
E01018674,5.199,3.977
E01018675,3.967,3.516
E01018676,3.928,3.341
E01018677,3.916,4.106
E01018678,4.795,4.025
E01018679,5.153,4.968
E01018680,3.761,3.406
E01018681,5.513,5.247
E01018682,7.814,6.126
E01018683,6.409,3.199
E01018684,2.749,3.921
E01018685,11.431,10.379
E01018686,4.314,4.389
E01018687,3.37,4.138
E01018688,3.974,3.466
E01018689,6.345,5.895
E01018690,3.041,3.393
E01018691,5.247,4.473
E01018692,2.734,2.613
E01018693,2.895,2.155
E01018694,3.346,1.402
E01018695,4.038,3.646
E01018696,4.752,4.251
E01018697,7.658,3.749
E01018698,3.775,3.743
E01018699,5.463,5.974
E01018700,1.274,1.611
E01018701,8.208,9.471
E01018702,1.477,1.831
E01018703,2.982,4.612
E01018704,6.841,6.695
E01018705,3.791,3.197
E01018706,9.371,6.371
E01018707,3.928,3.998
E01018708,4.903,4.979
E01018709,4.558,4.99
E01018710,7.868,7.113
E01018711,3.932,4.215
E01018712,7.225,6.174
E01018713,4.313,2.945
E01018714,10.558,8.232
E01018715,4.8,6.228
E01018716,10.363,11.011
E01018717,5.842,5.585
E01018718,3.613,4.054
E01018719,6.452,6.662
E01018720,7.859,5.876
E01018721,4.362,4.751
E01018722,4.638,4.325
E01018723,3.47,3.529
E01018724,2.752,3.175
E01018725,3.282,3.601
E01018726,8.184,7.063
E01018727,5.508,4.103
E01018728,5.502,5.182
E01018729,9.444,8.174
E01018730,10.595,9.091
E01018731,5.938,5.308
E01018732,10.596,10.099
E01018733,8.542,6.268
E01018734,9.898,9.12
E01018735,3.382,5.514
E01018736,5.218,5.029
E01018737,2.915,3.413
E01018738,9.905,7.058
E01018739,6.861,7.378
E01018740,7.352,9.581
E01018741,6.017,6.525
E01018742,6.166,4.655
E01018743,5.537,6.891
E01018744,6.678,6.257
E01018745,9.576,10.07
E01018746,8.211,8.62
E01018747,8.074,6.323
E01018748,7.482,7.477
E01018749,3.189,3.199
E01018750,5.519,6.419
E01018751,8.173,11.507
E01018752,4.911,5.452
E01018753,5.41,5.347
E01018754,7.777,6.734
E01018755,4.966,5.041
E01018756,6.39,6.375
E01018757,5.276,4.497
E01018758,6.969,7.996
E01018759,6.961,7.434
E01018760,5.797,5.09
E01018761,8.395,8.963
E01018762,6.65,5.5
E01018763,4.305,5.445
E01018764,5.432,4.549
E01018765,5.815,5.368
E01018766,6.137,5.844
E01018767,10.201,12.245
E01018768,3.801,5.158
E01018769,5.619,6.51
E01018770,7.223,10.084
E01018771,8.846,9.325
E01018772,4.303,4.891
E01018773,5.801,7.657
E01018774,8.838,9.241
E01018775,5.989,6.239
E01018776,7.1,6.239
E01018777,4.268,5.038
E01018778,5.886,6.119
E01018779,6.858,5.996
E01018780,5.531,6.438
E01018781,5.383,6.347
E01018782,6.301,6.911
E01018783,5.859,5.023
E01018784,6.396,6.25
E01018785,5.087,5.59
E01018786,3.985,5.769
E01018787,2.949,4.005
E01018788,12.456,10.24
E01018789,4.327,5.061
E01018790,7.966,6.894
E01018791,7.201,6.016
E01018792,3.918,4.779
E01018793,6.048,6.091
E01018794,5.861,7.415
E01018795,2.893,5.345
E01018796,2.902,3.925
E01018797,9.317,10.339
E01018798,6.806,7.129
E01018799,8.714,9.091
E01018800,2.719,4.465
E01018803,5.263,5.758
E01018804,3.621,3.533
E01018805,4.115,3.704
E01018806,3.655,3.069
E01018807,3.607,3.747
E01018808,4.962,5.121
E01018809,8.061,8.59
E01018810,3.028,4.522
E01018811,4.362,3.865
E01018812,5.386,4.663
E01018813,4.213,3.823
E01018814,4.384,5.486
E01018815,4.146,4.258
E01018816,3.387,3.082
E01018817,4.588,4.648
E01018818,7.178,6.4
E01018819,5.288,4.621
E01018820,3.765,5.645
E01018821,4.645,2.466
E01018822,5.429,5.983
E01018823,3.893,5.27
E01018824,3.721,4.371
E01018825,5.92,5.5
E01018826,5.783,6.192
E01018827,4.059,4.636
E01018828,5.306,5.847
E01018829,4.804,5.071
E01018830,4.798,6.383
E01018831,4.285,5.15
E01018832,5.124,3.823
E01018833,3.432,4.867
E01018834,4.616,5.411
E01018835,5.29,4.02
E01018836,7.975,6.814
E01018837,4.803,4.229
E01018838,8.606,8.178
E01018839,5.348,5.017
E01018840,4.707,4.261
E01018841,9.129,7.764
E01018842,5.991,4.572
E01018843,5.031,4.327
E01018844,8.401,9.302
E01018845,4.943,6.731
E01018846,3.936,5.54
E01018847,4.56,5.269
E01018848,4.957,4.075
E01018849,5.099,5.577
E01018850,3.898,5.247
E01018851,5.857,6.636
E01018852,4.198,3.267
E01018853,4.562,6.037
E01018854,6.622,6.643
E01018855,3.191,3.476
E01018856,7.908,8.498
E01018857,7.673,7.847
E01018858,7.407,7.474
E01018859,3.524,5.236
E01018860,9.953,10.35
E01018861,5.858,6.314
E01018862,6.286,6.414
E01018863,5.327,5.613
E01018864,5.003,4.821
E01018865,7.211,6.725
E01018866,7.933,6.335
E01018867,7.597,6.71
E01018868,6.787,8.673
E01018869,7.643,6.67
E01018870,9.281,10.666
E01018871,5.009,5.157
E01018872,7.28,7.443
E01018873,7.17,6.809
E01018874,9.049,9.411
E01018875,12.018,11.8
E01018876,5.184,6.195
E01018877,8.099,8.233
E01018878,9.609,11.011
E01018879,5.419,4.848
E01018880,6.317,5.183
E01018881,6.46,6.952
E01018882,3.813,2.537
E01018883,4.395,4.052
E01018884,3.565,4.926
E01018885,7.335,5.616
E01018886,3.947,3.644
E01018887,3.781,5.401
E01018888,7.374,7.212
E01018889,4.798,5.142
E01018890,7.746,6.655
E01018891,5.243,7.104
E01018892,6.512,4.187
E01018893,9.239,8.961
E01018894,6.243,4.992
E01018895,5.795,5.547
E01018896,8.181,7.481
E01018897,8.051,4.238
E01018898,10.286,11.682
E01018899,3.037,3.373
E01018900,4.98,4.183
E01018901,5.036,5.26
E01018902,6.25,5.381
E01018903,3.885,6.784
E01018904,6.839,5.864
E01018905,5.395,5.058
E01018906,5.388,5.346
E01018907,7.586,6.125
E01018908,7.914,6.486
E01018909,6.097,5.799
E01018910,11.445,9.822
E01018911,11.342,8.951
E01018912,5.59,5.14
E01018913,8.111,6.982
E01018914,6.46,6.422
E01018915,6.922,5.07
E01018916,6.702,6.719
E01018917,5.972,6.001
E01018918,6.941,6.374
E01018919,7.493,5.625
E01018920,5.279,6.313
E01018921,5.616,4.412
E01018922,4.637,4.373
E01018923,5.12,5.128
E01018924,4.912,4.244
E01018925,6.224,5.698
E01018926,5.862,4.848
E01018927,8.259,6.383
E01018928,8.096,8.732
E01018929,8.477,5.752
E01018930,10.48,9.488
E01018931,7.517,7.657
E01018932,6.905,8.173
E01018933,6.982,8.079
E01018934,4.623,3.346
E01018935,4.56,5.597
E01018936,4.809,7.008
E01018937,6.481,7.338
E01018938,8.239,6.813
E01018940,5.456,6.104
E01018941,7.529,6.622
E01018942,7.11,6.931
E01018943,5.092,4.85
E01018944,5.946,6.631
E01018945,5.655,6.029
E01018946,7.042,5.937
E01018947,6.359,5.798
E01018948,5.367,6.733
E01018949,6.545,10.345
E01018950,4.82,6.915
E01018951,5.856,4.984
E01018952,5.827,5.412
E01018953,4.632,6.202
E01018954,4.369,4.863
E01018955,5.355,5.223
E01018956,5.899,6.086
E01018957,4.212,5.225
E01018958,7.988,9.552
E01018959,7.958,6.476
E01018960,4.323,4.889
E01018961,7.172,6.365
E01018962,7.774,5.165
E01018965,5.246,6.65
E01018966,3.48,4.136
E01018967,4.389,5.745
E01018968,6.322,5.29
E01018969,5.956,5.556
E01018970,5.128,4.164
E01018971,6.898,5.413
E01018972,7.546,6.534
E01018973,4.799,5.083
E01018974,6.342,4.952
E01018975,5.968,5.946
E01018976,7.463,6.04
E01018977,7.423,9.036
E01018978,7.09,6.78
E01018979,5.971,5.96
E01018980,6.61,7.213
E01018981,7.478,6.217
E01018982,6.189,5.607
E01018983,7.582,6.181
E01018984,9.49,7.165
E01018985,5.723,5.299
E01018986,7.653,6.175
E01018987,6.055,5.955
E01018988,5.791,6.964
E01018989,8.164,10.409
E01018990,7.956,8.559
E01018991,6.588,6.567
E01018992,6.096,4.579
E01018993,7.725,8.546
E01018994,7.23,9.692
E01018995,10.73,11.875
E01018996,9.937,9.654
E01018997,9.993,11.0
E01018998,6.271,6.045
E01018999,8.639,9.404
E01019000,8.909,8.194
E01019001,8.131,8.074
E01019002,6.043,6.24
E01019003,6.002,5.106
E01019004,8.546,10.157
E01019005,7.304,6.097
E01019006,7.364,4.528
E01019007,5.45,6.653
E01019008,10.714,8.202
E01019009,6.513,8.98
E01019010,5.321,4.553
E01019011,8.097,5.756
E01019012,7.087,8.735
E01019013,8.401,8.281
E01019014,6.022,4.844
E01019015,4.567,4.713
E01019016,3.562,4.058
E01019017,4.483,4.553
E01019018,4.655,5.591
E01019019,7.904,6.126
E01019020,6.662,6.281
E01019021,5.787,5.072
E01019022,8.227,7.253
E01019023,3.947,4.024
E01019024,8.921,8.273
E01019025,6.246,4.554
E01019026,6.241,5.936
E01019027,7.006,7.166
E01019028,8.198,7.714
E01019029,7.226,6.615
E01019030,3.928,3.931
E01019031,6.033,4.745
E01019032,5.938,5.31
E01019033,11.119,10.632
E01019034,6.172,7.624
E01019035,8.097,5.82
E01019036,6.995,5.811
E01019037,5.04,6.613
E01019038,9.403,6.807
E01019039,8.009,5.091
E01019040,5.246,5.383
E01019041,9.926,10.032
E01019042,8.309,7.344
E01019043,7.831,7.688
E01019044,7.128,6.367
E01019045,5.082,5.061
E01019046,11.046,9.459
E01019047,13.4,7.672
E01019048,6.619,4.565
E01019049,5.889,3.845
E01019050,4.412,4.902
E01019051,8.698,7.314
E01019052,7.246,6.444
E01019053,5.561,7.196
E01019054,6.167,6.694
E01019055,8.962,8.087
E01019056,11.302,9.697
E01019057,6.517,6.752
E01019058,4.907,4.785
E01019059,6.178,8.249
E01019060,7.474,5.985
E01019061,5.382,5.174
E01019062,7.253,8.598
E01019063,6.317,5.242
E01019064,5.127,4.934
E01019065,4.072,5.302
E01019066,4.868,4.894
E01019067,5.424,5.584
E01019068,6.852,5.273
E01019069,6.881,6.811
E01019070,7.454,7.67
E01019071,4.177,4.316
E01019072,6.539,8.072
E01019073,5.82,5.164
E01019074,8.011,7.708
E01019075,6.759,6.409
E01019076,5.187,6.991
E01019077,2.996,4.041
E01019078,2.911,3.763
E01019079,5.106,4.124
E01019080,6.468,5.428
E01019081,7.856,8.663
E01019082,7.152,6.174
E01019083,2.948,3.971
E01019084,4.841,5.115
E01019085,2.258,2.722
E01019086,3.571,2.547
E01019087,5.538,4.747
E01019088,6.068,6.362
E01019089,9.222,6.061
E01019090,2.799,3.187
E01019091,2.637,3.778
E01019092,4.149,3.549
E01019093,4.997,5.071
E01019094,6.224,5.772
E01019095,10.677,8.58
E01019096,5.321,5.229
E01019097,12.202,9.989
E01019098,7.421,5.681
E01019099,7.909,8.81
E01019100,6.566,5.766
E01019101,8.162,3.487
E01019102,5.44,6.102
E01019103,3.408,3.649
E01019104,5.085,6.107
E01019105,3.815,3.649
E01019106,4.632,3.29
E01019107,5.473,5.844
E01019108,9.213,8.54
E01019109,6.601,6.974
E01019110,9.803,10.662
E01019111,9.044,7.265
E01019112,10.868,9.804
E01019113,11.607,10.078
E01019114,7.541,5.351
E01019115,10.317,9.524
E01019116,6.629,6.973
E01019117,4.584,4.065
E01019118,4.748,5.73
E01019119,8.615,7.798
E01019120,5.272,6.1
E01019121,8.597,9.032
E01019122,8.41,10.538
E01019123,7.102,5.978
E01019124,4.081,3.702
E01019125,4.362,4.986
E01019126,8.925,9.679
E01019127,7.157,7.198
E01019128,5.15,5.427
E01019129,5.195,3.443
E01019130,2.971,3.591
E01019131,2.68,4.287
E01019132,5.546,4.432
E01019133,4.075,3.932
E01019134,5.45,8.009
E01019135,6.78,7.265
E01019136,3.827,3.535
E01019137,7.763,8.809
E01019138,8.716,8.586
E01019139,12.555,12.181
E01019140,12.179,9.649
E01019141,14.902,12.868
E01019142,10.203,9.111
E01019143,14.268,12.096
E01019144,7.064,6.106
E01019145,6.437,5.844
E01019146,4.672,4.525
E01019147,5.333,3.795
E01019148,4.345,3.566
E01019149,5.648,6.086
E01019150,7.083,6.786
E01019151,8.473,7.167
E01019152,6.497,5.843
E01019153,5.68,5.08
E01019154,7.582,4.965
E01019155,8.267,8.718
E01019156,16.585,12.239
E01019157,9.626,10.245
E01019158,9.891,8.446
E01019159,9.221,4.403
E01019160,12.681,11.584
E01019161,9.247,8.174
E01019162,4.959,2.909
E01019163,6.236,5.596
E01019164,12.681,8.273
E01019165,10.085,11.519
E01019166,11.451,10.112
E01019167,5.866,6.305
E01019168,5.233,4.95
E01019169,4.225,4.191
E01019170,5.148,4.553
E01019171,5.682,5.847
E01019172,9.472,6.635
E01019173,9.697,8.995
E01019174,10.662,9.649
E01019175,10.655,7.864
E01019176,5.282,4.091
E01019177,8.0,7.059
E01019178,5.302,4.126
E01019179,4.801,3.641
E01019180,9.898,6.742
E01019182,7.231,6.809
E01019184,7.191,6.404
E01019185,6.099,5.333
E01019186,7.422,6.484
E01019187,8.424,7.488
E01019188,5.242,6.302
E01019189,4.854,6.496
E01019190,3.834,3.779
E01019191,4.32,5.307
E01019192,3.846,4.243
E01019193,9.499,8.034
E01019194,6.737,8.152
E01019195,6.942,5.344
E01019196,4.852,5.493
E01019197,8.346,7.696
E01019198,8.519,10.355
E01019199,8.286,7.34
E01019200,4.771,4.554
E01019201,7.483,8.387
E01019202,4.617,7.623
E01019203,4.204,4.169
E01019204,5.408,6.556
E01019205,8.343,6.496
E01019206,6.735,4.785
E01019207,6.743,7.704
E01019208,6.094,6.745
E01019209,7.202,7.924
E01019210,7.703,7.063
E01019211,4.099,5.855
E01019212,3.066,3.357
E01019213,4.531,4.257
E01019214,5.503,4.421
E01019215,6.533,6.367
E01019216,7.012,5.543
E01019217,4.87,6.705
E01019218,7.238,4.891
E01019219,3.987,4.076
E01019220,8.087,5.793
E01019221,5.906,7.731
E01019222,8.399,6.145
E01019223,5.469,5.113
E01019224,4.264,4.936
E01019225,4.995,4.794
E01019226,4.659,4.17
E01019227,11.127,7.932
E01019228,5.344,5.293
E01019229,5.949,5.163
E01019230,8.625,9.231
E01019231,12.636,8.911
E01019232,6.22,6.046
E01019233,6.156,6.806
E01019234,10.73,10.044
E01019235,3.833,5.175
E01019236,4.605,4.779
E01019237,4.175,4.035
E01019238,3.814,3.746
E01019239,2.308,4.366
E01019240,4.299,3.36
E01019241,3.04,2.688
E01019242,5.794,5.101
E01019243,4.11,3.696
E01019244,4.384,5.183
E01019245,10.25,9.604
E01019246,10.734,9.587
E01019247,7.294,6.336
E01019248,7.895,8.419
E01019249,2.363,3.055
E01019250,5.36,3.23
E01019251,4.08,4.487
E01019252,7.974,7.213
E01019253,5.075,5.549
E01019254,5.162,5.86
E01019255,4.392,5.126
E01019256,3.933,5.091
E01019257,7.143,7.306
E01019258,3.211,3.814
E01019259,5.923,5.174
E01019260,6.105,6.003
E01019261,3.531,3.795
E01019262,5.498,6.074
E01019263,7.821,7.59
E01019264,5.467,5.326
E01019265,10.148,9.731
E01019266,4.351,5.698
E01019267,10.409,10.379
E01019268,6.903,5.131
E01019269,9.323,10.013
E01019270,6.608,7.975
E01019271,7.337,7.543
E01019272,7.811,8.89
E01019273,5.535,5.655
E01019274,8.431,8.711
E01019275,6.102,5.167
E01019276,6.049,7.59
E01019277,10.891,9.388
E01019278,6.241,6.05
E01019279,5.874,6.104
E01019280,15.375,12.017
E01019281,6.306,5.64
E01019282,7.804,5.565
E01019283,6.165,7.941
E01019284,8.446,8.925
E01019285,7.766,7.551
E01019286,6.368,7.436
E01019287,3.642,4.621
E01019288,2.573,2.319
E01019289,7.576,8.757
E01019290,5.205,5.519
E01019291,9.263,6.333
E01019292,6.518,7.867
E01019293,5.04,5.176
E01019294,8.299,7.301
E01019295,8.168,7.639
E01019296,12.189,12.086
E01019297,4.972,5.131
E01019298,5.746,5.955
E01019299,7.758,8.904
E01019300,3.276,3.114
E01019301,10.362,11.787
E01019302,7.512,4.781
E01019303,4.596,4.342
E01019304,5.231,6.295
E01019305,5.939,6.713
E01019306,7.425,7.398
E01019307,4.729,4.745
E01019308,4.33,5.388
E01019309,3.707,3.606
E01019310,2.722,3.765
E01019311,3.477,4.051
E01019312,4.285,3.754
E01019313,3.275,4.741
E01019314,4.87,3.385
E01019315,4.297,5.338
E01019316,2.744,3.197
E01019317,4.397,4.226
E01019318,5.868,6.27
E01019319,3.519,3.914
E01019320,3.603,2.747
E01019321,3.777,3.945
E01019322,3.963,3.3
E01019323,3.494,3.896
E01019324,3.077,2.778
E01019325,5.279,4.205
E01019326,3.636,3.103
E01019327,5.961,4.909
E01019328,4.694,4.345
E01019329,4.474,2.629
E01019330,4.124,4.365
E01019331,5.036,4.945
E01019332,9.728,7.698
E01019333,5.291,7.381
E01019334,5.14,4.94
E01019335,5.191,4.855
E01019336,4.121,5.546
E01019337,4.95,4.361
E01019338,3.006,3.597
E01019339,3.446,2.348
E01019340,3.994,4.335
E01019341,3.788,5.036
E01019342,4.986,5.036
E01019343,4.199,3.753
E01019344,3.395,4.268
E01019345,5.026,4.235
E01019346,4.386,4.264
E01019347,3.474,3.429
E01019348,3.178,3.255
E01019349,5.079,4.394
E01019350,4.02,4.148
E01019351,3.936,3.432
E01019352,3.043,4.062
E01019353,4.545,5.121
E01019354,6.742,5.719
E01019355,5.932,4.982
E01019356,3.345,4.014
E01019357,5.511,5.13
E01019358,5.349,4.27
E01019359,5.691,4.472
E01019360,4.513,4.901
E01019361,4.541,3.46
E01019362,3.764,4.334
E01019363,6.957,5.561
E01019364,6.202,5.335
E01019365,3.271,3.363
E01019366,7.173,4.687
E01019367,3.323,6.896
E01019368,2.891,2.661
E01019369,5.876,4.193
E01019370,3.515,3.206
E01019371,4.63,5.585
E01019372,4.257,5.364
E01019373,2.281,2.139
E01019374,3.653,3.683
E01019375,3.945,3.824
E01019376,2.15,3.483
E01019377,3.204,3.17
E01019378,6.184,3.771
E01019379,6.933,6.766
E01019380,4.469,3.043
E01019381,3.406,3.51
E01019382,5.002,4.944
E01019383,4.658,3.571
E01019384,3.422,3.258
E01019385,5.526,4.401
E01019386,4.864,5.497
E01019387,3.97,3.32
E01019388,7.173,7.899
E01019389,5.82,4.923
E01019390,4.907,4.897
E01019391,5.533,4.59
E01019392,7.147,6.584
E01019393,3.92,3.499
E01019394,2.983,2.805
E01019395,5.352,5.577
E01019396,3.639,4.964
E01019397,3.038,2.948
E01019398,4.446,4.803
E01019399,4.352,4.803
E01019400,7.61,6.863
E01019401,9.765,9.738
E01019402,6.013,5.299
E01019403,11.243,11.716
E01019404,8.405,7.506
E01019405,3.978,3.569
E01019406,3.895,4.775
E01019407,7.307,5.442
E01019408,6.0,4.682
E01019409,5.505,5.351
E01019410,3.472,4.133
E01019411,5.937,5.87
E01019412,1.911,2.288
E01019413,2.249,1.762
E01019414,4.831,3.75
E01019415,7.375,4.44
E01019416,5.583,4.539
E01019417,6.231,6.31
E01019418,4.727,4.802
E01019419,6.017,4.697
E01019420,9.905,8.175
E01019421,6.525,6.16
E01019422,5.538,5.969
E01019423,4.715,3.764
E01019424,5.956,8.641
E01019425,2.685,2.364
E01019426,6.061,4.209
E01019427,2.748,2.761
E01019428,7.348,7.018
E01019429,5.031,4.158
E01019430,4.829,4.638
E01019431,6.038,6.637
E01019432,6.458,7.061
E01019433,5.146,5.457
E01019434,5.435,5.113
E01019435,3.102,4.751
E01019436,6.641,6.232
E01019437,10.249,7.816
E01019438,4.692,5.409
E01019439,4.86,5.048
E01019440,7.692,7.635
E01019441,7.687,8.967
E01019442,6.376,5.978
E01019443,7.9,5.855
E01019444,10.916,8.672
E01019445,5.5,5.467
E01019446,2.782,4.027
E01019447,4.746,4.019
E01019448,4.751,3.689
E01019449,3.956,3.837
E01019450,7.578,6.68
E01019451,6.022,5.301
E01019452,10.552,10.079
E01019453,6.332,6.403
E01019454,8.228,6.313
E01019455,7.569,6.344
E01019456,5.069,4.857
E01019457,5.843,5.263
E01019458,6.047,5.3
E01019459,8.48,7.943
E01019460,4.431,5.995
E01019461,7.547,5.952
E01019462,5.723,5.03
E01019463,8.533,7.912
E01019464,3.871,3.754
E01019465,7.618,6.786
E01019467,4.195,4.11
E01019468,7.672,8.328
E01019469,7.134,7.233
E01019470,6.152,6.159
E01019471,7.687,8.155
E01019472,4.081,2.116
E01019473,3.645,4.443
E01019474,3.592,4.75
E01019475,5.782,6.194
E01019476,5.71,5.762
E01019477,5.086,5.532
E01019478,3.894,3.731
E01019479,5.64,6.033
E01019480,8.529,7.497
E01019481,7.641,6.229
E01019482,7.44,7.427
E01019483,7.344,8.476
E01019484,7.795,7.815
E01019485,12.814,8.679
E01019486,6.824,6.293
E01019487,10.56,8.888
E01019488,9.059,8.483
E01019489,7.807,8.217
E01019490,6.195,6.953
E01019491,5.959,5.7
E01019492,10.063,8.815
E01019493,6.929,6.079
E01019494,10.415,8.557
E01019495,9.777,10.349
E01019496,9.914,9.231
E01019497,13.649,11.118
E01019498,7.426,6.88
E01019499,7.562,7.976
E01019500,8.478,10.657
E01019501,8.589,8.451
E01019502,9.115,8.003
E01019503,9.414,7.918
E01019504,9.985,7.317
E01019505,9.436,10.365
E01019506,10.781,9.419
E01019507,13.31,11.787
E01019508,12.468,10.658
E01019509,11.934,9.503
E01019510,17.303,13.844
E01019511,10.478,8.957
E01019512,8.764,5.917
E01019513,6.507,6.57
E01019514,5.243,7.075
E01019515,9.927,9.763
E01019516,9.147,8.385
E01019517,5.545,3.998
E01019518,3.977,4.193
E01019519,6.504,6.367
E01019520,6.754,4.824
E01019521,6.658,5.344
E01019522,7.707,7.766
E01019523,11.006,9.579
E01019524,5.792,5.391
E01019525,8.3,6.358
E01019526,8.147,6.245
E01019527,11.741,9.462
E01019528,7.697,6.894
E01019529,6.367,6.413
E01019530,7.207,6.961
E01019531,6.725,5.175
E01019532,5.742,5.76
E01019533,4.633,4.97
E01019534,11.371,9.891
E01019535,5.479,5.854
E01019536,9.164,7.729
E01019537,5.146,3.552
E01019538,6.479,4.94
E01019539,7.29,5.374
E01019540,4.449,5.442
E01019541,9.401,7.677
E01019542,8.84,9.575
E01019543,9.12,8.866
E01019544,8.568,9.05
E01019545,5.692,6.894
E01019546,7.35,6.994
E01019547,9.614,9.621
E01019548,5.951,5.874
E01019549,10.819,7.786
E01019550,10.472,8.07
E01019551,7.995,8.512
E01019552,7.681,7.563
E01019553,4.866,5.077
E01019554,7.553,7.299
E01019555,10.482,10.599
E01019556,9.426,8.043
E01019557,5.281,6.075
E01019558,4.257,4.314
E01019559,4.713,4.864
E01019560,8.815,8.676
E01019561,13.897,13.201
E01019562,11.516,10.562
E01019563,8.038,8.091
E01019564,7.026,8.338
E01019565,10.759,8.511
E01019566,9.67,8.249
E01019567,9.844,9.554
E01019568,9.667,9.664
E01019569,7.382,7.893
E01019570,7.601,7.549
E01019571,8.604,8.14
E01019572,10.666,7.877
E01019573,8.224,8.595
E01019574,8.14,9.745
E01019575,8.654,9.426
E01019576,10.102,11.347
E01019577,9.644,9.498
E01019578,13.903,14.045
E01019579,6.757,7.208
E01019580,8.201,7.692
E01019581,9.645,10.037
E01019582,6.858,6.563
E01019583,4.615,4.221
E01019585,4.696,3.831
E01019586,5.856,5.788
E01019587,3.605,4.332
E01019588,5.337,4.132
E01019589,4.366,5.3
E01019590,4.565,4.51
E01019591,5.138,4.037
E01019592,4.197,3.844
E01019593,4.905,3.06
E01019594,5.962,6.566
E01019595,3.114,4.002
E01019596,5.109,4.741
E01019597,2.635,4.967
E01019598,4.654,4.824
E01019599,4.289,4.118
E01019600,3.927,4.578
E01019601,9.762,7.505
E01019602,4.015,5.77
E01019603,5.546,2.594
E01019604,3.831,4.174
E01019605,3.353,4.689
E01019606,3.653,3.298
E01019607,3.122,2.925
E01019608,7.143,7.652
E01019609,5.486,5.81
E01019610,3.677,2.9
E01019611,4.616,3.929
E01019612,3.153,3.468
E01019613,4.578,3.265
E01019614,2.043,3.36
E01019615,5.085,4.463
E01019616,3.596,3.231
E01019617,5.141,5.072
E01019618,3.056,2.831
E01019619,5.513,6.753
E01019620,3.856,3.801
E01019621,3.498,3.865
E01019622,4.569,3.319
E01019623,5.568,8.734
E01019624,3.533,3.673
E01019625,10.113,8.875
E01019626,4.025,4.542
E01019627,4.344,3.146
E01019628,6.363,5.083
E01019629,2.529,1.902
E01019630,2.882,3.63
E01019631,3.229,3.809
E01019632,6.023,4.744
E01019633,6.765,6.981
E01019634,4.585,3.891
E01019635,4.534,4.071
E01019636,4.537,5.266
E01019638,6.637,5.45
E01019639,5.53,5.25
E01019640,2.701,3.714
E01019641,3.915,2.831
E01019642,6.228,6.825
E01019643,4.361,4.32
E01019644,8.201,10.206
E01019645,5.463,5.851
E01019646,6.369,8.2
E01019647,5.632,7.312
E01019648,4.595,5.368
E01019649,3.297,4.308
E01019650,9.295,9.008
E01019651,5.1,5.625
E01019652,3.948,5.762
E01019653,4.986,3.933
E01019654,6.254,5.404
E01019655,3.054,3.932
E01019656,7.812,4.413
E01019657,6.838,5.689
E01019658,4.095,5.475
E01019659,3.381,2.556
E01019660,5.198,5.538
E01019661,6.723,6.813
E01019662,8.42,8.764
E01019663,13.276,14.968
E01019664,6.857,6.362
E01019665,7.843,6.577
E01019666,6.279,5.461
E01019667,7.599,5.751
E01019668,11.973,11.344
E01019669,7.23,6.339
E01019670,3.954,3.006
E01019671,4.401,6.374
E01019672,7.468,7.88
E01019673,8.308,4.043
E01019674,4.311,4.244
E01019675,7.134,8.931
E01019676,4.449,5.533
E01019677,5.462,6.183
E01019678,2.886,3.127
E01019679,4.373,6.444
E01019680,4.648,3.803
E01019681,5.358,4.979
E01019682,8.289,8.002
E01019683,5.206,3.326
E01019684,3.459,3.175
E01019685,4.58,5.106
E01019686,3.64,4.072
E01019687,10.02,9.729
E01019688,6.887,8.211
E01019689,5.819,5.525
E01019690,4.676,4.338
E01019691,4.318,3.695
E01019692,8.995,8.381
E01019693,5.613,6.276
E01019694,4.806,4.778
E01019695,5.434,2.817
E01019696,4.361,7.068
E01019697,4.147,4.772
E01019698,3.446,4.542
E01019699,10.714,8.566
E01019700,5.669,5.108
E01019701,6.143,6.295
E01019702,5.192,3.744
E01019703,3.04,2.878
E01019704,4.203,4.532
E01019705,3.913,4.492
E01019706,3.942,4.198
E01019707,2.716,4.061
E01019708,2.752,2.765
E01019709,5.481,6.474
E01019710,6.221,6.279
E01019711,5.144,4.132
E01019712,3.731,3.07
E01019713,3.114,2.835
E01019714,3.386,2.435
E01019715,5.798,4.637
E01019716,3.365,3.366
E01019717,6.836,10.396
E01019718,5.004,5.237
E01019719,6.238,5.521
E01019720,4.736,5.375
E01019721,4.791,3.911
E01019722,2.636,4.316
E01019723,9.803,8.228
E01019724,6.224,6.774
E01019725,4.552,3.836
E01019726,4.257,3.268
E01019727,4.737,2.821
E01019728,10.811,11.36
E01019729,8.244,10.924
E01019730,8.138,7.162
E01019731,2.605,3.057
E01019732,5.047,4.656
E01019733,7.942,5.488
E01019734,4.864,5.472
E01019735,3.658,4.601
E01019736,3.81,3.636
E01019737,5.908,6.595
E01019738,5.132,4.85
E01019739,7.864,5.471
E01019740,4.279,3.91
E01019741,4.133,4.931
E01019742,4.911,4.607
E01019743,8.648,8.139
E01019744,5.658,4.876
E01019745,7.755,7.907
E01019746,3.718,3.135
E01019747,3.983,3.81
E01019748,3.215,4.697
E01019749,2.396,2.951
E01019750,6.21,6.765
E01019751,2.679,2.39
E01019752,4.776,4.694
E01019753,4.401,4.138
E01019754,4.773,4.276
E01019755,4.935,4.458
E01019756,2.243,2.418
E01019757,3.806,4.918
E01019758,4.49,3.135
E01019759,8.831,8.062
E01019760,4.997,4.086
E01019761,5.791,8.688
E01019762,4.36,3.877
E01019763,5.331,5.218
E01019764,4.206,5.06
E01019765,4.637,3.533
E01019766,4.574,4.632
E01019767,3.008,2.954
E01019768,9.004,8.547
E01019769,3.937,4.439
E01019770,4.019,4.458
E01019771,6.804,5.375
E01019772,4.79,4.512
E01019773,9.756,11.11
E01019774,7.977,7.493
E01019775,10.159,7.554
E01019776,10.469,10.082
E01019777,10.332,9.564
E01019778,5.48,4.874
E01019779,5.293,5.754
E01019780,7.676,6.576
E01019781,7.493,5.455
E01019782,5.699,7.127
E01019783,2.383,2.638
E01019784,3.66,3.897
E01019785,3.947,2.651
E01019786,5.263,4.449
E01019787,3.608,3.344
E01019788,4.214,3.917
E01019790,3.996,5.478
E01019791,9.034,6.527
E01019792,11.324,7.887
E01019793,4.303,4.249
E01019794,3.672,3.67
E01019795,5.914,4.676
E01019796,10.351,10.836
E01019797,8.445,7.218
E01019798,6.781,6.934
E01019799,11.094,8.385
E01019800,9.564,9.371
E01019801,4.927,5.929
E01019802,7.117,7.812
E01019803,4.688,6.599
E01019804,3.826,3.251
E01019805,2.894,4.338
E01019806,4.96,6.537
E01019807,7.005,9.097
E01019808,11.739,10.517
E01019809,9.956,8.521
E01019810,7.81,7.357
E01019811,6.522,5.805
E01019812,5.889,6.029
E01019813,7.688,7.479
E01019814,8.721,6.243
E01019815,5.885,6.609
E01019816,6.114,6.071
E01019817,11.313,9.32
E01019818,8.047,8.909
E01019819,6.606,5.451
E01019820,6.775,5.586
E01019821,7.558,7.705
E01019822,8.154,7.641
E01019823,8.14,8.756
E01019824,8.681,4.67
E01019825,6.857,7.856
E01019826,9.739,8.782
E01019827,5.757,6.064
E01019828,7.578,6.087
E01019829,5.219,5.004
E01019830,3.489,2.937
E01019831,3.927,3.276
E01019832,4.495,6.598
E01019833,3.286,4.106
E01019834,4.117,3.436
E01019835,2.961,2.521
E01019837,4.713,5.498
E01019838,7.19,7.949
E01019839,2.413,2.009
E01019840,6.466,3.855
E01019841,4.928,3.443
E01019842,8.411,7.1
E01019843,6.169,6.113
E01019844,7.106,5.882
E01019845,3.852,3.852
E01019846,6.215,6.606
E01019847,4.941,4.566
E01019848,1.364,2.733
E01019850,5.57,3.59
E01019851,6.589,6.16
E01019852,5.636,4.813
E01019853,3.046,3.54
E01019854,4.767,5.445
E01019855,3.528,3.706
E01019856,10.027,8.499
E01019857,2.824,2.624
E01019858,6.786,6.689
E01019859,4.958,5.448
E01019860,4.085,4.404
E01019861,7.964,6.724
E01019862,6.284,5.42
E01019863,9.981,9.739
E01019864,6.971,6.098
E01019865,5.539,6.518
E01019866,3.351,3.573
E01019867,5.219,3.244
E01019868,3.018,3.522
E01019869,1.865,1.909
E01019870,6.642,7.191
E01019871,6.448,5.003
E01019872,4.268,5.472
E01019873,3.422,3.833
E01019874,5.314,4.822
E01019875,3.879,3.949
E01019876,6.587,5.812
E01019877,8.408,8.815
E01019878,7.092,7.835
E01019879,4.376,4.379
E01019880,3.423,3.625
E01019881,3.753,2.402
E01019882,5.687,4.635
E01019883,4.499,5.063
E01019885,4.644,5.187
E01019886,6.07,5.914
E01019887,5.891,5.235
E01019888,5.066,6.071
E01019889,5.061,4.436
E01019890,4.879,4.406
E01019891,3.83,5.31
E01019892,5.023,3.308
E01019893,3.941,2.936
E01019894,5.346,5.624
E01019895,3.849,5.239
E01019896,6.61,5.167
E01019897,5.087,4.921
E01019898,4.729,3.275
E01019899,4.719,4.577
E01019900,3.88,4.739
E01019901,4.593,3.564
E01019902,4.55,4.685
E01019903,4.214,4.689
E01019904,6.917,7.384
E01019905,3.416,2.809
E01019906,5.947,5.347
E01019907,4.95,5.496
E01019908,3.255,5.113
E01019909,5.14,4.228
E01019910,4.215,3.977
E01019911,6.814,5.948
E01019912,7.464,7.047
E01019913,9.339,6.659
E01019914,9.066,9.493
E01019915,6.22,4.963
E01019916,4.865,6.461
E01019917,4.164,4.878
E01019918,5.745,5.714
E01019919,5.183,5.523
E01019920,5.394,4.8
E01019921,4.548,3.277
E01019922,9.078,8.37
E01019923,6.575,6.615
E01019924,4.026,4.635
E01019925,3.571,3.661
E01019927,7.618,7.669
E01019928,4.966,4.918
E01019929,3.806,4.745
E01019930,4.765,5.361
E01019931,4.595,3.592
E01019932,7.816,8.092
E01019933,5.795,5.117
E01019934,6.113,5.08
E01019935,4.446,4.065
E01019936,5.709,6.102
E01019937,4.105,4.778
E01019938,3.953,3.057
E01019939,3.235,3.382
E01019940,3.868,3.806
E01019942,4.936,5.088
E01019943,4.257,3.047
E01019944,4.218,4.107
E01019945,3.491,4.212
E01019946,7.138,5.587
E01019947,8.45,7.703
E01019948,7.735,7.25
E01019949,5.208,6.026
E01019950,8.279,9.355
E01019951,4.755,3.527
E01019952,5.435,5.023
E01019953,5.675,5.563
E01019954,3.641,5.268
E01019955,6.93,5.925
E01019956,6.101,6.102
E01019957,4.459,4.808
E01019958,7.174,4.757
E01019959,4.08,3.635
E01019960,2.643,3.788
E01019961,4.919,4.508
E01019962,3.445,3.953
E01019963,3.302,3.831
E01019964,2.061,2.197
E01019965,4.027,3.645
E01019966,3.925,3.197
E01019967,3.408,2.232
E01019968,6.554,4.963
E01019969,5.496,4.147
E01019970,6.897,7.131
E01019971,6.683,6.485
E01019972,3.283,4.424
E01019973,5.031,5.394
E01019974,5.837,5.789
E01019975,5.332,6.748
E01019976,6.676,5.02
E01019977,5.604,4.963
E01019980,4.462,3.592
E01019981,4.505,5.71
E01019982,3.624,3.007
E01019983,3.88,5.158
E01019984,3.155,2.899
E01019985,6.406,7.437
E01019986,3.721,2.637
E01019987,4.047,6.428
E01019988,5.274,4.915
E01019989,3.666,3.448
E01019990,6.027,6.156
E01019991,4.533,5.908
E01019992,5.788,5.115
E01019993,3.833,3.55
E01019994,4.504,4.534
E01019995,10.727,6.25
E01019996,5.394,5.362
E01019997,2.222,2.519
E01019998,3.514,3.971
E01019999,2.765,2.98
E01020000,7.295,7.405
E01020001,3.149,3.914
E01020002,6.005,5.882
E01020003,5.579,4.937
E01020004,3.176,3.12
E01020005,6.287,7.344
E01020006,4.361,4.682
E01020007,2.414,1.587
E01020008,1.805,2.398
E01020009,3.849,3.463
E01020010,5.479,4.662
E01020011,4.266,4.328
E01020012,7.357,5.909
E01020013,5.82,5.676
E01020014,8.737,9.207
E01020015,7.037,7.432
E01020016,7.033,5.953
E01020017,2.854,2.789
E01020018,5.2,6.107
E01020019,4.206,2.77
E01020020,1.602,2.069
E01020021,3.811,4.573
E01020022,3.925,3.858
E01020023,4.131,3.662
E01020024,5.617,3.808
E01020025,3.038,3.759
E01020026,3.687,3.347
E01020027,4.224,3.901
E01020029,3.56,3.556
E01020030,4.801,4.997
E01020031,3.648,4.428
E01020032,4.959,5.981
E01020033,6.465,5.239
E01020035,2.724,3.151
E01020036,5.791,6.889
E01020037,7.897,7.616
E01020038,3.691,3.925
E01020039,10.118,9.818
E01020040,6.432,4.341
E01020041,5.193,4.249
E01020042,2.973,4.028
E01020043,4.165,5.137
E01020044,3.745,4.104
E01020045,3.279,3.222
E01020046,4.137,4.774
E01020047,5.685,5.553
E01020048,4.521,5.351
E01020049,3.443,3.487
E01020050,4.703,6.276
E01020051,4.5,6.358
E01020052,6.715,5.75
E01020053,5.605,5.952
E01020054,3.127,3.335
E01020055,6.146,8.039
E01020056,3.571,2.813
E01020057,7.11,4.579
E01020058,4.149,4.411
E01020059,2.767,3.685
E01020060,6.005,6.932
E01020061,3.725,3.527
E01020062,3.103,3.966
E01020063,4.943,5.906
E01020064,6.012,6.474
E01020065,4.55,5.812
E01020066,2.751,3.197
E01020067,6.288,7.651
E01020068,5.724,6.994
E01020069,4.102,4.271
E01020070,4.068,4.009
E01020071,3.467,5.037
E01020072,4.157,3.675
E01020073,6.568,5.518
E01020074,4.071,3.534
E01020075,4.732,4.582
E01020076,3.513,3.761
E01020077,2.682,3.977
E01020078,7.974,7.361
E01020079,8.964,6.038
E01020080,3.633,2.628
E01020081,5.621,7.273
E01020082,3.541,3.616
E01020083,2.704,3.555
E01020084,5.593,6.159
E01020085,3.873,3.758
E01020086,4.756,5.024
E01020087,5.704,5.162
E01020088,5.385,5.985
E01020089,5.272,4.615
E01020090,5.978,4.915
E01020091,5.864,3.911
E01020092,4.715,3.983
E01020093,5.666,6.38
E01020094,10.317,10.801
E01020095,6.377,7.405
E01020096,7.724,7.275
E01020097,4.302,4.234
E01020098,5.238,5.503
E01020099,4.71,4.348
E01020100,4.84,4.522
E01020101,6.207,7.036
E01020102,3.569,4.248
E01020103,7.081,7.638
E01020104,5.237,7.439
E01020105,5.449,4.365
E01020106,7.522,6.273
E01020107,8.478,6.765
E01020108,4.549,4.026
E01020109,3.403,2.566
E01020110,2.881,4.421
E01020111,9.097,8.195
E01020112,8.446,10.726
E01020113,8.041,7.051
E01020114,6.575,6.368
E01020115,5.858,6.017
E01020116,6.784,6.687
E01020117,5.741,4.762
E01020118,6.412,7.245
E01020119,5.73,5.181
E01020120,4.149,4.741
E01020121,3.742,4.027
E01020122,3.923,4.359
E01020123,6.556,7.815
E01020124,4.839,6.456
E01020125,5.21,6.029
E01020126,5.222,4.353
E01020127,4.151,3.599
E01020128,6.484,6.415
E01020129,5.513,7.83
E01020130,4.501,5.374
E01020131,4.216,4.299
E01020132,5.596,6.49
E01020133,3.533,3.96
E01020134,6.894,8.069
E01020135,6.25,7.348
E01020136,5.96,5.037
E01020137,5.698,8.923
E01020138,5.577,5.508
E01020139,7.158,5.351
E01020140,6.15,5.259
E01020141,6.383,6.192
E01020142,4.018,3.502
E01020143,3.654,3.689
E01020144,3.316,2.861
E01020145,4.198,4.232
E01020146,4.223,5.556
E01020147,5.023,4.04
E01020148,5.362,5.956
E01020149,5.491,4.923
E01020150,5.99,5.587
E01020151,4.293,5.855
E01020152,7.374,8.127
E01020153,4.93,5.85
E01020154,3.528,5.126
E01020155,8.574,8.933
E01020156,4.475,4.046
E01020157,3.662,3.86
E01020158,4.293,4.731
E01020159,4.574,3.877
E01020160,3.875,3.627
E01020161,7.146,7.645
E01020162,3.142,2.93
E01020163,2.933,3.197
E01020164,4.587,5.822
E01020165,2.801,3.631
E01020166,3.604,3.556
E01020167,2.67,2.419
E01020168,4.966,5.284
E01020169,4.378,4.461
E01020170,4.757,5.037
E01020171,4.686,4.221
E01020172,5.278,5.219
E01020173,4.443,4.426
E01020174,5.036,5.154
E01020175,5.241,4.641
E01020176,5.391,5.517
E01020177,8.801,7.923
E01020178,3.958,4.755
E01020179,4.931,4.863
E01020180,6.197,7.385
E01020181,7.602,6.356
E01020182,5.327,6.015
E01020183,5.35,5.786
E01020184,7.209,7.221
E01020185,4.943,5.627
E01020186,3.509,3.682
E01020187,5.714,4.973
E01020188,3.803,3.749
E01020189,8.227,7.674
E01020190,4.49,4.758
E01020191,6.093,4.179
E01020192,5.577,6.975
E01020193,5.362,5.617
E01020194,3.232,2.705
E01020195,4.069,4.722
E01020196,7.355,7.093
E01020197,6.121,5.198
E01020198,6.345,7.461
E01020199,6.516,5.449
E01020200,4.408,3.724
E01020201,5.267,6.214
E01020202,6.883,6.411
E01020203,4.361,4.506
E01020204,4.63,6.079
E01020205,3.939,4.028
E01020206,3.207,5.409
E01020207,6.191,2.728
E01020208,6.582,6.82
E01020209,4.646,4.577
E01020210,3.144,4.137
E01020211,7.269,8.186
E01020212,7.648,7.595
E01020213,7.41,7.173
E01020214,5.216,5.158
E01020215,3.779,4.824
E01020216,6.235,7.432
E01020217,6.397,5.91
E01020218,6.423,6.981
E01020219,4.371,4.027
E01020220,5.706,3.786
E01020221,4.53,4.382
E01020222,2.731,3.997
E01020223,5.209,4.588
E01020224,3.344,6.177
E01020225,5.617,5.91
E01020226,7.425,7.171
E01020227,6.608,4.765
E01020228,13.234,11.46
E01020229,5.999,5.348
E01020230,6.52,6.791
E01020231,5.854,5.894
E01020232,5.286,4.622
E01020233,6.083,5.005
E01020234,6.374,7.753
E01020235,7.953,7.956
E01020236,4.888,5.139
E01020237,4.196,3.486
E01020238,4.845,4.805
E01020239,4.324,4.642
E01020240,6.023,6.099
E01020241,3.211,3.271
E01020242,1.965,2.407
E01020243,3.353,3.355
E01020244,5.241,5.831
E01020245,3.305,3.556
E01020246,2.461,3.761
E01020247,5.603,6.472
E01020248,4.455,4.829
E01020249,5.589,5.797
E01020250,4.557,5.202
E01020251,5.055,6.684
E01020252,7.148,5.52
E01020253,2.255,4.164
E01020254,6.763,6.206
E01020255,6.144,6.351
E01020256,4.357,3.683
E01020257,3.786,4.143
E01020258,4.932,4.685
E01020259,1.813,4.026
E01020260,4.649,3.964
E01020261,3.344,4.437
E01020262,6.034,6.058
E01020263,7.269,6.641
E01020264,12.079,7.997
E01020265,5.889,4.989
E01020266,4.569,3.858
E01020267,4.876,5.907
E01020268,7.864,4.969
E01020269,10.626,10.378
E01020270,4.789,5.374
E01020271,7.728,7.942
E01020272,5.626,6.085
E01020273,3.76,4.509
E01020274,2.568,3.046
E01020275,9.015,5.755
E01020276,6.499,6.846
E01020277,7.768,7.692
E01020278,5.168,3.366
E01020279,5.77,5.046
E01020280,6.624,7.433
E01020281,4.891,5.312
E01020282,8.822,8.997
E01020283,5.768,5.422
E01020284,4.74,5.919
E01020285,6.819,6.006
E01020286,6.364,5.402
E01020287,5.66,5.427
E01020288,5.9,4.841
E01020289,4.759,5.253
E01020290,6.876,7.627
E01020291,4.78,4.299
E01020292,5.241,4.789
E01020293,5.382,5.962
E01020294,7.719,7.324
E01020295,6.098,6.617
E01020296,4.099,3.746
E01020297,10.783,11.066
E01020298,7.184,6.623
E01020299,8.015,7.885
E01020300,6.858,4.878
E01020301,4.602,4.783
E01020302,5.882,6.081
E01020303,4.991,5.291
E01020304,6.043,6.061
E01020305,7.216,7.149
E01020306,3.843,4.525
E01020307,6.915,6.966
E01020308,4.257,3.344
E01020309,5.658,4.895
E01020310,7.812,7.814
E01020311,5.174,5.888
E01020312,6.014,5.678
E01020313,8.205,7.687
E01020314,4.099,4.203
E01020315,6.888,6.014
E01020316,3.205,3.681
E01020317,4.36,4.281
E01020318,4.762,5.39
E01020319,3.594,4.548
E01020320,5.664,4.599
E01020321,6.988,8.221
E01020322,4.496,4.215
E01020323,5.667,7.258
E01020324,5.26,4.875
E01020325,3.649,3.609
E01020326,4.837,4.958
E01020327,4.978,4.601
E01020328,4.875,5.198
E01020329,5.767,6.98
E01020330,5.879,6.436
E01020331,5.549,5.496
E01020332,5.543,6.441
E01020333,4.72,3.987
E01020334,6.435,6.253
E01020335,5.505,6.585
E01020336,3.529,4.225
E01020337,6.131,6.493
E01020338,4.67,4.994
E01020339,4.278,4.045
E01020340,4.107,3.936
E01020341,3.923,4.24
E01020342,5.765,7.364
E01020343,4.518,4.536
E01020344,2.397,2.935
E01020345,5.033,6.325
E01020346,7.358,8.318
E01020347,9.367,9.159
E01020348,7.591,8.303
E01020349,10.733,9.347
E01020350,6.608,5.382
E01020351,3.896,4.069
E01020352,5.592,4.714
E01020353,7.833,9.143
E01020354,5.597,5.734
E01020355,6.089,4.68
E01020356,5.601,4.582
E01020357,5.358,4.02
E01020358,5.494,5.427
E01020359,3.635,4.689
E01020360,5.222,4.767
E01020361,5.043,3.693
E01020362,5.513,4.642
E01020363,4.16,7.225
E01020364,5.316,6.838
E01020365,5.451,5.65
E01020366,4.708,3.386
E01020367,4.592,5.204
E01020368,6.588,6.514
E01020369,6.829,4.297
E01020370,4.086,3.148
E01020371,5.768,5.009
E01020372,4.298,4.231
E01020373,3.757,3.614
E01020374,3.823,4.088
E01020375,5.912,6.522
E01020376,4.508,5.009
E01020377,1.897,2.549
E01020378,2.412,3.918
E01020379,5.281,4.101
E01020380,3.044,2.058
E01020381,2.794,2.327
E01020382,3.41,2.825
E01020383,3.531,4.259
E01020384,3.244,3.012
E01020385,3.365,5.251
E01020386,2.895,3.757
E01020387,4.63,3.252
E01020388,2.97,4.24
E01020389,4.066,3.935
E01020390,5.943,6.072
E01020391,5.862,4.577
E01020392,8.031,6.735
E01020393,5.347,5.844
E01020394,8.025,9.54
E01020395,7.162,5.984
E01020396,3.293,3.843
E01020397,5.182,3.594
E01020398,3.281,3.159
E01020399,3.717,3.575
E01020400,5.155,3.799
E01020401,5.758,4.945
E01020402,3.859,4.487
E01020403,3.718,3.228
E01020404,4.531,5.513
E01020405,6.434,5.154
E01020406,4.888,4.686
E01020407,4.892,3.571
E01020408,5.189,5.487
E01020409,2.832,3.846
E01020410,3.509,4.448
E01020411,6.326,10.442
E01020412,5.559,5.724
E01020413,2.734,4.133
E01020414,4.066,4.469
E01020415,3.859,3.004
E01020416,3.483,2.899
E01020417,3.166,4.458
E01020418,6.323,4.404
E01020419,3.217,4.081
E01020420,3.898,4.89
E01020421,3.666,4.718
E01020422,9.377,8.267
E01020423,4.886,5.162
E01020424,6.681,6.869
E01020425,6.699,5.955
E01020426,5.786,3.652
E01020427,5.669,6.362
E01020428,5.385,6.136
E01020429,4.024,4.305
E01020430,4.795,5.035
E01020431,4.627,2.98
E01020432,3.752,4.985
E01020433,3.099,4.233
E01020434,5.114,6.947
E01020435,3.257,3.405
E01020436,2.57,3.205
E01020437,4.211,4.745
E01020438,7.376,8.403
E01020439,5.24,5.577
E01020440,4.147,4.507
E01020441,4.054,4.626
E01020442,4.064,4.148
E01020443,5.102,6.136
E01020444,4.34,5.944
E01020445,3.818,2.479
E01020446,3.475,4.396
E01020447,6.825,7.044
E01020448,3.762,4.899
E01020449,4.905,4.764
E01020450,3.483,3.534
E01020452,3.941,4.222
E01020453,4.734,4.984
E01020454,5.846,6.653
E01020455,3.097,3.494
E01020456,3.371,3.628
E01020457,4.178,4.321
E01020458,3.671,3.922
E01020459,5.353,6.895
E01020460,4.655,3.815
E01020462,3.247,3.672
E01020463,3.16,3.78
E01020464,4.601,5.621
E01020465,4.062,4.524
E01020466,5.056,5.844
E01020467,4.252,4.044
E01020468,5.231,5.479
E01020469,4.92,5.01
E01020470,3.469,4.084
E01020471,4.149,4.607
E01020472,6.2,6.309
E01020473,4.455,4.565
E01020474,4.438,4.147
E01020475,4.002,4.134
E01020476,5.101,3.846
E01020477,5.198,4.993
E01020478,5.775,7.394
E01020479,7.654,8.865
E01020480,5.48,6.89
E01020481,4.627,6.038
E01020482,5.81,4.741
E01020483,5.495,4.304
E01020484,6.667,7.319
E01020485,8.114,8.494
E01020486,6.355,4.561
E01020487,3.497,4.801
E01020488,5.955,5.957
E01020489,4.508,4.802
E01020490,4.574,3.837
E01020491,5.092,4.298
E01020492,5.204,8.549
E01020493,3.403,4.288
E01020494,4.87,3.481
E01020495,4.11,3.802
E01020496,6.433,5.882
E01020497,3.866,3.259
E01020498,6.624,6.417
E01020499,7.676,7.057
E01020500,6.154,6.114
E01020501,5.132,6.332
E01020502,7.725,8.84
E01020503,5.675,6.22
E01020504,6.161,4.872
E01020505,3.583,4.566
E01020506,5.876,5.037
E01020507,4.533,4.065
E01020508,4.35,4.159
E01020509,3.323,5.428
E01020510,5.993,4.911
E01020511,6.659,4.675
E01020512,5.205,4.415
E01020513,5.574,6.888
E01020514,4.952,4.197
E01020515,6.513,6.496
E01020516,6.503,6.042
E01020517,4.298,4.489
E01020518,6.965,7.2
E01020519,4.044,3.968
E01020520,5.022,4.595
E01020523,2.532,3.296
E01020524,4.911,4.555
E01020525,3.942,2.615
E01020526,5.19,3.776
E01020527,4.907,4.505
E01020528,4.75,5.87
E01020529,3.303,3.253
E01020530,2.976,4.271
E01020531,4.773,3.549
E01020532,5.638,4.471
E01020533,6.077,5.713
E01020534,4.853,5.03
E01020535,3.611,4.308
E01020536,3.702,4.424
E01020537,2.509,3.651
E01020538,5.619,6.459
E01020539,3.622,3.923
E01020540,2.913,4.26
E01020541,3.63,4.498
E01020542,4.294,5.196
E01020543,5.923,6.125
E01020544,5.042,6.6
E01020546,4.785,4.395
E01020547,5.013,6.079
E01020549,5.298,4.267
E01020550,3.836,4.535
E01020551,5.417,5.88
E01020552,7.978,9.195
E01020553,8.218,8.322
E01020554,8.211,8.908
E01020555,8.229,8.223
E01020556,8.142,7.883
E01020557,6.156,5.465
E01020558,4.651,3.439
E01020559,4.738,4.53
E01020560,4.42,4.71
E01020561,6.303,7.837
E01020562,6.417,6.256
E01020563,4.172,6.204
E01020564,5.552,5.645
E01020565,4.986,5.727
E01020566,4.833,6.277
E01020569,7.192,7.849
E01020570,5.756,4.14
E01020571,5.96,6.221
E01020572,3.978,5.473
E01020573,7.3,8.218
E01020574,6.29,5.842
E01020575,10.108,9.701
E01020576,5.202,4.132
E01020577,5.438,3.785
E01020578,8.549,8.394
E01020579,4.532,5.084
E01020580,3.681,3.726
E01020581,5.547,5.348
E01020582,7.629,8.52
E01020583,4.197,4.772
E01020584,4.877,7.887
E01020585,6.35,6.848
E01020586,3.849,5.794
E01020587,6.04,4.252
E01020588,4.012,4.104
E01020589,5.582,5.878
E01020590,5.332,5.238
E01020591,8.98,7.994
E01020592,10.634,8.97
E01020593,9.046,8.099
E01020594,4.753,7.063
E01020595,6.134,6.411
E01020596,7.743,8.412
E01020597,5.284,4.529
E01020598,5.085,7.761
E01020599,11.052,9.655
E01020600,5.215,3.902
E01020601,4.581,5.564
E01020602,14.325,13.745
E01020603,2.713,3.053
E01020604,7.958,8.375
E01020605,3.813,4.327
E01020606,10.205,11.013
E01020607,7.745,7.613
E01020608,6.831,6.895
E01020609,7.128,6.595
E01020610,4.806,5.119
E01020611,5.275,3.925
E01020612,4.305,4.197
E01020613,3.951,4.211
E01020614,8.188,7.906
E01020615,11.53,10.036
E01020616,8.235,6.892
E01020617,6.678,5.458
E01020618,9.884,7.624
E01020619,6.948,6.409
E01020620,6.862,7.905
E01020621,8.944,8.362
E01020622,3.621,4.373
E01020623,2.927,3.29
E01020624,8.771,8.867
E01020625,7.955,8.485
E01020626,12.135,12.397
E01020627,4.811,5.228
E01020628,4.43,4.271
E01020629,6.569,5.321
E01020630,6.196,7.635
E01020631,9.521,9.125
E01020632,5.886,5.914
E01020633,9.143,8.441
E01020634,6.078,3.515
E01020635,4.351,3.263
E01020636,8.952,7.59
E01020637,5.975,4.933
E01020638,7.682,7.823
E01020639,9.333,7.33
E01020640,5.098,5.311
E01020641,7.696,9.82
E01020642,6.595,6.843
E01020643,8.994,8.571
E01020644,7.53,5.445
E01020645,8.932,7.888
E01020646,7.062,7.147
E01020647,7.796,8.025
E01020648,9.313,8.474
E01020649,10.278,9.196
E01020650,6.276,5.607
E01020651,8.641,9.043
E01020652,9.472,8.317
E01020653,9.619,8.805
E01020654,7.56,6.923
E01020655,6.026,5.419
E01020656,10.837,10.5
E01020657,6.088,4.309
E01020658,11.43,10.529
E01020659,4.949,5.797
E01020660,7.326,7.278
E01020661,9.149,5.598
E01020662,10.212,9.666
E01020663,6.497,5.58
E01020664,4.184,3.578
E01020665,8.112,6.619
E01020666,4.592,3.674
E01020667,10.605,11.514
E01020668,8.372,7.322
E01020669,9.227,7.402
E01020670,10.391,11.342
E01020671,8.544,7.981
E01020672,11.43,10.8
E01020673,14.945,14.585
E01020674,11.286,8.488
E01020675,13.471,10.955
E01020676,6.011,5.121
E01020677,12.125,8.495
E01020678,6.939,6.411
E01020679,8.375,9.15
E01020680,4.587,4.976
E01020681,9.339,7.363
E01020682,4.671,4.321
E01020683,3.267,4.279
E01020684,4.92,3.841
E01020685,6.276,6.087
E01020686,12.405,12.386
E01020687,8.479,8.97
E01020688,6.993,5.911
E01020689,11.171,11.266
E01020690,5.814,4.499
E01020691,6.757,5.847
E01020692,4.964,4.348
E01020693,7.808,6.84
E01020694,11.854,10.35
E01020695,7.127,6.191
E01020696,7.759,7.026
E01020697,7.36,5.455
E01020698,4.75,4.253
E01020699,10.41,8.095
E01020700,10.476,11.017
E01020701,6.394,7.299
E01020702,3.689,2.407
E01020703,4.776,2.141
E01020704,1.423,2.001
E01020705,10.759,8.652
E01020706,8.641,7.234
E01020708,4.31,3.601
E01020709,7.995,7.069
E01020710,6.262,4.559
E01020711,11.276,8.302
E01020712,1.988,2.701
E01020713,1.726,1.066
E01020714,5.545,4.986
E01020715,8.483,7.728
E01020716,11.352,10.814
E01020717,5.452,5.778
E01020718,4.233,8.385
E01020719,3.317,3.535
E01020720,7.638,7.204
E01020721,2.115,3.214
E01020722,7.321,9.008
E01020723,5.604,6.463
E01020724,9.299,8.141
E01020725,5.997,4.815
E01020726,7.73,4.61
E01020727,13.247,12.636
E01020729,7.129,7.522
E01020730,9.852,9.197
E01020731,5.017,5.854
E01020732,4.399,3.724
E01020733,9.193,8.488
E01020734,9.796,9.701
E01020735,9.675,8.219
E01020736,12.126,10.726
E01020737,9.821,9.395
E01020738,10.859,10.726
E01020739,15.094,14.261
E01020740,7.355,6.514
E01020741,8.755,9.124
E01020742,9.161,7.268
E01020743,7.969,6.13
E01020744,9.434,7.118
E01020745,13.437,16.354
E01020746,14.928,10.541
E01020747,10.555,9.15
E01020748,9.572,7.407
E01020749,21.686,21.136
E01020750,6.095,6.401
E01020751,9.56,8.952
E01020752,14.679,14.413
E01020753,13.106,14.423
E01020754,11.036,7.426
E01020756,5.638,3.853
E01020757,14.41,11.129
E01020758,11.173,10.873
E01020759,11.3,9.942
E01020760,12.668,8.641
E01020761,12.316,8.687
E01020762,13.808,14.152
E01020763,9.612,9.171
E01020764,18.54,16.742
E01020765,12.726,11.729
E01020766,15.152,12.813
E01020767,15.4,13.46
E01020768,11.188,9.547
E01020769,8.044,8.041
E01020770,8.713,8.707
E01020771,11.524,10.962
E01020772,7.646,6.706
E01020773,11.735,11.52
E01020775,13.493,12.176
E01020776,10.135,7.612
E01020777,11.685,14.783
E01020778,7.274,6.644
E01020779,4.828,4.243
E01020780,11.14,9.311
E01020781,12.611,6.247
E01020782,10.953,10.649
E01020783,7.944,6.051
E01020784,12.038,11.978
E01020786,5.853,4.724
E01020787,11.62,9.983
E01020788,10.533,9.663
E01020789,12.117,10.065
E01020790,12.199,10.423
E01020791,11.47,9.626
E01020792,11.186,10.836
E01020793,14.118,11.145
E01020794,7.416,6.243
E01020795,7.821,8.671
E01020796,4.627,6.037
E01020797,12.475,12.191
E01020798,13.814,14.027
E01020799,8.231,7.4
E01020801,5.491,6.181
E01020802,11.496,10.628
E01020803,6.127,4.922
E01020805,11.358,10.896
E01020806,10.438,9.789
E01020807,12.547,11.193
E01020808,10.697,9.406
E01020809,12.334,10.519
E01020810,7.099,5.753
E01020811,9.468,8.88
E01020812,9.718,7.034
E01020813,4.578,5.347
E01020814,5.461,5.015
E01020815,5.419,6.693
E01020816,9.026,10.068
E01020817,5.082,5.25
E01020818,9.546,9.175
E01020819,14.007,10.277
E01020820,12.995,8.381
E01020821,5.128,5.499
E01020822,6.216,4.647
E01020823,12.21,12.747
E01020824,9.197,10.461
E01020825,7.266,7.155
E01020826,8.477,8.0
E01020827,9.43,8.169
E01020828,5.936,4.593
E01020829,3.234,3.387
E01020830,10.265,7.22
E01020831,9.451,9.159
E01020832,9.195,8.425
E01020833,7.443,6.096
E01020834,10.444,11.183
E01020835,6.671,9.388
E01020836,8.846,7.764
E01020837,4.787,5.072
E01020838,8.844,9.762
E01020839,11.912,10.634
E01020840,9.81,6.244
E01020841,11.401,12.719
E01020842,8.296,5.129
E01020843,5.208,5.411
E01020844,8.902,9.897
E01020845,11.843,9.97
E01020846,6.225,7.737
E01020847,7.526,8.711
E01020848,8.231,6.029
E01020849,12.053,9.984
E01020850,2.492,2.798
E01020851,5.982,6.189
E01020852,8.174,7.242
E01020853,7.723,5.602
E01020854,4.293,4.753
E01020855,3.488,3.927
E01020856,9.667,8.958
E01020857,3.614,3.701
E01020858,7.815,7.418
E01020859,5.619,5.505
E01020860,14.394,8.585
E01020861,9.752,7.137
E01020862,4.35,4.051
E01020863,3.813,3.258
E01020864,6.141,6.019
E01020865,5.648,5.614
E01020866,5.495,5.614
E01020867,3.682,4.947
E01020868,7.227,7.035
E01020869,7.808,8.309
E01020870,4.853,4.071
E01020871,6.378,6.889
E01020872,8.684,8.991
E01020873,12.526,12.977
E01020874,9.673,9.287
E01020875,7.533,6.158
E01020876,8.285,8.261
E01020877,9.667,8.454
E01020878,10.459,8.893
E01020879,5.871,5.65
E01020880,9.225,8.866
E01020881,7.596,8.016
E01020882,7.192,6.754
E01020883,4.267,4.965
E01020884,11.503,8.783
E01020885,15.486,13.118
E01020886,6.99,8.507
E01020887,8.178,6.677
E01020888,6.438,5.079
E01020889,6.752,6.003
E01020890,7.259,7.467
E01020891,6.017,6.814
E01020892,10.145,9.407
E01020893,9.381,7.165
E01020894,9.512,8.833
E01020895,9.764,10.28
E01020896,9.058,8.104
E01020897,8.977,8.954
E01020898,12.018,11.675
E01020899,9.443,8.546
E01020900,7.523,6.718
E01020901,12.588,13.763
E01020902,12.431,11.547
E01020903,7.904,6.152
E01020904,7.521,6.232
E01020905,6.013,7.279
E01020906,4.991,4.829
E01020907,9.95,10.543
E01020908,6.624,6.853
E01020909,12.819,12.665
E01020910,6.612,8.111
E01020911,5.176,5.394
E01020912,7.125,8.747
E01020913,6.623,6.61
E01020914,3.878,4.192
E01020915,7.416,6.694
E01020916,4.745,5.519
E01020917,6.662,8.729
E01020918,4.138,4.157
E01020919,4.334,6.317
E01020920,11.013,12.202
E01020921,9.097,6.409
E01020922,9.425,9.497
E01020923,8.54,9.772
E01020924,5.078,5.848
E01020925,7.026,9.259
E01020926,4.03,6.042
E01020927,7.053,5.874
E01020928,8.992,7.838
E01020929,9.931,9.524
E01020930,5.811,9.097
E01020931,7.031,8.028
E01020932,9.486,9.315
E01020933,3.916,3.95
E01020934,6.24,3.95
E01020935,5.317,5.364
E01020936,6.624,7.559
E01020937,4.1,6.322
E01020938,5.464,5.919
E01020939,2.917,2.606
E01020940,3.38,3.633
E01020941,6.084,6.534
E01020942,3.581,3.969
E01020943,4.206,5.732
E01020944,5.379,3.726
E01020945,3.909,4.871
E01020946,4.126,3.898
E01020947,7.348,8.18
E01020948,6.485,6.988
E01020949,6.214,6.868
E01020950,6.285,6.706
E01020951,5.552,5.73
E01020952,5.85,6.154
E01020953,4.052,3.871
E01020954,3.683,4.152
E01020955,9.279,7.546
E01020956,9.651,6.359
E01020957,7.775,6.675
E01020959,7.069,5.585
E01020960,4.725,4.573
E01020961,7.224,5.119
E01020962,5.09,5.243
E01020963,6.121,3.258
E01020964,5.939,5.768
E01020965,6.706,6.56
E01020966,11.958,7.549
E01020967,8.736,8.876
E01020968,6.294,5.285
E01020969,9.019,6.557
E01020970,3.682,3.586
E01020971,8.051,7.461
E01020972,13.105,11.152
E01020973,7.477,8.289
E01020974,8.718,6.225
E01020975,6.74,6.095
E01020976,6.325,6.474
E01020977,6.297,6.789
E01020978,8.783,6.566
E01020979,9.542,8.325
E01020980,7.96,7.288
E01020981,5.176,6.345
E01020982,11.998,9.276
E01020983,13.217,11.922
E01020984,8.303,8.49
E01020985,8.923,7.3
E01020986,5.16,4.45
E01020987,3.283,3.571
E01020988,5.474,6.311
E01020989,10.556,8.899
E01020990,7.562,7.711
E01020991,5.847,5.825
E01020992,9.392,7.974
E01020993,10.648,11.915
E01020994,8.48,8.911
E01020995,11.321,13.267
E01020996,5.748,5.991
E01020997,7.57,6.61
E01020998,7.514,7.071
E01020999,10.477,9.25
E01021000,4.374,4.498
E01021001,4.204,3.964
E01021002,6.063,7.27
E01021003,8.438,8.095
E01021004,5.714,6.01
E01021005,8.72,7.936
E01021006,5.856,6.859
E01021007,5.201,6.721
E01021008,6.364,7.152
E01021009,5.093,5.328
E01021010,4.678,4.889
E01021011,4.744,4.38
E01021012,7.091,8.256
E01021013,3.996,5.003
E01021014,5.626,7.436
E01021015,9.9,10.951
E01021016,7.842,8.024
E01021017,5.549,5.619
E01021018,4.752,3.897
E01021019,14.81,13.257
E01021020,9.568,9.637
E01021021,5.708,6.389
E01021022,3.753,3.68
E01021023,3.333,2.498
E01021024,4.628,4.242
E01021025,2.662,2.519
E01021026,4.703,6.226
E01021027,5.074,5.147
E01021028,3.408,3.953
E01021029,4.845,4.278
E01021030,5.175,5.431
E01021031,8.455,8.788
E01021032,3.466,4.462
E01021033,4.911,4.82
E01021034,4.86,4.455
E01021035,4.503,6.78
E01021036,3.54,3.822
E01021037,5.078,7.086
E01021038,4.164,4.017
E01021039,3.237,3.684
E01021040,5.327,7.232
E01021041,3.248,4.797
E01021042,4.012,3.082
E01021043,3.423,3.092
E01021044,4.898,5.722
E01021045,8.751,6.798
E01021046,4.806,4.515
E01021047,4.641,7.631
E01021048,4.836,6.659
E01021049,7.382,7.392
E01021050,4.185,5.283
E01021051,5.289,7.093
E01021052,3.552,2.794
E01021053,4.034,4.886
E01021054,4.077,4.586
E01021055,4.579,4.865
E01021056,4.11,3.767
E01021057,6.885,6.701
E01021058,8.307,6.919
E01021059,9.389,8.053
E01021060,8.761,6.793
E01021061,5.239,3.887
E01021062,7.844,7.093
E01021063,5.402,4.816
E01021064,9.577,7.501
E01021065,9.167,8.505
E01021066,6.606,7.475
E01021067,3.384,3.119
E01021068,2.515,2.835
E01021069,4.956,4.663
E01021070,5.559,4.75
E01021071,8.363,6.943
E01021072,4.734,4.968
E01021073,4.318,4.555
E01021074,7.065,6.879
E01021075,4.183,5.447
E01021076,7.814,7.504
E01021077,5.938,5.358
E01021078,3.127,5.221
E01021079,6.852,7.769
E01021080,5.791,6.449
E01021081,9.295,7.506
E01021082,6.495,6.211
E01021083,4.433,4.5
E01021084,6.465,5.861
E01021085,3.715,2.309
E01021086,4.396,6.067
E01021087,4.771,4.479
E01021088,5.701,5.084
E01021089,6.327,5.875
E01021090,6.723,6.154
E01021091,9.568,7.591
E01021092,9.464,9.649
E01021093,5.783,5.098
E01021094,7.059,6.195
E01021095,7.668,4.984
E01021096,4.658,4.608
E01021097,4.864,4.574
E01021098,5.006,6.406
E01021099,3.257,2.638
E01021100,4.61,4.438
E01021101,6.852,6.119
E01021102,6.97,8.356
E01021103,6.136,6.337
E01021104,5.387,4.011
E01021105,5.995,5.052
E01021106,6.755,6.192
E01021107,6.82,5.291
E01021108,5.405,5.154
E01021109,5.506,4.441
E01021110,6.684,6.0
E01021111,11.992,10.793
E01021112,7.043,7.343
E01021113,4.376,6.096
E01021114,5.694,6.545
E01021115,3.894,4.878
E01021116,4.915,6.23
E01021117,6.066,4.922
E01021118,5.307,3.802
E01021119,8.791,9.261
E01021120,8.926,8.425
E01021121,6.972,6.151
E01021122,14.034,8.837
E01021123,5.814,4.818
E01021124,6.093,6.058
E01021125,6.569,7.555
E01021126,12.322,5.934
E01021127,8.189,9.756
E01021128,7.836,6.932
E01021129,5.813,6.21
E01021130,7.038,4.759
E01021131,5.987,6.274
E01021132,3.488,4.29
E01021133,4.049,4.359
E01021134,2.971,3.471
E01021135,7.571,9.091
E01021136,9.947,11.799
E01021137,6.54,6.814
E01021138,8.842,7.679
E01021139,5.0,5.116
E01021140,3.302,3.148
E01021141,2.529,3.154
E01021142,6.745,7.679
E01021143,4.301,6.334
E01021144,2.279,2.103
E01021145,4.505,5.605
E01021146,3.397,4.346
E01021147,2.297,3.802
E01021148,3.768,3.856
E01021149,3.365,5.548
E01021150,2.931,3.047
E01021151,3.392,3.285
E01021152,4.486,4.632
E01021153,3.464,3.153
E01021154,5.398,5.126
E01021155,2.752,3.02
E01021156,3.359,3.333
E01021157,2.187,3.003
E01021158,3.156,2.768
E01021159,3.313,3.378
E01021160,5.458,6.537
E01021161,3.678,3.232
E01021162,2.905,3.045
E01021163,5.935,3.249
E01021164,5.175,3.488
E01021165,2.685,2.42
E01021166,4.03,4.201
E01021167,3.887,4.658
E01021168,3.16,2.593
E01021169,2.687,2.735
E01021170,2.116,2.715
E01021171,3.268,2.616
E01021172,2.661,3.231
E01021173,2.746,2.174
E01021174,2.643,3.155
E01021175,4.164,4.931
E01021176,6.192,7.702
E01021177,8.837,7.362
E01021178,6.82,8.002
E01021179,7.482,7.674
E01021180,6.758,5.288
E01021181,4.006,3.418
E01021182,5.927,6.628
E01021183,6.562,7.368
E01021184,7.638,6.917
E01021185,5.414,7.776
E01021186,2.656,3.635
E01021187,3.766,3.223
E01021188,3.433,4.255
E01021189,3.821,3.946
E01021190,4.003,3.986
E01021191,4.576,5.012
E01021192,3.403,2.893
E01021193,4.878,4.65
E01021194,3.935,4.564
E01021195,7.468,3.827
E01021196,5.149,4.911
E01021197,2.105,2.903
E01021198,5.577,4.41
E01021199,3.765,4.487
E01021200,6.51,4.829
E01021201,6.055,3.839
E01021202,3.384,3.673
E01021203,4.024,3.177
E01021204,3.741,4.083
E01021205,4.16,3.525
E01021206,7.044,5.944
E01021207,8.962,8.652
E01021208,3.038,3.645
E01021209,4.706,4.954
E01021210,3.004,2.803
E01021211,9.508,7.769
E01021212,7.739,5.118
E01021213,6.825,5.574
E01021214,6.708,7.802
E01021215,7.876,6.283
E01021216,5.603,7.313
E01021217,3.188,4.832
E01021218,2.528,2.634
E01021219,2.741,2.816
E01021220,6.28,5.404
E01021221,3.78,4.64
E01021222,3.586,4.88
E01021223,3.301,3.297
E01021224,6.25,6.854
E01021225,4.11,4.911
E01021226,2.845,3.604
E01021227,3.308,2.931
E01021228,2.71,2.485
E01021229,2.706,4.033
E01021230,2.028,1.843
E01021231,5.299,5.604
E01021232,6.114,6.412
E01021233,5.327,4.422
E01021234,4.881,3.062
E01021235,4.996,4.494
E01021236,7.052,6.943
E01021237,2.023,1.757
E01021238,2.379,1.975
E01021239,2.495,1.93
E01021240,2.826,2.883
E01021241,3.942,4.784
E01021242,2.363,2.875
E01021243,2.901,1.618
E01021244,4.357,2.977
E01021245,7.453,6.658
E01021246,3.789,3.304
E01021247,4.049,3.869
E01021248,1.465,3.714
E01021249,2.309,2.004
E01021250,2.003,2.061
E01021251,1.512,2.098
E01021252,3.081,2.39
E01021253,2.766,2.657
E01021254,3.775,3.194
E01021255,5.062,4.492
E01021256,4.027,2.132
E01021257,4.351,4.841
E01021258,8.055,5.546
E01021259,4.771,4.059
E01021260,3.518,3.848
E01021261,4.399,4.46
E01021262,6.462,5.57
E01021263,2.882,2.759
E01021264,4.144,4.772
E01021265,6.065,5.876
E01021266,7.358,4.936
E01021267,6.935,5.965
E01021268,18.445,9.614
E01021269,5.946,4.503
E01021270,6.391,5.391
E01021271,5.892,5.184
E01021272,5.677,5.569
E01021273,5.764,6.949
E01021274,6.749,7.865
E01021275,4.548,4.762
E01021276,7.538,6.007
E01021277,6.85,6.789
E01021278,7.549,4.218
E01021279,5.987,7.031
E01021280,1.768,2.778
E01021281,3.815,3.964
E01021282,3.34,3.732
E01021283,6.768,6.86
E01021284,2.911,2.401
E01021285,2.657,2.044
E01021286,5.075,6.176
E01021287,5.113,4.831
E01021288,4.859,5.505
E01021289,6.194,5.955
E01021290,7.718,6.755
E01021291,7.499,5.073
E01021292,5.929,4.787
E01021293,5.935,5.084
E01021294,4.579,4.522
E01021295,5.579,5.652
E01021296,7.035,3.474
E01021297,5.006,4.131
E01021298,5.982,4.367
E01021299,5.556,3.297
E01021300,8.116,6.27
E01021301,6.851,7.115
E01021302,8.463,7.564
E01021303,6.627,8.705
E01021304,9.366,12.414
E01021305,9.898,9.669
E01021306,11.701,10.883
E01021307,3.223,5.112
E01021308,2.799,2.91
E01021309,3.785,4.779
E01021310,5.772,5.975
E01021311,9.859,8.304
E01021312,7.572,6.523
E01021313,5.453,5.866
E01021314,7.429,6.899
E01021315,9.606,7.885
E01021316,10.932,8.547
E01021317,8.677,7.585
E01021318,7.048,4.883
E01021319,6.822,5.027
E01021320,5.512,5.266
E01021321,5.404,5.38
E01021322,5.909,6.392
E01021323,6.818,6.707
E01021324,7.147,6.827
E01021325,6.773,6.345
E01021326,6.106,5.455
E01021327,8.294,7.75
E01021328,6.96,8.031
E01021329,6.894,5.777
E01021330,4.72,3.825
E01021331,3.774,4.242
E01021332,6.018,4.064
E01021333,5.28,4.373
E01021334,5.047,5.491
E01021335,3.571,2.668
E01021336,6.02,4.838
E01021337,5.177,4.409
E01021338,4.811,3.33
E01021339,9.791,8.415
E01021340,4.037,4.144
E01021341,4.035,4.06
E01021342,6.055,5.959
E01021343,2.443,3.752
E01021344,3.163,3.557
E01021345,1.498,2.271
E01021346,3.216,2.84
E01021347,3.471,3.411
E01021348,4.124,5.101
E01021349,2.879,3.827
E01021350,3.549,3.8
E01021351,2.146,2.54
E01021352,2.803,5.331
E01021353,4.722,4.87
E01021354,5.792,5.613
E01021355,10.0,6.474
E01021356,5.692,6.162
E01021357,5.68,6.177
E01021358,5.516,6.017
E01021359,6.579,7.17
E01021360,6.497,6.441
E01021361,3.202,3.664
E01021362,4.304,4.022
E01021364,2.984,2.549
E01021365,5.936,4.897
E01021366,2.505,3.049
E01021367,3.912,5.811
E01021368,5.45,5.86
E01021369,2.979,2.803
E01021370,7.016,7.118
E01021371,3.36,3.359
E01021372,3.671,4.106
E01021373,3.722,3.793
E01021374,6.384,5.844
E01021375,2.778,3.122
E01021376,2.987,3.816
E01021377,2.733,3.754
E01021378,5.342,6.515
E01021379,2.67,3.219
E01021380,4.284,3.547
E01021381,4.945,4.085
E01021382,4.644,5.093
E01021383,2.341,2.562
E01021384,2.656,2.326
E01021385,1.953,2.046
E01021386,1.818,2.451
E01021387,4.319,4.528
E01021388,4.251,4.944
E01021389,3.669,4.207
E01021390,4.696,2.851
E01021391,5.199,5.37
E01021392,5.805,4.27
E01021393,3.579,4.577
E01021394,4.986,5.679
E01021395,5.102,3.574
E01021396,4.925,3.804
E01021397,3.798,2.93
E01021398,3.349,2.649
E01021399,6.289,5.201
E01021400,3.734,3.942
E01021401,5.5,7.218
E01021402,2.887,4.045
E01021403,2.947,2.258
E01021404,4.12,3.969
E01021405,3.001,3.856
E01021406,3.832,3.935
E01021407,2.844,3.074
E01021408,4.218,3.408
E01021409,3.71,3.901
E01021410,7.363,6.874
E01021411,4.727,4.803
E01021412,2.787,3.119
E01021413,3.388,3.784
E01021414,4.382,4.646
E01021415,8.019,11.693
E01021416,5.434,5.481
E01021417,5.71,5.215
E01021418,4.829,4.466
E01021419,7.225,5.549
E01021420,4.647,4.249
E01021422,6.793,6.061
E01021423,4.65,5.853
E01021424,3.793,3.197
E01021425,4.684,6.124
E01021426,4.591,4.956
E01021427,6.501,5.808
E01021428,4.348,4.513
E01021429,4.985,5.211
E01021430,4.506,4.774
E01021431,2.682,2.426
E01021432,4.224,4.558
E01021433,3.423,3.341
E01021434,4.427,3.82
E01021435,4.575,5.008
E01021436,3.953,4.186
E01021437,6.59,5.945
E01021438,2.321,2.104
E01021439,3.633,3.419
E01021441,3.389,3.174
E01021442,4.006,2.826
E01021443,5.682,5.796
E01021444,3.667,4.623
E01021445,3.264,3.053
E01021446,4.424,4.554
E01021447,2.898,2.508
E01021448,5.125,5.943
E01021449,6.83,5.386
E01021450,3.196,2.772
E01021451,4.836,4.777
E01021452,4.703,3.3
E01021453,5.583,5.384
E01021454,2.41,2.239
E01021455,1.627,2.026
E01021456,2.766,2.145
E01021457,4.503,3.677
E01021458,3.858,4.543
E01021459,2.433,2.724
E01021460,4.077,4.024
E01021461,6.345,6.036
E01021462,3.087,2.766
E01021463,5.28,5.227
E01021464,8.041,6.005
E01021465,2.724,2.949
E01021466,2.152,2.288
E01021467,2.002,3.485
E01021468,2.697,3.182
E01021469,3.117,3.339
E01021470,5.653,4.857
E01021471,4.069,3.42
E01021472,8.284,3.389
E01021473,5.329,5.098
E01021474,2.861,2.161
E01021475,2.902,1.992
E01021476,4.042,4.819
E01021477,4.545,4.699
E01021478,4.35,4.018
E01021479,3.934,4.096
E01021480,2.898,2.63
E01021481,2.453,3.593
E01021482,6.085,5.177
E01021483,2.748,3.168
E01021484,6.934,7.122
E01021485,10.111,9.283
E01021486,7.378,6.325
E01021487,7.709,6.42
E01021488,10.695,11.459
E01021489,6.144,6.686
E01021490,7.234,5.382
E01021491,6.554,4.813
E01021492,7.057,6.189
E01021493,7.618,6.667
E01021494,5.369,5.116
E01021495,11.437,10.985
E01021496,7.891,6.323
E01021497,6.756,6.213
E01021498,6.653,6.193
E01021499,7.789,6.637
E01021500,7.429,8.561
E01021501,7.496,6.864
E01021502,7.101,7.234
E01021503,5.728,5.81
E01021504,3.104,2.802
E01021505,4.176,2.937
E01021506,4.621,4.102
E01021507,7.688,7.687
E01021508,3.039,4.295
E01021509,7.54,4.613
E01021510,6.138,4.419
E01021511,4.819,4.96
E01021512,3.517,3.022
E01021513,3.325,5.289
E01021514,3.887,3.709
E01021515,4.216,3.598
E01021516,3.372,4.051
E01021517,4.744,4.026
E01021518,5.999,4.697
E01021519,4.691,4.11
E01021520,3.967,5.088
E01021521,5.485,5.735
E01021522,6.189,7.372
E01021523,5.121,4.701
E01021524,6.683,7.555
E01021525,4.31,3.906
E01021526,3.834,4.436
E01021527,3.947,3.926
E01021528,7.01,4.756
E01021529,6.542,7.415
E01021530,3.927,5.195
E01021531,3.86,3.4
E01021532,4.0,5.199
E01021533,3.304,2.766
E01021535,3.128,3.563
E01021536,5.33,5.705
E01021537,2.573,2.979
E01021538,2.621,2.931
E01021539,4.545,4.006
E01021540,2.608,2.552
E01021541,5.939,3.261
E01021542,4.678,2.787
E01021543,3.909,2.7
E01021544,2.517,2.534
E01021545,2.596,1.981
E01021546,5.007,4.06
E01021547,2.182,2.877
E01021548,2.067,3.178
E01021550,2.92,2.242
E01021551,4.632,4.529
E01021552,4.291,4.478
E01021553,3.256,3.789
E01021554,4.722,5.188
E01021555,2.612,2.705
E01021556,2.84,3.628
E01021557,1.899,2.453
E01021558,2.212,3.316
E01021559,2.591,2.525
E01021560,4.727,4.599
E01021561,3.244,4.84
E01021562,5.392,4.715
E01021563,5.875,5.485
E01021564,3.418,4.126
E01021565,4.777,6.0
E01021566,3.198,2.847
E01021568,2.774,3.125
E01021569,2.421,2.355
E01021570,3.811,3.249
E01021571,3.908,3.974
E01021572,4.694,5.805
E01021573,3.03,3.431
E01021574,1.872,2.369
E01021575,8.009,4.765
E01021576,5.864,7.013
E01021577,2.787,2.133
E01021578,2.591,4.386
E01021579,4.41,3.22
E01021580,2.708,1.704
E01021582,3.084,2.535
E01021583,1.968,3.641
E01021584,3.586,3.182
E01021585,3.066,2.528
E01021586,3.032,2.139
E01021587,3.973,3.488
E01021588,7.365,6.473
E01021589,3.723,4.058
E01021590,1.97,3.419
E01021591,2.402,2.908
E01021592,7.412,6.74
E01021593,5.586,5.043
E01021594,6.146,4.3
E01021595,6.651,4.842
E01021596,7.129,6.824
E01021597,3.888,5.186
E01021598,5.42,4.458
E01021599,3.321,2.395
E01021600,2.899,1.318
E01021601,6.675,6.881
E01021602,5.31,5.156
E01021604,2.537,3.383
E01021605,1.52,1.784
E01021606,2.682,3.946
E01021607,2.9,2.251
E01021608,4.105,3.986
E01021609,2.177,2.441
E01021610,2.89,2.536
E01021611,2.532,1.922
E01021612,2.227,3.02
E01021613,3.3,4.716
E01021614,2.547,2.32
E01021615,2.782,2.829
E01021616,2.012,1.65
E01021617,4.971,6.444
E01021618,1.887,2.725
E01021619,2.908,2.943
E01021620,6.138,4.505
E01021621,1.741,1.583
E01021622,2.999,3.014
E01021623,3.2,2.742
E01021624,3.247,3.263
E01021625,2.753,3.945
E01021626,2.12,2.54
E01021627,4.691,4.654
E01021628,2.491,2.446
E01021629,3.496,3.693
E01021631,5.474,5.107
E01021632,3.881,3.576
E01021633,3.324,2.99
E01021634,2.696,3.615
E01021635,3.615,4.257
E01021636,7.854,7.463
E01021637,6.757,5.927
E01021638,8.119,4.148
E01021639,4.608,3.547
E01021640,4.066,6.163
E01021641,7.27,6.867
E01021642,5.592,7.153
E01021643,3.227,3.506
E01021644,4.327,4.54
E01021645,2.411,3.197
E01021646,5.437,5.747
E01021647,3.015,3.708
E01021648,5.39,4.678
E01021649,4.909,4.835
E01021650,2.254,4.84
E01021651,3.26,3.069
E01021652,2.165,2.866
E01021653,2.402,2.786
E01021654,4.282,2.172
E01021655,3.874,2.997
E01021656,4.132,4.104
E01021657,4.172,3.742
E01021658,4.948,4.416
E01021659,3.078,3.945
E01021660,3.385,3.091
E01021661,3.097,3.564
E01021662,4.01,2.655
E01021663,3.64,3.084
E01021664,3.374,4.112
E01021665,8.651,6.845
E01021666,4.556,4.788
E01021667,8.192,6.883
E01021668,3.513,6.675
E01021669,5.639,6.15
E01021670,3.613,5.675
E01021671,5.285,3.591
E01021673,4.769,2.772
E01021674,4.271,4.688
E01021675,2.668,3.341
E01021676,5.85,4.663
E01021677,4.373,3.875
E01021678,4.556,3.5
E01021679,2.966,3.793
E01021680,3.892,2.824
E01021681,2.082,1.713
E01021682,2.938,2.731
E01021683,2.027,3.835
E01021684,4.092,3.355
E01021685,3.547,3.528
E01021686,4.6,5.029
E01021687,3.742,4.128
E01021688,3.49,2.472
E01021689,5.85,4.983
E01021690,2.803,3.072
E01021691,4.98,3.395
E01021692,3.684,3.303
E01021693,5.288,4.103
E01021694,2.626,3.455
E01021695,6.701,7.35
E01021696,8.659,9.478
E01021697,7.229,7.549
E01021698,3.318,4.129
E01021699,6.711,8.886
E01021700,4.897,6.259
E01021702,5.334,4.698
E01021703,6.51,6.473
E01021704,6.003,7.105
E01021705,3.638,3.777
E01021706,5.991,7.117
E01021707,5.49,5.779
E01021708,5.559,5.764
E01021709,4.254,4.088
E01021710,4.303,3.11
E01021711,8.571,7.072
E01021713,7.893,6.672
E01021714,2.076,3.233
E01021715,4.514,4.582
E01021717,2.897,2.739
E01021718,2.893,3.43
E01021719,4.607,4.133
E01021720,8.072,7.382
E01021721,3.526,3.084
E01021722,4.179,3.754
E01021723,3.656,4.881
E01021724,6.228,4.127
E01021725,4.186,3.844
E01021726,6.68,6.39
E01021727,3.986,3.525
E01021728,2.934,3.305
E01021729,4.684,4.557
E01021730,4.22,4.016
E01021731,4.083,3.609
E01021732,5.187,7.251
E01021733,4.397,4.731
E01021734,5.895,4.462
E01021735,5.011,5.437
E01021736,1.327,2.29
E01021737,3.896,3.733
E01021738,3.232,4.212
E01021739,3.135,3.462
E01021740,4.726,4.421
E01021741,4.518,4.278
E01021742,4.436,4.808
E01021743,5.966,4.731
E01021744,3.165,2.966
E01021745,2.885,2.026
E01021746,3.421,2.66
E01021747,4.98,3.305
E01021748,2.371,2.208
E01021749,4.712,4.677
E01021750,2.994,1.989
E01021751,1.417,2.481
E01021752,3.677,2.291
E01021753,4.833,4.266
E01021754,1.951,4.044
E01021755,3.088,4.236
E01021756,2.423,3.413
E01021757,2.829,2.741
E01021758,8.204,5.556
E01021759,3.421,3.463
E01021760,4.431,3.791
E01021761,5.135,5.024
E01021762,7.681,4.333
E01021763,3.743,3.13
E01021764,4.124,4.49
E01021765,3.21,2.595
E01021766,4.695,2.487
E01021767,7.131,3.085
E01021768,4.116,2.851
E01021769,3.844,3.771
E01021770,6.21,3.704
E01021771,6.697,5.845
E01021772,4.899,4.579
E01021773,4.759,4.429
E01021774,5.891,4.581
E01021775,5.903,5.315
E01021776,9.364,8.295
E01021777,6.268,4.925
E01021778,5.433,5.523
E01021779,5.701,5.234
E01021780,2.452,2.522
E01021781,2.644,2.077
E01021782,3.688,3.253
E01021783,3.539,2.339
E01021784,3.525,2.803
E01021785,5.0,4.776
E01021786,3.033,2.81
E01021787,2.003,2.566
E01021788,4.493,2.48
E01021789,2.159,1.686
E01021790,4.392,3.554
E01021791,2.505,2.667
E01021792,3.9,3.741
E01021793,4.596,4.343
E01021794,4.974,4.731
E01021795,2.632,2.945
E01021796,4.713,4.728
E01021797,3.577,4.139
E01021798,4.688,4.916
E01021799,7.068,4.575
E01021800,3.28,4.206
E01021801,3.785,4.224
E01021802,5.714,4.565
E01021803,6.33,4.154
E01021804,3.192,3.574
E01021805,2.473,1.593
E01021806,6.172,7.714
E01021807,4.368,4.067
E01021808,5.114,5.563
E01021809,6.175,6.127
E01021810,3.403,3.708
E01021811,7.038,5.891
E01021812,6.205,6.295
E01021813,5.051,4.762
E01021814,8.295,6.569
E01021815,5.43,4.848
E01021816,10.994,8.402
E01021817,4.376,4.535
E01021818,6.542,5.335
E01021819,5.821,4.603
E01021820,6.569,6.443
E01021821,7.629,7.392
E01021822,6.231,5.364
E01021823,5.958,6.738
E01021824,2.656,3.006
E01021825,1.731,2.959
E01021826,2.747,3.478
E01021827,2.641,3.436
E01021828,1.382,1.964
E01021829,6.471,5.433
E01021830,4.311,4.13
E01021831,6.872,6.071
E01021832,4.651,4.126
E01021833,6.563,5.041
E01021834,7.081,5.695
E01021835,5.496,5.522
E01021836,7.356,6.865
E01021837,6.115,5.683
E01021838,5.298,4.045
E01021839,3.767,4.802
E01021840,5.344,5.33
E01021841,4.666,5.273
E01021842,5.69,5.038
E01021843,4.901,4.757
E01021844,5.201,5.465
E01021845,6.764,7.234
E01021846,5.774,5.926
E01021847,7.402,6.712
E01021848,4.19,5.567
E01021849,6.55,6.165
E01021850,7.063,6.186
E01021851,7.071,4.52
E01021852,6.875,5.967
E01021853,6.747,4.722
E01021854,5.674,4.153
E01021855,5.452,5.609
E01021856,5.137,4.509
E01021857,4.216,3.073
E01021858,7.44,6.364
E01021859,6.16,6.568
E01021860,3.801,5.743
E01021861,6.0,4.602
E01021862,5.939,5.499
E01021863,5.154,5.323
E01021864,5.289,6.238
E01021865,5.082,5.655
E01021866,5.232,5.625
E01021867,4.025,3.885
E01021868,4.69,6.182
E01021869,4.885,4.571
E01021870,6.116,5.636
E01021871,8.362,8.167
E01021872,4.242,4.707
E01021873,4.224,5.201
E01021874,4.377,5.43
E01021875,6.326,6.478
E01021878,5.425,5.198
E01021879,4.905,4.927
E01021880,6.723,7.678
E01021881,4.983,4.758
E01021882,3.706,4.076
E01021883,3.667,3.697
E01021884,3.043,4.731
E01021885,3.979,3.853
E01021886,3.651,4.912
E01021887,2.531,3.503
E01021888,8.097,5.878
E01021889,7.629,5.953
E01021890,5.626,4.749
E01021891,7.566,5.929
E01021892,8.058,6.285
E01021893,2.655,3.77
E01021894,6.104,7.242
E01021895,3.67,3.481
E01021896,3.185,2.616
E01021897,3.201,4.24
E01021898,6.137,7.087
E01021899,3.755,4.575
E01021900,6.199,4.787
E01021901,5.165,5.356
E01021902,2.822,3.419
E01021903,4.715,3.267
E01021904,4.252,4.536
E01021905,6.444,5.246
E01021906,6.424,7.069
E01021907,5.545,5.703
E01021908,3.44,3.067
E01021909,5.708,5.203
E01021910,4.629,3.506
E01021911,4.731,3.715
E01021912,2.401,3.981
E01021913,2.931,3.863
E01021914,3.341,4.084
E01021915,4.974,4.418
E01021916,3.545,3.457
E01021917,3.785,3.977
E01021918,2.17,3.032
E01021919,4.167,2.232
E01021920,2.665,3.055
E01021921,5.33,6.297
E01021922,6.411,8.079
E01021923,3.959,3.472
E01021924,3.198,2.504
E01021925,3.787,3.299
E01021926,3.235,2.537
E01021927,2.809,3.011
E01021928,4.925,4.552
E01021929,2.927,2.439
E01021930,5.527,4.939
E01021931,5.157,4.288
E01021932,4.297,3.969
E01021933,3.297,3.047
E01021934,4.025,3.226
E01021935,3.695,3.814
E01021936,5.127,6.137
E01021937,3.277,4.114
E01021938,3.946,4.276
E01021939,5.042,3.876
E01021940,3.585,4.463
E01021941,2.624,2.246
E01021942,7.6,8.237
E01021943,4.219,5.399
E01021944,4.412,3.83
E01021945,4.802,4.5
E01021946,3.47,3.709
E01021947,4.428,3.328
E01021948,3.071,3.816
E01021949,5.072,3.184
E01021950,4.369,4.291
E01021951,4.088,3.221
E01021952,5.106,4.003
E01021953,7.283,7.394
E01021954,3.684,4.048
E01021955,7.021,7.348
E01021956,6.785,7.018
E01021957,5.438,5.202
E01021958,2.011,3.011
E01021959,3.057,3.228
E01021960,5.901,3.091
E01021961,4.016,5.21
E01021962,4.936,8.078
E01021963,3.815,3.421
E01021964,4.262,3.965
E01021965,3.62,3.417
E01021966,5.983,6.514
E01021967,4.032,4.305
E01021968,7.038,9.11
E01021969,9.187,8.772
E01021970,8.969,10.699
E01021971,3.455,2.807
E01021972,3.625,5.741
E01021973,4.917,3.934
E01021974,5.857,6.031
E01021975,7.615,8.377
E01021976,7.315,7.245
E01021977,7.001,6.619
E01021978,4.747,3.914
E01021979,5.256,7.58
E01021980,5.382,6.591
E01021981,5.385,6.387
E01021982,5.381,4.912
E01021983,5.174,4.668
E01021984,10.36,9.968
E01021985,5.33,5.782
E01021986,6.99,7.582
E01021987,6.041,5.457
E01021988,20.472,19.337
E01021989,12.474,12.972
E01021990,14.904,13.5
E01021991,4.523,5.233
E01021992,5.38,6.566
E01021993,4.527,4.45
E01021994,6.814,9.075
E01021995,6.939,7.196
E01021996,8.383,8.092
E01021997,6.954,9.07
E01021998,5.322,7.624
E01021999,6.019,5.755
E01022000,4.598,5.535
E01022001,6.535,10.377
E01022002,6.113,6.41
E01022004,7.669,6.048
E01022005,3.732,4.329
E01022006,6.551,6.733
E01022007,6.686,5.561
E01022008,9.605,10.372
E01022009,8.075,7.026
E01022010,8.344,4.991
E01022011,6.756,7.45
E01022012,10.421,10.116
E01022013,2.96,3.353
E01022014,7.064,6.163
E01022015,3.312,3.997
E01022016,7.555,7.54
E01022017,5.886,4.644
E01022018,7.628,5.849
E01022019,4.021,6.706
E01022020,4.77,6.124
E01022021,5.179,5.242
E01022022,6.153,6.065
E01022023,7.951,7.997
E01022024,7.477,6.974
E01022025,12.5,15.978
E01022026,8.816,9.432
E01022027,11.52,11.21
E01022028,6.406,5.174
E01022030,12.025,14.249
E01022031,9.091,9.83
E01022032,8.533,10.207
E01022033,8.917,10.63
E01022034,10.46,7.403
E01022035,7.656,8.708
E01022036,5.901,5.667
E01022037,11.788,12.482
E01022038,8.571,8.028
E01022039,7.578,12.035
E01022040,8.28,10.18
E01022041,9.403,9.061
E01022042,9.085,10.2
E01022043,6.656,8.197
E01022044,8.128,9.469
E01022045,13.675,10.563
E01022046,8.693,10.141
E01022047,7.137,7.31
E01022048,10.497,9.96
E01022049,6.971,6.791
E01022050,8.573,7.281
E01022051,5.441,6.165
E01022052,4.583,5.216
E01022053,6.574,5.409
E01022054,12.508,8.477
E01022055,14.308,9.584
E01022056,8.701,8.997
E01022057,2.477,2.401
E01022058,2.763,2.979
E01022059,3.034,3.45
E01022060,2.812,3.279
E01022061,2.533,3.365
E01022062,3.203,2.418
E01022063,3.844,3.172
E01022064,4.036,3.175
E01022067,6.0,3.85
E01022068,3.335,2.801
E01022069,5.118,6.199
E01022070,3.42,3.746
E01022071,2.4,1.888
E01022072,3.393,2.314
E01022073,3.404,4.517
E01022074,3.512,3.297
E01022075,2.828,2.456
E01022076,4.804,5.343
E01022077,2.495,2.625
E01022078,5.046,5.574
E01022079,3.986,3.834
E01022080,3.093,1.981
E01022081,4.542,3.9
E01022082,2.473,3.349
E01022083,3.59,3.229
E01022084,3.172,3.091
E01022085,2.102,3.188
E01022086,4.164,3.565
E01022087,3.661,3.698
E01022088,2.628,3.129
E01022089,2.513,3.164
E01022090,3.676,3.115
E01022091,3.023,3.125
E01022092,3.253,2.592
E01022093,4.886,3.681
E01022094,3.335,1.71
E01022095,3.424,5.607
E01022096,2.698,2.815
E01022097,3.105,3.356
E01022098,1.842,2.367
E01022099,1.288,2.342
E01022100,3.335,2.053
E01022101,3.142,3.091
E01022102,3.818,2.853
E01022103,2.591,2.207
E01022104,3.423,2.569
E01022105,2.865,1.831
E01022106,3.413,2.864
E01022107,3.34,4.577
E01022108,3.303,4.127
E01022109,3.455,2.278
E01022110,4.179,4.613
E01022111,3.888,2.547
E01022112,3.313,2.19
E01022113,2.746,2.867
E01022114,3.866,3.373
E01022115,3.448,2.113
E01022116,1.575,3.052
E01022117,3.218,4.593
E01022118,2.265,1.419
E01022119,2.222,1.063
E01022120,6.899,7.641
E01022121,5.07,5.446
E01022122,6.565,6.69
E01022123,2.993,3.601
E01022124,7.311,9.038
E01022125,4.134,3.581
E01022126,3.167,3.365
E01022127,2.464,3.874
E01022128,2.615,1.795
E01022129,3.204,5.173
E01022130,2.662,2.923
E01022131,9.358,7.169
E01022132,7.368,6.221
E01022133,4.313,4.599
E01022134,6.15,6.099
E01022135,2.386,2.261
E01022136,3.726,4.606
E01022137,3.788,1.712
E01022138,1.998,2.271
E01022139,2.987,2.979
E01022140,3.437,5.857
E01022141,2.023,3.61
E01022142,4.533,3.771
E01022143,2.941,2.494
E01022144,5.6,4.396
E01022145,4.512,2.746
E01022146,4.562,4.515
E01022147,7.84,9.128
E01022148,5.267,5.51
E01022149,3.571,5.451
E01022150,4.507,4.147
E01022151,3.565,4.742
E01022152,8.07,8.859
E01022153,4.936,4.155
E01022154,2.773,3.993
E01022155,4.25,5.24
E01022156,4.457,3.398
E01022157,3.846,4.5
E01022158,3.18,3.413
E01022159,6.102,5.152
E01022160,6.565,5.503
E01022161,4.096,4.098
E01022162,5.314,4.359
E01022163,3.347,3.986
E01022164,4.878,6.069
E01022165,3.619,3.912
E01022166,2.5,4.549
E01022167,3.679,3.831
E01022168,3.533,3.292
E01022169,4.117,4.515
E01022170,2.36,2.395
E01022171,1.259,1.775
E01022172,5.513,5.079
E01022173,6.428,6.241
E01022174,4.677,3.608
E01022175,2.707,3.579
E01022176,3.161,3.33
E01022177,5.289,5.879
E01022178,2.721,3.305
E01022179,3.969,3.513
E01022180,5.508,4.448
E01022181,4.219,3.691
E01022182,3.805,5.148
E01022183,4.847,4.87
E01022184,3.308,4.339
E01022185,5.443,5.145
E01022186,2.287,2.391
E01022187,2.843,3.172
E01022188,6.287,4.587
E01022189,2.461,2.437
E01022190,3.191,3.302
E01022191,3.343,3.942
E01022192,6.061,5.304
E01022193,2.678,2.089
E01022194,5.187,7.073
E01022195,3.48,4.143
E01022196,3.2,3.527
E01022197,2.253,2.385
E01022198,3.216,5.188
E01022199,4.543,4.27
E01022200,7.953,5.678
E01022201,3.235,2.042
E01022202,3.014,2.83
E01022203,4.33,2.815
E01022204,4.733,4.529
E01022205,3.01,3.795
E01022206,2.385,2.64
E01022207,4.136,4.239
E01022208,2.476,2.729
E01022209,3.74,2.778
E01022210,5.804,6.573
E01022211,5.149,5.398
E01022212,3.701,3.402
E01022213,4.639,4.612
E01022214,1.807,1.832
E01022215,2.322,2.653
E01022216,2.57,3.305
E01022217,3.091,3.591
E01022218,7.23,6.008
E01022219,3.822,3.543
E01022220,4.975,3.65
E01022221,2.864,2.822
E01022222,2.789,3.192
E01022223,3.286,3.879
E01022224,2.715,2.943
E01022225,5.543,4.61
E01022226,5.297,6.413
E01022227,4.787,6.302
E01022228,5.601,5.582
E01022229,6.235,6.25
E01022230,5.131,5.118
E01022231,6.273,6.261
E01022232,3.99,5.615
E01022233,3.893,4.984
E01022234,5.526,4.191
E01022235,3.466,4.883
E01022236,4.098,4.711
E01022237,7.625,7.987
E01022238,8.072,9.846
E01022239,5.279,5.45
E01022240,5.724,6.689
E01022241,8.636,7.526
E01022242,7.87,5.598
E01022243,6.944,6.468
E01022244,6.923,6.368
E01022245,7.154,7.116
E01022246,5.814,4.835
E01022247,2.684,2.336
E01022248,4.379,4.431
E01022249,5.162,6.229
E01022250,6.808,6.378
E01022251,5.87,6.555
E01022252,4.939,5.124
E01022253,4.739,5.953
E01022254,8.136,7.132
E01022255,4.175,2.245
E01022256,7.634,8.309
E01022257,4.914,4.721
E01022258,7.739,6.752
E01022259,4.776,4.837
E01022260,7.182,5.246
E01022261,4.431,5.15
E01022262,4.929,5.794
E01022263,5.269,4.082
E01022264,6.441,5.886
E01022265,5.219,4.672
E01022266,5.489,5.252
E01022267,4.106,4.616
E01022268,6.222,5.522
E01022269,4.366,4.815
E01022270,4.149,2.731
E01022271,3.606,4.206
E01022272,8.569,8.445
E01022273,3.647,3.8
E01022274,3.154,2.078
E01022275,3.625,4.97
E01022276,4.118,4.175
E01022277,5.171,4.571
E01022278,3.149,4.082
E01022279,3.851,3.883
E01022280,2.336,2.685
E01022281,2.768,3.002
E01022282,2.205,2.672
E01022283,3.709,3.411
E01022284,6.186,6.682
E01022285,6.175,6.534
E01022286,5.7,5.278
E01022287,4.629,4.65
E01022288,5.808,5.266
E01022289,7.775,5.09
E01022290,6.618,7.502
E01022291,5.75,5.378
E01022292,7.442,6.105
E01022293,6.155,4.288
E01022294,4.637,5.79
E01022295,4.615,4.291
E01022296,3.978,4.41
E01022297,2.429,2.954
E01022298,4.218,5.511
E01022299,5.172,5.215
E01022300,4.797,5.047
E01022301,5.246,6.505
E01022302,5.039,4.862
E01022303,4.904,5.218
E01022304,5.185,5.747
E01022305,3.882,4.692
E01022306,2.92,3.681
E01022307,2.592,2.273
E01022308,5.415,5.67
E01022309,4.14,3.629
E01022310,6.793,6.054
E01022311,9.647,7.55
E01022312,5.143,3.958
E01022313,2.783,3.027
E01022314,4.204,4.431
E01022315,4.186,3.87
E01022316,3.479,3.578
E01022317,3.517,3.618
E01022318,2.813,2.86
E01022319,8.386,7.346
E01022320,6.196,5.956
E01022321,5.497,6.41
E01022322,8.45,10.727
E01022323,6.415,7.067
E01022324,8.645,6.873
E01022325,5.547,5.094
E01022326,4.361,3.693
E01022327,3.885,4.008
E01022328,6.175,8.201
E01022329,6.106,5.31
E01022330,3.534,4.497
E01022331,5.947,4.84
E01022332,5.645,6.307
E01022333,10.481,9.629
E01022334,5.684,5.394
E01022335,3.733,5.223
E01022336,4.456,4.003
E01022338,3.042,4.614
E01022339,1.919,2.667
E01022340,2.399,2.274
E01022341,5.473,5.542
E01022342,1.522,2.649
E01022343,5.229,5.941
E01022344,6.242,4.826
E01022345,5.374,4.688
E01022346,9.605,10.395
E01022347,7.046,4.322
E01022348,2.375,5.143
E01022350,3.166,3.2
E01022351,5.453,5.69
E01022352,4.667,4.006
E01022353,5.567,3.745
E01022354,3.875,4.318
E01022355,4.06,3.748
E01022356,4.354,5.366
E01022357,4.291,4.277
E01022358,6.516,6.883
E01022359,3.418,4.551
E01022360,2.798,3.851
E01022361,7.612,6.678
E01022362,5.349,5.747
E01022363,4.672,3.182
E01022364,8.977,10.915
E01022365,4.651,3.733
E01022366,1.906,2.908
E01022367,2.538,3.346
E01022368,3.009,3.481
E01022369,3.047,3.547
E01022370,3.065,2.554
E01022371,4.155,2.989
E01022372,4.515,3.604
E01022373,2.998,4.505
E01022374,6.368,5.956
E01022375,3.727,4.739
E01022376,5.463,3.63
E01022377,5.91,4.885
E01022378,2.909,2.229
E01022379,5.014,4.685
E01022380,3.016,2.361
E01022381,3.578,2.609
E01022382,3.538,3.875
E01022383,7.849,7.662
E01022384,3.589,3.219
E01022385,3.882,3.45
E01022386,4.479,5.825
E01022387,4.04,3.663
E01022388,3.539,4.454
E01022389,3.492,3.914
E01022390,5.241,4.47
E01022391,3.509,3.882
E01022392,2.286,2.654
E01022393,3.21,4.283
E01022394,3.28,3.496
E01022395,2.165,2.742
E01022396,3.974,4.953
E01022397,3.189,2.398
E01022398,4.489,4.661
E01022399,5.465,4.928
E01022400,4.733,4.246
E01022401,5.248,6.968
E01022402,3.04,4.956
E01022403,7.988,6.27
E01022404,6.744,3.889
E01022405,7.093,5.363
E01022406,4.053,3.028
E01022407,4.22,4.508
E01022408,3.455,3.592
E01022409,2.866,3.178
E01022410,4.14,4.408
E01022411,5.056,5.019
E01022412,3.409,2.9
E01022413,3.459,3.16
E01022414,4.76,4.621
E01022415,5.676,4.218
E01022416,4.611,4.462
E01022417,2.684,2.624
E01022418,4.646,4.529
E01022420,6.591,4.691
E01022421,7.521,6.461
E01022422,3.295,2.539
E01022423,4.804,3.526
E01022424,9.495,8.65
E01022425,3.292,3.951
E01022426,4.523,3.748
E01022427,3.458,3.951
E01022428,5.041,5.926
E01022429,4.164,4.062
E01022430,3.681,2.923
E01022431,3.226,2.107
E01022432,4.729,3.831
E01022433,3.075,3.157
E01022434,3.862,2.701
E01022435,5.286,4.311
E01022436,3.956,3.221
E01022437,5.594,5.213
E01022438,1.997,2.572
E01022439,1.994,2.415
E01022440,5.828,3.797
E01022441,3.816,5.226
E01022442,3.538,3.823
E01022443,2.549,2.757
E01022444,5.585,3.912
E01022445,2.778,3.691
E01022446,3.436,2.96
E01022447,2.092,2.537
E01022448,5.895,3.798
E01022449,2.609,2.352
E01022450,6.442,6.657
E01022451,4.076,3.978
E01022452,2.901,2.899
E01022453,3.015,3.289
E01022454,6.147,3.941
E01022455,3.504,5.404
E01022456,3.681,2.769
E01022457,6.173,7.164
E01022458,7.36,5.775
E01022459,4.749,6.138
E01022460,6.235,5.494
E01022461,4.493,5.68
E01022462,4.137,5.26
E01022463,3.474,3.501
E01022464,5.253,6.314
E01022465,3.277,2.352
E01022466,3.428,3.065
E01022467,2.892,2.912
E01022468,4.632,4.912
E01022469,4.268,4.457
E01022470,1.967,1.843
E01022471,1.685,1.974
E01022472,2.816,3.128
E01022473,3.612,3.618
E01022474,4.317,5.724
E01022475,2.299,2.736
E01022476,2.328,2.088
E01022477,3.27,3.483
E01022478,5.428,5.697
E01022479,6.866,6.403
E01022480,4.167,5.015
E01022481,4.113,3.887
E01022482,5.467,4.609
E01022484,4.628,4.676
E01022485,5.513,4.734
E01022486,3.175,2.839
E01022487,4.619,6.058
E01022488,2.532,4.096
E01022489,2.412,2.027
E01022490,2.594,4.595
E01022491,2.414,3.756
E01022492,2.079,2.008
E01022493,3.064,2.711
E01022494,2.425,2.764
E01022495,1.924,2.011
E01022496,1.174,1.838
E01022497,2.203,2.926
E01022498,1.712,2.188
E01022499,2.407,1.726
E01022500,2.76,3.871
E01022502,3.05,3.97
E01022503,2.276,3.166
E01022504,3.723,4.562
E01022505,2.13,2.57
E01022506,4.427,4.549
E01022507,4.432,5.253
E01022509,1.538,0.788
E01022510,0.901,1.004
E01022511,1.4,1.566
E01022512,1.708,1.358
E01022513,2.802,3.307
E01022514,2.576,2.509
E01022515,7.204,6.748
E01022516,2.83,2.8
E01022517,2.095,2.177
E01022518,1.693,2.756
E01022519,2.062,4.196
E01022520,5.298,4.382
E01022521,1.581,3.057
E01022522,2.841,2.298
E01022523,4.9,5.837
E01022524,5.37,8.054
E01022525,5.512,2.963
E01022526,4.002,3.621
E01022527,5.816,6.207
E01022528,1.887,1.815
E01022529,6.161,5.166
E01022530,3.517,2.5
E01022531,3.32,3.322
E01022532,2.246,2.178
E01022533,2.074,2.512
E01022534,3.417,3.479
E01022535,4.822,3.543
E01022536,3.939,5.022
E01022537,2.166,2.828
E01022539,3.504,4.709
E01022540,3.632,4.529
E01022542,6.017,4.854
E01022543,3.849,4.774
E01022546,4.833,2.931
E01022547,3.45,2.886
E01022548,4.978,6.313
E01022549,5.146,6.577
E01022550,7.702,8.829
E01022551,5.013,5.89
E01022552,5.992,5.882
E01022553,3.226,3.792
E01022554,2.804,3.745
E01022555,4.045,4.495
E01022556,6.004,5.708
E01022557,3.27,2.924
E01022558,3.609,3.376
E01022559,3.047,3.448
E01022560,2.804,3.666
E01022561,2.863,3.579
E01022562,2.257,2.374
E01022563,3.287,3.144
E01022564,3.865,3.394
E01022565,4.545,3.564
E01022566,3.392,3.506
E01022567,6.265,5.669
E01022568,4.785,7.19
E01022569,3.166,4.139
E01022570,3.065,3.687
E01022571,2.577,2.808
E01022572,1.849,2.929
E01022573,1.797,3.098
E01022574,5.714,4.225
E01022575,5.125,4.659
E01022576,5.315,6.27
E01022577,3.506,3.589
E01022578,3.299,3.687
E01022579,5.63,3.786
E01022580,6.539,3.722
E01022581,5.216,3.587
E01022582,2.055,2.079
E01022583,3.682,3.651
E01022584,5.051,5.183
E01022585,2.043,3.202
E01022586,4.79,4.346
E01022587,2.792,3.085
E01022588,2.98,3.237
E01022589,3.549,3.897
E01022590,2.54,2.167
E01022591,2.614,2.657
E01022592,4.019,3.403
E01022593,2.909,3.373
E01022594,2.157,2.715
E01022595,2.897,2.097
E01022596,2.977,1.646
E01022597,2.669,2.033
E01022599,6.119,5.83
E01022600,3.259,3.254
E01022601,3.336,4.265
E01022602,2.36,3.078
E01022603,4.336,4.823
E01022604,2.39,2.509
E01022605,2.225,2.794
E01022606,2.924,2.88
E01022607,4.782,4.665
E01022608,2.906,3.085
E01022610,5.966,5.119
E01022611,4.05,3.16
E01022613,2.549,3.23
E01022614,5.142,5.73
E01022615,3.081,3.394
E01022616,5.875,6.043
E01022617,2.524,2.728
E01022618,8.342,3.108
E01022619,4.488,4.384
E01022620,4.134,3.091
E01022621,3.717,5.355
E01022622,3.628,2.651
E01022623,2.616,3.456
E01022624,2.509,2.701
E01022625,3.243,3.403
E01022627,3.678,3.243
E01022628,4.062,3.192
E01022629,6.264,3.663
E01022630,3.379,3.496
E01022631,2.786,2.607
E01022632,4.786,2.814
E01022633,3.958,6.472
E01022634,6.209,5.235
E01022635,3.836,5.132
E01022636,3.438,3.799
E01022639,1.856,3.774
E01022640,3.964,3.413
E01022641,3.775,4.622
E01022642,4.232,4.155
E01022643,3.03,3.851
E01022644,3.106,3.122
E01022645,3.498,4.14
E01022646,2.868,3.163
E01022647,2.673,3.77
E01022648,5.508,5.235
E01022649,6.269,6.067
E01022650,3.568,4.655
E01022651,2.563,2.381
E01022652,4.762,5.455
E01022653,4.175,2.284
E01022654,2.813,2.209
E01022655,6.744,9.233
E01022656,4.201,3.276
E01022657,4.244,3.651
E01022658,3.954,3.18
E01022659,2.877,2.752
E01022660,4.863,3.807
E01022661,4.5,3.988
E01022662,2.976,3.395
E01022663,2.277,2.196
E01022664,3.419,3.355
E01022665,3.741,4.032
E01022666,4.032,4.203
E01022667,3.2,3.824
E01022668,3.338,4.341
E01022669,4.018,4.054
E01022670,5.486,6.689
E01022671,5.37,5.663
E01022672,4.238,5.362
E01022673,3.828,4.269
E01022674,4.702,3.533
E01022675,3.136,3.076
E01022676,3.307,4.418
E01022677,4.385,4.037
E01022678,7.298,4.45
E01022679,2.901,3.911
E01022680,8.603,7.135
E01022681,5.591,4.417
E01022682,2.88,2.641
E01022683,2.304,2.611
E01022684,2.708,2.714
E01022685,4.515,4.014
E01022686,1.927,2.021
E01022687,1.875,1.432
E01022688,2.747,2.673
E01022689,3.362,3.033
E01022690,5.043,5.464
E01022691,1.39,1.532
E01022692,1.265,1.276
E01022693,1.502,1.994
E01022694,1.342,0.804
E01022695,6.381,5.641
E01022696,3.792,4.133
E01022697,6.093,5.868
E01022698,4.257,5.152
E01022699,2.81,2.526
E01022700,5.153,4.498
E01022701,6.63,6.433
E01022702,1.788,2.416
E01022703,4.499,5.434
E01022704,2.787,2.436
E01022705,4.67,3.665
E01022706,2.22,2.779
E01022707,1.935,2.166
E01022708,2.274,2.597
E01022709,4.561,3.177
E01022710,7.114,6.47
E01022711,7.589,6.078
E01022712,3.667,2.886
E01022713,6.25,4.88
E01022714,4.796,3.674
E01022715,4.279,4.618
E01022716,4.194,4.063
E01022717,2.409,3.171
E01022718,3.899,3.646
E01022719,4.987,3.967
E01022720,2.468,1.875
E01022721,3.352,2.577
E01022722,5.026,5.325
E01022723,5.402,4.633
E01022724,4.414,5.084
E01022725,5.099,4.644
E01022726,4.282,5.112
E01022727,4.265,3.706
E01022728,4.783,4.626
E01022729,2.804,2.773
E01022730,3.93,3.887
E01022731,1.79,3.251
E01022732,6.519,8.396
E01022733,4.866,4.08
E01022734,5.128,5.516
E01022735,3.244,3.394
E01022736,6.766,5.471
E01022737,3.802,4.994
E01022738,7.095,11.667
E01022739,5.911,5.807
E01022740,4.383,3.952
E01022741,2.564,2.363
E01022742,6.086,5.907
E01022743,4.084,4.011
E01022744,3.326,4.034
E01022745,4.056,4.221
E01022746,4.195,4.829
E01022747,4.739,4.87
E01022748,2.952,4.436
E01022749,2.502,3.127
E01022750,3.515,4.184
E01022751,3.191,4.099
E01022752,2.461,2.639
E01022753,3.045,4.199
E01022754,4.29,4.066
E01022755,4.716,5.446
E01022756,2.572,2.648
E01022757,2.059,2.448
E01022758,7.248,4.244
E01022759,3.987,4.151
E01022760,6.152,3.466
E01022761,5.792,5.341
E01022762,4.507,4.467
E01022763,3.388,3.64
E01022764,6.458,5.395
E01022765,5.615,4.221
E01022766,4.312,3.001
E01022767,3.961,2.966
E01022768,3.611,4.684
E01022769,4.213,2.728
E01022770,3.578,3.564
E01022771,1.216,1.413
E01022772,1.809,1.856
E01022773,2.854,2.687
E01022774,1.434,2.908
E01022776,2.943,3.146
E01022777,7.43,7.32
E01022778,4.774,5.79
E01022780,1.922,3.391
E01022781,5.476,3.736
E01022782,2.502,3.499
E01022783,3.185,2.68
E01022784,5.054,5.1
E01022785,2.809,4.014
E01022786,2.943,3.148
E01022787,4.776,4.026
E01022788,2.309,3.686
E01022789,2.768,3.264
E01022790,3.167,2.56
E01022791,3.739,3.17
E01022792,4.15,4.195
E01022793,2.393,2.941
E01022794,3.736,5.168
E01022795,2.994,3.76
E01022796,9.69,6.364
E01022797,4.817,4.129
E01022798,5.311,3.425
E01022799,4.506,5.35
E01022800,5.579,6.306
E01022801,6.23,6.951
E01022802,4.29,4.382
E01022803,5.815,7.921
E01022804,6.448,8.232
E01022805,6.129,5.832
E01022806,4.094,5.655
E01022807,4.362,5.372
E01022810,6.886,6.331
E01022811,3.744,5.802
E01022812,3.523,4.614
E01022813,3.265,3.687
E01022814,4.935,6.777
E01022815,4.185,3.862
E01022816,4.088,6.652
E01022817,4.682,5.811
E01022818,7.207,6.401
E01022819,3.909,4.56
E01022820,2.904,4.292
E01022823,3.814,3.414
E01022824,2.829,4.509
E01022825,4.097,4.012
E01022826,2.868,3.32
E01022828,5.692,7.984
E01022829,5.208,4.596
E01022830,4.972,4.393
E01022831,3.873,4.635
E01022832,3.695,3.948
E01022833,5.933,8.502
E01022834,7.491,10.024
E01022835,5.858,5.428
E01022836,5.633,5.278
E01022837,3.681,4.254
E01022838,3.735,3.076
E01022839,6.642,8.668
E01022840,5.784,7.78
E01022841,6.627,5.405
E01022842,2.915,2.986
E01022843,8.726,8.322
E01022845,4.863,5.761
E01022846,3.215,1.644
E01022847,2.877,3.296
E01022848,4.572,4.593
E01022849,2.939,3.347
E01022850,3.198,2.757
E01022851,4.317,3.582
E01022852,1.158,1.779
E01022853,3.098,3.117
E01022854,1.843,2.178
E01022855,2.825,3.199
E01022856,2.457,2.352
E01022857,1.098,3.058
E01022858,2.844,2.576
E01022859,2.42,2.641
E01022860,3.526,3.582
E01022861,2.221,2.574
E01022862,3.063,2.815
E01022863,3.051,2.235
E01022864,5.128,4.164
E01022865,2.838,2.63
E01022867,1.451,2.001
E01022868,3.119,3.164
E01022869,3.125,2.09
E01022870,3.166,3.102
E01022871,2.962,3.188
E01022872,2.679,2.928
E01022873,1.848,2.689
E01022874,2.721,2.991
E01022875,2.865,3.693
E01022876,2.721,2.181
E01022877,2.953,3.722
E01022878,1.791,2.291
E01022879,4.169,3.521
E01022880,4.019,4.126
E01022881,3.298,3.206
E01022882,1.949,2.492
E01022883,1.952,1.149
E01022884,3.83,3.824
E01022885,0.811,2.178
E01022887,2.422,2.147
E01022888,2.491,2.655
E01022889,3.786,4.519
E01022890,4.83,6.412
E01022891,2.352,2.809
E01022892,3.491,3.934
E01022893,1.986,2.419
E01022894,3.924,3.67
E01022895,1.908,2.712
E01022896,1.978,2.523
E01022897,2.416,2.543
E01022898,2.111,2.11
E01022899,6.01,5.527
E01022900,7.713,6.58
E01022901,5.728,5.934
E01022902,6.107,6.229
E01022903,7.166,7.118
E01022904,8.291,7.473
E01022905,9.05,9.264
E01022906,5.341,5.903
E01022907,6.614,6.933
E01022908,5.575,6.694
E01022909,3.995,3.973
E01022910,5.528,6.267
E01022911,6.125,5.567
E01022913,7.422,7.496
E01022914,7.22,7.315
E01022915,7.289,7.299
E01022916,5.597,5.559
E01022917,8.447,9.294
E01022918,4.406,5.003
E01022919,4.908,4.217
E01022920,3.567,3.491
E01022921,3.071,2.21
E01022922,1.734,2.966
E01022924,4.375,3.811
E01022925,3.786,2.743
E01022926,3.663,3.382
E01022927,8.561,8.4
E01022928,4.843,4.056
E01022929,3.459,5.014
E01022930,6.549,5.38
E01022931,3.127,4.154
E01022933,5.383,7.134
E01022934,5.824,7.322
E01022935,5.35,6.386
E01022936,7.713,8.407
E01022937,6.606,5.53
E01022938,8.489,7.292
E01022939,7.796,6.723
E01022940,5.563,6.525
E01022941,5.816,5.931
E01022942,10.433,10.157
E01022943,3.618,4.17
E01022944,4.17,3.386
E01022945,5.119,5.84
E01022946,5.602,5.473
E01022947,3.212,2.744
E01022948,3.661,3.522
E01022949,10.164,8.519
E01022950,5.73,3.676
E01022951,4.02,3.936
E01022952,4.853,4.822
E01022953,5.717,5.093
E01022954,3.672,3.087
E01022955,4.655,6.101
E01022956,3.048,5.061
E01022957,5.833,5.666
E01022958,2.368,2.95
E01022959,6.379,7.251
E01022960,3.73,5.283
E01022961,4.269,4.193
E01022962,3.851,4.569
E01022963,6.303,6.263
E01022964,7.776,7.421
E01022965,6.36,7.184
E01022966,8.303,6.869
E01022967,9.355,9.515
E01022968,5.667,7.437
E01022969,6.059,6.656
E01022970,5.497,7.094
E01022971,3.976,3.408
E01022972,1.895,3.568
E01022973,4.88,7.378
E01022974,3.088,3.526
E01022975,4.494,4.28
E01022976,8.604,7.687
E01022977,4.913,4.178
E01022978,4.45,4.482
E01022979,7.564,5.778
E01022980,7.175,4.413
E01022981,7.27,5.258
E01022982,7.143,5.529
E01022983,6.594,6.912
E01022984,5.773,4.527
E01022985,3.105,4.572
E01022986,5.407,5.544
E01022987,6.74,5.159
E01022988,8.061,6.813
E01022989,6.405,7.474
E01022990,3.503,3.359
E01022991,4.251,3.69
E01022992,3.556,3.806
E01022993,4.405,3.647
E01022994,4.053,3.307
E01022995,3.253,3.399
E01022996,6.908,5.458
E01022997,5.853,3.843
E01022998,3.427,2.765
E01022999,3.126,2.595
E01023000,4.775,4.634
E01023001,3.816,3.598
E01023002,6.748,5.069
E01023003,4.106,4.247
E01023004,4.129,3.408
E01023005,3.92,6.088
E01023006,6.604,8.68
E01023007,6.497,5.147
E01023008,6.654,7.356
E01023009,1.397,2.564
E01023010,3.969,5.206
E01023011,2.941,3.002
E01023012,4.009,3.74
E01023013,5.457,4.549
E01023014,5.493,4.647
E01023015,5.728,5.07
E01023016,3.666,3.395
E01023017,5.657,5.798
E01023018,8.38,6.997
E01023019,6.547,6.6
E01023020,4.672,3.743
E01023021,2.638,4.466
E01023022,6.201,6.243
E01023023,4.61,5.476
E01023024,3.899,4.388
E01023025,2.933,4.215
E01023026,2.904,6.079
E01023027,5.455,5.771
E01023028,3.721,4.213
E01023029,5.743,7.61
E01023030,3.746,3.56
E01023031,5.569,4.351
E01023032,3.684,5.699
E01023033,6.759,6.497
E01023034,5.869,5.053
E01023035,3.934,3.378
E01023036,4.788,4.752
E01023037,5.889,7.061
E01023038,3.429,4.014
E01023039,6.071,5.379
E01023040,3.586,3.936
E01023041,3.699,3.892
E01023042,6.105,10.429
E01023043,4.176,3.187
E01023044,4.55,2.818
E01023045,4.177,4.493
E01023046,5.728,5.274
E01023047,2.636,2.951
E01023048,3.756,4.058
E01023049,2.226,4.025
E01023050,2.287,2.687
E01023051,4.348,3.893
E01023052,6.338,4.651
E01023053,6.039,3.316
E01023054,6.085,6.933
E01023055,7.054,9.406
E01023056,6.962,5.714
E01023057,7.081,5.284
E01023058,7.248,6.885
E01023059,5.789,2.95
E01023060,3.722,3.5
E01023061,6.28,5.505
E01023062,2.943,2.823
E01023063,2.93,3.034
E01023064,4.275,3.535
E01023065,4.991,5.587
E01023066,4.822,5.205
E01023067,4.362,4.397
E01023068,7.324,6.201
E01023069,5.138,2.817
E01023070,6.543,6.418
E01023071,2.905,3.045
E01023072,1.69,2.948
E01023073,1.718,2.536
E01023074,5.445,6.157
E01023075,3.862,4.441
E01023076,5.215,4.873
E01023077,5.468,4.724
E01023078,5.48,5.062
E01023079,5.77,5.275
E01023080,3.786,4.369
E01023081,3.498,4.097
E01023082,2.797,4.22
E01023083,6.337,7.791
E01023084,3.766,3.451
E01023085,6.092,6.621
E01023086,6.16,5.058
E01023087,2.297,1.707
E01023088,6.716,7.319
E01023089,3.948,4.539
E01023090,2.81,3.496
E01023091,4.123,4.986
E01023092,0.956,2.273
E01023093,1.526,2.398
E01023094,3.985,3.542
E01023095,3.519,3.75
E01023096,2.344,2.647
E01023097,2.68,2.023
E01023098,2.632,3.507
E01023099,8.585,6.399
E01023100,2.148,3.143
E01023101,3.286,3.218
E01023102,2.911,3.644
E01023103,2.406,2.486
E01023104,3.832,3.881
E01023105,5.452,6.002
E01023106,4.665,6.297
E01023107,7.847,6.927
E01023108,12.372,10.0
E01023109,3.059,2.348
E01023110,4.599,5.514
E01023111,4.015,3.321
E01023112,1.417,2.091
E01023113,3.699,3.13
E01023114,1.712,2.334
E01023115,5.19,3.918
E01023116,2.497,2.317
E01023117,2.444,2.318
E01023118,2.916,4.297
E01023119,6.346,5.678
E01023120,3.673,5.164
E01023121,3.919,4.543
E01023122,3.897,4.368
E01023123,3.576,3.281
E01023124,1.736,3.12
E01023125,2.554,2.929
E01023128,5.411,6.681
E01023129,4.706,3.641
E01023130,3.488,3.21
E01023131,7.496,5.548
E01023132,4.295,4.317
E01023133,1.33,1.69
E01023134,2.706,2.882
E01023135,3.224,3.351
E01023136,2.23,2.305
E01023137,3.033,2.475
E01023138,4.389,5.347
E01023139,4.049,5.493
E01023140,2.785,2.665
E01023141,1.026,1.153
E01023142,3.832,3.211
E01023143,2.287,1.876
E01023144,3.25,4.188
E01023145,3.654,4.487
E01023146,4.076,5.519
E01023147,2.947,3.509
E01023148,4.061,3.715
E01023149,4.074,4.038
E01023150,4.18,4.635
E01023151,6.789,7.67
E01023152,5.653,5.559
E01023153,4.077,5.546
E01023154,5.074,7.085
E01023155,4.408,3.058
E01023156,4.374,5.87
E01023157,4.488,5.759
E01023158,2.691,3.135
E01023159,4.688,4.746
E01023160,2.865,3.181
E01023162,5.147,3.128
E01023163,2.66,2.463
E01023164,4.402,4.756
E01023165,2.596,2.857
E01023166,3.25,2.906
E01023167,3.304,4.884
E01023168,3.953,3.296
E01023169,4.263,3.487
E01023170,4.368,3.896
E01023171,3.563,4.613
E01023172,3.672,3.189
E01023173,2.169,2.542
E01023174,3.109,3.378
E01023175,3.2,2.754
E01023176,6.786,6.084
E01023177,3.044,3.059
E01023178,2.522,3.536
E01023179,4.783,4.056
E01023180,4.69,3.643
E01023181,1.562,2.058
E01023182,2.741,2.99
E01023183,7.259,4.181
E01023184,2.065,2.386
E01023185,4.238,3.4
E01023186,3.563,3.881
E01023187,6.793,6.262
E01023188,1.727,2.939
E01023189,2.686,3.175
E01023190,3.818,4.884
E01023191,3.095,4.433
E01023192,5.724,6.568
E01023193,4.151,3.987
E01023194,3.632,4.056
E01023195,1.421,2.615
E01023196,4.623,4.209
E01023197,2.527,3.745
E01023198,3.652,4.028
E01023199,3.919,2.913
E01023200,3.05,3.243
E01023201,5.033,3.267
E01023202,7.344,7.125
E01023203,4.974,4.219
E01023204,5.205,6.367
E01023205,3.412,4.703
E01023206,4.429,6.678
E01023207,3.003,2.746
E01023208,4.083,3.67
E01023209,2.423,2.431
E01023210,1.583,1.21
E01023211,1.195,2.579
E01023212,2.581,2.56
E01023213,1.537,2.494
E01023214,1.502,1.014
E01023215,4.911,4.731
E01023216,4.978,6.0
E01023217,2.718,3.218
E01023218,2.76,2.994
E01023219,4.748,5.436
E01023220,2.827,2.91
E01023221,5.275,4.952
E01023222,2.985,3.777
E01023223,3.699,5.12
E01023224,3.291,3.723
E01023225,2.455,1.979
E01023226,2.329,2.485
E01023227,4.133,3.956
E01023228,3.221,2.63
E01023229,2.216,2.63
E01023230,3.904,2.724
E01023231,2.339,3.243
E01023232,3.094,4.403
E01023233,5.492,5.385
E01023234,4.106,4.519
E01023235,2.823,2.757
E01023236,2.584,1.932
E01023237,6.805,5.174
E01023238,2.333,1.898
E01023239,2.435,2.344
E01023240,2.346,3.091
E01023241,6.544,4.101
E01023242,0.993,1.805
E01023243,1.703,2.41
E01023244,3.426,3.08
E01023245,5.272,3.754
E01023246,2.296,2.213
E01023247,4.036,2.834
E01023248,2.69,2.592
E01023249,4.262,4.967
E01023250,4.37,6.029
E01023251,9.475,6.618
E01023252,4.141,4.448
E01023253,6.009,4.463
E01023254,3.118,2.648
E01023255,4.603,4.903
E01023256,5.832,5.613
E01023257,4.244,5.78
E01023258,4.018,4.908
E01023259,3.036,3.257
E01023260,4.756,6.355
E01023261,5.682,5.562
E01023262,3.353,4.225
E01023263,5.407,3.322
E01023264,2.629,2.425
E01023265,3.638,3.696
E01023266,2.242,2.256
E01023267,1.935,2.768
E01023268,1.574,1.8
E01023269,1.908,1.918
E01023270,2.212,3.471
E01023271,4.975,2.596
E01023272,3.187,3.388
E01023273,3.241,2.97
E01023274,2.519,2.927
E01023275,3.918,3.603
E01023276,2.305,2.443
E01023277,2.269,2.466
E01023278,2.714,3.945
E01023279,2.664,2.298
E01023280,3.068,3.789
E01023281,4.042,5.402
E01023282,2.446,2.47
E01023284,2.918,2.618
E01023285,5.973,4.667
E01023286,4.703,4.686
E01023287,2.134,2.059
E01023288,2.884,2.495
E01023289,1.633,1.796
E01023290,3.438,2.476
E01023291,3.802,3.48
E01023292,3.14,2.792
E01023293,4.853,5.158
E01023294,9.295,6.572
E01023295,6.399,5.32
E01023296,6.423,6.298
E01023297,3.812,3.289
E01023298,5.703,3.517
E01023299,3.787,4.126
E01023300,6.889,5.405
E01023301,3.923,4.702
E01023302,6.25,5.267
E01023303,5.0,5.321
E01023304,4.132,4.981
E01023305,3.98,3.802
E01023306,5.249,5.249
E01023307,3.937,2.708
E01023308,2.76,2.317
E01023309,3.678,3.204
E01023310,6.043,5.515
E01023311,4.169,3.335
E01023312,2.679,3.54
E01023313,3.902,3.745
E01023314,4.042,3.625
E01023315,1.451,1.854
E01023316,3.181,4.029
E01023317,3.573,3.432
E01023318,3.474,3.508
E01023319,4.378,3.787
E01023320,3.836,4.219
E01023321,3.529,3.618
E01023322,3.569,4.566
E01023323,6.977,6.145
E01023324,6.104,5.794
E01023325,6.263,6.192
E01023326,7.16,6.316
E01023327,4.792,3.976
E01023328,3.333,3.403
E01023329,3.966,3.642
E01023330,4.446,4.535
E01023331,5.036,5.872
E01023332,5.612,4.704
E01023333,5.26,5.496
E01023334,4.521,4.429
E01023335,4.933,4.107
E01023336,5.49,4.713
E01023337,5.254,5.378
E01023338,6.724,5.585
E01023339,7.091,7.269
E01023340,3.917,3.189
E01023341,3.87,3.765
E01023342,3.701,3.55
E01023343,5.772,4.968
E01023344,4.0,3.832
E01023345,4.175,3.931
E01023346,4.202,3.366
E01023347,4.977,5.139
E01023348,9.36,7.212
E01023349,5.913,6.204
E01023350,3.622,3.95
E01023351,4.468,3.458
E01023352,2.942,2.867
E01023354,2.496,1.752
E01023355,2.329,3.327
E01023356,2.844,2.476
E01023357,7.669,5.385
E01023358,5.01,4.289
E01023359,5.321,4.757
E01023360,3.191,3.787
E01023361,2.293,3.855
E01023362,2.307,2.559
E01023363,2.318,2.071
E01023364,2.241,2.485
E01023365,2.215,2.959
E01023366,3.602,4.396
E01023367,3.416,1.72
E01023368,2.098,1.736
E01023369,5.472,5.603
E01023370,2.351,2.973
E01023371,2.452,1.451
E01023372,3.441,1.899
E01023373,4.467,4.835
E01023374,2.327,2.224
E01023375,2.668,3.119
E01023376,3.864,4.505
E01023377,1.98,4.158
E01023378,2.769,2.712
E01023379,4.299,2.583
E01023380,2.352,2.564
E01023381,2.642,2.266
E01023382,5.04,4.424
E01023383,4.208,2.84
E01023384,5.759,4.587
E01023385,4.214,4.301
E01023386,5.716,5.184
E01023387,5.051,5.605
E01023388,4.523,4.016
E01023389,3.624,3.44
E01023390,5.03,4.663
E01023391,3.29,3.831
E01023392,4.736,5.492
E01023393,7.609,6.695
E01023394,4.215,4.583
E01023395,3.983,5.351
E01023396,5.452,5.091
E01023397,5.007,6.943
E01023398,2.268,2.71
E01023399,3.308,3.954
E01023400,10.932,4.375
E01023401,6.264,5.446
E01023402,4.821,5.153
E01023403,7.646,6.233
E01023404,4.867,7.106
E01023405,6.105,7.643
E01023406,3.812,5.15
E01023407,3.125,3.081
E01023408,1.651,2.74
E01023409,4.208,3.92
E01023410,2.358,3.487
E01023411,4.622,4.594
E01023412,3.071,2.627
E01023413,4.836,4.758
E01023414,3.841,3.585
E01023415,3.548,3.696
E01023416,3.301,4.643
E01023417,4.268,4.502
E01023418,5.749,6.052
E01023419,1.936,2.397
E01023420,2.772,2.816
E01023421,2.233,1.71
E01023422,2.598,1.878
E01023423,2.95,2.785
E01023424,3.381,3.548
E01023425,3.515,2.536
E01023426,2.329,3.907
E01023427,5.14,5.039
E01023428,2.911,2.745
E01023429,6.663,6.196
E01023430,3.566,1.82
E01023431,3.089,3.456
E01023432,2.486,3.307
E01023433,4.645,3.241
E01023434,3.588,3.032
E01023435,3.282,3.184
E01023436,2.566,2.021
E01023437,4.964,6.198
E01023438,3.934,3.405
E01023439,3.314,4.164
E01023440,2.255,2.938
E01023441,3.02,3.74
E01023442,2.53,2.971
E01023443,3.523,3.778
E01023444,3.069,2.835
E01023445,4.501,5.248
E01023446,3.888,3.639
E01023447,5.208,6.109
E01023448,2.298,3.329
E01023449,2.407,2.034
E01023450,4.595,4.114
E01023451,2.849,2.771
E01023452,1.513,1.995
E01023453,1.973,1.543
E01023454,1.907,2.155
E01023455,3.886,2.126
E01023456,1.672,2.247
E01023457,2.588,1.973
E01023458,2.78,3.481
E01023459,4.608,2.246
E01023460,1.646,1.231
E01023461,0.678,0.771
E01023462,2.094,3.461
E01023463,3.159,3.405
E01023464,2.581,2.269
E01023465,2.207,4.284
E01023466,5.233,5.093
E01023467,3.925,3.571
E01023468,2.12,1.245
E01023469,5.166,4.638
E01023470,3.347,4.113
E01023471,3.073,2.815
E01023472,5.287,5.56
E01023473,2.337,2.432
E01023474,1.281,1.848
E01023475,5.681,4.997
E01023476,2.706,2.384
E01023477,1.67,1.281
E01023478,2.81,4.367
E01023479,2.297,2.318
E01023480,3.426,4.144
E01023481,1.258,1.866
E01023482,0.922,1.823
E01023483,2.946,2.929
E01023484,4.311,3.934
E01023485,3.294,3.26
E01023486,2.904,3.175
E01023487,6.987,6.974
E01023488,6.712,4.335
E01023489,2.674,2.628
E01023490,3.223,2.855
E01023491,2.737,4.252
E01023492,3.753,3.176
E01023493,2.593,3.543
E01023494,3.98,2.943
E01023495,4.338,4.075
E01023496,8.908,3.46
E01023497,3.628,4.048
E01023498,3.468,2.97
E01023499,5.02,3.897
E01023500,8.189,3.957
E01023501,2.181,2.164
E01023502,3.573,3.524
E01023503,2.786,3.708
E01023504,3.595,4.669
E01023505,2.742,3.617
E01023506,4.054,3.177
E01023507,2.735,2.287
E01023508,2.785,2.692
E01023509,2.729,3.436
E01023510,3.966,2.896
E01023511,5.142,3.356
E01023512,2.849,2.656
E01023513,3.831,5.106
E01023514,5.134,6.244
E01023515,2.434,2.154
E01023516,2.254,2.97
E01023517,3.574,3.509
E01023518,5.477,4.575
E01023519,4.611,4.119
E01023520,1.803,2.841
E01023523,1.564,2.41
E01023524,1.822,1.524
E01023525,2.745,2.208
E01023526,1.966,1.873
E01023527,4.986,4.629
E01023528,1.392,2.628
E01023529,4.351,4.107
E01023530,5.642,5.081
E01023531,3.971,3.395
E01023532,3.76,3.769
E01023533,4.068,4.612
E01023534,4.543,4.793
E01023535,6.73,5.263
E01023536,7.98,6.265
E01023537,5.932,4.029
E01023538,9.547,5.681
E01023539,4.443,3.139
E01023540,4.009,4.263
E01023541,3.024,2.896
E01023542,4.448,3.432
E01023543,6.149,5.833
E01023544,3.707,3.152
E01023545,4.939,3.54
E01023546,4.321,4.559
E01023547,5.777,4.976
E01023548,6.067,4.057
E01023549,6.388,4.186
E01023550,3.134,3.151
E01023551,3.064,2.321
E01023552,4.147,4.282
E01023553,1.6,2.207
E01023554,3.114,3.592
E01023555,5.041,5.231
E01023556,4.551,3.109
E01023557,2.957,3.518
E01023558,2.794,2.689
E01023559,1.321,2.644
E01023560,5.263,5.342
E01023561,4.198,3.481
E01023562,2.859,3.142
E01023563,3.877,2.698
E01023564,4.601,5.699
E01023565,3.105,2.567
E01023566,4.389,1.835
E01023567,2.041,2.02
E01023568,4.302,4.887
E01023569,3.946,2.981
E01023570,4.28,5.242
E01023571,3.989,3.592
E01023572,3.525,5.501
E01023573,6.777,7.328
E01023574,5.871,7.035
E01023575,5.879,5.605
E01023576,4.942,3.288
E01023577,3.574,4.588
E01023578,3.396,4.343
E01023579,3.618,3.203
E01023580,5.177,2.798
E01023581,1.198,1.932
E01023582,3.444,4.319
E01023583,4.561,5.988
E01023584,3.295,4.315
E01023585,2.828,3.184
E01023586,2.812,2.699
E01023587,2.097,2.601
E01023588,2.235,2.197
E01023589,4.017,3.717
E01023590,4.269,4.669
E01023591,3.709,3.236
E01023592,5.457,4.826
E01023593,5.064,5.037
E01023594,3.692,4.922
E01023595,3.347,2.999
E01023596,4.095,5.074
E01023597,2.956,3.115
E01023598,3.022,3.383
E01023600,8.058,5.465
E01023601,3.049,3.175
E01023602,2.468,3.523
E01023603,2.545,2.611
E01023604,4.091,2.794
E01023605,2.562,4.421
E01023606,3.963,3.596
E01023607,2.987,2.23
E01023608,2.916,2.428
E01023609,3.376,2.756
E01023610,1.898,1.176
E01023611,5.311,4.813
E01023612,3.122,4.593
E01023613,6.05,6.914
E01023614,2.0,1.89
E01023615,3.917,3.149
E01023616,5.305,3.726
E01023617,3.293,2.306
E01023618,4.236,3.729
E01023619,2.841,2.709
E01023620,4.758,5.596
E01023621,4.458,3.5
E01023622,7.307,3.608
E01023623,5.722,6.574
E01023624,3.681,3.693
E01023625,1.989,2.971
E01023626,2.677,3.14
E01023627,5.815,5.942
E01023628,2.554,2.811
E01023629,4.463,3.972
E01023630,6.231,4.31
E01023631,5.713,5.285
E01023632,5.535,3.174
E01023633,2.762,4.819
E01023634,3.517,2.882
E01023635,4.404,5.882
E01023636,4.1,3.832
E01023637,8.353,8.662
E01023638,5.202,3.853
E01023639,2.874,4.71
E01023640,6.766,7.354
E01023641,7.159,6.79
E01023642,3.092,2.859
E01023643,5.702,5.171
E01023644,3.259,3.678
E01023645,4.123,5.818
E01023646,3.528,4.524
E01023647,3.264,2.791
E01023648,4.305,3.437
E01023649,4.15,3.701
E01023650,6.635,5.893
E01023651,4.39,4.211
E01023652,6.203,6.333
E01023653,4.176,3.23
E01023654,2.638,1.662
E01023655,3.772,3.035
E01023656,4.342,4.076
E01023657,2.394,2.191
E01023658,4.005,3.567
E01023659,1.732,2.163
E01023660,4.762,4.005
E01023661,5.564,6.296
E01023662,2.326,2.219
E01023663,2.535,4.213
E01023664,1.828,2.043
E01023665,1.761,1.93
E01023666,4.726,5.657
E01023667,2.166,2.605
E01023668,2.276,2.202
E01023669,5.116,4.615
E01023670,3.131,2.285
E01023671,4.757,5.504
E01023672,2.962,3.862
E01023673,2.221,0.972
E01023674,2.632,2.23
E01023675,2.342,1.738
E01023676,2.945,2.78
E01023677,3.629,4.769
E01023678,2.633,2.743
E01023679,4.871,4.063
E01023680,3.271,4.057
E01023681,5.184,5.957
E01023682,3.642,2.573
E01023683,5.301,3.914
E01023684,2.465,2.548
E01023685,1.834,2.017
E01023686,3.766,2.197
E01023687,4.536,6.065
E01023688,3.571,2.466
E01023689,2.605,2.075
E01023690,2.116,2.471
E01023691,0.96,1.963
E01023692,2.125,4.226
E01023693,3.183,2.37
E01023694,1.085,1.493
E01023695,2.535,2.17
E01023696,1.613,1.774
E01023697,2.588,2.866
E01023698,2.117,1.972
E01023699,2.999,2.096
E01023700,2.065,1.526
E01023701,2.754,3.055
E01023702,1.865,0.966
E01023703,1.502,1.715
E01023704,2.916,3.03
E01023705,5.223,5.248
E01023706,3.836,3.365
E01023708,4.365,3.357
E01023709,4.162,3.532
E01023710,1.726,1.751
E01023711,4.093,3.493
E01023712,3.675,2.581
E01023713,3.686,2.478
E01023714,1.811,2.016
E01023715,2.618,1.874
E01023716,1.863,1.56
E01023717,3.734,3.1
E01023718,3.265,3.676
E01023719,5.773,4.351
E01023720,4.104,3.749
E01023721,2.916,3.446
E01023722,3.989,3.425
E01023723,5.201,5.801
E01023724,3.212,3.378
E01023725,2.373,2.262
E01023726,1.855,1.068
E01023727,4.28,3.836
E01023728,3.132,2.941
E01023729,2.539,2.875
E01023730,2.576,2.413
E01023731,3.854,3.145
E01023732,6.87,5.452
E01023733,4.554,2.878
E01023734,1.76,1.535
E01023735,3.322,3.401
E01023736,4.487,4.942
E01023737,5.755,4.348
E01023738,5.864,6.073
E01023739,4.914,3.135
E01023740,2.541,2.343
E01023741,2.391,2.097
E01023742,5.054,2.83
E01023743,2.612,2.529
E01023744,2.653,2.492
E01023745,1.795,2.835
E01023746,4.013,4.117
E01023747,2.958,2.594
E01023748,2.603,2.067
E01023749,2.781,2.687
E01023750,12.383,10.0
E01023751,4.742,4.854
E01023752,4.891,3.623
E01023753,2.508,2.324
E01023754,3.289,3.846
E01023755,4.596,5.006
E01023756,3.897,5.115
E01023757,4.288,4.679
E01023758,7.576,6.665
E01023759,2.914,3.457
E01023760,2.916,4.0
E01023761,3.782,3.719
E01023762,5.584,4.642
E01023763,3.439,3.506
E01023764,5.754,4.05
E01023765,5.639,4.953
E01023766,4.248,4.565
E01023767,1.994,3.04
E01023768,1.622,2.395
E01023769,7.198,5.188
E01023770,3.307,3.071
E01023771,4.56,3.841
E01023772,5.471,7.675
E01023773,3.282,5.22
E01023774,5.857,5.466
E01023775,5.649,5.864
E01023776,3.305,3.394
E01023777,3.934,3.134
E01023778,4.959,5.637
E01023779,4.112,4.358
E01023780,6.166,5.278
E01023781,4.521,7.255
E01023782,4.817,4.011
E01023783,6.486,7.814
E01023784,4.788,5.0
E01023785,4.892,4.737
E01023786,4.322,3.342
E01023787,3.088,3.927
E01023788,4.634,4.981
E01023789,3.374,3.195
E01023790,4.028,5.552
E01023791,4.859,4.607
E01023792,4.09,4.606
E01023793,5.344,5.637
E01023794,4.659,5.6
E01023795,5.461,5.114
E01023796,6.242,6.336
E01023797,6.074,5.588
E01023798,3.706,4.319
E01023799,2.758,2.819
E01023800,6.234,5.558
E01023801,2.027,2.261
E01023802,3.54,2.715
E01023803,2.93,3.034
E01023804,4.674,5.481
E01023805,5.206,4.989
E01023806,6.301,5.158
E01023807,5.497,5.563
E01023808,2.849,2.509
E01023809,6.239,6.118
E01023810,3.629,4.144
E01023811,4.478,3.324
E01023812,1.645,2.194
E01023813,4.642,2.965
E01023814,5.68,3.525
E01023815,2.655,2.404
E01023816,2.552,3.349
E01023817,2.288,1.795
E01023818,2.182,1.309
E01023819,3.544,2.95
E01023820,3.744,2.819
E01023821,2.322,2.46
E01023822,2.498,2.929
E01023823,4.332,3.604
E01023824,2.738,2.287
E01023825,3.002,1.865
E01023826,3.833,2.861
E01023827,5.169,4.179
E01023828,6.967,5.351
E01023829,4.801,4.004
E01023830,7.011,5.344
E01023831,3.157,3.283
E01023832,2.309,2.991
E01023833,2.329,2.288
E01023834,3.395,2.635
E01023835,4.549,4.043
E01023836,5.165,5.331
E01023837,3.097,3.792
E01023838,4.157,5.484
E01023839,2.001,2.366
E01023840,4.847,2.988
E01023841,2.481,2.836
E01023842,6.98,8.148
E01023843,5.132,4.984
E01023844,7.821,7.254
E01023845,3.893,3.896
E01023846,2.646,2.783
E01023847,2.751,2.801
E01023848,3.556,4.082
E01023849,4.042,2.693
E01023850,5.312,3.807
E01023851,2.567,2.068
E01023852,4.421,1.974
E01023853,2.322,2.07
E01023854,3.029,2.692
E01023855,3.42,2.175
E01023856,3.028,2.52
E01023857,6.099,4.902
E01023858,3.302,2.859
E01023859,3.93,3.121
E01023860,6.049,6.256
E01023861,4.124,3.499
E01023862,3.664,2.666
E01023863,3.127,2.408
E01023864,7.776,5.13
E01023865,6.261,6.165
E01023866,5.988,4.319
E01023867,4.274,4.042
E01023868,5.44,5.18
E01023869,4.357,3.908
E01023870,5.732,5.784
E01023871,4.454,2.981
E01023872,3.107,2.979
E01023873,6.449,5.687
E01023874,4.848,4.773
E01023875,4.293,3.673
E01023876,4.718,5.407
E01023877,5.586,5.452
E01023878,3.035,3.052
E01023879,4.103,3.817
E01023880,4.588,4.288
E01023881,4.774,3.226
E01023882,3.645,2.411
E01023883,6.988,6.45
E01023884,2.75,2.802
E01023885,3.134,2.651
E01023886,2.399,2.751
E01023887,2.945,1.785
E01023888,3.006,3.041
E01023889,2.255,2.385
E01023890,3.44,3.679
E01023891,4.792,5.19
E01023892,3.582,3.291
E01023893,3.567,3.533
E01023894,2.201,2.553
E01023895,2.431,2.263
E01023896,2.535,2.686
E01023897,6.179,5.465
E01023898,2.677,2.5
E01023899,4.07,3.301
E01023900,4.051,3.216
E01023901,1.572,2.722
E01023902,3.113,2.239
E01023903,4.159,3.531
E01023904,4.215,4.482
E01023905,5.367,4.416
E01023906,6.33,6.322
E01023907,4.179,3.099
E01023908,3.048,2.566
E01023909,1.656,1.737
E01023910,2.918,1.9
E01023911,3.053,3.014
E01023912,3.747,2.975
E01023913,3.561,3.485
E01023914,8.404,8.657
E01023915,4.997,4.497
E01023916,4.108,4.624
E01023917,3.256,3.752
E01023918,6.076,6.893
E01023919,3.083,3.006
E01023920,6.292,6.658
E01023921,3.813,3.543
E01023922,4.299,4.101
E01023923,4.223,3.305
E01023924,5.117,4.698
E01023925,4.735,5.266
E01023926,3.22,2.706
E01023927,4.812,4.828
E01023929,4.898,4.489
E01023930,4.668,4.179
E01023932,3.162,3.664
E01023933,4.238,4.683
E01023934,2.314,2.911
E01023935,3.298,1.93
E01023936,5.893,5.027
E01023937,5.022,2.934
E01023938,2.698,2.219
E01023939,7.761,5.957
E01023940,4.882,5.776
E01023941,2.649,2.884
E01023942,4.162,3.848
E01023943,3.667,4.271
E01023944,4.352,3.785
E01023945,5.207,4.076
E01023946,3.03,2.838
E01023947,3.92,3.695
E01023948,3.789,2.747
E01023949,2.648,2.854
E01023950,3.028,3.89
E01023951,6.214,6.224
E01023952,4.64,4.91
E01023953,3.431,3.037
E01023954,4.972,4.324
E01023955,4.559,3.512
E01023956,2.804,3.849
E01023957,3.434,5.296
E01023958,5.073,6.653
E01023959,2.514,1.039
E01023960,4.135,4.565
E01023961,4.555,4.206
E01023962,3.485,4.518
E01023963,5.501,5.803
E01023964,4.252,3.646
E01023965,2.189,2.414
E01023966,2.33,3.529
E01023967,5.213,4.755
E01023968,3.602,3.443
E01023969,3.066,4.555
E01023970,5.899,4.39
E01023971,2.333,1.882
E01023972,7.806,8.298
E01023973,7.731,5.359
E01023974,5.436,5.231
E01023975,6.242,4.869
E01023976,9.113,8.841
E01023977,4.569,3.489
E01023978,4.249,4.116
E01023979,4.298,3.563
E01023980,5.739,5.635
E01023981,6.939,11.828
E01023983,6.083,5.938
E01023984,5.537,6.289
E01023985,6.391,6.009
E01023986,7.229,5.627
E01023987,5.091,5.362
E01023988,3.141,2.792
E01023989,4.23,3.523
E01023990,7.043,8.536
E01023992,5.463,4.881
E01023993,2.391,2.587
E01023995,4.257,4.068
E01023996,1.958,3.614
E01023997,4.327,4.765
E01023998,4.317,5.968
E01023999,4.04,3.912
E01024001,7.063,7.789
E01024002,4.17,4.632
E01024003,6.336,6.08
E01024004,4.942,3.151
E01024005,4.284,4.422
E01024006,7.194,4.028
E01024008,2.25,2.382
E01024009,4.936,4.185
E01024010,4.467,4.654
E01024011,6.197,6.352
E01024012,4.749,4.831
E01024013,4.22,5.541
E01024014,3.923,3.684
E01024015,3.683,2.178
E01024016,3.155,3.863
E01024017,5.622,4.829
E01024019,4.959,5.661
E01024020,5.003,5.629
E01024021,3.236,4.733
E01024022,4.594,5.63
E01024023,6.569,4.213
E01024024,6.057,4.824
E01024025,4.779,6.833
E01024026,3.645,3.291
E01024027,4.498,3.541
E01024028,5.937,6.319
E01024029,5.088,5.483
E01024031,4.321,5.213
E01024032,3.662,6.781
E01024033,4.086,4.558
E01024034,4.47,2.417
E01024035,3.355,3.241
E01024036,3.766,3.439
E01024037,4.558,4.33
E01024038,4.519,6.211
E01024039,5.097,3.924
E01024040,7.712,5.327
E01024041,3.318,3.348
E01024042,5.499,4.841
E01024043,3.948,3.569
E01024044,2.733,2.681
E01024045,4.293,3.622
E01024046,3.537,3.275
E01024047,3.474,3.551
E01024048,3.566,3.981
E01024049,7.65,9.468
E01024052,3.672,5.213
E01024053,3.032,3.414
E01024054,3.838,3.87
E01024055,5.332,5.183
E01024056,5.087,4.824
E01024057,6.585,6.254
E01024058,3.97,5.549
E01024059,10.464,11.785
E01024060,4.405,3.602
E01024061,9.626,7.645
E01024062,4.37,4.249
E01024063,4.32,3.202
E01024064,3.947,4.568
E01024065,5.368,5.865
E01024066,7.962,8.77
E01024067,5.742,4.366
E01024068,2.69,3.873
E01024069,3.333,3.513
E01024070,6.548,6.165
E01024071,5.707,5.033
E01024072,4.23,3.575
E01024073,4.177,4.225
E01024074,5.585,3.37
E01024075,7.806,8.977
E01024076,3.893,4.929
E01024077,3.943,3.141
E01024078,8.473,5.921
E01024079,5.425,6.21
E01024080,9.887,7.812
E01024081,8.975,11.349
E01024082,5.263,6.826
E01024083,9.197,9.123
E01024084,5.434,5.891
E01024085,5.2,3.534
E01024086,4.382,5.84
E01024087,5.529,4.225
E01024088,6.518,5.054
E01024089,2.85,3.749
E01024090,3.884,5.195
E01024091,6.778,7.703
E01024092,7.593,7.364
E01024093,7.32,7.389
E01024094,5.326,4.817
E01024095,6.635,6.022
E01024096,6.91,5.734
E01024097,7.717,8.033
E01024098,6.478,5.147
E01024099,5.133,5.679
E01024100,2.72,2.722
E01024101,2.928,4.231
E01024102,2.554,3.162
E01024103,6.319,6.407
E01024104,2.344,2.722
E01024105,6.471,5.505
E01024106,5.703,4.201
E01024107,4.707,4.452
E01024108,8.988,7.93
E01024109,6.631,4.996
E01024110,6.609,6.201
E01024111,5.806,7.326
E01024112,4.65,5.025
E01024113,4.985,5.49
E01024114,4.36,4.551
E01024115,7.394,4.526
E01024116,4.8,4.444
E01024117,6.356,4.677
E01024118,7.701,6.316
E01024119,6.831,8.01
E01024120,10.863,9.701
E01024121,2.258,3.436
E01024122,8.173,7.211
E01024123,2.491,3.182
E01024124,2.608,3.4
E01024126,6.786,7.38
E01024127,4.188,3.542
E01024128,5.663,6.79
E01024129,2.748,3.196
E01024130,4.815,5.234
E01024131,3.817,2.467
E01024132,3.499,5.61
E01024133,1.538,2.195
E01024134,4.747,4.648
E01024135,8.415,6.284
E01024136,3.806,2.493
E01024137,3.375,1.983
E01024138,7.017,4.707
E01024139,3.63,2.743
E01024140,1.746,2.348
E01024141,7.076,1.949
E01024142,3.744,3.32
E01024143,2.004,2.228
E01024144,2.583,2.672
E01024145,3.436,3.142
E01024146,3.699,2.847
E01024147,3.02,2.655
E01024148,8.602,4.255
E01024149,4.643,2.954
E01024150,2.968,4.521
E01024151,4.193,4.33
E01024152,3.051,2.823
E01024153,4.043,3.355
E01024154,7.109,6.079
E01024155,6.032,4.441
E01024156,4.162,2.978
E01024157,6.691,6.16
E01024158,7.564,7.122
E01024159,3.741,4.436
E01024160,2.857,4.017
E01024161,3.492,3.885
E01024162,3.198,3.461
E01024163,4.162,3.513
E01024164,2.684,3.541
E01024165,7.42,8.028
E01024166,5.513,5.478
E01024167,5.895,4.478
E01024168,6.816,5.044
E01024169,6.291,5.153
E01024170,6.174,6.717
E01024171,4.942,4.719
E01024172,3.782,3.786
E01024173,4.741,4.199
E01024174,4.443,3.976
E01024175,1.707,2.701
E01024176,5.689,6.162
E01024177,6.894,6.085
E01024178,5.128,5.159
E01024179,3.159,2.664
E01024180,2.646,2.317
E01024181,2.804,2.746
E01024182,4.074,4.137
E01024183,4.48,2.78
E01024184,3.021,3.116
E01024185,3.944,3.078
E01024186,3.797,3.001
E01024187,3.953,4.241
E01024188,7.475,2.791
E01024189,5.52,4.802
E01024190,6.048,5.697
E01024191,7.42,4.47
E01024192,10.895,9.232
E01024193,7.926,8.85
E01024194,4.781,4.966
E01024195,5.84,5.502
E01024196,6.662,9.273
E01024197,6.373,6.505
E01024198,6.519,6.209
E01024200,5.54,5.967
E01024201,5.346,5.335
E01024202,5.434,7.397
E01024203,5.243,4.185
E01024204,7.094,6.61
E01024205,5.062,5.559
E01024206,4.336,5.586
E01024207,5.008,5.138
E01024208,5.988,5.298
E01024209,5.183,4.843
E01024212,5.683,4.709
E01024213,3.24,4.473
E01024214,5.628,6.97
E01024215,5.7,8.637
E01024216,4.024,4.548
E01024217,8.709,6.364
E01024218,7.172,7.58
E01024219,8.887,7.306
E01024220,8.062,6.799
E01024221,5.083,4.321
E01024222,7.129,7.129
E01024223,7.255,6.053
E01024224,5.218,5.621
E01024225,6.974,6.416
E01024226,6.983,8.681
E01024227,6.658,6.034
E01024228,5.325,7.007
E01024229,7.603,6.904
E01024230,5.887,5.371
E01024231,5.657,7.259
E01024232,6.355,6.68
E01024233,3.614,3.817
E01024234,4.545,4.646
E01024235,7.774,7.01
E01024236,6.847,6.164
E01024237,5.07,4.716
E01024238,2.551,2.893
E01024239,8.419,7.883
E01024240,6.517,8.562
E01024241,4.376,5.72
E01024242,6.685,3.793
E01024243,8.086,7.97
E01024244,5.227,4.905
E01024245,5.583,5.09
E01024246,5.599,6.179
E01024247,9.431,9.232
E01024248,5.789,6.761
E01024249,9.363,9.966
E01024250,7.964,7.112
E01024251,11.754,9.618
E01024252,4.43,4.822
E01024253,5.437,4.324
E01024254,3.7,4.11
E01024255,6.418,5.02
E01024256,4.712,5.442
E01024257,6.758,6.403
E01024258,5.289,4.736
E01024259,2.874,2.968
E01024260,4.521,4.025
E01024261,4.716,4.169
E01024262,5.757,6.299
E01024263,8.53,6.988
E01024264,7.793,7.553
E01024265,3.03,4.395
E01024266,5.637,5.162
E01024267,5.125,4.217
E01024268,3.246,4.452
E01024269,3.978,4.334
E01024270,2.138,3.018
E01024271,5.163,5.345
E01024272,3.282,3.469
E01024273,3.27,3.465
E01024274,4.615,5.053
E01024275,2.845,4.27
E01024276,3.265,3.801
E01024277,8.475,5.556
E01024278,7.944,5.688
E01024279,5.43,4.061
E01024280,6.695,3.693
E01024281,3.775,3.11
E01024282,3.742,3.121
E01024283,4.773,3.837
E01024284,4.172,4.504
E01024285,6.542,5.062
E01024286,3.998,3.491
E01024287,7.855,7.566
E01024288,7.614,6.222
E01024290,6.635,4.426
E01024291,6.606,5.191
E01024292,4.396,4.906
E01024293,4.743,4.217
E01024294,4.101,3.893
E01024295,7.215,6.673
E01024296,4.363,4.68
E01024297,3.417,4.433
E01024298,4.096,4.401
E01024299,3.566,3.546
E01024300,3.964,4.494
E01024301,4.33,4.231
E01024302,4.98,3.1
E01024303,4.075,3.56
E01024304,5.294,6.269
E01024305,6.184,5.594
E01024306,7.343,7.096
E01024307,7.524,6.29
E01024308,9.085,8.798
E01024309,4.425,4.565
E01024310,6.93,6.578
E01024311,6.367,5.285
E01024312,4.549,5.171
E01024313,4.947,4.99
E01024314,3.741,3.037
E01024315,7.578,8.235
E01024316,3.515,4.003
E01024317,4.047,4.626
E01024318,4.623,3.453
E01024319,3.18,4.177
E01024320,3.442,2.46
E01024321,4.133,4.661
E01024322,5.29,3.827
E01024323,3.42,3.544
E01024324,2.617,4.725
E01024325,5.458,4.353
E01024326,5.26,4.047
E01024327,3.062,4.0
E01024328,3.589,4.4
E01024329,3.289,2.379
E01024330,3.405,2.385
E01024331,2.41,2.975
E01024332,3.339,4.441
E01024333,2.108,3.887
E01024334,2.737,2.681
E01024335,2.767,3.125
E01024336,2.22,2.92
E01024337,3.327,2.677
E01024338,1.586,2.681
E01024339,4.474,4.394
E01024340,4.777,4.64
E01024341,5.423,5.832
E01024342,5.506,4.955
E01024343,3.101,3.314
E01024344,5.022,3.337
E01024345,3.406,3.844
E01024346,4.254,4.515
E01024347,5.993,2.482
E01024348,2.426,1.862
E01024349,2.434,2.053
E01024350,2.675,2.542
E01024351,4.313,3.63
E01024352,6.184,5.713
E01024353,2.87,3.061
E01024354,3.215,3.614
E01024355,3.107,4.146
E01024356,3.822,4.578
E01024357,2.728,3.163
E01024358,6.794,6.485
E01024360,2.957,4.756
E01024361,5.338,4.639
E01024362,3.622,3.479
E01024363,4.733,4.786
E01024364,5.163,4.559
E01024365,3.75,4.049
E01024366,4.072,3.565
E01024367,5.495,5.405
E01024369,3.325,3.551
E01024371,3.738,4.153
E01024372,3.662,4.689
E01024373,4.827,3.593
E01024374,6.906,4.489
E01024375,4.177,4.709
E01024376,4.128,3.845
E01024377,5.514,5.692
E01024378,5.055,4.39
E01024379,3.848,4.255
E01024380,3.436,4.017
E01024381,5.61,4.444
E01024382,4.288,4.413
E01024383,1.685,2.602
E01024384,6.113,4.491
E01024385,4.307,3.642
E01024386,4.74,3.766
E01024387,3.967,3.549
E01024388,4.131,3.815
E01024389,6.159,5.987
E01024390,6.353,6.339
E01024391,5.157,6.38
E01024392,7.134,5.976
E01024393,5.412,4.689
E01024394,3.336,5.658
E01024395,5.085,6.365
E01024396,6.48,5.722
E01024397,8.207,7.188
E01024398,7.316,7.599
E01024399,8.563,8.327
E01024400,10.136,6.105
E01024401,3.369,4.071
E01024402,3.893,3.641
E01024403,4.641,3.992
E01024404,2.908,2.708
E01024405,4.291,4.015
E01024406,8.196,6.9
E01024407,3.01,2.676
E01024408,2.582,3.321
E01024409,4.648,3.946
E01024410,7.289,7.22
E01024411,4.27,3.699
E01024413,5.299,4.726
E01024414,2.554,3.31
E01024415,2.577,1.302
E01024416,4.282,3.269
E01024417,5.071,4.762
E01024418,2.379,2.215
E01024419,1.831,1.912
E01024420,3.465,3.672
E01024421,4.295,4.221
E01024422,2.853,3.011
E01024423,3.138,2.519
E01024424,1.625,0.571
E01024425,4.981,5.646
E01024426,2.507,2.96
E01024427,4.249,4.294
E01024428,4.311,4.299
E01024429,4.783,4.856
E01024430,3.501,3.055
E01024431,3.693,3.755
E01024432,6.045,5.176
E01024433,3.715,3.162
E01024434,4.569,3.708
E01024435,3.948,4.172
E01024436,8.843,8.143
E01024437,4.904,5.563
E01024438,4.455,3.967
E01024439,3.711,3.307
E01024440,2.341,2.535
E01024441,2.822,3.338
E01024442,2.844,4.067
E01024443,8.089,7.415
E01024444,5.371,6.303
E01024445,3.488,4.441
E01024446,3.18,3.226
E01024447,4.985,5.295
E01024448,3.837,3.277
E01024449,3.056,2.943
E01024450,3.471,4.759
E01024451,2.813,2.76
E01024452,4.379,4.791
E01024453,2.338,2.149
E01024454,3.932,2.941
E01024455,2.239,2.421
E01024456,4.124,3.686
E01024457,4.823,4.938
E01024458,1.791,1.341
E01024459,1.961,2.482
E01024460,5.295,4.527
E01024461,3.025,4.1
E01024462,3.104,3.619
E01024463,1.798,2.795
E01024464,3.45,4.309
E01024465,4.552,5.493
E01024466,4.549,3.525
E01024467,1.877,1.576
E01024468,2.815,2.658
E01024469,4.779,3.03
E01024470,3.433,2.401
E01024471,4.218,3.082
E01024472,4.656,3.699
E01024473,3.757,3.678
E01024474,2.21,2.17
E01024475,3.774,3.549
E01024476,6.623,8.713
E01024477,6.709,7.198
E01024478,5.907,5.775
E01024479,3.032,4.057
E01024480,8.746,7.948
E01024481,7.818,7.174
E01024482,6.828,6.864
E01024483,3.939,3.29
E01024484,2.379,2.888
E01024485,3.924,5.409
E01024486,9.891,8.547
E01024487,8.847,8.56
E01024488,13.538,12.48
E01024489,7.516,8.861
E01024490,5.079,4.706
E01024491,3.665,5.014
E01024492,6.702,5.801
E01024493,6.798,7.25
E01024494,7.087,6.183
E01024495,3.805,4.858
E01024496,7.075,7.989
E01024497,5.659,5.58
E01024498,8.363,9.22
E01024499,4.952,6.204
E01024500,8.534,8.46
E01024501,5.33,6.093
E01024502,7.336,6.978
E01024503,6.915,7.041
E01024504,7.224,8.408
E01024505,7.439,6.328
E01024507,9.073,9.566
E01024508,8.082,8.678
E01024509,10.921,7.956
E01024510,7.961,6.377
E01024511,4.357,4.326
E01024512,4.819,5.266
E01024513,3.699,5.298
E01024514,4.209,4.018
E01024515,6.206,5.714
E01024516,5.297,5.325
E01024517,8.742,5.991
E01024518,5.055,5.212
E01024519,3.411,3.878
E01024520,7.692,6.242
E01024521,6.425,5.933
E01024522,8.705,5.413
E01024523,4.07,3.079
E01024524,11.089,12.847
E01024525,6.59,5.848
E01024526,4.26,4.167
E01024527,6.071,4.721
E01024528,5.351,6.864
E01024529,6.62,9.965
E01024530,5.738,4.085
E01024531,6.81,7.265
E01024532,7.06,7.198
E01024533,9.106,8.883
E01024534,6.789,7.667
E01024535,5.388,6.551
E01024536,3.693,4.233
E01024537,6.328,6.933
E01024538,8.592,7.123
E01024539,7.976,9.384
E01024540,4.916,5.246
E01024541,5.412,6.672
E01024542,4.512,5.176
E01024544,7.148,6.929
E01024545,3.732,3.725
E01024546,4.685,6.064
E01024547,5.514,6.662
E01024548,5.06,7.236
E01024549,6.289,6.191
E01024550,4.946,5.888
E01024551,5.533,5.335
E01024552,6.846,5.714
E01024553,5.483,6.127
E01024554,4.523,7.695
E01024555,3.955,4.077
E01024556,3.892,4.501
E01024557,4.354,6.016
E01024558,3.414,4.674
E01024559,5.601,6.024
E01024560,4.635,5.65
E01024561,3.529,2.546
E01024562,4.124,3.462
E01024563,9.551,7.587
E01024564,4.545,3.749
E01024565,3.985,6.17
E01024566,4.72,4.491
E01024567,4.182,4.754
E01024568,3.114,3.02
E01024569,6.229,5.266
E01024570,5.489,6.571
E01024571,5.437,4.537
E01024572,4.545,3.461
E01024573,5.448,4.852
E01024575,3.559,4.046
E01024576,2.427,3.532
E01024577,3.725,6.273
E01024578,3.55,5.085
E01024579,4.781,4.906
E01024580,14.184,13.171
E01024581,8.725,9.091
E01024582,5.552,4.633
E01024583,6.146,4.98
E01024584,7.336,9.755
E01024585,10.294,11.92
E01024586,5.788,6.659
E01024587,6.87,5.597
E01024588,5.99,7.463
E01024589,6.963,6.793
E01024590,10.77,8.986
E01024591,6.188,3.312
E01024592,3.006,2.902
E01024593,3.355,4.167
E01024594,5.806,5.529
E01024595,5.764,5.73
E01024596,6.394,8.033
E01024597,8.803,6.941
E01024598,5.22,4.335
E01024599,4.621,5.903
E01024600,7.48,7.997
E01024601,6.762,5.817
E01024602,5.037,5.103
E01024603,3.371,3.955
E01024604,4.355,5.281
E01024605,4.182,4.287
E01024606,6.098,3.909
E01024608,5.466,5.421
E01024609,11.519,9.484
E01024610,6.565,6.144
E01024611,5.916,5.508
E01024612,6.409,7.392
E01024613,8.333,8.364
E01024614,10.132,9.833
E01024615,11.773,11.788
E01024616,8.832,8.357
E01024618,8.008,8.094
E01024619,6.694,7.353
E01024620,7.81,5.29
E01024621,12.032,7.868
E01024622,5.354,5.365
E01024623,5.441,5.787
E01024624,5.71,4.274
E01024625,5.048,4.572
E01024626,4.127,4.094
E01024627,6.567,6.694
E01024628,3.941,3.377
E01024629,4.032,2.078
E01024630,6.383,6.25
E01024631,3.938,4.739
E01024632,4.167,4.194
E01024633,9.515,7.514
E01024634,8.767,8.394
E01024635,5.609,4.174
E01024636,7.594,7.602
E01024637,6.878,5.326
E01024638,8.885,8.15
E01024639,8.251,7.912
E01024640,8.412,7.173
E01024641,9.677,11.22
E01024642,5.788,5.025
E01024643,6.083,5.532
E01024644,6.912,5.519
E01024645,5.805,5.997
E01024646,6.842,7.069
E01024647,5.193,5.841
E01024648,7.439,7.876
E01024649,9.502,7.446
E01024650,4.646,5.619
E01024651,7.644,8.461
E01024652,5.873,4.868
E01024653,5.809,5.087
E01024654,9.085,7.77
E01024655,8.407,6.147
E01024656,7.233,7.605
E01024657,7.909,8.453
E01024658,8.832,9.978
E01024659,9.561,7.513
E01024660,8.693,9.925
E01024661,7.02,6.726
E01024662,8.866,8.664
E01024663,8.192,9.433
E01024664,7.962,8.475
E01024665,6.135,6.291
E01024666,10.937,10.274
E01024667,11.652,11.725
E01024668,4.741,4.605
E01024669,5.879,4.705
E01024670,7.365,6.481
E01024671,7.351,8.751
E01024672,8.201,9.305
E01024673,6.975,6.852
E01024674,4.545,5.685
E01024675,5.217,3.914
E01024676,9.538,8.593
E01024677,8.12,8.172
E01024678,9.906,9.144
E01024679,8.485,8.789
E01024680,4.938,5.273
E01024681,5.038,5.247
E01024682,9.112,10.084
E01024683,11.919,14.47
E01024684,7.558,7.159
E01024685,7.878,7.96
E01024686,9.247,9.699
E01024687,9.689,10.655
E01024688,9.898,8.237
E01024689,6.145,6.672
E01024690,8.051,8.31
E01024691,5.582,5.737
E01024692,7.186,5.749
E01024693,5.248,4.621
E01024694,6.858,7.403
E01024695,5.76,5.283
E01024696,9.355,8.052
E01024697,8.307,8.97
E01024698,5.593,5.436
E01024699,7.933,7.499
E01024700,5.876,5.231
E01024701,6.165,5.244
E01024702,7.767,8.462
E01024703,5.357,5.502
E01024704,5.635,5.577
E01024705,6.766,5.991
E01024706,5.581,5.137
E01024707,5.07,4.899
E01024708,6.201,4.655
E01024709,6.287,5.572
E01024710,9.461,7.262
E01024711,7.772,6.029
E01024712,6.628,6.494
E01024713,8.9,7.425
E01024714,9.854,10.655
E01024715,9.595,8.741
E01024716,6.244,5.203
E01024717,10.056,7.461
E01024718,3.219,3.415
E01024719,3.026,3.114
E01024720,3.147,4.651
E01024721,3.891,4.021
E01024722,2.687,2.478
E01024723,2.899,3.64
E01024724,2.51,2.482
E01024725,4.268,3.257
E01024726,4.887,4.931
E01024727,4.001,3.157
E01024728,4.457,5.179
E01024729,4.124,5.578
E01024730,4.673,4.689
E01024731,3.557,5.898
E01024732,2.215,2.173
E01024733,2.03,2.68
E01024734,5.022,5.186
E01024735,4.013,5.138
E01024736,6.048,5.371
E01024737,2.874,3.061
E01024740,4.548,4.584
E01024741,6.957,7.393
E01024742,6.301,6.09
E01024743,5.303,5.57
E01024744,3.183,2.854
E01024745,3.152,3.149
E01024746,3.878,2.341
E01024747,5.304,7.602
E01024748,3.099,1.974
E01024749,4.778,4.982
E01024750,4.5,5.515
E01024751,4.884,4.189
E01024752,3.971,2.948
E01024753,4.013,4.246
E01024754,2.298,2.476
E01024755,1.919,2.308
E01024756,4.416,5.28
E01024757,3.947,2.187
E01024758,3.785,3.54
E01024760,2.973,3.014
E01024761,3.794,4.223
E01024762,2.872,2.906
E01024763,4.519,4.109
E01024764,4.751,7.449
E01024765,3.883,3.647
E01024766,3.343,3.394
E01024767,5.185,6.571
E01024768,2.728,3.244
E01024771,4.718,5.149
E01024772,3.528,5.066
E01024773,4.415,5.18
E01024774,4.917,3.518
E01024775,7.063,7.198
E01024776,6.373,5.993
E01024777,5.654,8.169
E01024778,2.027,1.733
E01024779,3.821,4.454
E01024780,2.686,3.817
E01024781,2.947,3.998
E01024782,2.022,2.373
E01024783,5.868,6.305
E01024784,3.134,1.501
E01024785,4.122,3.419
E01024786,4.737,4.233
E01024787,4.25,3.877
E01024788,7.052,4.315
E01024789,2.612,2.771
E01024790,5.287,5.74
E01024791,3.515,2.993
E01024792,1.794,1.726
E01024793,3.21,4.732
E01024794,3.544,3.357
E01024795,5.43,6.943
E01024796,4.688,6.069
E01024797,4.498,3.559
E01024798,4.662,3.871
E01024799,2.863,3.725
E01024800,3.159,2.406
E01024801,3.123,2.536
E01024802,2.059,3.178
E01024803,4.633,4.17
E01024804,2.398,1.636
E01024805,2.579,2.569
E01024806,3.888,4.45
E01024807,5.709,7.107
E01024808,3.589,2.916
E01024809,3.451,4.523
E01024810,2.058,3.23
E01024811,4.098,3.272
E01024812,3.735,4.11
E01024813,4.922,4.978
E01024814,3.587,3.956
E01024815,4.309,4.261
E01024816,3.282,3.709
E01024817,3.28,1.762
E01024818,3.822,2.846
E01024819,3.636,2.758
E01024820,2.052,1.486
E01024821,3.7,3.813
E01024822,4.094,2.874
E01024823,3.024,2.64
E01024824,3.729,2.064
E01024825,4.08,5.464
E01024826,4.567,4.772
E01024827,4.442,4.192
E01024828,4.607,4.406
E01024829,3.317,3.631
E01024830,8.454,6.751
E01024831,4.21,4.586
E01024832,3.185,3.429
E01024833,5.147,4.801
E01024834,1.915,2.209
E01024835,2.826,3.007
E01024836,4.375,3.919
E01024837,2.343,2.96
E01024838,1.838,2.38
E01024839,3.6,2.527
E01024840,5.349,5.328
E01024841,5.754,6.064
E01024842,7.116,6.626
E01024843,4.433,5.821
E01024844,3.522,4.416
E01024845,3.914,3.829
E01024846,4.812,5.432
E01024847,4.313,3.909
E01024848,7.069,5.9
E01024849,3.746,3.884
E01024850,2.772,4.044
E01024851,3.54,2.74
E01024852,1.845,1.821
E01024853,4.462,3.527
E01024854,2.594,3.015
E01024855,14.566,12.899
E01024856,7.812,4.744
E01024857,11.17,9.839
E01024858,11.36,7.993
E01024859,5.494,5.163
E01024860,4.586,5.629
E01024861,5.195,4.187
E01024862,5.34,4.656
E01024863,8.634,7.653
E01024864,7.813,6.258
E01024865,12.343,13.542
E01024866,8.575,8.192
E01024867,4.859,4.482
E01024868,4.75,4.725
E01024869,5.941,5.452
E01024870,5.585,4.534
E01024871,7.877,5.288
E01024872,11.275,10.063
E01024873,7.101,6.421
E01024874,4.468,5.539
E01024875,6.477,5.714
E01024876,10.68,5.926
E01024877,10.928,6.475
E01024878,7.023,5.237
E01024879,4.932,5.429
E01024880,7.666,8.494
E01024881,7.719,5.686
E01024882,7.943,7.302
E01024883,9.894,8.52
E01024884,8.644,7.892
E01024885,7.508,8.682
E01024886,7.902,6.706
E01024887,6.4,7.06
E01024888,8.383,5.347
E01024889,6.982,6.635
E01024890,7.279,8.279
E01024891,7.792,6.492
E01024892,8.613,7.552
E01024893,7.552,7.738
E01024894,6.25,5.804
E01024895,8.279,6.097
E01024896,7.541,6.529
E01024897,8.065,8.892
E01024898,8.259,6.596
E01024899,8.516,9.215
E01024900,10.356,9.491
E01024901,3.03,4.222
E01024902,8.076,8.261
E01024903,7.698,6.103
E01024904,7.102,6.169
E01024905,3.852,3.386
E01024906,14.51,10.128
E01024907,8.965,8.394
E01024908,10.683,8.985
E01024909,8.713,9.822
E01024910,6.685,6.644
E01024911,8.636,8.148
E01024912,4.009,5.576
E01024913,3.134,3.614
E01024914,3.437,4.67
E01024915,5.044,4.495
E01024916,4.662,4.426
E01024917,5.63,5.848
E01024918,3.831,3.498
E01024919,6.493,4.293
E01024920,5.209,4.842
E01024921,4.757,3.358
E01024922,3.793,4.728
E01024923,5.024,4.358
E01024924,7.153,5.911
E01024925,8.255,9.499
E01024926,8.329,5.701
E01024927,4.799,5.69
E01024928,6.811,5.579
E01024929,9.071,5.849
E01024930,4.242,6.032
E01024931,6.859,5.185
E01024932,4.976,5.849
E01024933,6.342,6.474
E01024934,4.307,3.454
E01024935,6.065,5.551
E01024936,4.657,6.703
E01024937,4.906,6.081
E01024938,4.68,4.263
E01024939,3.956,3.222
E01024940,8.593,9.22
E01024941,9.439,7.888
E01024942,9.147,11.519
E01024943,4.012,4.838
E01024944,3.135,2.457
E01024945,6.334,6.736
E01024946,5.721,5.665
E01024947,2.745,2.759
E01024948,5.769,4.024
E01024949,3.617,3.267
E01024950,2.284,2.602
E01024951,8.963,7.294
E01024952,8.385,10.418
E01024953,12.536,9.906
E01024954,5.79,6.921
E01024955,2.983,4.585
E01024956,4.848,4.903
E01024957,5.69,3.195
E01024958,5.179,6.198
E01024959,8.218,7.55
E01024960,6.161,5.599
E01024961,5.868,4.747
E01024962,5.959,6.403
E01024963,3.828,4.04
E01024964,4.446,4.156
E01024965,3.286,3.007
E01024966,3.778,3.105
E01024967,3.303,4.056
E01024968,3.279,2.875
E01024969,7.918,7.117
E01024970,3.869,3.415
E01024971,7.176,4.699
E01024972,4.114,3.422
E01024973,5.527,5.561
E01024974,2.715,1.816
E01024975,8.302,9.692
E01024976,5.08,5.857
E01024977,2.948,3.122
E01024978,4.698,4.651
E01024979,3.835,2.3
E01024980,4.755,4.944
E01024981,5.556,5.622
E01024982,10.805,6.07
E01024983,3.084,2.776
E01024984,5.355,5.792
E01024985,5.823,5.528
E01024986,10.523,10.248
E01024987,10.055,10.53
E01024988,10.763,7.374
E01024989,6.304,7.62
E01024990,5.738,5.337
E01024991,7.101,5.787
E01024992,5.721,6.026
E01024993,4.395,5.055
E01024994,4.663,5.837
E01024995,6.061,6.332
E01024996,8.752,9.992
E01024997,5.337,6.643
E01024998,5.614,6.189
E01024999,5.68,6.754
E01025000,6.942,8.476
E01025001,10.321,7.728
E01025002,5.461,5.252
E01025003,5.006,4.084
E01025004,6.033,5.045
E01025005,7.81,7.488
E01025006,10.129,9.046
E01025007,2.873,3.409
E01025008,5.647,3.839
E01025009,8.684,7.979
E01025010,4.637,5.417
E01025011,7.07,8.068
E01025012,4.101,3.99
E01025013,7.023,6.472
E01025014,4.753,4.4
E01025015,3.756,2.715
E01025016,3.888,3.601
E01025017,10.437,11.419
E01025018,5.438,6.076
E01025019,4.006,2.791
E01025020,5.646,5.132
E01025021,5.71,4.328
E01025022,3.955,3.415
E01025023,5.255,4.747
E01025024,11.662,7.299
E01025025,4.566,6.214
E01025026,5.271,6.254
E01025027,5.006,3.686
E01025028,4.678,4.005
E01025029,7.337,5.015
E01025030,5.586,4.817
E01025031,7.22,5.2
E01025032,9.21,10.014
E01025033,2.914,3.424
E01025034,6.239,5.521
E01025035,7.552,7.468
E01025036,10.233,9.371
E01025037,7.591,5.994
E01025038,5.891,4.268
E01025039,4.373,3.895
E01025040,3.94,4.242
E01025041,10.773,9.708
E01025042,7.192,6.271
E01025044,5.744,6.051
E01025045,12.1,11.175
E01025046,12.764,12.266
E01025048,5.559,5.79
E01025049,9.491,8.516
E01025050,9.608,7.497
E01025051,9.249,7.468
E01025052,4.656,3.36
E01025053,5.284,5.091
E01025054,9.452,8.557
E01025055,8.499,7.873
E01025056,6.115,4.825
E01025057,7.668,5.907
E01025058,9.92,9.021
E01025059,9.73,6.777
E01025060,5.389,7.92
E01025061,9.11,6.704
E01025062,7.384,7.783
E01025063,8.499,10.47
E01025064,5.51,4.589
E01025065,6.475,5.158
E01025066,3.769,4.351
E01025067,8.525,7.532
E01025068,9.193,8.381
E01025069,6.28,7.698
E01025070,7.315,6.54
E01025071,7.531,8.207
E01025072,8.617,8.681
E01025073,5.818,6.399
E01025074,4.603,3.695
E01025075,7.812,7.233
E01025076,8.413,8.048
E01025077,11.88,10.759
E01025078,5.628,5.423
E01025079,7.863,6.345
E01025080,6.446,5.742
E01025081,3.937,4.54
E01025082,11.312,9.566
E01025083,10.285,8.165
E01025084,8.384,7.31
E01025085,5.819,6.648
E01025086,7.226,7.303
E01025087,12.107,9.274
E01025088,4.193,3.527
E01025089,4.875,4.324
E01025090,5.635,5.521
E01025091,9.029,8.128
E01025092,9.983,8.496
E01025093,3.402,4.127
E01025094,5.853,5.225
E01025095,3.217,3.897
E01025096,4.443,4.185
E01025097,7.997,8.223
E01025098,7.687,8.048
E01025099,5.277,3.764
E01025100,7.847,5.428
E01025101,7.289,6.871
E01025102,3.559,3.863
E01025103,2.468,2.882
E01025105,0.961,1.061
E01025106,2.766,4.511
E01025107,4.139,3.583
E01025108,5.438,4.208
E01025109,3.732,3.736
E01025110,10.218,9.987
E01025111,6.641,5.301
E01025112,10.339,9.242
E01025113,6.057,6.579
E01025114,7.233,6.102
E01025115,7.58,7.447
E01025116,9.422,9.644
E01025117,9.033,10.613
E01025118,8.43,6.611
E01025119,6.751,8.321
E01025120,6.406,6.082
E01025121,4.696,4.51
E01025122,6.469,5.222
E01025123,3.243,3.719
E01025124,7.55,6.722
E01025125,2.065,3.299
E01025126,2.6,2.453
E01025127,4.215,3.413
E01025128,4.033,5.736
E01025129,2.974,3.299
E01025130,3.862,4.167
E01025131,4.827,4.401
E01025132,4.032,5.161
E01025133,4.433,4.018
E01025136,9.073,8.377
E01025137,5.123,6.299
E01025138,6.152,5.531
E01025139,8.985,8.94
E01025140,9.967,10.656
E01025141,5.059,2.711
E01025142,4.132,4.459
E01025143,8.909,6.299
E01025144,5.721,5.361
E01025145,2.921,2.662
E01025146,3.283,3.619
E01025147,3.854,4.127
E01025148,4.472,3.958
E01025149,5.201,4.993
E01025150,5.791,4.423
E01025151,7.802,8.308
E01025152,5.692,6.585
E01025153,4.016,5.393
E01025154,14.862,11.633
E01025155,5.008,4.888
E01025156,8.511,7.969
E01025157,10.061,9.959
E01025158,5.094,5.43
E01025159,4.472,2.811
E01025160,3.426,3.391
E01025161,7.302,9.091
E01025162,5.935,5.152
E01025163,5.708,4.091
E01025164,5.5,6.605
E01025165,2.667,3.645
E01025166,5.339,4.396
E01025167,3.12,4.225
E01025168,4.205,5.782
E01025169,5.766,6.457
E01025170,8.398,7.592
E01025171,10.409,11.455
E01025172,7.422,6.838
E01025173,11.402,10.433
E01025174,5.133,4.252
E01025175,6.329,3.962
E01025176,5.495,5.139
E01025177,3.722,3.163
E01025178,3.967,3.193
E01025179,4.65,4.618
E01025180,4.795,3.182
E01025181,12.907,8.814
E01025182,9.141,6.977
E01025183,10.085,8.286
E01025184,7.1,4.861
E01025185,9.435,6.981
E01025186,7.157,5.321
E01025187,8.287,6.543
E01025188,10.482,7.812
E01025189,7.147,6.057
E01025190,5.98,5.568
E01025191,4.466,3.81
E01025192,4.59,5.405
E01025193,7.364,6.657
E01025194,5.018,5.693
E01025195,3.554,4.831
E01025196,7.567,6.337
E01025197,5.369,4.104
E01025198,7.138,6.098
E01025199,4.052,3.344
E01025200,6.496,6.398
E01025201,6.692,7.591
E01025202,3.763,4.14
E01025203,3.803,3.804
E01025204,3.228,3.736
E01025205,4.996,4.827
E01025206,5.882,4.139
E01025207,9.249,8.081
E01025208,11.969,10.0
E01025209,8.007,7.026
E01025210,6.378,5.939
E01025211,4.318,3.533
E01025212,7.347,6.004
E01025213,6.774,5.02
E01025214,4.569,3.957
E01025215,8.646,7.259
E01025216,8.125,6.464
E01025217,9.505,5.353
E01025218,11.023,8.699
E01025219,7.586,6.134
E01025220,9.097,8.795
E01025221,5.699,5.352
E01025222,5.518,4.122
E01025223,10.396,7.921
E01025224,8.545,6.588
E01025225,6.714,4.712
E01025226,9.246,9.249
E01025227,10.144,8.994
E01025228,4.717,4.747
E01025229,7.606,5.337
E01025230,7.904,5.854
E01025231,5.456,5.718
E01025232,4.237,5.809
E01025233,2.632,3.602
E01025234,6.434,5.11
E01025235,6.315,4.874
E01025236,7.285,6.413
E01025237,8.065,8.026
E01025238,8.451,7.23
E01025239,6.533,7.473
E01025240,4.777,4.482
E01025241,4.86,4.443
E01025242,4.218,4.543
E01025243,4.883,4.995
E01025244,6.391,4.963
E01025245,7.36,8.788
E01025246,6.057,5.215
E01025247,5.613,5.81
E01025248,8.735,8.943
E01025249,6.89,6.365
E01025250,6.893,5.282
E01025251,5.489,5.473
E01025252,7.519,8.036
E01025253,1.128,1.354
E01025254,6.332,3.843
E01025255,1.691,2.165
E01025256,4.99,4.227
E01025257,2.675,2.413
E01025258,4.497,4.307
E01025259,3.777,2.571
E01025260,10.067,10.479
E01025261,6.276,4.276
E01025262,10.132,8.813
E01025263,10.667,9.958
E01025264,8.89,8.733
E01025265,5.436,6.447
E01025266,3.328,4.367
E01025267,8.437,8.708
E01025268,10.337,9.492
E01025269,8.486,6.968
E01025270,5.336,3.891
E01025271,7.441,6.697
E01025272,2.208,2.438
E01025273,1.972,2.662
E01025274,5.558,4.447
E01025275,9.136,7.052
E01025276,4.012,4.862
E01025277,4.588,3.687
E01025278,3.46,2.963
E01025279,3.599,3.069
E01025280,2.661,2.838
E01025281,1.733,2.528
E01025282,4.506,3.964
E01025283,8.249,8.802
E01025284,6.814,6.978
E01025285,6.583,7.248
E01025286,11.665,8.819
E01025287,10.417,9.096
E01025288,5.754,5.734
E01025289,6.25,6.078
E01025290,5.8,5.787
E01025291,5.495,6.231
E01025292,3.846,4.605
E01025293,12.167,9.274
E01025294,4.926,5.577
E01025295,10.707,7.723
E01025296,6.41,6.235
E01025297,5.153,5.616
E01025298,6.663,4.994
E01025299,4.164,4.6
E01025300,13.504,10.83
E01025301,2.128,3.477
E01025302,4.523,5.135
E01025303,3.361,4.549
E01025304,6.016,4.615
E01025305,9.202,6.37
E01025306,5.738,5.428
E01025308,3.611,4.135
E01025309,6.466,5.882
E01025310,5.541,6.222
E01025311,4.383,5.41
E01025312,4.205,5.144
E01025313,6.109,5.933
E01025314,3.184,3.215
E01025315,2.476,2.917
E01025316,2.5,3.327
E01025317,3.783,4.384
E01025318,4.434,3.475
E01025319,2.913,2.484
E01025320,2.792,3.27
E01025321,5.775,4.145
E01025322,3.761,3.399
E01025323,4.24,2.016
E01025324,8.128,2.359
E01025325,5.204,5.052
E01025326,3.656,6.161
E01025327,3.106,3.569
E01025328,5.768,4.287
E01025329,6.01,4.804
E01025330,5.961,4.718
E01025331,2.491,2.498
E01025332,4.004,3.263
E01025333,3.218,4.019
E01025334,3.72,3.558
E01025335,9.513,7.921
E01025336,3.747,3.433
E01025337,3.868,4.357
E01025338,4.271,4.61
E01025339,4.248,3.907
E01025340,3.566,3.529
E01025341,2.22,2.749
E01025342,2.315,3.466
E01025343,4.008,4.359
E01025344,4.08,5.675
E01025345,3.175,3.166
E01025346,3.529,3.376
E01025347,4.47,4.655
E01025348,5.339,4.098
E01025349,2.895,3.087
E01025350,3.646,3.41
E01025351,2.801,2.846
E01025352,3.485,2.755
E01025353,3.67,3.263
E01025354,3.343,2.983
E01025355,4.582,3.982
E01025356,8.886,6.689
E01025357,5.379,7.016
E01025358,3.455,3.107
E01025359,5.508,6.574
E01025360,7.223,7.769
E01025361,5.238,3.729
E01025362,5.226,5.692
E01025363,7.63,7.31
E01025364,4.656,3.778
E01025365,4.746,4.831
E01025366,5.716,6.354
E01025367,5.236,4.428
E01025368,7.393,7.265
E01025369,9.593,9.592
E01025370,4.406,4.691
E01025371,7.857,8.943
E01025373,4.741,3.645
E01025374,8.734,7.29
E01025375,3.409,4.06
E01025376,7.493,7.614
E01025377,2.548,2.817
E01025378,3.267,3.207
E01025379,13.727,9.85
E01025380,3.836,3.841
E01025381,7.4,6.289
E01025382,9.814,10.718
E01025383,4.805,3.863
E01025384,7.618,7.027
E01025385,9.12,8.869
E01025387,5.833,3.717
E01025388,6.621,7.587
E01025389,8.523,8.964
E01025390,11.996,11.538
E01025391,6.506,6.21
E01025392,6.068,6.235
E01025393,6.224,6.877
E01025394,7.773,6.494
E01025395,6.134,5.634
E01025396,12.218,10.415
E01025397,6.694,5.0
E01025398,6.686,5.853
E01025399,5.573,6.548
E01025400,5.908,4.834
E01025401,5.503,5.86
E01025402,5.087,3.844
E01025403,2.82,2.012
E01025404,7.113,6.334
E01025405,9.001,7.536
E01025406,6.214,5.846
E01025407,6.513,6.757
E01025408,3.248,4.338
E01025409,4.009,5.499
E01025410,2.941,2.01
E01025411,5.015,4.397
E01025412,6.834,6.52
E01025413,5.386,4.239
E01025414,3.756,3.756
E01025415,5.558,5.817
E01025416,5.746,4.371
E01025417,6.952,4.615
E01025418,4.146,4.135
E01025419,4.881,6.821
E01025420,3.737,3.942
E01025421,3.554,4.208
E01025422,7.687,6.934
E01025423,10.052,11.81
E01025424,2.934,2.711
E01025425,5.38,4.321
E01025426,2.329,2.593
E01025427,8.136,6.767
E01025428,8.88,7.162
E01025429,7.944,6.681
E01025430,3.357,5.071
E01025431,3.784,3.846
E01025433,4.67,4.811
E01025434,4.027,3.034
E01025435,6.724,6.606
E01025436,3.909,3.649
E01025437,3.743,5.225
E01025438,5.838,2.652
E01025439,5.548,4.778
E01025440,4.816,3.812
E01025441,4.83,6.054
E01025442,5.86,7.49
E01025443,6.127,5.408
E01025444,5.471,5.671
E01025445,6.029,6.892
E01025446,5.208,5.618
E01025447,9.281,10.683
E01025448,3.918,5.638
E01025449,3.992,5.642
E01025450,6.178,5.642
E01025451,2.783,3.053
E01025452,7.399,7.356
E01025453,4.505,3.517
E01025454,4.222,4.762
E01025455,4.664,4.478
E01025456,3.483,3.538
E01025457,4.009,4.235
E01025458,5.759,4.231
E01025459,5.185,5.192
E01025460,8.772,8.311
E01025461,3.452,3.027
E01025462,4.685,4.442
E01025463,5.084,5.637
E01025464,3.624,4.05
E01025465,5.546,5.191
E01025466,3.353,4.351
E01025467,4.521,4.008
E01025468,3.442,4.472
E01025469,9.7,9.315
E01025470,3.728,3.04
E01025471,7.4,7.306
E01025472,5.829,3.862
E01025473,8.459,5.44
E01025474,5.506,4.274
E01025475,4.703,4.488
E01025476,8.118,5.957
E01025477,5.107,4.874
E01025478,3.526,3.492
E01025479,5.231,4.638
E01025480,6.306,6.25
E01025481,9.373,7.975
E01025482,9.959,9.994
E01025483,8.016,6.504
E01025484,5.55,4.14
E01025485,4.353,4.603
E01025486,5.649,5.695
E01025487,7.594,4.282
E01025488,3.978,4.505
E01025489,4.114,4.839
E01025490,2.772,2.307
E01025491,3.585,2.869
E01025492,7.076,7.606
E01025493,8.502,7.359
E01025494,9.573,9.77
E01025495,5.396,4.943
E01025496,5.066,6.822
E01025497,3.553,2.514
E01025498,5.741,3.81
E01025499,5.887,4.241
E01025500,5.895,7.478
E01025501,4.582,5.474
E01025502,4.074,3.495
E01025503,6.939,6.241
E01025504,10.404,9.304
E01025505,7.93,8.376
E01025506,4.467,3.852
E01025507,5.967,8.484
E01025508,8.152,6.978
E01025509,8.932,7.375
E01025510,5.641,4.291
E01025511,3.749,2.875
E01025512,4.796,3.356
E01025513,4.392,4.161
E01025514,5.789,5.043
E01025515,7.803,5.956
E01025516,5.459,5.0
E01025517,7.477,5.282
E01025518,7.392,8.221
E01025519,5.524,4.592
E01025520,10.244,8.34
E01025521,7.291,8.142
E01025522,7.343,9.016
E01025523,8.651,6.624
E01025524,11.388,9.392
E01025525,7.077,6.048
E01025526,7.842,8.123
E01025527,8.849,8.554
E01025528,6.395,5.213
E01025529,7.844,5.935
E01025530,4.941,4.062
E01025531,7.748,4.982
E01025532,4.042,3.741
E01025533,5.474,5.716
E01025534,5.314,3.77
E01025535,7.057,5.334
E01025536,7.743,8.196
E01025537,5.526,6.173
E01025538,4.311,3.965
E01025539,6.347,5.199
E01025540,4.413,6.286
E01025541,5.959,4.443
E01025542,5.423,7.532
E01025543,6.523,5.38
E01025544,9.416,10.327
E01025545,5.005,5.911
E01025546,5.118,7.368
E01025547,3.981,3.264
E01025548,8.936,6.899
E01025549,5.214,4.946
E01025550,6.124,5.511
E01025551,3.56,4.655
E01025552,3.663,3.716
E01025553,3.547,3.347
E01025554,11.757,10.691
E01025555,11.038,9.345
E01025556,8.443,6.775
E01025557,6.061,5.786
E01025558,6.327,6.273
E01025559,4.58,5.273
E01025560,6.636,6.197
E01025561,3.875,3.34
E01025562,5.118,5.303
E01025563,11.199,7.54
E01025564,6.957,5.928
E01025565,7.537,5.986
E01025566,4.834,4.069
E01025567,10.132,7.683
E01025568,6.115,5.488
E01025569,5.363,5.338
E01025570,12.52,13.284
E01025571,8.209,7.298
E01025572,9.852,9.596
E01025573,6.048,5.572
E01025574,9.785,11.972
E01025575,13.131,10.194
E01025576,6.532,5.274
E01025577,8.939,8.163
E01025578,9.915,9.659
E01025579,8.393,8.0
E01025580,5.71,5.892
E01025581,7.98,7.269
E01025582,9.88,11.364
E01025583,10.396,11.592
E01025584,11.733,15.946
E01025585,6.324,5.668
E01025586,7.589,8.283
E01025587,8.675,8.404
E01025588,13.921,10.904
E01025589,5.399,5.21
E01025590,10.025,11.822
E01025591,10.696,8.931
E01025592,9.973,11.646
E01025593,7.163,7.307
E01025594,7.976,8.435
E01025595,6.103,5.965
E01025596,4.278,5.178
E01025597,4.836,6.78
E01025598,6.198,7.027
E01025599,6.357,5.911
E01025600,4.115,3.746
E01025601,7.24,6.648
E01025602,4.645,5.679
E01025603,7.59,7.637
E01025604,8.178,7.556
E01025605,5.866,7.102
E01025606,8.903,8.85
E01025607,6.739,6.355
E01025608,7.486,5.188
E01025609,5.405,4.668
E01025610,5.499,4.34
E01025611,3.721,4.505
E01025612,5.158,5.612
E01025613,4.752,5.16
E01025614,3.373,3.717
E01025615,1.998,2.681
E01025616,3.045,2.55
E01025617,4.068,3.651
E01025618,5.282,4.771
E01025619,4.565,4.225
E01025620,4.74,5.441
E01025621,4.091,3.002
E01025622,4.658,4.51
E01025623,3.677,5.251
E01025624,2.614,2.848
E01025625,5.533,7.289
E01025626,4.944,2.4
E01025627,5.613,4.778
E01025629,6.034,6.29
E01025630,4.609,3.802
E01025631,3.795,3.191
E01025632,1.03,1.536
E01025633,4.366,3.85
E01025634,3.696,5.894
E01025635,5.906,3.956
E01025636,6.562,4.808
E01025637,4.885,5.397
E01025638,3.814,3.537
E01025639,4.18,4.7
E01025640,3.88,4.486
E01025641,3.398,4.071
E01025642,3.709,3.848
E01025643,2.76,3.133
E01025644,3.738,3.775
E01025645,3.057,4.318
E01025646,5.706,5.948
E01025647,4.981,5.157
E01025648,1.99,3.11
E01025649,3.051,3.196
E01025650,2.414,2.917
E01025651,2.959,3.539
E01025652,3.643,3.829
E01025653,5.038,4.641
E01025654,4.646,4.234
E01025655,5.602,5.731
E01025656,4.854,4.801
E01025657,5.481,6.466
E01025658,3.792,3.991
E01025659,5.357,5.431
E01025660,3.814,3.411
E01025661,2.721,2.701
E01025662,6.124,4.15
E01025663,4.178,4.807
E01025664,3.344,4.433
E01025665,4.867,3.706
E01025666,6.344,6.735
E01025667,6.356,5.768
E01025668,2.501,2.448
E01025669,1.523,2.272
E01025670,4.954,4.788
E01025671,2.599,2.837
E01025672,4.178,3.177
E01025673,5.444,4.91
E01025674,6.286,5.307
E01025675,4.443,3.911
E01025676,2.164,2.574
E01025677,6.411,6.135
E01025678,2.594,3.312
E01025679,3.279,3.149
E01025680,3.541,3.323
E01025681,4.008,5.041
E01025682,4.873,5.656
E01025683,4.564,4.921
E01025684,3.621,3.276
E01025685,6.543,3.878
E01025686,2.808,2.413
E01025687,2.984,3.512
E01025688,2.382,3.68
E01025689,4.119,3.982
E01025690,1.98,2.826
E01025692,3.457,2.927
E01025693,4.18,4.377
E01025695,2.949,3.571
E01025696,3.566,2.914
E01025697,11.046,10.967
E01025698,3.361,3.671
E01025699,12.117,10.159
E01025700,5.543,5.436
E01025701,5.994,7.042
E01025702,4.309,4.87
E01025703,7.05,5.993
E01025704,4.92,6.347
E01025705,3.79,3.38
E01025706,6.513,6.685
E01025707,2.396,2.309
E01025708,2.767,3.58
E01025709,1.429,1.83
E01025710,4.077,4.062
E01025711,2.988,3.772
E01025712,4.361,4.461
E01025713,3.882,2.616
E01025714,1.317,2.133
E01025715,4.928,7.286
E01025716,5.038,6.024
E01025717,4.0,3.834
E01025718,5.857,5.616
E01025719,3.399,3.378
E01025720,2.251,2.624
E01025721,4.408,4.517
E01025722,6.433,7.077
E01025723,3.105,3.072
E01025724,2.866,3.261
E01025725,10.258,10.256
E01025726,2.043,2.994
E01025727,4.795,6.789
E01025728,3.409,3.907
E01025729,2.107,2.642
E01025730,3.562,2.316
E01025731,4.967,4.115
E01025732,3.801,3.723
E01025733,4.206,4.011
E01025734,2.625,3.283
E01025735,4.431,3.89
E01025736,4.161,3.081
E01025737,2.466,2.512
E01025738,2.751,2.023
E01025739,4.633,3.289
E01025740,3.669,5.144
E01025741,2.592,3.897
E01025742,9.169,5.493
E01025743,4.563,3.599
E01025744,2.823,2.939
E01025745,6.154,5.602
E01025746,5.1,4.733
E01025747,4.948,5.5
E01025748,3.716,4.563
E01025749,5.201,5.28
E01025750,3.026,3.912
E01025751,3.258,3.568
E01025752,3.115,4.504
E01025753,7.237,7.087
E01025754,3.543,4.153
E01025755,4.548,4.719
E01025756,3.273,4.07
E01025757,2.961,3.389
E01025758,3.062,4.338
E01025759,5.776,5.714
E01025760,3.044,3.091
E01025761,2.212,2.533
E01025762,4.651,5.756
E01025763,6.88,6.694
E01025764,4.731,4.416
E01025765,6.172,5.832
E01025766,5.761,6.056
E01025767,5.726,5.341
E01025768,3.264,3.744
E01025769,3.011,3.263
E01025770,2.738,2.728
E01025771,2.972,2.952
E01025772,2.022,2.385
E01025773,1.389,2.725
E01025774,1.807,1.914
E01025775,3.95,4.864
E01025776,3.393,3.454
E01025777,2.227,2.178
E01025778,3.84,3.474
E01025779,2.859,3.003
E01025780,3.153,4.141
E01025781,2.354,3.49
E01025782,4.221,3.413
E01025783,2.63,2.374
E01025784,2.388,2.774
E01025785,2.69,3.081
E01025786,3.894,3.281
E01025787,3.367,5.254
E01025788,5.776,4.315
E01025789,5.584,6.299
E01025790,3.479,2.985
E01025791,5.164,4.008
E01025792,5.66,5.931
E01025793,3.758,3.858
E01025794,2.845,2.788
E01025795,3.889,4.87
E01025796,5.501,6.123
E01025797,3.021,2.439
E01025798,3.741,4.538
E01025799,1.217,2.19
E01025800,2.253,4.146
E01025801,7.407,8.017
E01025802,4.286,5.06
E01025803,2.121,2.143
E01025804,5.003,4.196
E01025805,3.687,2.881
E01025806,6.588,8.504
E01025807,2.496,2.738
E01025808,3.286,2.45
E01025809,3.38,4.249
E01025810,2.811,2.852
E01025812,4.28,4.41
E01025813,3.117,3.817
E01025814,2.231,3.339
E01025815,2.266,3.185
E01025816,4.472,4.617
E01025817,3.969,3.548
E01025818,4.899,4.178
E01025819,5.394,5.47
E01025820,2.562,3.732
E01025821,4.537,5.552
E01025822,8.216,8.024
E01025823,5.996,5.843
E01025824,6.447,7.133
E01025825,4.814,4.594
E01025826,4.193,4.549
E01025827,7.457,7.259
E01025828,3.451,3.826
E01025829,7.906,8.769
E01025830,4.248,5.236
E01025831,2.554,3.933
E01025832,2.587,2.837
E01025833,3.794,3.604
E01025834,2.004,2.608
E01025835,4.416,3.421
E01025836,4.247,4.685
E01025837,2.981,3.22
E01025838,7.099,5.563
E01025839,4.432,5.033
E01025840,5.221,5.191
E01025841,4.353,3.463
E01025842,4.033,6.098
E01025843,5.394,6.874
E01025844,6.21,7.555
E01025845,2.567,4.049
E01025846,2.76,2.819
E01025847,1.99,3.014
E01025848,5.026,4.514
E01025849,6.185,4.683
E01025850,6.443,5.733
E01025851,3.547,3.603
E01025852,5.348,5.221
E01025853,2.939,3.485
E01025854,3.831,3.285
E01025855,4.255,3.704
E01025856,10.329,8.183
E01025857,3.097,3.448
E01025858,4.806,4.76
E01025859,3.896,3.61
E01025860,2.519,3.37
E01025861,4.446,3.973
E01025862,3.722,4.507
E01025863,5.043,4.554
E01025864,2.451,4.223
E01025865,5.606,5.326
E01025866,7.098,6.976
E01025867,3.788,5.801
E01025868,6.545,6.099
E01025869,4.871,6.141
E01025870,5.739,4.304
E01025871,4.481,4.345
E01025872,4.15,4.201
E01025873,4.22,3.477
E01025874,6.637,5.311
E01025875,6.588,5.921
E01025876,5.263,6.082
E01025877,3.135,3.88
E01025878,3.916,3.464
E01025879,6.18,6.567
E01025880,1.693,3.591
E01025881,5.39,5.263
E01025882,4.414,4.443
E01025883,3.635,3.413
E01025884,4.657,5.156
E01025885,2.403,2.434
E01025886,5.296,5.526
E01025887,3.993,4.675
E01025888,2.534,2.386
E01025889,3.091,3.586
E01025890,4.585,4.393
E01025891,2.439,2.92
E01025892,1.88,3.236
E01025893,3.435,3.84
E01025894,6.83,7.134
E01025895,3.096,3.275
E01025896,3.325,3.686
E01025897,4.32,3.754
E01025898,3.281,4.597
E01025899,3.117,2.896
E01025900,4.536,6.081
E01025901,4.128,4.191
E01025902,2.774,4.215
E01025903,3.086,3.244
E01025904,2.616,2.907
E01025905,5.211,5.192
E01025906,2.685,2.102
E01025907,4.941,7.209
E01025908,3.831,2.682
E01025909,3.981,3.757
E01025910,3.303,3.311
E01025911,3.937,4.518
E01025912,2.749,3.967
E01025913,3.552,2.754
E01025914,2.453,2.483
E01025915,3.635,4.738
E01025916,4.152,2.95
E01025917,2.4,2.553
E01025918,6.863,7.032
E01025919,8.224,4.977
E01025920,5.545,5.799
E01025921,5.864,5.385
E01025923,4.453,4.305
E01025924,4.859,3.367
E01025925,6.514,7.071
E01025926,4.122,2.751
E01025927,6.733,5.949
E01025928,2.951,3.564
E01025929,4.709,4.708
E01025930,4.653,7.541
E01025931,5.363,5.233
E01025932,8.719,10.177
E01025933,6.324,6.024
E01025934,6.378,6.972
E01025935,6.229,5.938
E01025936,7.171,7.843
E01025937,5.431,3.527
E01025938,5.973,6.478
E01025939,4.225,4.045
E01025940,5.927,5.707
E01025941,5.489,4.119
E01025942,3.199,3.107
E01025943,7.861,7.709
E01025944,3.111,2.582
E01025945,5.088,3.014
E01025946,6.008,4.109
E01025947,5.336,4.589
E01025948,3.226,4.622
E01025949,7.467,8.344
E01025950,7.13,5.693
E01025951,3.018,3.667
E01025952,6.207,5.875
E01025953,6.155,5.744
E01025954,4.156,4.016
E01025955,3.141,3.005
E01025956,6.678,4.27
E01025957,5.164,5.208
E01025958,3.946,3.771
E01025959,5.388,3.646
E01025960,5.024,4.712
E01025961,5.635,5.99
E01025962,6.897,5.934
E01025963,4.096,3.883
E01025964,3.692,3.234
E01025965,6.22,5.189
E01025966,6.872,5.974
E01025967,5.907,6.242
E01025968,3.402,4.162
E01025969,5.058,6.635
E01025970,3.89,3.458
E01025971,5.288,5.546
E01025972,5.887,4.443
E01025973,2.841,2.701
E01025974,2.5,3.279
E01025975,3.127,3.662
E01025976,8.168,7.619
E01025977,5.922,5.404
E01025978,5.545,5.206
E01025979,4.286,3.165
E01025980,4.718,4.81
E01025981,3.51,4.264
E01025982,1.861,2.387
E01025983,2.773,3.589
E01025984,3.174,3.546
E01025985,6.326,6.752
E01025986,8.654,6.262
E01025987,4.839,5.579
E01025988,5.424,4.9
E01025989,6.083,5.314
E01025990,4.216,5.513
E01025991,4.203,4.972
E01025992,11.026,8.96
E01025993,5.19,4.933
E01025994,6.706,5.514
E01025995,4.816,3.711
E01025997,6.297,7.955
E01025998,2.314,2.948
E01025999,4.067,4.558
E01026000,3.331,4.508
E01026001,3.698,3.785
E01026003,4.192,5.583
E01026004,4.159,3.995
E01026005,9.117,7.37
E01026006,4.066,3.907
E01026007,5.154,5.546
E01026008,7.457,8.655
E01026009,6.147,7.195
E01026010,7.848,8.052
E01026011,6.288,5.606
E01026012,8.174,8.684
E01026013,5.671,5.448
E01026014,6.636,5.039
E01026015,3.288,3.28
E01026016,6.315,7.301
E01026017,7.893,7.941
E01026018,6.523,5.663
E01026019,6.79,6.375
E01026020,4.722,4.531
E01026021,4.368,4.668
E01026022,3.945,5.553
E01026023,8.59,6.696
E01026024,6.479,7.095
E01026025,4.583,4.863
E01026026,7.984,7.237
E01026027,5.035,4.173
E01026028,6.546,6.776
E01026029,5.885,4.74
E01026030,8.045,8.384
E01026031,7.756,5.728
E01026032,4.727,4.52
E01026033,6.14,5.651
E01026034,5.711,6.401
E01026035,4.702,3.539
E01026036,5.59,5.303
E01026037,6.657,5.405
E01026038,3.742,4.517
E01026039,5.695,4.69
E01026040,4.549,4.623
E01026041,7.0,7.598
E01026042,6.667,9.811
E01026043,7.829,6.681
E01026044,7.98,8.364
E01026045,6.991,7.177
E01026046,8.414,7.859
E01026047,10.259,6.482
E01026048,13.843,14.339
E01026049,12.982,10.896
E01026050,13.242,13.514
E01026051,5.145,5.54
E01026052,6.217,5.511
E01026053,3.82,4.108
E01026054,5.831,7.678
E01026055,9.49,7.024
E01026056,7.003,6.829
E01026057,7.031,6.036
E01026058,4.86,6.315
E01026059,7.496,7.629
E01026060,5.98,7.591
E01026061,3.83,4.541
E01026062,4.727,4.961
E01026063,5.146,4.247
E01026064,7.629,6.526
E01026065,7.159,6.67
E01026066,5.233,6.046
E01026067,6.283,8.452
E01026068,6.075,6.375
E01026069,11.706,13.316
E01026070,6.187,4.916
E01026071,5.827,5.793
E01026072,15.381,13.605
E01026073,14.165,13.806
E01026074,16.174,13.293
E01026075,6.5,8.158
E01026076,6.016,6.355
E01026077,6.09,6.693
E01026078,8.414,7.516
E01026079,7.947,7.423
E01026080,5.484,4.458
E01026081,5.021,6.441
E01026082,7.004,7.191
E01026083,12.712,13.873
E01026084,8.511,8.77
E01026085,11.95,9.494
E01026087,7.861,6.032
E01026088,6.682,8.381
E01026089,4.539,4.741
E01026090,7.807,8.789
E01026091,3.704,6.005
E01026092,8.805,8.162
E01026093,8.845,9.658
E01026094,10.192,11.288
E01026095,9.528,10.805
E01026096,4.563,4.714
E01026097,12.76,11.706
E01026098,5.255,6.296
E01026099,9.487,9.364
E01026100,4.882,4.731
E01026101,11.164,8.921
E01026102,6.788,8.106
E01026103,16.675,14.604
E01026104,12.384,10.065
E01026105,7.24,6.006
E01026106,6.281,5.242
E01026107,3.187,5.219
E01026108,7.987,8.771
E01026109,15.377,14.645
E01026110,8.409,8.919
E01026111,9.405,10.74
E01026112,11.849,10.304
E01026113,8.239,8.295
E01026114,8.704,9.62
E01026115,13.846,13.267
E01026116,6.765,8.417
E01026117,7.941,8.058
E01026118,5.513,5.753
E01026119,5.928,6.345
E01026120,6.842,6.484
E01026121,7.979,7.217
E01026122,2.963,3.382
E01026123,4.496,6.434
E01026124,3.667,4.741
E01026125,5.563,6.957
E01026126,9.356,9.536
E01026127,6.71,7.579
E01026128,3.893,4.222
E01026129,7.962,9.034
E01026130,4.819,5.0
E01026131,5.76,7.997
E01026132,2.903,2.949
E01026133,3.002,3.521
E01026134,7.567,5.489
E01026135,4.164,5.752
E01026136,3.766,4.35
E01026137,2.612,3.704
E01026138,4.057,3.736
E01026139,3.644,3.446
E01026140,5.159,5.614
E01026141,4.564,4.061
E01026142,5.91,6.911
E01026143,2.35,1.897
E01026144,3.526,3.002
E01026145,3.272,2.938
E01026146,5.01,6.324
E01026147,3.477,2.854
E01026148,5.037,5.096
E01026149,7.909,8.099
E01026150,10.041,10.204
E01026151,4.126,5.233
E01026152,7.259,9.015
E01026153,6.151,4.766
E01026154,6.25,5.903
E01026155,4.035,3.9
E01026156,5.542,6.178
E01026157,8.5,9.007
E01026158,5.79,5.775
E01026159,5.902,4.57
E01026160,3.994,4.282
E01026161,7.815,9.827
E01026162,6.869,5.274
E01026163,3.157,5.167
E01026164,4.589,4.914
E01026165,7.922,7.533
E01026166,6.317,7.441
E01026167,3.889,5.085
E01026168,8.228,8.353
E01026169,6.388,7.416
E01026170,8.006,6.336
E01026171,5.825,4.805
E01026172,6.325,6.659
E01026173,8.835,7.263
E01026174,3.653,5.211
E01026175,7.789,5.438
E01026176,7.057,6.623
E01026177,3.981,3.317
E01026178,4.91,5.68
E01026179,3.456,2.268
E01026180,6.216,5.46
E01026182,4.491,4.503
E01026183,8.324,8.069
E01026184,2.03,1.838
E01026185,9.0,6.118
E01026186,3.278,4.842
E01026187,2.329,3.18
E01026188,6.227,5.898
E01026189,4.732,3.397
E01026190,5.902,6.362
E01026191,4.026,3.314
E01026192,4.849,4.274
E01026193,4.587,4.91
E01026194,4.505,4.708
E01026195,3.731,4.27
E01026196,5.086,3.659
E01026197,5.248,5.177
E01026198,1.375,1.698
E01026199,4.762,4.596
E01026200,4.534,5.061
E01026201,6.25,5.58
E01026202,8.058,7.005
E01026203,4.127,4.555
E01026204,4.625,4.956
E01026205,6.708,6.391
E01026206,3.594,2.968
E01026207,8.388,7.608
E01026208,4.174,4.598
E01026209,5.924,6.686
E01026210,6.944,6.386
E01026211,3.848,4.024
E01026212,4.119,3.813
E01026213,7.561,8.77
E01026214,4.062,4.442
E01026215,3.354,3.158
E01026218,6.609,6.8
E01026219,5.078,5.36
E01026220,7.152,6.186
E01026221,4.733,5.742
E01026222,6.13,5.107
E01026223,5.744,5.856
E01026224,8.019,6.23
E01026225,3.051,3.667
E01026226,7.854,6.767
E01026227,7.615,7.786
E01026228,2.821,3.454
E01026229,2.787,5.327
E01026230,7.23,6.174
E01026231,3.043,3.416
E01026232,6.447,8.009
E01026233,3.436,2.81
E01026234,2.63,2.861
E01026235,8.532,8.523
E01026236,6.045,7.068
E01026237,5.33,4.682
E01026238,3.946,4.299
E01026239,5.692,4.153
E01026240,5.415,5.509
E01026241,4.284,4.357
E01026242,5.17,4.668
E01026243,5.843,6.148
E01026244,6.871,6.072
E01026245,7.678,7.288
E01026246,7.656,6.747
E01026247,8.407,7.044
E01026248,6.828,7.37
E01026249,6.467,6.567
E01026250,5.481,5.701
E01026251,5.944,5.399
E01026252,6.893,7.376
E01026253,7.88,7.497
E01026254,9.628,7.892
E01026255,7.759,7.623
E01026256,7.38,8.257
E01026257,7.317,6.01
E01026258,4.455,3.512
E01026259,6.075,5.476
E01026260,6.325,5.753
E01026262,4.483,4.573
E01026263,3.761,2.716
E01026264,4.916,4.303
E01026265,9.031,10.556
E01026266,4.745,3.429
E01026267,4.713,4.097
E01026268,5.784,6.237
E01026269,4.566,5.37
E01026270,5.521,5.125
E01026271,7.589,7.901
E01026272,5.493,4.703
E01026273,5.569,4.195
E01026274,2.795,2.996
E01026275,4.133,5.49
E01026276,6.121,4.503
E01026277,8.419,8.367
E01026278,7.605,6.113
E01026279,8.743,6.798
E01026280,7.365,6.59
E01026281,4.48,4.271
E01026282,6.218,6.126
E01026283,5.041,5.122
E01026284,5.506,4.994
E01026285,7.158,5.911
E01026286,5.106,6.752
E01026287,5.801,6.551
E01026288,5.208,5.773
E01026289,3.099,3.568
E01026290,5.492,4.862
E01026291,5.584,5.341
E01026292,5.204,4.351
E01026293,2.917,4.51
E01026294,2.721,2.686
E01026296,5.036,6.019
E01026297,6.459,8.119
E01026298,7.544,6.455
E01026299,5.313,5.791
E01026300,4.222,4.055
E01026301,8.032,2.911
E01026302,2.306,3.147
E01026303,2.154,2.224
E01026304,3.095,3.434
E01026305,1.675,2.599
E01026306,6.87,6.266
E01026307,2.329,3.304
E01026308,6.671,4.985
E01026309,4.659,4.765
E01026310,5.182,6.202
E01026311,7.025,6.804
E01026312,6.104,6.487
E01026313,4.622,3.989
E01026314,4.328,5.428
E01026315,4.367,4.814
E01026316,4.22,4.784
E01026317,3.589,5.004
E01026318,4.309,4.539
E01026319,4.55,4.16
E01026320,8.357,3.346
E01026321,5.666,2.511
E01026322,4.891,4.996
E01026323,7.546,5.491
E01026324,3.078,3.867
E01026325,7.327,9.238
E01026326,6.355,5.792
E01026327,6.811,8.411
E01026328,8.979,7.814
E01026329,5.352,4.984
E01026330,3.758,3.021
E01026331,4.62,5.066
E01026332,4.002,4.554
E01026333,3.807,3.967
E01026334,3.657,3.646
E01026335,5.981,6.541
E01026336,5.668,6.054
E01026337,4.824,4.22
E01026338,5.012,4.597
E01026339,5.882,5.369
E01026340,7.182,6.998
E01026341,5.477,7.04
E01026342,2.467,3.196
E01026343,6.084,5.232
E01026344,3.659,4.292
E01026345,7.487,5.941
E01026346,2.536,4.661
E01026347,6.457,7.061
E01026348,3.986,4.864
E01026349,4.54,5.28
E01026350,4.935,5.041
E01026351,4.203,4.73
E01026352,4.921,5.445
E01026353,8.66,7.982
E01026354,2.939,3.384
E01026355,4.49,4.022
E01026356,1.435,1.865
E01026357,2.454,2.832
E01026358,2.604,3.095
E01026359,2.814,2.238
E01026360,3.762,4.254
E01026361,5.583,6.281
E01026362,3.129,2.32
E01026363,2.874,4.737
E01026364,3.062,4.339
E01026365,5.717,5.259
E01026366,6.466,6.944
E01026367,7.252,7.567
E01026368,4.206,4.476
E01026369,7.573,5.826
E01026370,4.685,4.644
E01026371,4.785,4.996
E01026372,3.774,4.113
E01026373,5.657,6.104
E01026374,7.177,7.859
E01026375,6.877,7.331
E01026376,7.436,9.214
E01026377,6.879,6.013
E01026378,4.935,8.111
E01026379,4.504,5.703
E01026380,4.148,3.712
E01026381,8.497,8.842
E01026382,7.387,8.084
E01026383,6.835,12.0
E01026384,7.527,8.073
E01026385,5.719,5.757
E01026386,6.555,5.953
E01026387,4.58,5.007
E01026388,4.393,4.726
E01026389,6.365,9.187
E01026390,8.099,8.7
E01026391,4.217,3.391
E01026392,4.668,4.595
E01026393,4.342,4.625
E01026394,3.7,2.932
E01026395,3.458,4.045
E01026396,4.15,4.368
E01026397,4.453,2.558
E01026398,5.44,6.294
E01026399,4.672,4.74
E01026400,2.792,3.006
E01026401,5.323,4.348
E01026402,4.219,4.645
E01026403,6.392,7.153
E01026404,5.221,5.115
E01026405,3.261,3.084
E01026406,3.233,2.607
E01026407,5.495,6.788
E01026408,6.491,6.633
E01026409,5.394,4.85
E01026410,7.09,7.844
E01026411,4.405,5.353
E01026412,5.509,5.41
E01026413,3.069,3.411
E01026414,5.991,4.38
E01026415,7.758,7.149
E01026416,6.508,5.771
E01026419,4.187,4.398
E01026420,4.505,3.949
E01026421,4.509,4.358
E01026422,6.321,3.9
E01026423,4.851,5.352
E01026424,6.015,6.23
E01026425,7.661,7.371
E01026426,5.396,7.109
E01026427,4.504,5.531
E01026428,4.46,5.442
E01026429,6.154,7.118
E01026430,4.629,4.817
E01026431,7.821,7.922
E01026432,5.85,3.453
E01026433,4.082,5.32
E01026434,5.178,5.067
E01026435,4.282,5.27
E01026436,5.529,4.862
E01026437,6.864,5.6
E01026438,5.258,5.434
E01026439,4.566,3.789
E01026440,2.687,2.857
E01026441,7.098,7.209
E01026442,6.472,6.766
E01026443,5.398,5.278
E01026444,5.763,5.238
E01026445,6.622,6.984
E01026446,7.02,7.323
E01026447,8.074,6.939
E01026448,2.355,3.629
E01026449,4.645,5.925
E01026450,4.216,4.173
E01026451,6.223,5.486
E01026452,4.725,5.611
E01026453,8.512,6.379
E01026454,2.998,2.745
E01026455,9.048,6.806
E01026456,7.186,7.119
E01026457,7.862,6.43
E01026458,6.676,5.957
E01026459,8.533,7.742
E01026461,7.186,4.094
E01026462,4.643,6.603
E01026464,4.265,5.792
E01026465,6.737,6.876
E01026466,5.016,5.816
E01026467,7.227,6.096
E01026468,8.681,6.42
E01026469,3.788,4.24
E01026470,2.357,1.888
E01026471,2.661,2.9
E01026472,3.151,5.0
E01026473,3.189,4.074
E01026474,4.731,4.356
E01026475,4.827,4.839
E01026476,5.791,5.917
E01026477,7.395,6.667
E01026478,8.289,7.502
E01026479,4.97,4.524
E01026480,4.58,3.371
E01026481,5.619,8.11
E01026483,5.954,6.093
E01026484,4.449,3.917
E01026485,4.04,4.605
E01026486,6.136,5.527
E01026487,3.147,4.657
E01026488,9.068,8.489
E01026489,6.473,5.518
E01026490,5.74,5.675
E01026491,3.911,4.553
E01026492,5.809,7.137
E01026493,6.57,5.56
E01026494,4.167,3.925
E01026495,7.382,7.059
E01026496,6.147,5.625
E01026497,3.817,4.72
E01026498,5.822,6.863
E01026499,7.434,7.311
E01026500,4.233,4.836
E01026501,6.036,4.822
E01026502,3.445,4.169
E01026503,3.816,3.944
E01026504,4.7,5.488
E01026505,6.487,6.383
E01026506,4.389,4.406
E01026507,2.721,3.564
E01026508,4.659,6.49
E01026509,3.955,4.106
E01026510,7.231,5.239
E01026511,4.119,5.612
E01026512,6.322,6.153
E01026513,3.418,3.473
E01026514,3.523,3.614
E01026515,4.898,4.296
E01026516,6.09,5.307
E01026517,4.795,5.296
E01026518,1.577,3.668
E01026519,3.046,3.695
E01026520,6.637,5.287
E01026521,8.569,4.889
E01026522,4.384,4.285
E01026523,3.706,4.926
E01026524,4.019,5.055
E01026525,3.745,4.462
E01026526,5.911,6.886
E01026527,4.47,5.644
E01026528,7.205,7.317
E01026529,4.987,4.262
E01026530,4.868,5.0
E01026531,4.711,4.396
E01026532,5.438,5.018
E01026533,4.538,3.566
E01026534,3.356,4.257
E01026535,3.883,3.841
E01026536,4.312,3.318
E01026537,5.905,2.759
E01026538,5.867,5.659
E01026539,5.009,4.844
E01026540,3.809,4.269
E01026541,5.519,5.453
E01026542,3.656,3.743
E01026543,4.219,3.888
E01026544,2.905,3.897
E01026545,3.98,3.517
E01026546,3.129,2.915
E01026547,4.933,5.523
E01026548,3.643,3.507
E01026549,5.684,6.25
E01026550,2.653,2.035
E01026551,4.545,5.57
E01026552,3.931,3.849
E01026553,5.407,6.278
E01026554,4.979,4.253
E01026555,4.967,4.664
E01026556,4.996,3.678
E01026557,5.382,4.985
E01026558,4.232,4.469
E01026559,4.395,3.591
E01026560,6.119,5.335
E01026561,5.908,3.647
E01026562,5.037,3.255
E01026563,2.837,3.2
E01026564,9.626,6.601
E01026565,2.918,3.028
E01026566,3.302,4.841
E01026567,4.396,5.436
E01026568,2.969,3.016
E01026569,6.727,6.155
E01026570,4.828,3.767
E01026571,4.016,4.024
E01026572,4.121,3.379
E01026573,6.642,6.124
E01026574,2.71,1.65
E01026575,5.472,5.882
E01026576,2.336,1.798
E01026577,4.078,4.985
E01026578,4.31,5.128
E01026579,3.701,4.687
E01026580,7.518,5.622
E01026581,3.381,3.514
E01026582,5.057,6.029
E01026583,9.563,8.276
E01026584,5.08,5.381
E01026585,7.632,9.103
E01026586,9.542,9.103
E01026587,4.691,2.653
E01026588,6.055,6.488
E01026589,7.444,7.393
E01026590,6.802,6.19
E01026591,8.481,7.143
E01026592,8.144,9.424
E01026593,7.002,5.669
E01026594,5.789,6.257
E01026595,9.543,9.101
E01026596,6.564,6.392
E01026597,9.989,9.323
E01026598,8.1,7.725
E01026599,7.332,7.078
E01026600,7.109,8.038
E01026601,6.376,7.752
E01026602,9.656,7.458
E01026603,9.976,10.545
E01026604,11.414,11.839
E01026605,7.381,9.582
E01026606,9.19,6.936
E01026607,8.276,6.998
E01026608,5.569,4.819
E01026609,4.021,5.241
E01026610,4.305,4.421
E01026611,6.147,7.17
E01026612,5.995,5.216
E01026613,4.861,5.313
E01026614,7.303,8.885
E01026615,5.387,6.444
E01026616,4.323,5.877
E01026617,8.301,8.551
E01026618,6.219,6.152
E01026619,10.013,9.247
E01026620,9.54,10.48
E01026621,6.401,6.001
E01026622,8.404,9.853
E01026623,7.328,8.492
E01026624,8.621,9.696
E01026625,10.139,10.59
E01026626,7.038,9.052
E01026627,6.556,6.264
E01026628,6.953,6.247
E01026629,6.296,5.433
E01026630,5.527,6.549
E01026631,5.763,6.016
E01026632,6.205,7.401
E01026633,6.126,5.672
E01026634,6.61,7.566
E01026635,6.88,7.571
E01026636,6.327,7.221
E01026637,5.282,6.515
E01026638,5.634,5.893
E01026639,6.978,6.645
E01026640,9.258,9.091
E01026641,8.759,8.73
E01026642,5.456,6.685
E01026643,7.0,6.421
E01026644,1.108,1.143
E01026645,5.491,5.314
E01026646,5.893,6.364
E01026647,7.416,6.652
E01026648,6.308,5.136
E01026649,6.513,6.852
E01026650,3.408,2.208
E01026651,5.274,5.687
E01026652,5.589,6.128
E01026653,6.667,5.839
E01026654,8.617,7.593
E01026655,6.468,4.728
E01026656,6.763,5.781
E01026659,6.425,7.223
E01026660,6.614,6.918
E01026661,6.351,6.973
E01026662,6.041,5.592
E01026663,5.24,5.651
E01026664,3.497,4.47
E01026665,5.536,5.567
E01026666,8.351,8.854
E01026667,5.055,5.578
E01026668,4.909,3.602
E01026669,5.357,4.302
E01026670,8.005,6.799
E01026671,3.056,4.29
E01026672,5.09,4.887
E01026673,3.523,3.958
E01026674,5.103,5.511
E01026675,4.016,5.816
E01026676,7.449,7.862
E01026677,7.846,7.629
E01026678,6.569,7.672
E01026679,4.898,5.505
E01026680,11.874,10.056
E01026681,6.388,6.038
E01026682,9.539,9.686
E01026683,6.327,5.725
E01026684,6.782,6.08
E01026685,6.975,5.565
E01026686,6.891,4.643
E01026687,10.095,10.092
E01026688,7.071,6.722
E01026689,5.18,5.056
E01026690,9.213,7.656
E01026691,4.6,5.868
E01026692,2.439,3.684
E01026693,5.191,5.861
E01026694,6.006,5.849
E01026695,5.921,5.105
E01026696,7.776,7.482
E01026697,7.632,5.181
E01026698,8.564,8.12
E01026699,9.834,8.333
E01026700,6.259,6.353
E01026701,7.12,6.272
E01026702,7.656,5.697
E01026703,5.322,6.052
E01026704,7.276,5.829
E01026705,5.143,4.563
E01026706,4.974,4.161
E01026707,8.802,8.056
E01026708,3.838,4.058
E01026709,3.446,3.794
E01026710,5.365,4.849
E01026711,8.081,7.514
E01026712,6.223,5.479
E01026713,5.465,7.434
E01026714,2.911,3.139
E01026715,6.685,5.621
E01026716,8.498,7.081
E01026717,6.319,5.767
E01026718,5.319,5.841
E01026719,6.934,7.103
E01026720,6.42,5.946
E01026721,5.923,6.356
E01026722,4.603,5.438
E01026723,4.324,4.467
E01026724,7.748,6.358
E01026725,5.793,5.786
E01026726,6.518,6.108
E01026727,5.312,5.457
E01026728,7.469,6.174
E01026729,4.947,5.429
E01026730,5.043,6.24
E01026731,7.062,5.14
E01026732,4.789,5.14
E01026733,4.866,5.325
E01026734,7.765,6.48
E01026735,7.673,6.963
E01026736,7.674,9.583
E01026737,4.735,3.762
E01026738,6.067,6.557
E01026739,4.941,5.123
E01026740,6.454,5.84
E01026741,6.6,6.916
E01026742,4.687,4.059
E01026743,8.606,7.478
E01026744,7.033,6.919
E01026745,5.458,5.238
E01026746,3.862,3.96
E01026747,6.396,6.712
E01026748,5.524,5.316
E01026749,7.152,7.047
E01026750,8.731,10.0
E01026751,7.168,7.083
E01026752,7.258,7.57
E01026753,8.635,9.536
E01026754,5.166,4.139
E01026755,7.16,5.183
E01026756,5.515,6.245
E01026757,4.738,3.418
E01026758,4.731,6.763
E01026759,7.095,7.935
E01026760,7.346,6.968
E01026761,6.186,5.625
E01026762,5.831,6.706
E01026763,7.664,6.61
E01026764,6.025,4.262
E01026765,5.489,4.515
E01026766,6.051,6.237
E01026767,5.028,5.392
E01026768,5.175,6.803
E01026769,6.009,5.151
E01026770,7.549,6.568
E01026771,7.268,6.101
E01026772,4.646,4.574
E01026773,5.577,6.268
E01026774,5.996,5.516
E01026775,9.191,7.966
E01026776,6.486,6.614
E01026777,6.322,5.963
E01026778,10.687,8.346
E01026779,7.138,6.648
E01026780,4.641,4.68
E01026781,4.847,5.112
E01026782,5.353,5.166
E01026783,7.052,6.729
E01026784,6.22,7.442
E01026785,7.476,5.969
E01026786,6.941,6.432
E01026787,5.096,6.151
E01026788,4.901,3.638
E01026789,3.679,4.565
E01026790,4.479,4.874
E01026791,5.831,6.192
E01026792,5.536,6.547
E01026793,6.935,7.044
E01026794,7.458,6.024
E01026796,5.478,5.085
E01026797,4.122,4.181
E01026798,7.241,7.593
E01026799,5.483,5.924
E01026800,6.73,7.57
E01026801,4.483,4.395
E01026802,5.857,5.569
E01026803,8.345,7.514
E01026804,5.318,5.232
E01026805,7.389,6.784
E01026806,6.72,5.811
E01026807,4.073,5.251
E01026808,7.197,10.192
E01026809,8.579,9.675
E01026810,5.04,6.231
E01026811,4.728,5.149
E01026812,2.947,3.034
E01026813,3.436,2.258
E01026814,5.979,5.996
E01026815,3.458,2.796
E01026816,4.48,5.109
E01026817,6.714,7.816
E01026818,6.703,5.971
E01026819,7.575,6.095
E01026820,7.122,6.904
E01026821,7.652,6.499
E01026822,7.09,6.128
E01026823,6.873,7.103
E01026824,9.993,9.27
E01026825,7.759,6.355
E01026826,9.547,8.624
E01026827,13.458,10.816
E01026828,6.135,6.801
E01026829,4.587,5.154
E01026830,8.386,7.67
E01026831,2.738,3.111
E01026832,7.208,7.62
E01026833,7.67,8.568
E01026834,7.917,6.838
E01026835,3.662,3.51
E01026836,2.299,1.463
E01026837,3.263,3.329
E01026838,1.999,1.954
E01026839,1.316,2.711
E01026840,2.359,3.408
E01026841,3.372,4.603
E01026842,3.277,3.712
E01026843,6.877,7.12
E01026844,5.916,5.582
E01026845,2.37,3.109
E01026846,3.875,3.91
E01026848,9.537,9.491
E01026849,2.934,3.993
E01026850,4.269,4.01
E01026852,3.166,3.328
E01026853,8.681,7.85
E01026855,3.763,3.101
E01026856,2.636,2.534
E01026857,5.149,5.566
E01026858,9.458,8.516
E01026859,5.124,5.221
E01026860,1.646,1.694
E01026861,6.966,5.99
E01026862,4.992,4.937
E01026863,4.245,4.341
E01026864,5.365,4.328
E01026865,7.594,7.293
E01026866,5.21,5.394
E01026867,7.663,5.77
E01026868,6.45,6.162
E01026869,7.857,8.837
E01026870,6.375,7.296
E01026871,3.472,4.122
E01026872,4.409,4.789
E01026873,3.874,4.608
E01026874,4.79,4.728
E01026875,3.327,3.342
E01026876,4.145,4.7
E01026877,4.229,3.831
E01026878,4.333,4.146
E01026879,4.967,5.044
E01026880,4.377,4.587
E01026881,3.071,3.208
E01026882,2.703,1.865
E01026883,5.167,3.282
E01026884,4.494,4.26
E01026885,3.415,2.807
E01026886,4.993,5.148
E01026887,4.348,4.938
E01026888,8.782,7.893
E01026889,3.219,3.569
E01026891,6.318,6.092
E01026892,4.288,4.563
E01026893,6.134,5.625
E01026894,5.81,5.811
E01026895,3.567,4.318
E01026896,2.411,4.939
E01026897,3.702,3.753
E01026898,6.394,5.533
E01026899,4.057,3.602
E01026900,5.878,5.017
E01026901,3.451,4.345
E01026902,6.498,5.923
E01026903,3.589,3.368
E01026904,4.993,3.944
E01026905,6.732,8.619
E01026906,3.927,3.273
E01026907,3.493,3.41
E01026908,5.552,2.918
E01026909,7.535,8.476
E01026910,4.167,3.894
E01026911,6.769,6.169
E01026912,3.506,4.179
E01026913,4.82,5.069
E01026914,5.007,4.808
E01026915,1.731,3.125
E01026916,5.079,5.268
E01026917,7.562,4.885
E01026918,6.098,5.603
E01026919,3.675,4.214
E01026920,3.968,4.933
E01026921,4.319,4.085
E01026922,7.939,6.727
E01026924,5.218,5.59
E01026925,4.472,6.032
E01026926,4.695,2.973
E01026927,3.375,3.602
E01026928,6.276,5.152
E01026929,4.831,4.092
E01026930,3.648,3.708
E01026931,3.789,4.247
E01026932,4.288,4.048
E01026933,4.625,3.245
E01026934,4.864,4.143
E01026935,4.74,6.004
E01026936,3.807,4.509
E01026937,3.186,2.899
E01026938,3.429,4.499
E01026939,4.38,4.285
E01026940,3.776,5.566
E01026941,3.52,3.067
E01026942,3.829,3.993
E01026943,5.14,4.368
E01026944,5.299,3.831
E01026945,2.462,3.255
E01026946,5.948,3.255
E01026947,3.574,5.056
E01026948,2.258,2.893
E01026949,8.385,7.784
E01026950,7.677,8.135
E01026951,7.165,7.074
E01026952,5.344,6.09
E01026953,6.468,6.909
E01026954,7.901,7.175
E01026955,4.68,3.685
E01026956,5.598,5.721
E01026957,9.663,7.799
E01026958,4.799,5.084
E01026959,6.431,5.99
E01026960,7.437,7.237
E01026961,6.192,8.346
E01026962,8.267,6.865
E01026963,5.732,6.515
E01026965,8.897,6.494
E01026966,6.03,7.119
E01026967,7.135,6.476
E01026968,9.243,7.559
E01026969,7.847,7.791
E01026970,4.754,4.798
E01026971,4.748,8.441
E01026972,4.923,5.655
E01026973,6.399,5.914
E01026974,6.146,5.742
E01026975,8.923,9.717
E01026976,5.345,5.09
E01026977,3.353,3.683
E01026978,4.369,2.212
E01026979,4.006,4.258
E01026980,4.433,3.002
E01026981,6.983,5.906
E01026982,5.223,5.991
E01026983,6.052,6.557
E01026984,7.93,8.172
E01026985,5.728,5.039
E01026986,3.727,4.747
E01026987,4.913,6.39
E01026988,4.962,4.911
E01026989,2.757,4.443
E01026990,3.119,3.056
E01026991,6.628,7.088
E01026992,8.604,7.61
E01026993,4.611,5.948
E01026994,4.559,5.338
E01026997,5.048,3.356
E01026998,3.259,3.19
E01026999,4.491,3.848
E01027000,4.718,5.178
E01027001,1.576,2.339
E01027002,2.266,2.331
E01027003,3.136,3.047
E01027004,3.4,3.581
E01027005,3.857,3.539
E01027006,2.598,2.961
E01027007,6.671,4.585
E01027008,3.388,4.74
E01027009,6.016,6.322
E01027010,5.268,3.953
E01027011,4.213,3.324
E01027012,6.983,5.157
E01027013,6.744,7.701
E01027014,1.942,2.401
E01027015,4.413,3.906
E01027016,2.445,3.358
E01027017,6.547,6.282
E01027018,3.484,1.996
E01027019,4.208,3.503
E01027020,6.364,5.243
E01027021,2.061,3.219
E01027022,3.508,4.031
E01027023,4.299,3.713
E01027024,2.963,3.049
E01027025,6.28,6.306
E01027026,3.555,2.629
E01027027,2.739,2.944
E01027028,2.818,3.022
E01027029,4.747,3.774
E01027030,4.225,3.524
E01027031,3.815,5.556
E01027032,3.478,4.171
E01027033,3.26,3.786
E01027034,6.356,7.84
E01027035,7.215,6.927
E01027037,3.084,2.885
E01027038,4.686,5.864
E01027039,5.706,5.854
E01027040,3.649,4.174
E01027041,6.926,7.307
E01027042,3.148,2.642
E01027043,3.534,4.829
E01027044,3.643,3.746
E01027045,3.793,4.978
E01027046,2.778,2.589
E01027047,4.588,6.782
E01027048,2.271,1.817
E01027049,2.513,3.438
E01027050,3.086,3.726
E01027051,5.698,4.317
E01027052,3.094,3.942
E01027053,4.787,3.773
E01027054,5.632,7.791
E01027055,4.126,5.585
E01027056,7.322,6.328
E01027057,4.131,4.419
E01027058,6.275,6.309
E01027059,5.37,5.41
E01027060,8.099,5.624
E01027061,5.402,3.565
E01027062,5.434,4.303
E01027063,2.747,3.06
E01027064,6.266,5.276
E01027065,4.45,6.164
E01027066,3.922,4.137
E01027067,3.977,4.729
E01027068,2.133,2.603
E01027069,8.177,7.143
E01027070,3.961,4.948
E01027071,4.65,5.193
E01027072,5.458,5.396
E01027073,4.968,5.488
E01027074,3.665,5.193
E01027075,2.332,2.563
E01027076,4.868,4.707
E01027077,2.726,2.152
E01027078,4.679,5.112
E01027079,4.501,4.839
E01027080,4.944,3.679
E01027081,5.931,6.396
E01027082,5.461,5.829
E01027083,8.269,7.859
E01027084,4.378,3.529
E01027085,6.216,4.514
E01027086,3.415,2.994
E01027087,2.712,4.487
E01027088,2.174,3.503
E01027089,5.142,3.575
E01027090,5.13,5.595
E01027091,5.999,6.667
E01027092,4.993,3.619
E01027094,6.186,6.35
E01027095,4.066,4.398
E01027096,3.356,5.195
E01027097,4.535,4.465
E01027098,3.612,4.557
E01027099,5.055,4.122
E01027100,3.688,5.705
E01027101,4.211,3.302
E01027102,3.86,5.115
E01027103,2.701,3.895
E01027104,5.867,6.186
E01027105,5.896,4.84
E01027106,3.773,5.176
E01027107,3.231,5.182
E01027108,5.103,4.012
E01027109,5.442,3.902
E01027110,10.225,9.178
E01027111,6.247,4.142
E01027112,3.544,4.437
E01027113,6.492,5.347
E01027114,4.89,4.364
E01027115,4.0,4.721
E01027116,1.882,1.683
E01027117,3.283,3.104
E01027119,6.148,6.746
E01027120,1.714,1.636
E01027121,3.368,2.129
E01027122,4.23,5.068
E01027123,5.141,4.918
E01027124,5.316,6.103
E01027125,4.095,3.404
E01027126,5.166,5.674
E01027127,9.203,8.155
E01027128,4.942,6.139
E01027129,3.844,4.321
E01027130,4.712,4.932
E01027131,8.946,8.549
E01027132,3.065,3.09
E01027133,2.518,3.138
E01027134,3.341,3.268
E01027135,3.579,3.831
E01027136,5.155,3.345
E01027137,6.282,5.478
E01027138,3.763,3.429
E01027139,2.763,4.383
E01027140,7.166,6.727
E01027141,2.61,2.617
E01027142,5.779,4.655
E01027143,5.097,3.476
E01027144,3.59,3.874
E01027145,4.636,4.13
E01027146,5.151,3.836
E01027147,7.241,5.483
E01027148,3.304,3.659
E01027149,4.53,4.978
E01027151,4.067,3.42
E01027152,4.085,3.594
E01027153,6.278,5.851
E01027154,4.098,3.516
E01027155,3.012,3.973
E01027156,5.807,6.151
E01027158,4.03,4.852
E01027159,4.321,3.344
E01027160,2.848,2.642
E01027161,9.634,9.187
E01027162,2.828,2.442
E01027163,4.264,3.385
E01027164,1.52,2.689
E01027165,2.026,2.308
E01027166,1.488,2.023
E01027167,2.205,2.456
E01027168,7.074,5.459
E01027169,3.041,3.623
E01027170,6.098,5.684
E01027171,5.981,6.269
E01027172,4.56,4.472
E01027173,5.338,4.578
E01027174,4.024,3.828
E01027175,4.159,3.979
E01027176,6.101,5.667
E01027177,8.62,6.531
E01027178,5.276,5.77
E01027179,4.071,3.425
E01027180,7.847,6.426
E01027181,5.502,4.49
E01027182,4.832,4.167
E01027183,6.296,5.342
E01027184,6.855,7.046
E01027185,6.533,5.564
E01027186,3.58,2.744
E01027187,3.547,3.628
E01027188,4.588,5.447
E01027189,3.331,4.454
E01027190,5.487,5.223
E01027191,3.818,4.1
E01027192,2.882,3.165
E01027193,2.58,2.67
E01027194,5.271,4.441
E01027195,5.841,5.339
E01027196,6.957,4.385
E01027197,6.705,6.11
E01027198,6.983,5.793
E01027199,6.143,7.371
E01027200,5.798,5.82
E01027201,3.169,2.829
E01027202,5.277,4.465
E01027203,0.926,1.766
E01027204,3.044,5.377
E01027205,0.753,1.254
E01027206,3.291,3.264
E01027207,5.025,5.544
E01027208,2.73,3.221
E01027209,1.59,2.525
E01027210,4.207,4.044
E01027211,4.855,4.683
E01027212,1.065,2.868
E01027213,5.062,5.288
E01027214,6.99,6.62
E01027215,4.312,4.867
E01027216,4.089,3.353
E01027217,4.735,4.974
E01027218,4.671,5.208
E01027219,7.575,6.236
E01027220,6.742,6.662
E01027221,3.727,3.301
E01027222,2.999,3.154
E01027223,4.236,4.635
E01027224,6.323,4.409
E01027225,3.993,3.246
E01027226,6.922,5.053
E01027227,3.741,3.606
E01027228,4.669,4.017
E01027229,6.262,5.323
E01027230,4.086,4.083
E01027231,8.208,7.996
E01027232,3.228,3.879
E01027233,3.776,3.675
E01027234,3.643,3.665
E01027235,8.482,8.223
E01027236,8.086,6.851
E01027237,3.479,3.189
E01027238,5.493,4.782
E01027239,7.232,7.941
E01027240,6.697,7.266
E01027241,5.572,4.519
E01027242,7.492,6.457
E01027243,8.279,5.976
E01027244,6.034,5.752
E01027245,4.385,3.793
E01027246,5.556,5.3
E01027247,3.834,3.985
E01027248,5.541,5.529
E01027249,6.024,5.018
E01027250,3.647,2.809
E01027252,4.977,5.486
E01027253,2.679,2.956
E01027254,2.661,2.709
E01027255,2.45,2.34
E01027256,3.416,2.544
E01027257,8.488,4.887
E01027258,1.677,2.147
E01027259,3.189,3.184
E01027260,3.938,4.201
E01027261,2.465,3.413
E01027262,2.362,2.941
E01027263,4.874,4.371
E01027264,4.502,4.67
E01027265,4.186,3.854
E01027266,4.576,1.952
E01027267,2.705,4.482
E01027268,2.451,3.197
E01027269,4.648,4.961
E01027270,1.087,1.401
E01027271,2.296,4.275
E01027272,2.024,2.884
E01027273,5.248,5.095
E01027274,2.541,1.934
E01027275,4.526,3.864
E01027276,2.741,3.577
E01027277,2.946,3.743
E01027279,4.017,5.065
E01027280,2.028,2.872
E01027281,5.248,5.328
E01027282,4.59,4.38
E01027283,4.494,5.051
E01027284,3.707,4.404
E01027285,3.628,4.489
E01027286,3.881,3.956
E01027287,4.215,4.04
E01027288,3.45,4.289
E01027289,4.597,3.831
E01027290,2.168,3.167
E01027291,3.302,2.633
E01027292,4.265,6.65
E01027293,2.085,3.001
E01027294,3.893,3.455
E01027295,3.447,1.975
E01027296,2.753,4.252
E01027297,3.807,3.422
E01027298,2.688,1.691
E01027299,6.183,7.252
E01027300,1.636,1.899
E01027301,2.181,2.925
E01027302,5.972,6.146
E01027303,2.875,3.136
E01027304,2.582,3.603
E01027305,4.189,4.023
E01027306,2.797,2.637
E01027307,3.918,3.261
E01027308,3.323,3.367
E01027309,4.943,6.347
E01027310,6.379,6.603
E01027311,4.46,4.39
E01027312,7.123,5.844
E01027313,5.753,4.474
E01027314,6.318,4.827
E01027315,4.568,3.252
E01027316,4.664,3.984
E01027317,5.765,6.218
E01027318,6.052,6.993
E01027319,6.405,6.837
E01027320,5.007,3.931
E01027321,2.284,3.409
E01027322,3.101,4.505
E01027323,3.711,3.014
E01027324,4.216,4.0
E01027325,2.439,3.553
E01027326,4.579,4.762
E01027327,6.622,7.326
E01027328,5.655,5.943
E01027329,4.121,4.129
E01027330,5.999,4.843
E01027331,5.244,6.214
E01027332,5.147,4.262
E01027333,3.032,3.093
E01027334,4.218,3.963
E01027335,5.495,4.629
E01027336,7.9,7.349
E01027337,5.251,6.156
E01027338,3.933,4.527
E01027339,6.013,5.582
E01027340,6.806,5.604
E01027341,6.013,5.982
E01027342,7.756,6.894
E01027343,4.392,4.937
E01027344,4.206,3.864
E01027345,3.282,3.03
E01027346,2.37,3.148
E01027347,3.557,3.991
E01027348,5.214,4.246
E01027349,7.96,7.242
E01027350,6.882,5.723
E01027351,9.097,10.827
E01027352,7.655,5.116
E01027353,3.697,4.627
E01027354,4.542,5.578
E01027355,2.535,2.498
E01027356,4.305,4.621
E01027357,5.63,4.034
E01027358,6.35,5.493
E01027359,7.553,6.676
E01027361,6.401,8.252
E01027362,7.705,6.035
E01027363,9.774,10.63
E01027364,5.794,5.802
E01027365,4.286,4.273
E01027366,5.377,4.227
E01027367,3.418,4.089
E01027368,5.21,5.084
E01027369,3.685,6.284
E01027370,3.865,4.197
E01027371,5.834,5.988
E01027372,5.807,5.009
E01027373,3.595,5.072
E01027374,6.04,6.116
E01027375,4.963,4.496
E01027376,8.845,7.447
E01027377,7.297,8.059
E01027378,4.417,5.376
E01027379,5.895,4.706
E01027380,6.299,7.093
E01027381,5.195,6.667
E01027382,5.572,6.459
E01027383,7.504,6.329
E01027384,4.768,5.255
E01027385,7.127,6.171
E01027386,6.107,6.452
E01027387,7.432,6.421
E01027388,6.639,5.675
E01027389,6.092,6.166
E01027390,5.799,7.724
E01027391,8.849,8.073
E01027392,13.858,14.239
E01027393,8.577,7.028
E01027394,6.245,7.129
E01027395,8.451,7.268
E01027396,7.902,7.916
E01027397,11.111,12.09
E01027398,6.084,6.193
E01027399,2.984,2.869
E01027400,2.132,2.087
E01027401,1.733,2.003
E01027402,2.549,2.882
E01027403,2.867,2.617
E01027404,5.195,3.549
E01027405,3.66,4.127
E01027406,4.751,5.055
E01027407,4.464,5.695
E01027408,9.077,8.247
E01027409,8.23,10.554
E01027410,3.841,3.79
E01027411,9.278,8.692
E01027412,7.893,6.833
E01027413,6.891,6.399
E01027414,6.263,5.716
E01027415,12.793,11.118
E01027416,11.617,11.034
E01027417,6.557,4.437
E01027418,4.617,4.535
E01027419,8.863,8.713
E01027420,7.153,5.146
E01027421,8.844,9.333
E01027422,10.84,9.856
E01027423,11.353,10.0
E01027424,11.117,13.319
E01027425,4.633,4.125
E01027426,7.912,5.36
E01027427,8.449,9.076
E01027428,4.342,4.728
E01027429,10.979,9.824
E01027430,8.41,7.627
E01027431,9.549,10.235
E01027432,8.263,9.188
E01027433,8.224,6.012
E01027434,5.857,7.519
E01027435,6.569,8.901
E01027436,6.286,7.339
E01027437,4.568,4.415
E01027438,3.159,5.874
E01027439,2.61,3.252
E01027440,4.09,3.576
E01027441,6.514,5.474
E01027442,8.36,8.344
E01027443,8.968,8.499
E01027444,7.01,8.483
E01027445,7.297,5.737
E01027446,5.779,5.251
E01027447,3.658,3.17
E01027448,4.538,3.249
E01027449,4.798,4.83
E01027450,3.526,3.869
E01027451,9.042,11.329
E01027452,4.619,5.034
E01027453,8.339,8.86
E01027455,2.829,3.081
E01027456,3.654,2.705
E01027457,5.786,4.612
E01027458,3.369,2.941
E01027460,3.805,3.868
E01027461,8.203,8.803
E01027462,9.516,9.735
E01027463,3.511,3.275
E01027464,3.326,3.61
E01027465,3.751,2.905
E01027466,8.889,9.553
E01027468,2.918,2.84
E01027469,2.732,2.616
E01027471,2.69,2.341
E01027472,2.299,4.365
E01027473,4.219,3.024
E01027474,6.157,6.592
E01027475,6.007,6.691
E01027476,5.322,5.296
E01027477,2.698,3.434
E01027478,5.107,5.41
E01027479,4.455,4.489
E01027480,3.281,3.186
E01027481,4.918,7.041
E01027482,4.74,4.839
E01027483,3.963,5.914
E01027484,4.405,4.545
E01027485,6.434,6.456
E01027486,5.291,5.161
E01027487,5.934,5.33
E01027488,5.449,5.221
E01027489,3.801,4.672
E01027490,3.967,5.756
E01027491,4.229,5.369
E01027492,2.189,3.814
E01027493,12.269,9.719
E01027494,3.128,4.131
E01027495,3.981,5.798
E01027496,5.892,5.974
E01027497,3.274,4.128
E01027498,7.802,7.43
E01027499,4.976,4.235
E01027500,7.342,7.782
E01027501,5.124,4.423
E01027502,4.103,4.423
E01027503,4.824,5.64
E01027504,4.771,4.835
E01027505,2.912,3.363
E01027506,2.613,7.357
E01027507,2.165,2.379
E01027508,4.788,4.255
E01027509,3.894,4.904
E01027510,3.436,3.475
E01027511,4.253,5.653
E01027512,5.764,6.287
E01027513,2.755,3.337
E01027514,5.448,5.589
E01027515,7.955,6.545
E01027516,11.155,12.477
E01027517,6.396,6.623
E01027518,9.871,9.809
E01027519,6.474,9.05
E01027520,4.034,4.611
E01027521,2.518,2.948
E01027522,8.716,7.245
E01027523,6.337,6.792
E01027524,9.326,3.982
E01027525,11.534,8.997
E01027526,5.271,5.142
E01027527,11.617,10.642
E01027528,9.07,12.248
E01027529,7.112,7.491
E01027530,7.559,6.76
E01027531,6.235,8.617
E01027532,6.296,5.561
E01027533,13.926,13.033
E01027534,9.062,8.428
E01027535,5.23,6.495
E01027536,8.618,6.838
E01027537,10.312,7.121
E01027538,4.778,4.981
E01027539,12.638,9.623
E01027540,8.899,11.762
E01027541,8.817,9.351
E01027542,12.755,12.493
E01027543,9.152,7.022
E01027544,10.14,8.891
E01027545,10.054,9.091
E01027546,10.265,8.964
E01027549,3.433,2.797
E01027550,7.609,6.034
E01027551,9.55,8.013
E01027552,10.04,9.302
E01027553,8.582,7.895
E01027554,5.838,6.881
E01027555,4.828,4.4
E01027556,3.609,2.879
E01027557,3.766,4.45
E01027558,3.509,3.256
E01027559,5.565,5.82
E01027560,3.185,3.173
E01027561,3.725,2.817
E01027562,3.047,2.341
E01027563,5.444,4.536
E01027564,10.157,8.86
E01027565,3.791,2.598
E01027566,2.583,3.757
E01027567,2.421,3.73
E01027568,3.321,3.33
E01027569,3.073,3.451
E01027570,5.538,4.645
E01027571,3.37,2.995
E01027572,3.728,5.399
E01027573,5.481,6.929
E01027574,4.458,2.323
E01027575,4.478,4.757
E01027576,4.276,3.556
E01027577,4.067,3.775
E01027578,3.757,3.665
E01027579,7.42,8.014
E01027580,8.378,6.721
E01027581,4.12,4.917
E01027582,4.368,5.699
E01027583,6.053,3.61
E01027584,6.559,5.255
E01027585,5.229,4.656
E01027586,4.137,2.866
E01027587,6.333,7.154
E01027588,4.522,4.383
E01027589,5.2,3.886
E01027590,5.401,5.212
E01027591,2.756,2.583
E01027592,2.695,3.228
E01027593,2.951,5.018
E01027594,8.139,6.043
E01027595,3.642,4.309
E01027596,4.841,5.7
E01027597,4.464,4.519
E01027598,4.566,3.591
E01027599,7.078,7.293
E01027600,3.33,3.919
E01027601,3.557,3.273
E01027603,6.409,3.61
E01027604,3.35,3.751
E01027605,6.679,5.508
E01027606,4.205,3.158
E01027607,3.234,4.272
E01027608,4.94,6.294
E01027609,4.471,3.903
E01027610,5.875,7.233
E01027611,6.144,4.999
E01027612,7.147,7.688
E01027613,3.401,3.196
E01027614,4.207,3.96
E01027615,2.978,2.766
E01027616,4.393,5.155
E01027617,3.636,4.511
E01027618,2.726,3.128
E01027619,2.47,3.498
E01027620,4.548,4.565
E01027621,6.211,5.815
E01027622,3.179,3.689
E01027623,3.701,3.401
E01027624,2.6,3.656
E01027625,6.844,8.633
E01027626,5.227,4.56
E01027627,2.692,3.524
E01027628,3.646,3.395
E01027629,8.999,7.687
E01027630,5.92,5.243
E01027631,4.906,4.619
E01027632,3.571,2.874
E01027633,2.592,3.603
E01027634,2.967,4.776
E01027635,2.151,1.789
E01027636,3.705,3.462
E01027637,3.113,2.903
E01027638,3.883,3.599
E01027639,2.103,4.28
E01027640,3.895,4.808
E01027641,1.311,1.138
E01027642,2.728,2.187
E01027643,4.762,4.894
E01027644,4.831,4.878
E01027645,3.829,5.127
E01027646,2.846,2.864
E01027647,2.983,3.41
E01027648,3.611,5.427
E01027649,5.359,4.809
E01027650,3.836,3.149
E01027651,8.361,7.923
E01027652,2.713,3.087
E01027653,5.227,3.915
E01027654,2.769,1.921
E01027655,4.585,4.943
E01027656,3.329,4.248
E01027657,2.381,3.094
E01027658,3.001,3.953
E01027659,3.583,3.156
E01027660,4.164,4.124
E01027661,3.964,3.743
E01027662,2.298,2.124
E01027663,4.047,3.764
E01027664,3.273,2.734
E01027665,3.342,4.338
E01027666,3.265,3.018
E01027667,3.443,2.871
E01027668,3.509,5.338
E01027669,7.851,7.002
E01027670,1.721,2.977
E01027671,2.611,3.243
E01027672,6.004,3.96
E01027673,3.82,4.864
E01027674,4.149,2.617
E01027675,2.004,2.212
E01027676,4.54,4.421
E01027677,4.689,3.165
E01027678,4.891,4.377
E01027679,4.263,4.5
E01027680,2.984,4.277
E01027681,3.609,3.469
E01027682,3.356,3.032
E01027683,1.99,3.249
E01027684,2.865,3.701
E01027685,4.398,5.745
E01027686,2.445,3.009
E01027687,3.672,3.285
E01027688,5.283,5.459
E01027689,3.807,4.399
E01027690,3.933,3.561
E01027691,4.016,3.34
E01027692,4.167,4.737
E01027693,2.677,3.051
E01027694,2.553,3.056
E01027695,3.144,2.791
E01027696,1.86,2.724
E01027697,2.682,3.297
E01027698,1.986,2.456
E01027699,1.909,1.592
E01027700,3.122,4.337
E01027701,2.728,3.484
E01027702,4.553,6.185
E01027703,5.803,2.483
E01027704,2.05,2.537
E01027705,4.257,4.802
E01027706,6.176,5.83
E01027707,4.626,4.474
E01027708,4.406,7.349
E01027709,3.48,4.255
E01027710,9.286,9.107
E01027711,4.707,4.091
E01027712,1.545,1.801
E01027713,4.686,4.526
E01027714,6.94,6.411
E01027715,2.174,2.41
E01027716,2.157,1.989
E01027717,2.885,2.274
E01027718,3.34,2.713
E01027719,3.047,2.982
E01027720,4.662,5.019
E01027721,2.853,3.051
E01027722,1.333,2.089
E01027723,5.705,7.566
E01027724,2.32,2.195
E01027725,3.123,2.529
E01027726,3.659,4.147
E01027727,4.236,5.082
E01027728,6.404,5.057
E01027729,2.665,4.378
E01027730,1.631,2.616
E01027731,2.193,2.484
E01027732,4.247,2.857
E01027733,4.452,1.985
E01027734,1.808,1.698
E01027735,1.819,3.068
E01027736,3.846,3.112
E01027737,1.847,2.291
E01027738,3.785,4.226
E01027739,4.909,4.432
E01027740,16.195,16.514
E01027741,5.332,4.769
E01027742,2.937,4.701
E01027743,4.248,4.248
E01027744,4.255,3.177
E01027745,6.378,3.937
E01027746,4.178,5.866
E01027747,2.83,2.774
E01027748,5.017,5.073
E01027749,5.9,6.369
E01027750,3.302,3.988
E01027751,2.28,3.11
E01027752,2.956,4.461
E01027753,2.747,3.03
E01027754,2.46,2.229
E01027756,3.851,4.137
E01027758,3.182,2.927
E01027759,3.556,3.198
E01027760,4.673,3.586
E01027761,4.734,4.537
E01027762,3.132,3.82
E01027763,3.612,4.269
E01027764,3.252,4.74
E01027765,5.146,5.427
E01027766,6.967,9.029
E01027767,4.752,3.931
E01027768,4.117,3.664
E01027769,4.099,4.475
E01027770,4.608,5.333
E01027771,1.254,1.538
E01027772,6.452,5.891
E01027773,3.163,3.625
E01027774,3.297,3.735
E01027775,3.437,3.179
E01027776,3.567,4.11
E01027777,3.114,2.295
E01027778,4.114,3.041
E01027779,6.009,4.313
E01027780,3.755,4.524
E01027781,7.012,6.28
E01027782,4.167,3.695
E01027783,3.569,4.405
E01027784,4.884,5.282
E01027785,6.924,5.539
E01027786,4.278,3.477
E01027787,6.198,6.553
E01027788,4.698,5.433
E01027789,6.584,5.089
E01027790,4.545,4.409
E01027791,3.087,3.423
E01027792,5.827,4.621
E01027793,5.712,6.454
E01027794,4.534,5.377
E01027795,5.376,7.808
E01027796,4.303,4.726
E01027797,4.127,3.42
E01027798,6.111,6.841
E01027799,3.412,3.973
E01027800,3.917,3.014
E01027801,4.654,5.052
E01027802,3.82,4.396
E01027803,4.164,4.577
E01027804,7.973,9.829
E01027805,8.478,12.362
E01027806,9.425,10.545
E01027807,7.036,7.264
E01027808,6.319,6.683
E01027809,7.212,6.557
E01027810,4.494,3.738
E01027811,3.981,5.13
E01027812,5.665,7.766
E01027813,3.764,4.979
E01027814,5.416,6.935
E01027815,4.597,4.182
E01027816,5.347,6.452
E01027817,11.016,10.432
E01027818,7.002,7.106
E01027819,10.335,8.401
E01027820,6.714,6.471
E01027821,3.824,5.134
E01027822,3.498,3.403
E01027823,8.114,8.292
E01027824,10.482,12.246
E01027825,7.798,6.642
E01027826,5.767,6.022
E01027827,8.287,8.846
E01027828,8.313,7.465
E01027829,7.41,7.164
E01027830,8.14,8.553
E01027831,7.196,5.393
E01027832,5.441,5.393
E01027833,9.235,9.87
E01027834,6.874,7.898
E01027835,6.031,6.306
E01027836,5.701,4.993
E01027837,10.882,10.215
E01027838,4.805,4.422
E01027839,4.392,3.94
E01027840,7.197,7.657
E01027841,4.621,3.891
E01027842,6.4,6.515
E01027843,7.063,6.599
E01027844,3.856,4.415
E01027845,4.365,3.858
E01027846,5.839,4.835
E01027847,7.86,9.802
E01027848,4.183,4.835
E01027849,5.922,6.614
E01027850,8.141,7.535
E01027851,4.229,4.948
E01027852,7.049,9.68
E01027853,6.968,8.587
E01027854,6.317,8.543
E01027855,4.049,3.83
E01027856,7.087,8.108
E01027857,3.849,4.432
E01027858,5.592,5.597
E01027859,4.942,3.653
E01027860,6.258,5.125
E01027861,5.69,6.686
E01027862,7.326,5.772
E01027863,6.596,6.003
E01027864,6.932,7.915
E01027865,5.755,6.034
E01027866,7.557,6.199
E01027867,5.637,5.556
E01027868,9.559,7.047
E01027869,9.636,8.716
E01027870,7.432,8.716
E01027871,8.284,6.611
E01027872,9.141,9.277
E01027873,6.124,5.312
E01027874,8.444,9.641
E01027875,2.574,2.187
E01027876,4.832,4.204
E01027877,5.204,4.309
E01027878,1.876,4.341
E01027879,4.387,4.295
E01027880,4.169,4.392
E01027881,6.414,4.49
E01027882,3.443,3.411
E01027883,5.333,4.88
E01027884,4.791,3.827
E01027885,5.051,4.162
E01027886,4.123,3.564
E01027887,3.424,3.278
E01027888,3.136,3.234
E01027889,4.236,5.992
E01027890,4.926,3.379
E01027891,6.16,5.012
E01027892,7.824,6.575
E01027893,3.497,3.795
E01027894,4.5,3.461
E01027895,5.361,4.775
E01027896,4.705,4.568
E01027897,3.905,2.807
E01027898,2.534,2.832
E01027899,2.488,3.553
E01027900,2.561,3.188
E01027901,2.502,2.669
E01027902,7.377,4.523
E01027903,2.764,3.088
E01027904,2.478,2.715
E01027905,6.146,5.884
E01027906,5.197,5.079
E01027907,8.279,9.554
E01027908,8.365,9.82
E01027909,6.231,7.326
E01027910,5.038,4.586
E01027911,6.356,5.634
E01027912,4.951,5.634
E01027913,3.359,3.863
E01027914,3.988,3.364
E01027915,5.576,5.307
E01027916,7.05,7.526
E01027917,3.058,2.198
E01027918,4.512,4.472
E01027919,4.352,3.46
E01027920,4.128,5.171
E01027921,5.801,7.126
E01027922,2.943,2.529
E01027923,5.428,4.152
E01027924,3.671,3.736
E01027925,5.317,5.011
E01027926,7.103,6.364
E01027927,8.467,9.83
E01027928,6.337,5.743
E01027929,4.843,5.665
E01027930,9.417,9.502
E01027931,6.551,5.177
E01027932,3.882,4.842
E01027933,6.085,4.743
E01027934,3.118,4.237
E01027935,6.824,6.332
E01027936,4.108,5.067
E01027937,9.199,8.472
E01027938,3.396,3.374
E01027939,9.433,9.471
E01027940,4.515,4.791
E01027941,6.394,7.337
E01027942,7.982,4.216
E01027943,4.928,5.944
E01027944,5.487,5.838
E01027945,7.381,7.19
E01027946,6.272,7.241
E01027947,6.952,5.623
E01027948,6.052,6.32
E01027949,6.158,6.28
E01027950,9.405,7.506
E01027951,8.213,11.214
E01027952,10.88,10.532
E01027953,8.155,6.114
E01027954,8.015,10.043
E01027955,6.245,7.143
E01027956,13.467,11.184
E01027957,7.126,5.954
E01027958,7.961,8.201
E01027959,2.616,2.655
E01027960,9.521,8.893
E01027961,6.977,6.138
E01027962,5.674,5.323
E01027963,8.537,7.812
E01027964,9.761,7.62
E01027965,9.273,11.69
E01027966,12.518,13.783
E01027967,6.715,7.606
E01027968,11.619,11.288
E01027969,7.402,6.825
E01027970,4.054,5.63
E01027971,6.128,7.254
E01027972,5.717,5.956
E01027973,4.956,4.56
E01027974,10.898,11.356
E01027975,6.735,7.138
E01027976,12.065,13.618
E01027977,8.86,10.028
E01027978,8.487,7.195
E01027979,7.19,7.796
E01027980,6.945,9.503
E01027981,8.974,7.469
E01027982,9.785,8.145
E01027983,8.383,7.771
E01027984,5.02,5.834
E01027985,5.873,6.483
E01027986,10.239,8.808
E01027987,7.501,6.397
E01027988,6.549,6.319
E01027989,7.196,7.459
E01027990,5.516,5.518
E01027991,7.183,8.477
E01027992,2.523,3.2
E01027993,4.915,5.281
E01027994,7.148,7.319
E01027995,6.798,7.081
E01027996,6.971,8.405
E01027997,7.632,5.609
E01027998,7.143,7.479
E01027999,6.083,5.369
E01028000,6.228,5.126
E01028001,9.443,9.727
E01028002,8.72,7.052
E01028003,8.116,7.865
E01028004,6.409,4.913
E01028005,5.074,4.882
E01028006,5.325,5.882
E01028007,2.962,2.939
E01028008,7.951,7.715
E01028009,5.575,5.543
E01028010,3.355,3.333
E01028011,7.915,8.91
E01028012,5.822,6.847
E01028013,8.064,7.72
E01028014,10.516,9.804
E01028015,4.896,4.31
E01028016,7.26,9.024
E01028017,8.462,5.405
E01028018,4.014,3.628
E01028019,6.644,6.841
E01028020,6.403,6.345
E01028021,4.111,3.975
E01028022,4.114,4.204
E01028023,4.424,4.495
E01028024,8.428,6.157
E01028025,6.954,7.194
E01028026,7.974,10.574
E01028027,7.973,6.372
E01028028,7.426,6.069
E01028029,11.395,9.104
E01028030,8.873,8.607
E01028031,5.855,6.147
E01028032,3.493,3.933
E01028033,5.575,5.362
E01028034,5.379,5.412
E01028035,4.15,4.444
E01028036,5.5,6.349
E01028037,5.117,6.804
E01028038,7.793,7.282
E01028039,5.847,4.578
E01028040,6.667,6.216
E01028041,8.769,6.216
E01028042,6.058,5.457
E01028043,6.345,6.685
E01028044,10.878,9.862
E01028045,10.246,9.531
E01028046,6.744,5.683
E01028047,2.399,2.575
E01028048,4.51,4.09
E01028049,7.643,7.026
E01028050,4.667,4.303
E01028051,8.858,6.648
E01028052,6.37,4.931
E01028053,10.634,9.068
E01028054,7.397,5.954
E01028055,11.361,8.759
E01028056,7.994,6.246
E01028057,6.64,5.708
E01028058,4.956,3.614
E01028059,3.128,2.801
E01028060,5.716,4.699
E01028061,3.362,5.057
E01028062,6.298,6.538
E01028063,4.497,3.622
E01028064,9.54,9.844
E01028065,10.855,9.683
E01028066,11.105,10.079
E01028067,9.716,8.438
E01028068,10.625,8.164
E01028069,3.466,2.748
E01028070,6.114,4.775
E01028073,8.442,6.951
E01028074,6.46,5.058
E01028075,5.358,3.874
E01028076,4.358,5.091
E01028077,5.357,7.103
E01028078,5.022,6.242
E01028079,2.857,3.042
E01028080,3.863,3.683
E01028081,5.651,6.574
E01028082,3.58,2.983
E01028083,6.36,5.851
E01028084,3.283,2.061
E01028085,5.086,4.539
E01028086,5.017,7.216
E01028087,4.38,2.893
E01028088,4.416,4.181
E01028089,3.43,2.462
E01028090,5.572,5.74
E01028091,3.385,3.581
E01028092,5.905,5.956
E01028093,6.461,5.66
E01028094,4.515,4.072
E01028095,4.752,5.059
E01028096,6.054,3.345
E01028097,3.527,3.742
E01028098,6.026,6.735
E01028099,4.377,4.57
E01028100,6.595,5.583
E01028101,6.237,7.36
E01028102,5.474,5.614
E01028103,7.149,8.426
E01028104,4.633,3.771
E01028105,5.654,6.16
E01028106,5.418,4.708
E01028107,5.304,5.607
E01028108,7.542,6.037
E01028109,6.423,7.701
E01028110,10.815,9.008
E01028111,8.403,7.914
E01028112,8.08,7.89
E01028113,8.652,9.222
E01028114,8.845,8.317
E01028115,6.729,5.467
E01028116,6.094,5.112
E01028117,3.064,2.475
E01028118,7.505,5.721
E01028119,2.805,2.49
E01028120,5.16,4.416
E01028121,3.867,3.542
E01028122,10.101,9.428
E01028123,2.578,3.307
E01028124,5.497,4.653
E01028125,4.534,4.572
E01028126,5.402,5.797
E01028127,6.958,8.286
E01028128,2.641,4.188
E01028129,7.405,7.383
E01028130,6.716,6.608
E01028131,4.762,5.02
E01028132,5.298,5.935
E01028133,4.461,5.101
E01028134,4.502,4.969
E01028135,3.065,3.333
E01028136,3.267,3.432
E01028137,0.97,2.095
E01028138,3.817,5.963
E01028139,2.426,2.764
E01028142,7.517,6.081
E01028143,6.729,6.356
E01028144,7.283,6.56
E01028146,4.325,4.366
E01028147,5.393,6.308
E01028148,3.467,2.668
E01028149,3.943,3.929
E01028150,5.535,5.486
E01028151,5.575,3.922
E01028152,4.746,4.286
E01028153,8.726,8.006
E01028154,6.039,6.373
E01028155,5.092,5.819
E01028156,5.657,5.97
E01028157,4.619,5.142
E01028158,5.773,8.049
E01028159,5.995,7.436
E01028160,5.135,4.713
E01028161,5.816,6.576
E01028162,5.214,4.832
E01028163,3.981,4.717
E01028164,7.004,7.075
E01028165,8.079,7.42
E01028166,6.334,6.47
E01028167,6.264,6.081
E01028168,5.375,4.556
E01028169,3.503,4.643
E01028170,4.59,4.875
E01028171,5.342,5.795
E01028172,3.94,2.812
E01028173,9.971,10.551
E01028174,5.698,6.095
E01028175,6.007,5.698
E01028176,3.307,4.245
E01028177,3.222,3.517
E01028178,4.575,3.606
E01028179,3.859,3.2
E01028180,3.528,5.424
E01028181,2.349,3.931
E01028182,4.457,4.18
E01028183,8.147,7.36
E01028184,4.803,4.185
E01028185,5.886,8.534
E01028186,7.393,8.679
E01028187,5.493,7.326
E01028188,3.183,5.895
E01028189,5.391,6.121
E01028190,4.705,4.118
E01028191,4.55,4.792
E01028192,6.234,6.286
E01028193,5.982,5.482
E01028194,5.578,4.291
E01028195,4.155,4.993
E01028196,4.272,3.198
E01028197,4.859,4.383
E01028198,4.51,4.205
E01028199,5.353,4.136
E01028200,5.322,3.441
E01028201,3.192,3.544
E01028202,5.563,6.389
E01028203,6.398,6.731
E01028204,4.705,4.845
E01028205,5.608,4.338
E01028206,4.514,5.011
E01028207,5.53,3.832
E01028208,6.667,7.804
E01028209,7.133,7.224
E01028210,8.973,9.524
E01028211,6.633,7.692
E01028212,5.289,5.505
E01028213,3.579,4.138
E01028214,3.962,3.196
E01028215,3.638,3.487
E01028216,2.403,4.075
E01028217,6.283,5.576
E01028218,3.728,4.225
E01028219,6.263,4.181
E01028220,4.802,4.196
E01028222,4.545,3.411
E01028223,10.821,8.426
E01028224,11.937,11.001
E01028225,9.93,8.494
E01028226,8.76,8.816
E01028227,9.67,6.95
E01028228,9.083,8.093
E01028229,11.442,9.744
E01028230,8.869,8.317
E01028231,11.608,7.933
E01028232,8.989,7.472
E01028233,7.382,7.847
E01028234,8.864,7.949
E01028235,6.234,5.788
E01028236,5.394,5.349
E01028237,6.534,6.344
E01028238,9.848,8.558
E01028239,6.571,5.358
E01028240,7.37,7.431
E01028241,3.504,3.001
E01028242,6.449,8.54
E01028243,12.208,9.289
E01028244,5.922,6.246
E01028245,10.976,9.787
E01028246,4.335,5.579
E01028247,7.011,8.353
E01028248,9.756,7.225
E01028249,9.38,7.814
E01028250,5.438,6.394
E01028251,4.559,4.492
E01028252,8.436,8.54
E01028253,5.463,5.254
E01028254,7.62,8.742
E01028255,5.471,6.122
E01028256,10.274,11.299
E01028257,7.446,9.361
E01028258,10.055,9.224
E01028259,9.766,9.122
E01028260,7.822,9.106
E01028261,8.372,8.47
E01028262,7.019,6.911
E01028263,14.748,14.636
E01028264,4.919,5.019
E01028267,8.423,7.224
E01028268,6.94,5.37
E01028269,7.512,5.432
E01028270,6.097,4.63
E01028271,7.909,7.688
E01028272,8.583,6.752
E01028273,6.271,6.392
E01028274,8.571,8.356
E01028275,7.668,8.385
E01028276,13.35,13.459
E01028277,7.705,5.754
E01028278,8.505,9.621
E01028279,15.123,10.93
E01028280,10.896,8.699
E01028281,9.091,9.398
E01028282,8.158,8.652
E01028283,5.882,5.378
E01028284,10.877,7.671
E01028285,3.181,4.862
E01028286,7.92,9.036
E01028287,4.345,5.5
E01028288,5.13,5.317
E01028289,5.581,6.613
E01028290,4.192,6.15
E01028291,5.875,5.014
E01028292,2.108,3.035
E01028293,3.2,3.588
E01028294,3.986,6.475
E01028295,6.035,5.681
E01028296,8.496,6.437
E01028297,8.376,9.663
E01028298,6.696,6.233
E01028299,11.007,10.819
E01028300,11.977,9.952
E01028301,6.898,7.973
E01028302,9.602,8.779
E01028303,7.269,6.46
E01028304,7.094,8.38
E01028305,4.367,3.866
E01028306,6.134,6.4
E01028307,2.69,4.643
E01028308,5.162,5.674
E01028309,3.78,4.009
E01028310,5.348,5.025
E01028311,8.053,5.758
E01028312,4.035,4.494
E01028313,12.054,11.826
E01028314,5.161,3.75
E01028315,3.522,3.658
E01028316,7.143,5.768
E01028317,5.125,5.511
E01028318,8.865,7.927
E01028319,8.181,8.362
E01028320,9.501,9.001
E01028321,7.052,6.412
E01028322,7.841,6.634
E01028323,5.939,6.997
E01028325,4.232,4.402
E01028326,6.593,7.159
E01028327,5.128,4.162
E01028328,3.0,3.969
E01028329,5.806,4.889
E01028330,4.294,3.032
E01028331,6.708,7.246
E01028332,3.347,2.852
E01028333,3.943,6.03
E01028334,6.001,7.442
E01028335,4.548,4.587
E01028336,3.476,3.237
E01028337,3.466,3.694
E01028338,9.881,8.018
E01028339,6.017,5.945
E01028340,11.392,10.386
E01028341,7.359,5.681
E01028342,5.504,6.806
E01028343,11.279,9.28
E01028344,6.408,6.115
E01028345,5.063,5.146
E01028346,5.063,4.26
E01028347,2.347,2.814
E01028348,3.385,3.792
E01028349,4.189,3.527
E01028350,5.295,4.815
E01028351,2.927,3.658
E01028352,3.213,3.493
E01028353,5.052,4.025
E01028354,2.765,1.713
E01028355,4.947,3.744
E01028356,2.679,3.763
E01028357,3.293,3.934
E01028358,7.825,6.692
E01028359,2.535,2.909
E01028360,2.557,2.596
E01028361,4.416,4.222
E01028362,5.654,6.288
E01028363,1.679,2.532
E01028364,2.742,3.37
E01028365,2.533,3.21
E01028366,5.803,5.521
E01028367,8.412,5.392
E01028368,4.091,3.543
E01028369,4.703,5.464
E01028370,6.371,4.717
E01028371,7.478,6.85
E01028372,7.071,6.447
E01028373,3.063,2.703
E01028374,7.295,6.397
E01028375,2.503,6.486
E01028376,4.23,4.013
E01028377,1.841,1.912
E01028378,4.313,3.744
E01028379,3.36,4.083
E01028380,6.947,6.343
E01028381,4.024,4.518
E01028382,3.206,2.512
E01028383,4.995,6.385
E01028384,2.604,2.488
E01028385,3.198,2.802
E01028386,2.984,2.45
E01028387,4.353,4.201
E01028388,2.564,3.018
E01028389,4.63,4.688
E01028390,3.292,3.362
E01028391,4.02,3.833
E01028392,6.42,6.757
E01028393,4.31,2.917
E01028394,5.164,4.105
E01028395,2.431,3.558
E01028396,2.017,2.744
E01028397,3.385,2.945
E01028398,3.472,3.29
E01028399,2.395,1.674
E01028400,2.481,1.866
E01028401,3.287,3.418
E01028402,3.443,3.294
E01028403,3.288,3.453
E01028404,6.07,3.113
E01028405,4.889,4.751
E01028406,5.394,4.813
E01028407,2.667,3.212
E01028408,1.857,2.297
E01028409,3.228,3.341
E01028410,4.141,2.821
E01028411,2.407,2.97
E01028412,2.868,3.751
E01028413,6.111,6.036
E01028414,5.563,5.897
E01028415,2.566,1.649
E01028416,4.089,4.054
E01028417,3.45,2.939
E01028418,6.175,3.803
E01028419,4.43,4.449
E01028420,4.061,3.187
E01028421,2.882,3.285
E01028422,4.134,4.465
E01028423,4.17,3.735
E01028424,3.121,1.853
E01028425,1.69,2.443
E01028426,2.467,3.228
E01028427,3.74,4.041
E01028428,3.257,3.039
E01028429,6.767,3.903
E01028430,4.13,7.639
E01028431,4.026,4.267
E01028432,4.449,5.303
E01028433,6.257,4.783
E01028434,2.508,2.885
E01028435,7.96,4.675
E01028437,3.894,3.811
E01028438,3.32,2.475
E01028439,2.46,2.219
E01028440,4.406,2.991
E01028441,4.325,4.653
E01028443,3.005,2.837
E01028444,3.001,3.473
E01028445,4.321,5.683
E01028446,4.858,5.243
E01028447,4.444,5.582
E01028448,6.351,6.417
E01028449,5.835,7.624
E01028450,5.613,4.931
E01028451,4.969,5.349
E01028452,4.523,4.888
E01028453,4.636,4.772
E01028454,7.335,7.603
E01028455,1.803,2.612
E01028456,8.202,6.04
E01028457,2.722,3.287
E01028458,3.366,3.829
E01028459,1.423,1.248
E01028460,1.806,1.759
E01028461,2.174,1.747
E01028462,3.066,3.23
E01028463,1.348,1.737
E01028464,1.611,2.432
E01028465,1.781,1.09
E01028466,5.318,5.461
E01028467,3.479,3.665
E01028468,6.822,4.651
E01028469,4.781,4.975
E01028470,4.888,5.346
E01028471,4.685,4.232
E01028472,3.398,3.154
E01028473,2.339,2.997
E01028474,3.793,4.73
E01028475,3.81,2.439
E01028476,1.58,2.095
E01028477,2.995,2.05
E01028478,2.903,2.172
E01028479,3.603,3.328
E01028480,5.854,5.178
E01028481,4.419,4.098
E01028482,2.124,2.734
E01028483,3.071,2.615
E01028484,2.653,3.636
E01028485,3.123,2.766
E01028486,2.728,3.138
E01028487,2.669,2.494
E01028488,4.364,3.642
E01028489,4.295,4.252
E01028490,5.712,5.75
E01028491,4.136,4.666
E01028492,3.935,3.713
E01028493,4.965,4.193
E01028494,5.232,6.812
E01028495,3.199,2.975
E01028496,2.998,2.924
E01028497,4.641,3.206
E01028498,2.878,4.387
E01028499,3.879,5.457
E01028500,5.598,5.949
E01028501,5.855,2.539
E01028502,2.439,2.202
E01028503,3.215,2.443
E01028504,2.692,3.053
E01028505,3.356,2.225
E01028506,3.879,3.029
E01028507,3.011,2.822
E01028508,2.755,2.403
E01028509,3.012,3.043
E01028510,2.752,2.213
E01028511,3.915,5.567
E01028512,3.049,3.848
E01028513,6.144,4.533
E01028514,6.059,4.987
E01028515,2.973,2.47
E01028516,4.684,3.891
E01028517,4.438,4.586
E01028518,6.617,7.326
E01028519,5.651,4.765
E01028520,7.168,6.07
E01028521,0.735,1.111
E01028522,3.242,1.611
E01028523,5.592,2.492
E01028524,5.697,4.759
E01028525,5.003,6.333
E01028526,1.883,1.521
E01028527,5.057,3.165
E01028528,2.718,3.391
E01028529,6.306,3.881
E01028530,4.569,2.425
E01028531,2.259,2.127
E01028532,3.928,3.957
E01028533,3.528,5.579
E01028534,4.302,3.554
E01028535,2.811,1.658
E01028536,4.562,4.233
E01028537,3.53,2.447
E01028538,6.028,4.462
E01028539,2.918,2.933
E01028540,1.897,1.988
E01028541,2.378,2.964
E01028542,3.495,3.258
E01028543,6.136,5.99
E01028544,2.574,3.139
E01028545,2.238,1.712
E01028546,7.184,5.929
E01028547,2.694,1.716
E01028548,3.103,3.112
E01028549,3.893,2.674
E01028550,3.709,2.516
E01028551,1.888,2.185
E01028552,5.452,7.153
E01028553,6.129,4.637
E01028554,3.394,4.56
E01028555,3.418,2.739
E01028556,2.803,2.314
E01028557,3.545,4.246
E01028558,3.201,3.301
E01028559,3.769,3.479
E01028560,4.765,3.624
E01028561,3.39,2.923
E01028562,3.704,2.297
E01028563,4.12,2.484
E01028565,1.197,1.399
E01028567,5.524,6.059
E01028568,6.621,7.61
E01028569,5.994,7.85
E01028570,2.264,1.849
E01028571,3.977,3.993
E01028572,2.327,2.62
E01028573,2.463,1.696
E01028574,4.312,5.292
E01028575,3.927,4.984
E01028576,4.583,4.85
E01028577,6.888,6.077
E01028578,4.258,3.909
E01028579,3.275,3.548
E01028580,3.439,2.665
E01028581,2.362,2.068
E01028582,4.634,3.355
E01028583,2.966,2.459
E01028584,2.425,2.005
E01028585,1.955,2.459
E01028586,2.676,2.679
E01028587,3.63,3.769
E01028588,1.688,1.183
E01028591,1.911,1.81
E01028592,1.485,1.438
E01028594,2.722,3.193
E01028595,2.857,3.96
E01028596,3.134,2.488
E01028597,4.93,5.774
E01028598,3.376,3.088
E01028599,2.758,2.754
E01028600,2.802,3.051
E01028601,1.775,0.864
E01028602,0.972,0.771
E01028603,2.331,1.825
E01028604,5.814,5.356
E01028605,5.273,5.116
E01028606,3.004,3.871
E01028607,4.884,3.645
E01028608,3.434,2.653
E01028609,2.319,2.444
E01028610,4.086,4.458
E01028611,2.273,3.184
E01028612,2.531,3.75
E01028613,2.296,1.783
E01028614,2.937,2.633
E01028615,3.727,4.31
E01028616,2.134,2.492
E01028617,2.759,2.969
E01028618,4.061,2.477
E01028619,3.76,3.581
E01028620,4.165,3.712
E01028621,3.561,2.992
E01028622,4.53,3.162
E01028623,3.856,3.377
E01028624,5.238,3.097
E01028625,1.274,1.341
E01028626,1.153,1.32
E01028627,1.941,1.966
E01028628,2.009,2.296
E01028629,1.798,2.893
E01028630,2.001,3.641
E01028631,3.986,5.157
E01028632,5.755,5.21
E01028633,3.987,5.385
E01028634,3.366,3.517
E01028635,4.712,5.019
E01028636,6.274,7.116
E01028637,3.849,3.132
E01028638,3.618,4.063
E01028639,2.981,2.549
E01028640,4.127,2.837
E01028641,3.987,3.729
E01028642,3.089,2.172
E01028643,2.71,2.746
E01028644,3.411,2.943
E01028645,4.369,3.338
E01028646,3.043,2.759
E01028647,2.663,2.13
E01028648,3.614,2.324
E01028649,2.894,2.823
E01028650,4.192,3.469
E01028651,4.756,5.443
E01028652,2.965,2.548
E01028653,2.415,3.947
E01028654,2.859,2.506
E01028655,2.859,3.185
E01028656,3.007,2.509
E01028657,6.265,6.146
E01028658,4.563,3.094
E01028659,2.285,2.861
E01028660,2.5,2.489
E01028661,3.445,2.636
E01028662,1.292,1.73
E01028663,3.152,3.538
E01028664,2.977,3.925
E01028665,2.356,1.826
E01028666,2.279,3.134
E01028667,1.517,2.066
E01028668,2.782,3.047
E01028669,3.178,3.17
E01028670,3.877,3.376
E01028671,4.507,5.947
E01028672,2.982,2.855
E01028673,1.667,2.786
E01028674,2.187,3.06
E01028675,3.757,3.769
E01028676,5.827,6.057
E01028677,4.962,4.526
E01028678,2.841,2.462
E01028679,5.382,4.409
E01028680,3.241,2.714
E01028681,3.328,4.074
E01028682,6.511,4.655
E01028683,3.048,4.294
E01028684,2.811,4.077
E01028685,3.515,2.889
E01028686,2.2,3.048
E01028688,2.465,3.727
E01028689,2.787,3.556
E01028690,3.946,3.977
E01028691,5.478,4.543
E01028692,5.245,5.194
E01028693,1.86,1.846
E01028694,1.565,1.417
E01028695,3.007,3.178
E01028696,2.489,2.296
E01028697,6.689,4.288
E01028698,2.277,2.807
E01028699,3.755,2.185
E01028700,4.714,5.865
E01028701,4.164,2.647
E01028702,2.901,3.912
E01028703,4.138,4.338
E01028704,4.144,4.502
E01028705,2.25,1.535
E01028706,1.737,2.221
E01028707,2.186,3.112
E01028708,4.66,4.87
E01028709,2.163,2.341
E01028710,2.508,2.0
E01028711,3.151,3.144
E01028712,2.797,3.704
E01028713,2.993,2.309
E01028714,3.57,3.727
E01028715,2.504,2.385
E01028716,3.133,3.094
E01028717,5.24,4.379
E01028718,4.603,4.567
E01028719,3.887,3.545
E01028720,4.556,4.243
E01028721,1.706,2.566
E01028722,2.873,4.191
E01028723,4.02,3.857
E01028724,2.771,3.193
E01028725,3.175,2.475
E01028726,2.921,2.305
E01028727,2.768,2.3
E01028728,4.46,3.522
E01028729,2.516,1.748
E01028730,2.588,3.244
E01028731,4.567,3.496
E01028732,2.206,2.461
E01028733,2.494,3.134
E01028734,4.059,3.694
E01028735,4.1,4.192
E01028736,2.81,2.662
E01028737,3.076,2.391
E01028738,1.307,0.95
E01028739,3.465,3.277
E01028740,2.833,2.2
E01028741,1.491,1.833
E01028742,5.524,3.963
E01028743,2.181,2.721
E01028744,3.333,4.3
E01028745,2.314,2.577
E01028746,3.643,3.656
E01028747,2.0,2.312
E01028748,2.713,2.728
E01028749,4.115,4.173
E01028750,5.116,5.294
E01028751,2.649,3.8
E01028752,2.416,2.286
E01028753,6.47,3.737
E01028754,2.595,1.891
E01028755,3.481,3.749
E01028756,5.213,4.737
E01028757,5.118,5.481
E01028758,3.026,3.505
E01028759,3.539,3.79
E01028760,4.429,4.534
E01028761,2.068,2.344
E01028762,2.088,2.907
E01028763,3.986,2.715
E01028764,5.144,3.46
E01028765,5.67,2.998
E01028766,3.274,2.354
E01028767,3.249,4.249
E01028771,6.272,6.093
E01028772,3.633,3.154
E01028773,4.686,4.878
E01028774,2.181,3.369
E01028775,2.732,3.047
E01028776,3.406,3.69
E01028777,3.815,2.886
E01028778,4.632,5.467
E01028779,3.308,2.862
E01028780,3.524,3.86
E01028781,5.976,4.981
E01028782,2.772,2.899
E01028783,4.881,5.678
E01028784,2.607,3.099
E01028785,4.306,3.494
E01028786,3.662,2.701
E01028787,4.938,6.075
E01028788,3.014,3.438
E01028789,2.141,1.646
E01028790,3.13,2.778
E01028791,3.974,5.654
E01028792,2.695,1.805
E01028793,4.574,6.155
E01028794,3.549,4.666
E01028795,3.31,3.268
E01028796,6.399,4.955
E01028797,3.161,3.301
E01028798,2.634,3.117
E01028799,3.475,4.513
E01028800,3.746,4.043
E01028801,3.712,2.603
E01028802,4.849,3.485
E01028804,2.589,2.577
E01028806,4.403,4.363
E01028807,4.247,6.253
E01028808,3.588,3.438
E01028809,5.576,5.798
E01028810,2.356,3.419
E01028811,6.526,6.186
E01028813,4.173,4.689
E01028814,3.465,4.848
E01028815,2.302,3.799
E01028816,2.386,3.03
E01028817,2.431,2.859
E01028818,3.633,4.235
E01028819,6.738,6.695
E01028820,1.495,2.331
E01028821,2.475,3.461
E01028822,1.411,2.288
E01028823,3.712,3.681
E01028824,3.247,2.329
E01028825,1.631,2.375
E01028826,4.35,7.226
E01028827,5.465,6.279
E01028828,4.923,5.0
E01028829,4.195,5.263
E01028830,5.079,6.294
E01028831,4.572,3.623
E01028832,5.295,5.339
E01028833,7.943,8.711
E01028834,5.253,7.253
E01028835,5.476,4.987
E01028836,7.003,6.562
E01028837,4.7,4.758
E01028838,8.194,6.569
E01028839,5.518,5.245
E01028840,5.828,5.2
E01028841,6.096,6.991
E01028842,4.383,3.454
E01028843,4.965,3.702
E01028844,2.208,1.859
E01028845,4.177,7.095
E01028846,3.769,3.613
E01028847,3.336,5.676
E01028848,5.9,5.087
E01028849,6.731,7.763
E01028850,3.135,3.168
E01028851,4.534,4.707
E01028852,4.353,4.913
E01028853,7.119,8.731
E01028854,4.74,5.222
E01028855,3.375,2.18
E01028856,5.721,4.857
E01028857,5.22,2.872
E01028858,4.333,5.726
E01028859,8.63,7.323
E01028860,3.604,3.256
E01028861,4.766,3.542
E01028862,3.088,3.925
E01028863,3.991,4.456
E01028864,5.552,4.904
E01028865,3.592,4.443
E01028866,3.901,5.946
E01028867,7.093,6.777
E01028868,6.142,5.75
E01028869,4.36,4.677
E01028870,4.741,3.676
E01028871,6.033,6.218
E01028872,4.172,3.851
E01028873,5.41,5.525
E01028874,6.033,6.082
E01028875,3.878,4.193
E01028876,6.52,5.211
E01028877,4.777,5.059
E01028878,4.984,4.809
E01028879,6.487,7.881
E01028880,6.797,7.418
E01028881,4.913,5.878
E01028882,4.826,4.978
E01028883,3.874,3.273
E01028884,5.782,5.33
E01028885,2.63,4.417
E01028886,5.628,7.61
E01028887,6.304,5.583
E01028888,2.803,3.725
E01028889,5.567,6.034
E01028890,5.71,6.702
E01028891,6.878,7.26
E01028892,3.865,3.54
E01028893,5.871,5.162
E01028894,7.366,7.546
E01028895,6.151,6.75
E01028896,5.164,5.855
E01028897,5.959,3.828
E01028898,5.056,3.526
E01028899,4.536,4.106
E01028902,7.384,4.754
E01028903,7.946,10.008
E01028904,5.249,8.021
E01028905,5.146,4.709
E01028906,8.367,7.019
E01028907,5.309,3.598
E01028908,5.737,6.693
E01028909,6.797,5.684
E01028910,5.837,4.457
E01028911,4.71,4.571
E01028912,7.464,7.56
E01028913,3.881,3.897
E01028914,5.375,6.501
E01028915,4.622,3.544
E01028916,3.433,4.82
E01028917,2.581,3.296
E01028918,4.678,4.557
E01028919,2.611,3.797
E01028920,5.629,6.677
E01028921,4.883,5.052
E01028922,4.584,3.917
E01028923,3.357,3.375
E01028924,4.029,4.2
E01028925,4.232,4.224
E01028926,6.065,4.924
E01028927,5.303,3.663
E01028928,5.794,4.985
E01028929,3.825,3.744
E01028930,4.611,4.848
E01028931,6.39,8.65
E01028932,3.635,3.737
E01028933,5.09,5.682
E01028934,6.502,5.603
E01028935,5.507,4.279
E01028936,4.698,5.692
E01028937,4.455,4.533
E01028938,5.174,6.051
E01028939,2.922,3.701
E01028940,4.037,4.627
E01028941,4.235,3.378
E01028942,2.703,2.583
E01028943,4.665,4.505
E01028944,6.735,6.041
E01028945,6.015,4.582
E01028946,5.673,4.067
E01028947,6.025,4.14
E01028948,5.537,7.899
E01028949,3.761,4.045
E01028950,3.365,4.005
E01028951,5.236,3.799
E01028952,5.708,4.088
E01028953,3.864,4.481
E01028954,4.502,3.84
E01028955,7.064,7.399
E01028956,5.007,4.69
E01028957,6.353,7.264
E01028958,6.688,7.674
E01028959,4.816,4.822
E01028960,3.101,3.416
E01028961,2.898,3.024
E01028962,7.628,7.883
E01028963,4.543,3.004
E01028964,2.69,3.251
E01028965,5.428,6.904
E01028966,3.718,3.614
E01028967,9.154,8.994
E01028968,5.503,5.109
E01028969,3.644,4.368
E01028970,8.832,11.156
E01028971,5.241,3.919
E01028972,3.214,2.601
E01028973,5.296,4.611
E01028974,2.336,1.775
E01028975,5.796,6.013
E01028976,3.901,3.751
E01028977,4.027,5.776
E01028978,4.159,3.361
E01028979,3.239,3.522
E01028980,4.828,5.545
E01028981,4.072,5.169
E01028982,4.28,4.839
E01028983,7.31,7.013
E01028984,6.691,7.704
E01028985,4.414,4.517
E01028986,3.96,2.941
E01028987,6.808,5.719
E01028988,3.786,4.83
E01028989,4.242,6.131
E01028990,3.728,3.713
E01028991,3.15,3.468
E01028992,5.3,6.525
E01028993,4.416,3.761
E01028994,5.134,4.712
E01028995,4.231,5.121
E01028996,2.959,3.186
E01028997,5.65,5.674
E01028998,5.402,5.78
E01028999,5.0,6.352
E01029000,7.187,7.087
E01029001,3.811,3.725
E01029002,7.197,6.742
E01029003,4.359,3.911
E01029004,5.263,3.735
E01029005,3.849,4.801
E01029006,8.277,8.618
E01029007,7.814,9.123
E01029009,4.808,4.468
E01029010,5.54,6.23
E01029011,7.875,6.808
E01029012,3.389,3.893
E01029013,4.299,5.618
E01029014,8.053,9.306
E01029015,4.646,3.735
E01029016,4.37,3.467
E01029018,4.02,4.866
E01029019,3.055,3.409
E01029020,3.564,4.254
E01029021,3.554,3.36
E01029022,3.281,3.093
E01029023,6.119,3.196
E01029024,3.928,4.504
E01029025,6.393,5.401
E01029026,4.805,5.273
E01029027,4.937,3.949
E01029028,5.092,6.78
E01029029,6.316,7.363
E01029030,2.527,2.071
E01029031,5.559,6.005
E01029032,5.992,5.54
E01029033,3.838,4.422
E01029034,3.86,3.544
E01029035,2.62,3.403
E01029036,5.4,4.548
E01029037,5.499,5.323
E01029038,3.971,5.157
E01029039,4.618,5.852
E01029040,5.122,4.718
E01029041,6.697,6.314
E01029042,9.302,7.55
E01029043,3.442,4.171
E01029044,4.351,4.678
E01029045,4.601,5.4
E01029046,9.072,8.609
E01029047,7.944,6.796
E01029050,5.811,5.312
E01029051,4.887,5.245
E01029052,5.777,4.317
E01029053,3.78,3.68
E01029054,4.672,4.045
E01029055,4.612,4.617
E01029056,4.534,4.197
E01029057,3.087,3.659
E01029058,4.393,3.621
E01029059,3.369,3.286
E01029060,3.333,3.49
E01029061,4.204,3.415
E01029062,5.018,4.442
E01029063,3.333,3.319
E01029064,4.849,3.851
E01029065,3.245,3.119
E01029066,3.531,4.638
E01029067,6.525,6.169
E01029068,6.315,3.745
E01029069,4.057,5.273
E01029070,3.507,3.975
E01029071,5.497,5.81
E01029072,6.65,7.765
E01029073,5.524,6.421
E01029074,2.403,3.406
E01029075,7.375,9.531
E01029076,3.351,3.755
E01029077,3.571,3.806
E01029078,6.193,4.87
E01029079,8.661,7.965
E01029080,5.938,5.382
E01029081,6.747,4.534
E01029082,2.974,4.279
E01029083,3.511,2.893
E01029084,4.99,6.356
E01029085,5.882,5.558
E01029086,3.721,3.464
E01029089,3.846,4.081
E01029090,4.852,3.536
E01029091,4.487,4.226
E01029092,2.717,3.795
E01029093,7.076,7.073
E01029094,3.03,3.131
E01029095,5.503,5.815
E01029096,5.784,5.449
E01029097,6.084,6.133
E01029098,5.815,6.134
E01029099,10.534,8.11
E01029100,5.874,6.348
E01029101,4.661,3.901
E01029102,5.585,4.473
E01029103,4.387,7.301
E01029104,3.349,4.0
E01029105,9.96,9.322
E01029106,7.317,10.297
E01029107,7.989,7.707
E01029108,5.497,6.595
E01029109,6.619,6.667
E01029110,5.951,6.786
E01029111,5.556,5.326
E01029112,6.716,9.487
E01029113,6.703,5.714
E01029114,6.901,8.396
E01029115,4.745,4.37
E01029116,8.117,10.294
E01029117,8.032,9.405
E01029118,4.903,5.746
E01029119,8.93,9.633
E01029120,4.97,5.141
E01029121,3.4,4.747
E01029122,3.838,3.876
E01029123,6.72,8.415
E01029124,4.522,5.093
E01029125,4.158,3.017
E01029126,4.752,5.007
E01029127,6.715,6.246
E01029128,3.08,2.815
E01029129,3.247,3.623
E01029130,4.648,5.564
E01029131,6.781,7.554
E01029132,13.374,10.99
E01029133,6.966,7.53
E01029134,9.636,8.677
E01029135,5.839,4.405
E01029136,6.748,6.643
E01029137,3.982,3.846
E01029138,6.105,4.443
E01029139,4.723,4.44
E01029140,4.231,4.755
E01029142,5.249,3.694
E01029143,6.652,8.528
E01029144,3.904,5.105
E01029145,5.132,5.296
E01029147,3.629,2.619
E01029148,3.287,2.934
E01029149,4.06,4.438
E01029150,4.493,5.111
E01029151,4.675,4.563
E01029152,7.187,6.409
E01029153,4.113,4.937
E01029154,4.961,5.343
E01029155,4.482,3.458
E01029156,4.322,4.619
E01029157,5.236,4.818
E01029158,2.386,2.186
E01029159,2.216,2.413
E01029160,2.294,1.959
E01029161,3.319,3.723
E01029162,7.642,5.456
E01029163,4.025,3.729
E01029164,3.279,3.952
E01029165,5.998,5.468
E01029166,3.216,3.53
E01029167,8.272,6.675
E01029168,3.412,4.442
E01029169,4.382,5.066
E01029170,4.865,6.573
E01029171,6.425,6.971
E01029172,4.144,2.882
E01029173,3.689,4.11
E01029174,6.066,6.673
E01029175,5.519,5.799
E01029176,3.997,6.09
E01029177,7.872,9.907
E01029178,4.354,4.657
E01029179,5.561,7.032
E01029180,4.345,5.424
E01029181,4.693,5.308
E01029182,4.99,4.994
E01029183,5.385,5.67
E01029184,4.174,4.551
E01029185,4.051,5.678
E01029186,7.556,8.932
E01029187,5.469,5.171
E01029188,3.46,3.386
E01029189,5.043,6.354
E01029190,3.462,3.484
E01029191,4.884,5.551
E01029192,2.941,5.199
E01029193,4.508,4.833
E01029194,3.785,3.581
E01029195,5.209,6.016
E01029196,4.136,4.233
E01029197,3.928,5.672
E01029198,2.45,3.062
E01029199,3.518,3.28
E01029200,7.063,5.797
E01029201,7.975,6.73
E01029202,8.051,8.319
E01029203,3.228,3.946
E01029204,4.341,4.501
E01029205,4.489,4.503
E01029206,5.404,5.003
E01029207,3.284,3.065
E01029208,5.929,6.099
E01029209,2.928,2.687
E01029210,4.359,4.503
E01029211,5.087,4.499
E01029212,3.82,4.505
E01029213,4.732,3.698
E01029214,3.64,4.417
E01029215,6.331,7.378
E01029216,3.66,4.315
E01029217,3.567,4.422
E01029218,6.46,6.612
E01029219,5.736,5.125
E01029220,5.359,5.878
E01029221,3.235,3.158
E01029222,4.067,3.88
E01029223,3.148,2.98
E01029224,4.426,5.354
E01029225,4.461,4.428
E01029226,5.618,7.034
E01029227,5.006,4.943
E01029228,5.481,4.527
E01029229,5.773,5.802
E01029230,4.623,4.353
E01029231,5.307,4.922
E01029232,3.864,6.448
E01029233,5.908,4.9
E01029234,6.987,5.633
E01029235,6.263,5.946
E01029236,7.044,7.195
E01029237,6.55,7.168
E01029238,5.901,5.548
E01029239,6.271,5.797
E01029240,3.419,4.182
E01029241,3.524,4.893
E01029242,4.368,4.841
E01029243,6.707,5.092
E01029244,2.5,4.206
E01029245,4.535,3.491
E01029246,6.645,5.976
E01029247,7.253,6.959
E01029248,6.549,7.51
E01029249,8.808,7.738
E01029250,7.117,7.511
E01029251,5.356,3.71
E01029252,4.006,3.277
E01029253,4.984,4.477
E01029254,4.838,4.22
E01029255,3.871,4.741
E01029256,7.607,4.279
E01029257,6.302,6.426
E01029258,3.415,2.704
E01029259,6.258,7.124
E01029260,1.819,2.737
E01029261,2.665,3.986
E01029262,2.953,3.954
E01029263,3.704,2.996
E01029264,4.637,4.094
E01029265,3.957,3.606
E01029266,5.018,5.692
E01029267,4.759,5.201
E01029268,4.204,3.747
E01029269,5.907,8.49
E01029270,4.482,3.964
E01029271,4.054,3.632
E01029273,4.425,4.863
E01029274,4.676,3.937
E01029275,6.625,7.031
E01029276,4.838,3.551
E01029277,3.661,3.706
E01029278,3.676,3.61
E01029279,4.483,4.498
E01029280,5.642,6.805
E01029281,7.546,7.794
E01029282,3.971,3.317
E01029283,5.574,6.578
E01029284,5.718,7.499
E01029285,2.768,3.574
E01029286,4.091,5.442
E01029287,3.183,3.597
E01029288,2.476,3.669
E01029289,4.509,4.431
E01029290,3.746,3.504
E01029291,5.823,6.888
E01029292,10.801,7.776
E01029293,5.432,5.621
E01029294,2.288,3.965
E01029295,3.686,3.967
E01029296,7.527,3.195
E01029297,10.402,8.4
E01029298,5.541,6.877
E01029299,8.195,8.229
E01029300,2.903,2.78
E01029301,6.045,6.305
E01029302,2.95,3.704
E01029303,4.072,3.757
E01029304,7.26,8.051
E01029305,5.904,5.551
E01029306,5.732,9.079
E01029307,7.486,9.345
E01029308,3.185,3.308
E01029309,5.311,5.934
E01029310,5.243,3.81
E01029311,6.671,5.428
E01029312,4.085,5.059
E01029313,4.576,4.275
E01029314,4.714,5.105
E01029315,5.372,4.42
E01029316,6.17,5.439
E01029317,4.83,4.036
E01029318,4.724,2.222
E01029319,2.439,2.36
E01029320,7.431,6.333
E01029321,3.46,3.398
E01029322,5.052,7.59
E01029324,5.802,6.314
E01029325,5.857,6.781
E01029326,7.34,5.52
E01029327,4.879,3.278
E01029328,6.85,6.701
E01029329,6.236,6.2
E01029330,7.418,7.971
E01029331,8.848,6.989
E01029333,6.967,7.125
E01029334,5.851,6.946
E01029335,4.516,6.022
E01029336,5.738,5.607
E01029337,4.856,5.641
E01029338,4.113,3.986
E01029339,8.945,7.152
E01029341,8.521,9.837
E01029342,5.239,5.55
E01029343,8.741,8.037
E01029345,5.918,5.991
E01029346,9.3,9.876
E01029347,6.634,6.242
E01029348,8.338,7.356
E01029349,9.375,9.745
E01029350,11.468,10.558
E01029351,6.919,6.242
E01029352,6.884,5.218
E01029353,8.696,9.098
E01029354,8.979,8.696
E01029355,10.248,10.969
E01029356,8.884,10.454
E01029357,8.493,8.189
E01029358,9.195,7.446
E01029359,8.091,5.887
E01029360,9.493,7.359
E01029361,8.662,8.643
E01029362,7.157,7.295
E01029363,10.399,8.637
E01029364,5.684,4.609
E01029365,5.294,7.315
E01029366,6.224,5.649
E01029367,6.29,6.775
E01029368,4.976,4.246
E01029369,4.96,4.319
E01029370,4.594,4.81
E01029371,4.839,4.701
E01029372,9.352,9.33
E01029373,7.806,7.834
E01029374,6.045,6.355
E01029375,1.837,2.682
E01029376,5.572,3.947
E01029377,1.449,2.485
E01029378,2.646,3.99
E01029379,4.244,3.844
E01029380,2.274,2.757
E01029381,10.624,10.07
E01029382,10.334,9.047
E01029383,3.885,3.528
E01029384,6.405,3.942
E01029385,6.018,5.523
E01029386,7.103,6.494
E01029387,11.434,10.035
E01029388,10.255,11.03
E01029389,5.471,5.247
E01029390,9.075,8.031
E01029391,5.522,6.372
E01029392,4.84,3.583
E01029393,5.685,5.602
E01029394,7.456,6.874
E01029395,5.517,2.768
E01029396,4.381,5.842
E01029397,7.221,6.839
E01029398,4.994,6.181
E01029399,5.979,6.634
E01029400,5.569,5.27
E01029401,6.48,6.536
E01029402,5.491,4.764
E01029403,6.981,7.653
E01029404,9.893,9.458
E01029405,3.547,4.7
E01029406,3.902,3.135
E01029407,5.708,4.955
E01029408,4.627,4.523
E01029409,5.949,4.415
E01029410,6.298,3.784
E01029411,3.419,3.121
E01029412,3.775,3.306
E01029413,5.578,5.237
E01029414,2.593,3.6
E01029415,2.096,2.238
E01029416,5.382,2.636
E01029417,4.187,2.612
E01029418,2.802,3.407
E01029419,4.913,3.523
E01029420,6.062,5.542
E01029422,3.775,4.028
E01029423,5.545,5.0
E01029424,3.984,6.796
E01029425,4.831,5.212
E01029426,5.724,5.335
E01029427,8.679,7.935
E01029428,3.093,2.893
E01029429,4.963,4.72
E01029430,3.818,3.059
E01029431,5.919,6.859
E01029432,4.203,4.542
E01029433,4.602,5.886
E01029434,5.169,5.559
E01029435,4.947,7.019
E01029436,6.455,7.081
E01029437,7.078,8.078
E01029438,5.622,4.672
E01029439,4.913,4.107
E01029440,2.707,3.106
E01029441,4.759,5.65
E01029442,3.651,3.658
E01029443,3.399,2.677
E01029444,5.346,5.901
E01029445,6.573,4.584
E01029446,5.145,3.943
E01029447,5.923,4.722
E01029448,7.651,6.24
E01029449,5.273,6.136
E01029450,9.121,8.57
E01029451,5.444,6.187
E01029452,7.56,7.495
E01029453,9.296,9.536
E01029454,2.869,3.364
E01029455,2.518,4.254
E01029456,5.398,5.916
E01029457,2.555,2.508
E01029458,4.281,4.015
E01029459,2.033,1.943
E01029460,4.273,4.551
E01029461,4.33,6.165
E01029462,5.228,5.125
E01029463,4.996,3.393
E01029464,5.912,6.319
E01029465,3.659,4.301
E01029466,3.141,2.988
E01029467,3.704,4.406
E01029468,6.224,7.906
E01029469,4.713,4.578
E01029470,4.545,5.106
E01029471,5.023,5.688
E01029472,6.07,7.043
E01029473,4.455,1.967
E01029474,3.48,3.322
E01029475,5.449,5.118
E01029476,7.442,5.143
E01029477,3.361,3.218
E01029478,5.752,4.872
E01029479,2.981,3.237
E01029480,4.865,5.4
E01029481,6.376,6.574
E01029482,7.178,7.624
E01029483,3.67,2.778
E01029484,6.403,4.073
E01029485,4.749,2.809
E01029486,5.567,6.987
E01029487,8.318,8.72
E01029488,3.087,3.017
E01029489,6.332,6.469
E01029490,5.83,5.293
E01029491,5.13,5.413
E01029492,5.882,8.527
E01029493,3.754,4.737
E01029494,6.568,6.234
E01029495,5.489,5.23
E01029496,8.796,8.398
E01029497,6.43,4.77
E01029498,5.837,5.063
E01029499,8.305,9.025
E01029500,4.368,5.044
E01029501,5.978,4.378
E01029502,5.437,5.642
E01029503,6.877,5.741
E01029504,6.975,6.194
E01029505,6.747,5.559
E01029506,4.454,6.647
E01029507,2.84,2.035
E01029508,3.459,3.357
E01029509,3.454,6.73
E01029511,3.623,3.053
E01029512,4.067,3.235
E01029513,2.933,3.086
E01029514,5.72,3.976
E01029515,4.498,3.571
E01029516,4.696,3.964
E01029517,4.187,3.123
E01029518,2.476,3.324
E01029519,4.661,5.28
E01029520,2.217,2.244
E01029521,3.256,4.0
E01029522,6.536,4.709
E01029523,3.493,3.387
E01029524,5.294,9.714
E01029525,5.381,5.92
E01029526,7.731,7.255
E01029527,8.658,9.406
E01029528,6.569,5.856
E01029529,3.669,4.16
E01029530,3.901,2.461
E01029531,4.009,3.397
E01029532,4.697,7.056
E01029533,6.225,5.786
E01029534,6.061,6.465
E01029535,8.062,8.166
E01029536,6.526,6.141
E01029537,5.856,5.894
E01029538,16.857,13.756
E01029539,4.728,4.62
E01029540,8.881,5.56
E01029541,7.184,5.71
E01029542,6.287,5.997
E01029543,10.676,7.861
E01029544,3.965,5.486
E01029545,4.875,6.36
E01029546,2.859,4.577
E01029547,11.546,8.969
E01029548,11.729,9.816
E01029549,9.026,8.621
E01029551,3.837,3.93
E01029552,7.708,6.972
E01029553,9.281,7.867
E01029554,14.298,10.0
E01029555,7.223,7.354
E01029556,6.972,5.92
E01029557,4.147,4.831
E01029558,7.199,7.732
E01029559,6.583,8.367
E01029560,8.443,7.6
E01029561,7.921,7.212
E01029562,4.213,4.198
E01029563,7.117,6.822
E01029564,7.949,7.223
E01029565,3.333,3.606
E01029566,8.442,7.618
E01029567,8.534,7.791
E01029568,8.607,9.479
E01029569,5.413,5.01
E01029570,4.943,3.626
E01029571,5.091,4.674
E01029572,3.486,3.354
E01029573,5.14,3.395
E01029574,6.545,7.478
E01029575,7.171,8.478
E01029576,1.502,2.458
E01029577,3.866,3.919
E01029578,6.456,6.477
E01029579,4.991,5.183
E01029580,2.797,2.926
E01029581,6.595,4.499
E01029582,5.631,5.344
E01029583,7.92,6.739
E01029584,4.79,4.472
E01029585,4.577,5.201
E01029586,5.151,3.24
E01029587,4.984,4.832
E01029588,8.571,7.359
E01029589,3.722,3.442
E01029590,5.248,6.105
E01029591,9.861,10.422
E01029593,8.571,6.144
E01029594,7.314,8.181
E01029595,6.726,8.074
E01029596,8.621,7.018
E01029597,8.778,8.728
E01029598,6.403,6.174
E01029599,9.438,10.137
E01029600,4.076,4.743
E01029601,5.054,4.444
E01029602,4.844,9.614
E01029603,6.752,6.582
E01029604,13.899,9.378
E01029605,3.877,3.479
E01029606,2.335,2.415
E01029607,7.415,4.457
E01029608,5.27,5.214
E01029609,4.802,7.111
E01029610,4.921,3.443
E01029611,8.002,6.421
E01029612,5.052,5.464
E01029613,5.13,4.755
E01029614,5.145,6.224
E01029615,6.826,6.551
E01029616,4.407,6.843
E01029617,3.403,3.669
E01029618,5.584,6.981
E01029619,6.16,6.153
E01029620,5.754,5.609
E01029621,6.22,4.717
E01029622,6.447,6.025
E01029623,5.268,7.23
E01029624,4.087,4.813
E01029625,7.918,6.628
E01029626,3.257,3.682
E01029627,8.269,7.968
E01029628,4.111,3.161
E01029629,2.217,3.109
E01029630,5.846,3.663
E01029631,2.911,4.089
E01029632,13.106,7.33
E01029633,4.574,3.448
E01029634,8.062,9.057
E01029635,7.745,8.934
E01029636,3.889,4.979
E01029637,4.027,5.889
E01029638,8.557,8.524
E01029639,5.618,5.041
E01029640,3.304,3.679
E01029641,4.402,4.022
E01029642,5.42,5.346
E01029643,10.526,7.677
E01029644,7.32,5.164
E01029645,9.149,7.494
E01029646,7.886,6.941
E01029647,4.253,3.564
E01029648,7.764,7.593
E01029649,6.218,5.928
E01029650,4.912,5.088
E01029651,8.155,5.22
E01029652,3.584,3.399
E01029653,5.692,5.547
E01029654,3.874,3.805
E01029655,6.643,5.861
E01029656,3.566,3.369
E01029657,2.236,2.796
E01029658,5.33,6.265
E01029659,4.552,4.736
E01029660,4.002,7.116
E01029661,3.065,4.275
E01029662,3.203,3.053
E01029663,2.953,3.592
E01029664,3.824,4.749
E01029665,2.597,3.897
E01029666,7.198,7.384
E01029667,6.157,4.231
E01029668,6.041,4.817
E01029669,5.116,4.869
E01029670,4.053,4.45
E01029671,6.04,6.719
E01029672,3.571,3.193
E01029673,6.329,5.758
E01029674,3.407,3.167
E01029675,4.878,5.422
E01029676,5.109,5.596
E01029677,4.566,3.658
E01029678,3.196,3.685
E01029679,8.459,7.713
E01029680,4.948,5.197
E01029681,6.214,6.018
E01029682,8.601,7.639
E01029683,5.183,5.004
E01029684,2.352,3.451
E01029685,3.635,3.23
E01029686,5.911,4.521
E01029687,4.278,3.803
E01029688,4.0,4.996
E01029689,4.847,4.189
E01029690,3.742,4.096
E01029691,9.81,12.399
E01029692,6.972,7.654
E01029693,1.651,3.547
E01029694,4.152,2.968
E01029695,5.544,4.38
E01029696,3.647,5.384
E01029697,4.709,4.517
E01029698,3.849,2.399
E01029699,6.104,5.231
E01029700,3.056,3.055
E01029701,5.258,7.068
E01029702,7.582,5.939
E01029703,3.809,3.943
E01029704,5.483,5.512
E01029705,5.116,5.536
E01029706,3.685,4.125
E01029707,7.692,7.228
E01029708,3.667,3.072
E01029709,3.304,3.479
E01029710,4.742,4.745
E01029711,3.831,3.718
E01029712,5.947,4.229
E01029713,5.316,5.909
E01029714,2.832,3.136
E01029715,7.112,7.676
E01029716,6.847,7.538
E01029717,8.375,7.399
E01029718,3.16,3.747
E01029719,6.35,6.375
E01029720,4.969,7.99
E01029721,6.589,3.465
E01029722,3.565,4.562
E01029723,4.161,3.802
E01029724,3.557,4.45
E01029725,8.422,7.227
E01029726,6.384,5.322
E01029727,8.956,7.661
E01029728,5.598,5.594
E01029729,5.86,8.763
E01029730,4.159,3.287
E01029731,2.443,3.287
E01029732,2.765,2.498
E01029733,6.704,3.488
E01029734,7.181,9.361
E01029735,5.032,6.264
E01029736,6.309,4.631
E01029737,5.897,5.466
E01029738,4.209,4.819
E01029739,2.298,2.329
E01029740,6.328,6.1
E01029741,2.405,2.043
E01029742,5.144,4.515
E01029743,5.014,3.121
E01029744,3.905,3.191
E01029745,6.168,8.6
E01029746,5.806,5.114
E01029747,3.923,2.937
E01029748,3.608,2.609
E01029749,5.481,4.73
E01029750,5.135,3.791
E01029751,5.438,5.101
E01029752,5.124,6.575
E01029753,7.433,4.127
E01029754,3.308,3.502
E01029755,5.477,6.081
E01029756,7.701,6.991
E01029757,3.117,3.754
E01029758,3.062,3.426
E01029759,3.149,3.557
E01029760,4.076,3.202
E01029761,3.922,3.466
E01029762,4.463,3.936
E01029763,10.613,9.669
E01029764,5.195,4.853
E01029765,9.568,9.668
E01029766,9.007,8.708
E01029767,4.39,5.965
E01029768,6.477,4.823
E01029769,4.567,3.781
E01029770,5.091,4.074
E01029771,7.861,5.853
E01029772,5.765,5.649
E01029773,5.267,4.31
E01029774,6.465,5.535
E01029775,8.018,5.4
E01029776,2.92,4.34
E01029777,7.18,5.62
E01029778,6.047,5.011
E01029779,6.002,5.842
E01029780,5.437,5.842
E01029781,4.79,5.684
E01029782,9.136,7.591
E01029783,9.322,7.543
E01029784,5.816,6.185
E01029785,3.261,4.313
E01029786,5.742,3.829
E01029787,11.538,6.895
E01029788,3.835,4.068
E01029789,5.539,5.812
E01029790,5.371,4.778
E01029791,4.104,3.601
E01029792,3.8,4.574
E01029793,4.115,5.476
E01029794,4.926,5.758
E01029795,5.415,5.608
E01029796,5.405,4.743
E01029797,4.894,4.02
E01029798,6.89,5.813
E01029799,4.997,5.283
E01029800,4.434,4.571
E01029801,4.293,4.071
E01029802,5.252,5.152
E01029803,4.06,4.457
E01029804,6.807,7.099
E01029805,5.468,4.83
E01029806,5.871,5.256
E01029807,8.136,10.852
E01029808,7.865,5.746
E01029809,8.299,9.448
E01029810,9.321,10.874
E01029811,7.001,7.478
E01029812,5.475,7.823
E01029813,4.48,4.48
E01029814,5.104,5.013
E01029815,4.915,6.25
E01029816,5.292,4.0
E01029817,5.303,3.134
E01029818,6.205,6.392
E01029819,6.228,5.365
E01029820,5.392,4.725
E01029821,6.463,6.318
E01029822,2.284,2.483
E01029823,5.394,6.756
E01029824,7.969,8.506
E01029825,4.26,4.694
E01029826,5.692,4.853
E01029827,9.403,9.597
E01029828,5.873,6.211
E01029829,4.01,4.705
E01029830,7.731,6.649
E01029831,6.894,7.209
E01029832,5.501,7.071
E01029833,3.012,3.465
E01029834,7.138,7.455
E01029835,12.884,13.486
E01029836,6.729,5.056
E01029837,5.217,5.453
E01029838,3.954,4.353
E01029839,1.862,3.172
E01029840,6.471,7.153
E01029841,6.272,6.931
E01029842,6.869,7.926
E01029843,7.348,6.086
E01029844,4.1,4.064
E01029845,11.321,9.355
E01029846,8.603,4.654
E01029847,5.961,4.919
E01029848,4.143,4.975
E01029849,8.98,8.601
E01029850,6.718,7.727
E01029851,6.426,6.114
E01029852,7.803,7.526
E01029853,8.077,6.667
E01029854,3.371,2.491
E01029855,4.407,4.973
E01029856,4.3,5.101
E01029857,4.584,5.367
E01029858,4.025,4.065
E01029859,7.367,8.266
E01029860,4.439,3.336
E01029861,6.083,6.612
E01029862,3.134,3.248
E01029863,4.335,3.644
E01029864,3.053,3.664
E01029865,3.819,3.801
E01029867,6.866,6.589
E01029868,2.308,3.493
E01029869,6.119,5.678
E01029870,4.807,3.643
E01029871,4.364,5.808
E01029872,3.355,4.055
E01029873,5.61,5.623
E01029874,3.029,4.319
E01029875,3.548,2.897
E01029876,3.576,4.45
E01029877,4.093,2.402
E01029878,6.845,5.22
E01029879,5.611,4.157
E01029880,4.356,5.644
E01029881,3.452,3.656
E01029882,4.42,4.139
E01029883,3.434,3.7
E01029884,4.306,4.633
E01029885,4.336,4.387
E01029886,7.496,9.077
E01029887,4.611,4.303
E01029888,5.736,5.666
E01029889,5.634,6.899
E01029890,2.319,2.125
E01029891,3.532,3.617
E01029892,4.251,5.045
E01029893,3.016,3.814
E01029894,2.923,3.568
E01029895,2.607,2.721
E01029896,4.855,6.95
E01029897,3.364,3.583
E01029898,6.039,5.203
E01029899,3.273,3.398
E01029900,6.967,5.708
E01029901,4.74,4.76
E01029902,3.488,3.599
E01029903,3.207,3.423
E01029904,4.501,3.461
E01029905,3.036,3.152
E01029906,4.39,5.657
E01029907,4.764,3.811
E01029908,1.903,1.245
E01029909,2.121,2.566
E01029910,4.062,5.681
E01029911,3.104,3.589
E01029912,5.944,6.359
E01029913,5.725,5.659
E01029914,3.58,4.934
E01029915,6.95,3.512
E01029916,4.874,5.134
E01029917,4.12,4.256
E01029918,5.42,7.136
E01029919,4.781,5.871
E01029920,7.019,5.975
E01029921,4.173,4.376
E01029922,6.968,4.623
E01029923,4.289,3.215
E01029925,3.151,3.292
E01029926,8.834,7.28
E01029927,6.525,6.595
E01029928,4.757,5.724
E01029929,7.73,9.488
E01029930,6.731,6.704
E01029937,3.98,3.67
E01029938,4.425,5.716
E01029939,3.117,3.81
E01029940,6.211,8.0
E01029941,4.167,3.848
E01029942,3.666,4.061
E01029944,5.805,5.983
E01029945,2.862,3.042
E01029946,4.309,5.784
E01029947,6.131,5.903
E01029949,5.199,4.288
E01029950,4.874,4.757
E01029951,4.953,3.797
E01029952,6.741,2.707
E01029953,3.862,3.622
E01029954,4.264,4.634
E01029955,4.843,3.084
E01029956,2.802,2.555
E01029957,3.608,3.287
E01029958,4.93,4.448
E01029960,3.398,3.909
E01029961,3.217,4.0
E01029962,4.203,3.993
E01029963,3.31,3.704
E01029964,3.207,2.874
E01029965,4.206,4.71
E01029966,4.208,3.465
E01029967,5.551,3.771
E01029968,3.385,3.795
E01029969,8.707,5.113
E01029970,4.496,5.032
E01029971,8.328,7.05
E01029973,4.224,3.671
E01029974,5.23,4.49
E01029975,4.869,4.061
E01029976,4.454,4.22
E01029977,3.904,4.368
E01029978,4.618,5.012
E01029979,8.364,8.589
E01029980,6.585,6.246
E01029981,4.46,5.189
E01029982,5.339,5.604
E01029983,3.633,4.585
E01029984,6.483,5.79
E01029985,4.208,3.667
E01029986,6.294,6.62
E01029987,7.746,7.083
E01029988,7.531,6.277
E01029990,2.907,3.37
E01029991,4.348,4.531
E01029992,3.916,4.211
E01029994,8.911,9.174
E01029995,3.745,3.563
E01029996,6.29,6.205
E01029997,3.897,3.768
E01029998,6.309,7.504
E01029999,2.986,2.529
E01030000,2.804,2.397
E01030001,8.559,7.834
E01030002,4.496,5.045
E01030003,4.954,3.723
E01030004,3.057,2.705
E01030005,3.627,2.934
E01030006,3.993,4.881
E01030007,2.424,2.959
E01030008,4.528,2.821
E01030009,7.9,2.979
E01030010,5.178,5.477
E01030011,2.897,3.512
E01030012,9.732,11.083
E01030013,9.449,7.717
E01030014,8.214,7.329
E01030015,3.511,4.13
E01030016,4.885,5.691
E01030017,6.081,5.098
E01030018,6.079,7.101
E01030019,4.502,4.949
E01030020,4.333,4.986
E01030021,5.819,6.337
E01030022,4.093,5.032
E01030023,3.871,4.243
E01030024,5.639,5.76
E01030025,6.376,7.265
E01030026,3.654,4.154
E01030027,3.643,2.992
E01030028,4.231,4.348
E01030029,5.864,6.379
E01030030,3.298,4.469
E01030031,7.479,7.858
E01030032,5.511,5.007
E01030033,3.39,3.654
E01030034,5.092,5.212
E01030035,6.732,7.322
E01030036,8.548,7.58
E01030037,4.129,4.273
E01030038,4.479,4.239
E01030039,2.873,4.105
E01030040,3.013,4.025
E01030041,5.127,4.622
E01030042,3.51,4.461
E01030043,3.32,3.466
E01030044,6.446,5.95
E01030045,3.825,3.244
E01030046,5.542,4.793
E01030047,3.021,6.127
E01030048,4.179,4.013
E01030049,4.435,3.842
E01030050,2.552,3.763
E01030051,4.776,5.231
E01030052,5.339,5.792
E01030053,4.058,5.48
E01030054,2.713,3.273
E01030055,3.29,5.859
E01030056,5.777,5.869
E01030057,3.056,3.81
E01030058,4.709,4.128
E01030059,3.815,4.414
E01030060,3.178,4.678
E01030061,6.362,7.109
E01030062,3.593,3.455
E01030063,5.711,5.088
E01030064,3.856,4.6
E01030065,3.269,3.443
E01030066,3.849,5.044
E01030067,3.849,2.662
E01030068,4.088,3.984
E01030069,3.817,3.849
E01030070,1.5,2.082
E01030071,3.34,3.331
E01030072,2.681,3.844
E01030073,5.792,6.408
E01030075,1.799,2.292
E01030076,4.701,3.692
E01030077,7.917,6.985
E01030078,2.796,3.375
E01030079,6.556,8.266
E01030080,4.814,5.495
E01030081,5.391,4.334
E01030082,4.38,4.572
E01030083,2.623,2.673
E01030084,4.221,2.786
E01030085,3.085,4.464
E01030086,3.314,3.088
E01030087,3.302,2.662
E01030088,2.057,4.789
E01030089,4.511,4.916
E01030090,3.417,3.364
E01030091,5.948,5.341
E01030092,3.99,5.118
E01030093,4.308,3.41
E01030094,3.966,4.587
E01030095,3.138,3.336
E01030096,3.95,4.545
E01030097,4.663,3.936
E01030098,3.669,4.319
E01030099,3.78,5.274
E01030100,4.354,4.138
E01030101,4.29,5.134
E01030103,4.631,3.862
E01030104,3.834,4.005
E01030105,4.508,3.919
E01030106,4.442,5.582
E01030107,4.506,3.513
E01030108,6.154,7.019
E01030109,6.974,5.934
E01030110,4.72,5.217
E01030111,5.029,3.003
E01030112,5.35,4.623
E01030113,6.211,3.884
E01030114,5.511,5.046
E01030115,4.738,4.338
E01030116,2.74,3.653
E01030117,3.493,4.539
E01030118,4.288,4.659
E01030119,3.814,3.709
E01030120,5.43,5.597
E01030121,4.059,4.965
E01030122,4.66,5.147
E01030123,5.326,6.84
E01030124,4.706,3.692
E01030125,4.434,6.146
E01030127,1.766,1.776
E01030128,1.359,1.758
E01030129,1.822,3.265
E01030130,4.563,4.298
E01030131,6.697,7.342
E01030132,1.176,1.385
E01030133,3.962,4.971
E01030134,3.03,4.211
E01030135,3.429,3.016
E01030137,2.954,3.055
E01030138,3.759,4.041
E01030139,6.609,6.049
E01030140,4.385,5.37
E01030141,4.978,4.194
E01030142,4.089,3.571
E01030143,3.392,5.103
E01030144,3.644,4.657
E01030145,3.895,4.469
E01030146,6.21,7.517
E01030147,4.321,3.001
E01030148,3.889,5.518
E01030149,3.724,2.826
E01030150,4.106,4.456
E01030151,3.805,3.022
E01030152,5.897,5.972
E01030153,5.065,5.475
E01030154,2.985,4.416
E01030155,4.1,5.1
E01030158,4.053,4.818
E01030159,4.003,3.631
E01030160,7.61,8.408
E01030161,3.877,4.204
E01030162,7.117,6.267
E01030163,5.377,6.198
E01030164,4.551,4.706
E01030165,6.013,6.796
E01030166,5.53,4.677
E01030167,5.357,5.665
E01030168,7.197,9.45
E01030169,4.14,5.073
E01030170,9.16,8.78
E01030171,5.304,5.943
E01030172,2.414,2.278
E01030173,4.57,4.303
E01030174,3.923,6.205
E01030175,3.252,3.909
E01030176,3.945,3.859
E01030179,2.494,3.174
E01030180,3.505,3.406
E01030181,4.466,2.618
E01030183,6.056,5.427
E01030184,6.155,5.709
E01030185,5.233,6.012
E01030186,5.59,6.186
E01030187,5.566,6.464
E01030188,4.942,5.453
E01030189,3.666,8.511
E01030190,5.571,4.259
E01030191,4.812,4.059
E01030192,3.174,4.2
E01030193,2.869,3.014
E01030194,4.963,4.682
E01030195,1.898,1.893
E01030196,3.55,2.881
E01030197,3.152,3.908
E01030198,4.56,5.361
E01030199,4.481,5.35
E01030200,3.521,3.808
E01030201,4.287,4.202
E01030203,4.728,6.893
E01030204,3.676,3.002
E01030205,1.446,1.317
E01030206,4.01,4.189
E01030207,5.966,5.096
E01030208,5.437,6.294
E01030209,7.368,4.93
E01030210,5.508,5.784
E01030211,4.703,5.227
E01030212,4.971,3.427
E01030214,3.165,3.624
E01030215,6.768,5.847
E01030216,4.108,4.054
E01030217,3.419,4.958
E01030218,3.446,4.368
E01030219,4.273,4.807
E01030220,5.427,6.278
E01030221,3.664,4.473
E01030222,7.259,5.72
E01030223,7.055,7.063
E01030224,7.224,7.204
E01030225,6.935,5.448
E01030226,4.727,5.556
E01030227,7.703,8.013
E01030228,6.373,5.775
E01030229,4.791,5.915
E01030230,9.454,6.667
E01030231,5.357,5.894
E01030232,4.916,7.071
E01030233,4.696,4.514
E01030234,5.214,7.672
E01030235,7.422,7.353
E01030236,7.311,6.985
E01030237,4.238,4.087
E01030238,4.113,3.993
E01030239,3.32,2.667
E01030240,6.773,8.773
E01030241,6.111,6.585
E01030242,5.233,5.222
E01030243,5.886,6.073
E01030244,8.408,8.093
E01030245,4.912,6.858
E01030246,5.595,8.068
E01030247,12.747,12.625
E01030248,4.775,6.934
E01030249,6.622,7.675
E01030250,7.973,9.35
E01030251,6.616,8.199
E01030252,8.768,7.923
E01030253,9.396,8.502
E01030254,5.878,6.326
E01030255,5.674,6.505
E01030256,7.611,8.14
E01030257,8.481,7.083
E01030258,11.518,10.75
E01030259,5.83,6.031
E01030260,4.596,4.853
E01030261,9.584,10.743
E01030262,5.721,6.396
E01030263,6.447,6.514
E01030264,5.186,8.987
E01030265,6.501,7.083
E01030266,8.234,6.107
E01030267,4.639,4.543
E01030268,4.361,3.58
E01030269,6.169,6.296
E01030270,5.512,6.897
E01030271,8.036,7.535
E01030272,7.62,7.05
E01030273,9.342,7.349
E01030274,11.373,13.228
E01030275,4.863,5.204
E01030276,6.103,6.584
E01030277,11.242,11.045
E01030278,8.809,7.537
E01030279,9.274,8.975
E01030280,5.143,5.198
E01030281,6.899,6.667
E01030282,7.195,4.913
E01030283,5.372,5.163
E01030284,4.579,4.913
E01030285,3.657,4.531
E01030286,4.76,4.076
E01030287,8.842,9.891
E01030288,6.223,5.508
E01030289,8.72,6.977
E01030290,6.764,5.773
E01030291,7.583,8.707
E01030292,4.848,4.254
E01030293,4.235,3.666
E01030294,4.435,5.474
E01030295,5.576,5.837
E01030296,2.393,1.379
E01030297,5.009,3.429
E01030298,4.048,4.223
E01030299,3.423,3.142
E01030300,4.848,4.515
E01030301,2.576,3.392
E01030302,3.68,3.861
E01030303,2.3,2.26
E01030304,5.774,5.322
E01030305,1.543,1.21
E01030306,1.065,1.075
E01030307,1.479,1.205
E01030308,2.045,2.65
E01030309,2.503,2.95
E01030310,3.934,4.431
E01030311,4.404,3.576
E01030312,4.758,4.509
E01030313,3.005,3.358
E01030314,3.333,2.1
E01030315,2.967,2.503
E01030316,1.503,2.153
E01030317,4.257,3.613
E01030318,6.173,5.333
E01030319,1.33,1.363
E01030320,2.24,2.094
E01030321,2.315,1.069
E01030322,2.481,1.847
E01030323,2.169,2.322
E01030324,2.535,2.555
E01030325,4.145,2.459
E01030326,2.852,3.308
E01030327,1.967,1.569
E01030328,2.196,1.905
E01030329,3.144,2.138
E01030330,4.065,3.513
E01030331,4.266,2.866
E01030332,5.092,4.635
E01030333,3.199,3.119
E01030334,3.34,2.662
E01030335,4.412,4.677
E01030336,4.26,3.737
E01030337,6.658,6.482
E01030338,1.856,1.797
E01030339,3.64,3.984
E01030340,2.245,3.088
E01030341,2.209,2.168
E01030342,3.009,1.496
E01030343,2.245,1.538
E01030344,1.373,1.318
E01030345,2.404,2.201
E01030346,4.197,4.624
E01030347,1.983,2.028
E01030348,1.778,2.007
E01030349,2.931,2.557
E01030350,1.406,2.727
E01030351,2.429,2.566
E01030352,2.691,4.481
E01030353,2.583,1.263
E01030354,5.327,4.162
E01030355,3.628,3.317
E01030356,2.747,2.211
E01030357,3.001,3.425
E01030358,2.911,3.006
E01030359,3.665,2.922
E01030360,2.228,2.989
E01030361,3.732,3.275
E01030362,5.102,5.151
E01030363,4.076,3.842
E01030364,5.026,4.733
E01030365,2.524,3.327
E01030366,2.576,2.453
E01030367,2.778,1.645
E01030368,2.133,1.746
E01030369,1.605,1.434
E01030370,1.531,1.436
E01030371,4.997,3.504
E01030372,3.939,4.3
E01030373,3.105,2.84
E01030374,3.25,2.564
E01030375,3.32,1.668
E01030376,1.637,0.91
E01030377,3.486,2.639
E01030378,1.999,2.009
E01030379,2.308,2.244
E01030380,2.632,2.624
E01030381,4.363,3.276
E01030382,2.076,2.335
E01030383,5.178,4.358
E01030384,2.888,2.957
E01030385,5.975,6.746
E01030386,1.936,2.299
E01030387,1.614,2.953
E01030388,3.593,3.8
E01030389,4.645,3.236
E01030390,5.953,4.816
E01030391,3.299,3.824
E01030392,3.826,2.105
E01030393,4.684,4.123
E01030394,3.063,2.857
E01030395,5.074,2.951
E01030396,2.737,1.849
E01030398,2.557,2.169
E01030399,4.384,3.338
E01030400,4.65,5.354
E01030401,2.515,2.692
E01030402,3.306,2.15
E01030403,3.034,2.648
E01030404,2.538,2.508
E01030405,3.309,2.991
E01030406,2.25,2.958
E01030407,3.165,2.699
E01030408,2.474,1.786
E01030409,3.293,3.204
E01030410,2.613,2.953
E01030411,3.899,3.029
E01030412,4.011,3.741
E01030413,2.319,2.738
E01030414,5.736,3.248
E01030415,2.178,2.216
E01030416,3.236,2.683
E01030417,2.537,2.184
E01030418,3.401,3.43
E01030419,4.241,2.618
E01030420,3.482,4.555
E01030421,2.999,2.577
E01030422,4.969,3.936
E01030423,5.69,4.983
E01030424,5.599,4.606
E01030425,3.841,1.965
E01030426,2.674,3.718
E01030427,2.929,3.06
E01030428,3.425,3.669
E01030429,2.616,3.318
E01030430,3.347,3.35
E01030431,4.765,4.318
E01030432,5.68,5.632
E01030433,6.391,4.84
E01030434,1.758,1.701
E01030435,2.556,2.92
E01030436,2.36,2.207
E01030437,2.4,2.589
E01030438,2.327,2.848
E01030439,1.745,0.982
E01030440,3.924,4.991
E01030441,2.508,3.195
E01030442,1.544,1.1
E01030443,2.155,2.701
E01030444,2.706,2.703
E01030445,2.889,4.014
E01030446,1.826,2.689
E01030447,2.757,3.712
E01030448,1.343,1.405
E01030449,3.712,3.695
E01030450,2.3,1.499
E01030451,3.397,3.682
E01030452,2.986,2.438
E01030453,1.149,1.877
E01030454,2.642,3.009
E01030455,2.428,3.238
E01030456,1.315,2.767
E01030457,2.561,3.043
E01030458,3.038,2.156
E01030459,6.264,6.183
E01030460,2.293,2.859
E01030461,2.547,2.053
E01030462,3.204,3.166
E01030463,1.95,1.588
E01030464,4.773,4.375
E01030465,2.927,3.676
E01030466,6.533,5.192
E01030467,2.512,1.39
E01030468,1.458,2.09
E01030469,2.468,2.879
E01030470,0.917,1.54
E01030471,4.026,3.023
E01030472,3.209,3.846
E01030473,2.483,2.298
E01030474,0.715,0.873
E01030475,2.354,2.076
E01030476,2.864,2.354
E01030477,3.71,4.484
E01030478,6.173,4.836
E01030479,5.02,3.5
E01030480,2.691,2.589
E01030481,3.727,3.271
E01030482,3.986,3.678
E01030483,6.681,7.718
E01030484,4.455,4.676
E01030485,3.355,4.213
E01030486,1.886,2.735
E01030487,2.577,2.773
E01030488,2.115,3.16
E01030489,2.645,3.543
E01030490,2.75,3.436
E01030491,3.789,3.395
E01030492,2.075,2.804
E01030493,6.1,4.405
E01030494,6.196,4.871
E01030495,2.459,2.435
E01030496,4.262,4.921
E01030497,4.954,5.286
E01030498,2.287,2.161
E01030499,3.486,3.605
E01030500,2.353,2.431
E01030501,2.625,2.754
E01030502,3.859,5.438
E01030503,2.976,4.945
E01030504,3.117,3.733
E01030505,3.19,3.69
E01030506,2.809,2.19
E01030507,3.387,2.584
E01030508,2.459,1.731
E01030509,4.291,4.557
E01030510,3.01,3.52
E01030511,4.436,4.506
E01030512,4.499,4.611
E01030513,3.974,3.696
E01030514,3.112,3.083
E01030515,5.635,5.407
E01030516,7.027,4.766
E01030517,1.808,2.415
E01030518,3.492,2.738
E01030519,3.398,4.057
E01030520,3.833,6.006
E01030521,2.854,3.511
E01030522,3.32,2.257
E01030523,3.437,3.02
E01030524,5.73,5.793
E01030525,2.428,3.629
E01030526,3.051,3.04
E01030527,4.461,5.495
E01030528,1.911,4.249
E01030529,2.917,4.047
E01030530,2.424,2.745
E01030531,4.084,3.004
E01030532,2.001,3.208
E01030533,1.801,2.67
E01030534,6.378,3.698
E01030535,2.897,2.818
E01030536,3.931,2.891
E01030537,5.202,5.294
E01030538,2.186,2.648
E01030539,3.652,3.795
E01030540,2.14,2.748
E01030541,3.574,2.762
E01030542,2.99,2.864
E01030543,1.94,2.563
E01030544,5.112,4.369
E01030545,1.864,1.535
E01030546,3.14,4.698
E01030547,5.247,6.195
E01030548,3.305,3.996
E01030549,2.568,2.549
E01030550,5.604,5.289
E01030551,5.382,5.266
E01030552,5.059,4.551
E01030553,3.812,4.304
E01030554,2.03,2.17
E01030555,2.693,3.343
E01030556,2.907,2.378
E01030557,3.077,3.562
E01030558,3.954,4.352
E01030559,3.56,2.421
E01030560,4.213,6.23
E01030561,5.694,3.079
E01030562,3.81,4.058
E01030563,6.434,4.68
E01030564,2.055,3.367
E01030565,6.267,4.086
E01030566,2.301,2.594
E01030567,2.73,1.565
E01030568,2.947,2.568
E01030569,2.632,3.2
E01030570,3.592,4.239
E01030571,3.149,3.531
E01030572,2.873,4.506
E01030573,3.7,2.842
E01030574,2.704,3.064
E01030575,3.346,2.89
E01030576,3.153,2.438
E01030577,3.484,3.661
E01030578,7.01,6.622
E01030579,5.932,9.265
E01030580,1.715,1.966
E01030581,3.66,3.273
E01030582,1.661,1.823
E01030583,2.432,2.576
E01030584,1.778,1.592
E01030585,3.013,3.203
E01030586,4.779,3.794
E01030587,4.167,5.04
E01030588,5.914,5.882
E01030589,2.087,1.729
E01030590,2.62,2.593
E01030591,7.082,4.953
E01030592,5.255,3.664
E01030593,2.522,2.174
E01030594,4.642,4.446
E01030595,3.538,3.108
E01030596,1.57,1.22
E01030597,1.822,1.696
E01030598,3.824,3.278
E01030599,8.183,6.77
E01030600,6.17,4.822
E01030601,5.545,4.759
E01030602,5.398,3.208
E01030603,2.527,3.373
E01030604,2.745,2.917
E01030605,2.664,2.561
E01030606,2.664,2.6
E01030607,2.466,2.534
E01030608,6.052,7.193
E01030609,3.924,2.666
E01030610,3.935,4.292
E01030611,3.13,3.176
E01030612,2.163,2.236
E01030613,2.28,2.042
E01030614,1.733,1.909
E01030615,4.607,3.594
E01030616,2.943,2.644
E01030617,2.439,2.948
E01030618,4.198,3.524
E01030619,4.923,6.501
E01030620,2.831,2.215
E01030621,3.472,3.634
E01030622,3.158,2.273
E01030623,3.266,3.474
E01030624,3.469,4.041
E01030625,1.197,0.767
E01030626,2.505,1.589
E01030627,2.269,2.41
E01030628,3.546,2.874
E01030629,3.913,4.152
E01030630,3.534,4.389
E01030631,5.0,3.656
E01030632,2.358,3.326
E01030633,4.993,3.492
E01030634,5.169,6.522
E01030635,3.444,3.677
E01030636,5.2,3.846
E01030637,1.841,2.453
E01030638,2.464,1.781
E01030639,5.657,3.272
E01030640,4.961,4.826
E01030641,3.844,3.028
E01030642,3.315,3.386
E01030643,4.822,3.701
E01030644,3.052,3.686
E01030645,4.933,6.196
E01030646,2.585,3.131
E01030647,4.63,3.631
E01030648,6.404,3.241
E01030649,4.029,3.478
E01030650,4.829,4.286
E01030651,3.448,3.538
E01030652,4.702,3.219
E01030653,4.864,3.433
E01030654,2.949,3.411
E01030655,3.725,2.902
E01030656,6.371,5.912
E01030657,5.376,5.212
E01030658,7.053,8.293
E01030659,3.741,3.905
E01030660,3.161,3.083
E01030661,5.868,5.195
E01030662,4.65,3.421
E01030663,6.131,3.851
E01030664,5.082,5.64
E01030665,2.765,3.489
E01030666,2.907,2.447
E01030667,4.485,4.932
E01030668,2.692,3.821
E01030669,2.999,2.724
E01030670,1.73,2.39
E01030671,1.225,1.919
E01030672,1.928,1.431
E01030673,1.602,1.789
E01030674,6.179,6.006
E01030675,3.489,3.262
E01030676,4.326,4.804
E01030677,2.728,3.184
E01030678,4.549,4.769
E01030679,2.735,2.59
E01030680,2.412,4.04
E01030681,3.025,3.565
E01030682,4.357,3.132
E01030683,2.757,2.801
E01030684,5.02,3.923
E01030685,2.807,2.602
E01030686,2.798,2.33
E01030687,2.389,3.272
E01030688,3.121,4.211
E01030689,2.302,1.939
E01030690,3.076,3.623
E01030691,1.895,2.222
E01030692,3.056,2.253
E01030693,3.664,3.168
E01030694,4.258,5.314
E01030695,3.239,2.881
E01030696,3.729,3.455
E01030697,3.329,3.424
E01030698,3.819,3.408
E01030699,5.169,4.316
E01030700,3.254,4.27
E01030701,3.741,4.216
E01030702,5.512,6.489
E01030703,4.053,2.586
E01030704,3.932,4.052
E01030705,2.887,2.418
E01030706,2.941,2.996
E01030707,2.954,3.26
E01030708,4.002,2.607
E01030709,3.052,3.916
E01030710,5.576,4.087
E01030711,6.085,5.713
E01030712,3.526,3.324
E01030713,2.522,2.404
E01030714,3.826,4.8
E01030715,3.241,2.699
E01030716,4.328,2.937
E01030717,4.128,5.174
E01030718,3.4,4.026
E01030719,5.21,4.407
E01030720,4.62,4.305
E01030721,6.218,5.389
E01030722,3.592,2.979
E01030723,3.512,3.65
E01030724,5.099,5.667
E01030725,2.45,2.891
E01030726,2.352,2.749
E01030727,3.465,2.751
E01030728,2.888,3.327
E01030729,3.839,4.468
E01030730,4.67,3.3
E01030731,2.833,3.435
E01030732,3.329,4.85
E01030733,4.499,3.106
E01030734,2.373,3.139
E01030735,3.381,2.907
E01030736,2.671,2.72
E01030737,4.841,3.767
E01030738,3.391,4.029
E01030739,6.679,5.33
E01030740,7.345,6.753
E01030741,2.606,3.518
E01030742,3.738,3.935
E01030743,5.537,3.988
E01030744,6.907,5.411
E01030745,5.104,4.266
E01030746,5.331,5.529
E01030747,4.741,3.075
E01030748,3.252,3.656
E01030749,4.627,5.14
E01030750,4.591,5.09
E01030751,3.383,3.299
E01030752,8.354,5.143
E01030753,3.331,2.703
E01030754,3.158,2.135
E01030755,3.979,4.1
E01030756,3.129,2.358
E01030757,2.577,1.956
E01030758,4.826,3.445
E01030759,5.793,5.619
E01030760,1.623,2.439
E01030761,4.344,4.81
E01030762,1.373,2.571
E01030763,2.809,3.644
E01030764,2.522,2.131
E01030765,5.018,4.326
E01030766,5.363,5.289
E01030767,4.007,3.831
E01030768,2.673,3.795
E01030769,2.417,2.329
E01030770,2.074,2.708
E01030771,1.417,2.51
E01030772,4.224,3.46
E01030773,2.088,1.88
E01030774,2.388,2.153
E01030775,2.552,1.746
E01030776,1.984,2.555
E01030777,1.995,1.583
E01030778,2.637,2.499
E01030779,2.606,4.262
E01030780,3.01,3.133
E01030781,2.471,3.359
E01030782,4.0,3.794
E01030783,3.16,2.111
E01030784,4.037,2.927
E01030785,5.366,3.956
E01030786,4.578,6.209
E01030787,4.432,4.345
E01030788,4.854,5.714
E01030789,2.569,2.909
E01030790,2.698,2.432
E01030791,2.892,2.823
E01030792,2.695,2.222
E01030793,4.453,4.392
E01030794,4.881,4.962
E01030795,4.633,3.269
E01030796,2.003,2.362
E01030797,3.836,3.835
E01030798,2.174,2.047
E01030799,2.233,1.975
E01030800,3.208,3.682
E01030801,2.976,3.278
E01030802,2.205,2.818
E01030803,3.636,4.099
E01030804,4.007,2.682
E01030805,6.154,4.431
E01030806,1.715,2.06
E01030807,2.461,2.834
E01030808,2.222,2.352
E01030809,3.35,2.633
E01030810,1.43,1.848
E01030811,2.349,2.222
E01030812,3.99,3.962
E01030813,3.525,2.82
E01030814,5.138,4.611
E01030815,3.809,4.135
E01030816,4.036,2.9
E01030817,2.847,3.74
E01030818,4.4,4.612
E01030819,4.579,6.105
E01030820,4.496,2.359
E01030821,5.247,4.438
E01030822,2.669,5.232
E01030823,3.101,3.53
E01030824,6.853,4.949
E01030825,4.943,2.647
E01030826,3.285,3.937
E01030827,3.21,5.979
E01030828,1.895,3.75
E01030829,4.492,3.312
E01030830,2.185,2.148
E01030831,2.894,2.008
E01030832,2.948,3.79
E01030833,5.049,4.802
E01030834,4.451,4.462
E01030835,2.768,2.628
E01030836,3.199,3.734
E01030837,6.485,4.806
E01030838,1.894,2.976
E01030839,2.353,2.308
E01030840,3.936,4.685
E01030841,1.978,2.63
E01030842,4.283,3.533
E01030843,4.207,4.957
E01030844,2.643,3.103
E01030845,3.931,4.101
E01030846,3.971,3.553
E01030847,5.528,6.713
E01030848,3.414,3.323
E01030850,3.35,4.63
E01030851,2.971,3.839
E01030852,5.268,4.576
E01030853,4.675,4.425
E01030854,3.802,3.525
E01030855,3.55,2.599
E01030856,4.24,4.062
E01030857,5.093,4.95
E01030858,3.855,3.457
E01030859,2.339,2.404
E01030860,2.675,3.394
E01030861,1.915,2.046
E01030862,5.249,5.595
E01030863,1.776,2.296
E01030864,5.229,2.464
E01030865,3.056,5.059
E01030866,2.567,2.168
E01030867,2.746,2.581
E01030868,2.87,1.971
E01030869,3.304,3.277
E01030870,2.232,1.875
E01030871,2.62,2.714
E01030872,5.44,5.309
E01030873,2.865,2.825
E01030874,1.896,1.39
E01030875,4.151,4.671
E01030876,1.943,2.928
E01030877,5.456,6.169
E01030878,2.804,2.426
E01030879,2.135,2.22
E01030880,3.591,2.88
E01030881,1.748,1.881
E01030882,1.985,1.775
E01030883,1.67,1.813
E01030884,3.191,3.576
E01030885,5.274,5.08
E01030886,2.235,2.914
E01030887,2.913,1.445
E01030888,2.177,1.743
E01030889,6.421,4.566
E01030890,2.699,3.718
E01030891,2.032,1.566
E01030892,2.678,2.694
E01030893,3.133,2.861
E01030894,1.995,3.254
E01030895,4.186,3.602
E01030896,4.962,5.027
E01030897,2.388,2.836
E01030898,1.921,2.774
E01030899,2.553,2.735
E01030900,4.173,3.429
E01030901,4.732,4.786
E01030902,3.412,3.563
E01030903,4.109,3.2
E01030904,5.739,4.645
E01030905,3.32,3.429
E01030906,2.812,2.663
E01030907,1.529,1.477
E01030908,2.789,2.266
E01030909,2.745,3.127
E01030910,2.745,3.806
E01030911,3.184,3.303
E01030912,6.513,5.61
E01030913,4.344,6.425
E01030914,3.914,5.0
E01030915,2.645,3.286
E01030916,3.329,3.045
E01030917,1.835,1.704
E01030918,4.032,3.997
E01030919,1.264,1.154
E01030920,4.183,2.996
E01030921,4.052,5.059
E01030922,1.766,2.304
E01030923,1.575,1.9
E01030924,1.364,1.66
E01030925,1.673,2.125
E01030926,6.515,5.463
E01030927,4.472,3.926
E01030928,5.303,5.371
E01030929,4.88,4.418
E01030930,2.651,2.472
E01030931,2.73,2.681
E01030932,3.215,3.148
E01030933,3.366,3.456
E01030934,4.083,4.045
E01030935,2.341,2.171
E01030937,3.222,3.533
E01030938,4.683,4.914
E01030939,2.696,2.494
E01030940,3.123,1.649
E01030941,2.727,1.668
E01030942,1.691,1.977
E01030943,3.893,3.042
E01030944,2.076,0.964
E01030945,2.14,1.532
E01030946,5.086,5.874
E01030947,2.432,3.458
E01030948,2.346,2.439
E01030949,3.176,3.747
E01030950,4.005,5.041
E01030951,3.03,4.141
E01030952,4.548,7.773
E01030953,2.785,2.867
E01030954,2.789,3.013
E01030955,2.869,2.843
E01030956,3.005,4.085
E01030957,2.805,4.057
E01030958,2.33,2.571
E01030959,4.288,3.229
E01030960,2.789,4.002
E01030961,1.972,3.254
E01030962,5.886,6.548
E01030963,3.032,3.65
E01030964,1.806,2.037
E01030965,2.318,3.224
E01030966,2.971,3.989
E01030967,3.534,4.061
E01030968,4.254,3.835
E01030969,1.922,1.68
E01030970,3.794,4.405
E01030971,5.699,4.949
E01030972,4.211,4.222
E01030973,3.785,3.298
E01030974,4.049,3.756
E01030975,2.261,2.925
E01030976,3.836,3.129
E01030977,3.539,3.437
E01030978,3.918,1.916
E01030979,1.757,2.206
E01030980,4.279,2.632
E01030981,5.343,4.738
E01030982,4.031,4.317
E01030983,3.928,3.951
E01030984,5.201,3.884
E01030985,8.179,4.317
E01030986,3.538,3.846
E01030987,2.292,2.689
E01030988,3.044,2.312
E01030989,4.59,2.328
E01030990,2.019,3.278
E01030991,3.633,2.639
E01030992,2.748,1.892
E01030993,3.101,3.119
E01030994,3.488,2.888
E01030995,5.195,4.522
E01030996,3.312,1.97
E01030997,3.15,4.005
E01030998,2.898,3.478
E01030999,1.814,2.719
E01031000,3.255,3.146
E01031001,2.727,3.163
E01031002,2.849,2.672
E01031003,1.731,2.442
E01031004,3.173,3.674
E01031005,6.998,6.815
E01031006,6.934,6.748
E01031007,4.023,4.372
E01031008,6.061,7.548
E01031009,6.98,5.936
E01031010,9.241,9.288
E01031011,4.934,4.511
E01031012,9.362,8.482
E01031013,6.616,6.084
E01031014,5.066,4.105
E01031015,9.979,10.436
E01031016,8.02,6.774
E01031017,4.91,3.143
E01031018,7.476,6.284
E01031019,3.511,4.543
E01031020,3.609,3.562
E01031021,7.125,7.242
E01031022,5.191,5.035
E01031023,4.436,4.2
E01031024,5.133,3.611
E01031025,7.62,6.679
E01031026,6.32,7.529
E01031027,9.239,6.257
E01031028,4.394,4.577
E01031029,5.921,4.131
E01031030,6.264,6.603
E01031031,4.955,5.937
E01031032,7.468,6.276
E01031033,5.781,5.872
E01031034,3.991,3.859
E01031035,7.385,6.677
E01031036,3.864,3.993
E01031037,7.6,5.547
E01031038,4.561,5.013
E01031039,4.551,5.026
E01031040,4.287,3.78
E01031041,4.734,5.021
E01031042,5.136,4.383
E01031043,9.654,10.646
E01031044,6.786,5.926
E01031045,5.784,5.746
E01031046,6.308,6.72
E01031047,6.256,5.575
E01031048,4.585,2.767
E01031049,6.864,5.25
E01031050,2.938,4.482
E01031051,5.455,4.697
E01031052,3.77,5.007
E01031053,11.034,8.935
E01031054,6.437,8.77
E01031055,2.66,2.893
E01031056,5.933,6.631
E01031057,10.473,9.079
E01031058,6.882,6.671
E01031059,6.327,5.369
E01031060,7.628,5.656
E01031061,4.931,5.785
E01031062,7.195,5.992
E01031063,8.931,7.79
E01031064,10.982,10.038
E01031065,7.344,6.554
E01031066,10.704,8.993
E01031067,8.07,7.302
E01031068,6.206,4.535
E01031069,5.962,7.09
E01031070,5.097,4.826
E01031073,6.741,6.596
E01031074,7.29,7.37
E01031075,7.351,6.009
E01031077,8.149,5.608
E01031078,8.137,7.073
E01031079,8.537,7.27
E01031080,8.256,9.058
E01031081,4.43,6.334
E01031082,2.814,3.625
E01031083,4.832,4.197
E01031084,3.098,3.673
E01031085,3.2,3.967
E01031086,8.703,7.489
E01031087,5.201,5.443
E01031088,6.591,5.525
E01031089,6.634,7.078
E01031090,8.915,8.469
E01031091,5.361,5.484
E01031092,6.685,6.208
E01031093,5.712,5.887
E01031094,5.766,5.848
E01031095,7.779,5.796
E01031096,6.377,4.656
E01031097,10.889,11.209
E01031098,7.435,5.598
E01031099,3.656,3.473
E01031100,3.832,2.914
E01031101,2.011,3.632
E01031102,5.059,5.418
E01031103,4.351,3.791
E01031104,5.321,6.121
E01031105,5.439,7.732
E01031106,6.681,6.796
E01031107,4.663,5.296
E01031108,3.096,3.566
E01031109,7.825,7.682
E01031110,4.328,4.451
E01031111,2.228,2.183
E01031112,4.401,4.095
E01031113,4.638,3.816
E01031114,8.958,7.241
E01031115,7.037,5.357
E01031116,8.757,9.243
E01031117,6.991,6.62
E01031118,8.569,8.173
E01031119,8.093,7.313
E01031120,3.297,4.737
E01031121,2.993,3.251
E01031122,3.981,4.31
E01031123,3.81,2.961
E01031124,4.229,3.828
E01031125,4.28,4.45
E01031127,4.494,4.864
E01031129,4.53,3.621
E01031130,3.288,3.47
E01031131,4.263,4.343
E01031132,4.068,3.803
E01031133,6.293,4.849
E01031134,4.214,3.973
E01031135,5.414,5.595
E01031136,4.712,5.003
E01031137,4.37,4.557
E01031138,2.09,2.437
E01031139,2.061,2.678
E01031140,4.31,3.481
E01031141,4.002,2.799
E01031142,5.562,7.714
E01031143,3.277,3.554
E01031144,4.193,4.66
E01031145,4.194,4.737
E01031146,4.459,5.253
E01031147,4.061,3.225
E01031148,4.798,4.552
E01031149,4.307,4.115
E01031150,4.4,3.827
E01031151,4.805,3.987
E01031152,4.71,4.419
E01031153,5.426,4.915
E01031154,3.484,3.422
E01031155,2.557,2.443
E01031156,3.615,3.152
E01031157,2.812,2.572
E01031158,5.069,5.14
E01031159,5.177,5.818
E01031160,4.452,4.814
E01031161,6.929,5.266
E01031162,5.211,3.614
E01031163,7.971,7.812
E01031164,4.393,3.176
E01031165,6.082,6.464
E01031166,3.197,2.996
E01031167,3.628,4.748
E01031168,3.724,4.701
E01031169,3.395,4.319
E01031170,6.076,6.05
E01031171,6.312,6.889
E01031172,5.579,7.237
E01031173,8.181,7.035
E01031174,7.889,6.591
E01031175,6.027,8.198
E01031176,6.107,6.458
E01031177,5.825,6.039
E01031178,6.724,5.486
E01031179,2.832,2.904
E01031180,5.55,4.078
E01031181,3.034,3.827
E01031182,2.614,2.861
E01031183,4.005,3.422
E01031184,3.423,2.309
E01031185,7.518,6.435
E01031186,5.692,6.953
E01031187,3.818,4.187
E01031188,3.546,4.175
E01031189,6.08,5.326
E01031190,5.143,4.421
E01031191,3.728,3.382
E01031192,3.309,3.3
E01031193,3.22,3.115
E01031194,2.529,3.08
E01031195,4.749,2.967
E01031196,3.372,2.413
E01031197,2.912,2.866
E01031198,3.196,3.219
E01031199,4.201,3.323
E01031200,3.222,3.545
E01031201,1.916,2.898
E01031202,2.89,3.58
E01031203,6.901,6.654
E01031204,6.373,6.782
E01031205,4.227,4.089
E01031206,4.81,4.569
E01031207,4.686,5.204
E01031208,6.867,5.711
E01031209,3.97,4.77
E01031210,1.987,2.326
E01031211,5.121,4.57
E01031212,4.343,3.54
E01031213,3.983,3.825
E01031214,2.627,3.737
E01031215,4.435,5.292
E01031216,6.712,6.106
E01031217,4.746,3.577
E01031218,2.083,2.278
E01031219,3.782,3.248
E01031220,4.251,4.239
E01031221,5.809,5.202
E01031222,5.103,3.369
E01031223,3.415,2.395
E01031224,3.846,3.246
E01031225,3.778,3.497
E01031227,5.082,4.145
E01031228,3.587,3.259
E01031229,4.391,4.244
E01031230,3.367,3.585
E01031231,5.266,4.924
E01031232,3.197,3.367
E01031233,5.425,4.451
E01031234,6.207,8.17
E01031235,4.785,5.008
E01031236,3.427,5.519
E01031237,3.589,3.419
E01031238,7.427,7.5
E01031239,3.567,2.9
E01031240,6.012,8.327
E01031241,4.187,4.64
E01031242,7.275,5.955
E01031243,3.367,2.547
E01031244,4.514,2.99
E01031245,3.199,3.994
E01031246,2.296,3.299
E01031247,4.241,3.924
E01031248,3.867,3.585
E01031249,4.246,5.05
E01031250,4.404,3.053
E01031251,3.837,3.358
E01031252,4.835,4.674
E01031253,6.045,4.722
E01031254,2.785,2.522
E01031255,2.085,2.637
E01031256,3.2,2.526
E01031257,6.625,5.902
E01031258,4.831,4.08
E01031259,2.482,2.411
E01031260,5.303,3.125
E01031261,6.399,4.882
E01031262,6.084,5.08
E01031263,4.069,2.693
E01031264,4.768,5.05
E01031265,5.907,8.493
E01031266,4.107,3.978
E01031267,3.716,3.265
E01031268,2.269,2.757
E01031269,2.826,2.214
E01031271,5.317,4.658
E01031272,3.821,2.718
E01031273,6.561,6.502
E01031274,5.718,4.481
E01031275,3.994,3.843
E01031276,4.929,5.378
E01031277,4.303,3.922
E01031278,3.696,5.009
E01031279,6.402,4.993
E01031280,2.818,2.92
E01031281,2.088,2.174
E01031282,3.336,3.208
E01031283,3.834,2.483
E01031284,2.679,1.199
E01031285,4.938,4.426
E01031286,5.605,5.849
E01031287,2.562,2.434
E01031288,5.614,5.852
E01031289,4.656,3.438
E01031290,3.001,3.067
E01031291,5.95,5.026
E01031292,2.475,2.571
E01031293,3.871,3.873
E01031294,3.985,5.556
E01031295,3.384,2.504
E01031296,2.371,3.508
E01031297,4.053,3.6
E01031298,3.144,4.704
E01031299,2.317,1.518
E01031300,1.807,2.343
E01031301,3.099,2.343
E01031302,4.599,4.082
E01031303,4.606,5.376
E01031304,4.12,2.853
E01031305,4.799,4.049
E01031306,4.15,4.056
E01031307,3.945,3.717
E01031308,2.002,1.989
E01031309,5.678,6.506
E01031310,4.539,4.217
E01031311,5.441,5.612
E01031312,4.782,5.054
E01031313,4.934,3.381
E01031314,3.363,3.574
E01031315,2.045,2.286
E01031316,7.336,5.082
E01031317,1.987,4.264
E01031318,2.344,2.639
E01031319,3.257,3.377
E01031320,4.014,3.758
E01031321,5.33,5.783
E01031322,3.598,3.721
E01031323,5.227,5.489
E01031324,4.057,4.08
E01031325,5.492,5.718
E01031327,6.662,6.553
E01031328,3.125,3.459
E01031329,4.022,3.115
E01031330,4.98,3.775
E01031331,4.143,3.939
E01031332,6.438,6.972
E01031333,6.356,4.73
E01031334,4.336,4.651
E01031335,2.847,2.108
E01031336,3.966,3.766
E01031337,3.529,2.516
E01031338,3.777,3.398
E01031339,2.298,3.183
E01031340,3.598,3.194
E01031341,8.068,6.186
E01031342,8.288,6.871
E01031343,5.663,5.527
E01031344,8.327,6.648
E01031345,5.163,5.905
E01031346,5.576,5.014
E01031347,5.172,6.702
E01031348,6.391,7.452
E01031349,5.299,3.931
E01031350,7.527,7.067
E01031351,4.881,5.425
E01031352,5.498,5.779
E01031353,2.414,2.673
E01031354,4.549,4.9
E01031355,5.215,4.901
E01031356,2.935,2.848
E01031357,3.124,4.332
E01031358,8.673,8.212
E01031359,4.345,4.708
E01031360,6.258,6.25
E01031361,7.657,8.196
E01031362,4.699,6.989
E01031363,5.729,6.966
E01031364,5.704,5.401
E01031365,7.018,7.154
E01031366,10.811,7.113
E01031367,2.106,2.728
E01031368,4.337,5.078
E01031369,4.992,4.952
E01031370,4.962,5.716
E01031371,6.984,8.399
E01031372,7.087,7.551
E01031373,5.995,5.08
E01031374,5.556,4.604
E01031375,7.005,4.377
E01031376,7.292,7.143
E01031377,7.697,4.524
E01031378,7.274,5.755
E01031379,7.12,6.219
E01031380,3.604,4.365
E01031381,4.809,5.751
E01031382,5.391,5.776
E01031383,5.283,4.362
E01031384,4.912,4.653
E01031385,7.687,7.45
E01031386,4.564,4.247
E01031387,4.865,6.322
E01031388,4.083,3.519
E01031389,4.132,3.757
E01031390,5.185,4.674
E01031391,3.661,3.293
E01031392,3.734,5.137
E01031393,3.695,4.564
E01031394,3.865,5.965
E01031395,4.042,3.606
E01031396,4.846,4.191
E01031397,6.31,5.052
E01031398,4.966,6.127
E01031399,5.336,5.4
E01031400,8.934,5.916
E01031401,5.456,3.579
E01031402,5.318,5.151
E01031403,6.723,6.326
E01031404,8.097,7.962
E01031405,5.882,5.4
E01031406,3.751,4.154
E01031407,2.926,3.872
E01031408,4.393,4.383
E01031409,5.937,6.185
E01031410,4.818,5.663
E01031411,6.812,6.607
E01031412,4.317,3.011
E01031413,5.614,6.734
E01031414,4.775,6.649
E01031415,7.296,7.557
E01031416,4.362,4.15
E01031417,3.182,4.465
E01031418,4.694,4.225
E01031419,5.15,6.294
E01031420,5.774,4.45
E01031421,4.754,3.645
E01031422,5.925,4.636
E01031423,5.419,6.096
E01031424,5.613,5.105
E01031425,4.109,2.919
E01031426,4.606,8.081
E01031427,9.391,8.898
E01031428,5.29,4.746
E01031429,6.961,7.883
E01031430,7.058,7.606
E01031431,4.52,6.575
E01031432,5.814,5.496
E01031433,7.083,6.52
E01031434,6.837,7.298
E01031435,6.224,5.573
E01031436,8.708,6.7
E01031437,8.939,6.493
E01031438,5.123,4.665
E01031439,5.277,5.641
E01031440,7.259,7.515
E01031441,5.854,6.199
E01031442,4.279,4.005
E01031443,4.525,5.933
E01031444,4.654,4.443
E01031445,6.327,6.859
E01031446,4.962,4.798
E01031447,6.872,5.829
E01031448,6.714,6.347
E01031449,5.51,4.262
E01031450,6.869,6.233
E01031451,6.748,6.207
E01031452,4.762,5.862
E01031453,10.536,9.859
E01031454,8.167,6.898
E01031455,6.263,6.643
E01031456,8.254,8.638
E01031457,6.498,7.342
E01031458,6.443,5.729
E01031459,8.608,9.004
E01031460,6.886,5.51
E01031461,6.193,6.796
E01031462,4.966,4.43
E01031463,4.618,4.637
E01031464,6.751,6.442
E01031465,4.505,5.8
E01031466,4.357,3.215
E01031467,6.523,3.514
E01031468,4.397,2.927
E01031469,6.023,6.965
E01031470,4.302,5.069
E01031471,3.735,3.097
E01031472,4.846,6.767
E01031473,7.474,6.93
E01031474,4.296,4.239
E01031475,5.752,3.931
E01031476,3.919,3.422
E01031477,3.266,4.726
E01031478,2.293,1.853
E01031479,3.749,3.431
E01031480,2.468,4.787
E01031481,5.625,5.093
E01031482,4.275,5.202
E01031483,5.395,6.462
E01031484,3.987,6.346
E01031485,2.78,3.567
E01031486,2.846,3.907
E01031487,3.861,3.279
E01031488,2.693,3.344
E01031489,5.346,4.545
E01031490,4.662,5.949
E01031491,3.377,4.126
E01031492,5.874,6.039
E01031493,3.752,3.439
E01031494,8.297,6.758
E01031495,4.756,4.881
E01031496,3.68,2.674
E01031497,4.345,4.906
E01031498,2.205,2.581
E01031499,4.97,5.236
E01031500,6.2,5.922
E01031501,6.791,6.337
E01031502,1.332,1.198
E01031503,5.795,3.189
E01031504,3.407,3.688
E01031505,3.828,3.641
E01031506,2.839,3.633
E01031507,2.352,3.057
E01031508,3.504,2.094
E01031509,3.848,3.766
E01031511,4.178,4.281
E01031512,4.856,5.33
E01031513,3.197,3.07
E01031514,7.96,4.506
E01031515,4.52,5.015
E01031516,3.854,3.787
E01031517,2.682,2.888
E01031518,2.837,2.542
E01031519,3.058,3.069
E01031520,3.026,4.188
E01031521,2.489,2.664
E01031522,6.294,6.802
E01031523,7.923,7.776
E01031524,8.35,7.241
E01031525,5.204,4.484
E01031526,6.155,10.207
E01031527,6.628,6.759
E01031528,6.405,6.263
E01031529,2.818,3.144
E01031530,3.182,5.969
E01031531,4.103,4.588
E01031532,1.462,1.076
E01031533,6.261,4.81
E01031534,4.482,4.901
E01031535,4.316,3.73
E01031536,3.746,3.971
E01031538,3.992,4.514
E01031539,3.078,2.7
E01031540,5.205,4.076
E01031541,6.587,4.513
E01031542,2.935,3.869
E01031543,4.504,4.468
E01031544,2.737,2.296
E01031545,3.255,2.52
E01031546,4.811,3.911
E01031547,4.58,6.274
E01031548,6.015,7.181
E01031549,4.251,4.74
E01031550,4.399,5.671
E01031551,3.625,3.58
E01031552,5.111,5.534
E01031553,3.656,4.686
E01031554,3.151,2.885
E01031555,4.798,3.793
E01031556,4.532,6.117
E01031557,2.665,4.255
E01031558,7.824,8.02
E01031559,3.597,4.404
E01031560,4.268,4.859
E01031561,4.469,4.286
E01031562,7.615,7.122
E01031563,4.601,3.451
E01031564,3.924,4.928
E01031565,5.766,5.229
E01031566,5.044,4.348
E01031567,4.839,4.542
E01031568,3.379,4.158
E01031569,5.961,5.949
E01031570,5.811,4.908
E01031571,5.714,5.128
E01031572,5.162,4.762
E01031573,5.977,4.017
E01031574,4.015,3.812
E01031575,6.532,5.337
E01031576,6.691,4.734
E01031577,5.813,5.69
E01031578,1.788,1.577
E01031579,3.256,4.141
E01031580,0.767,1.908
E01031581,1.232,1.787
E01031582,2.145,2.257
E01031583,4.651,3.986
E01031584,5.472,4.865
E01031585,4.888,4.78
E01031586,2.91,3.49
E01031587,3.212,2.124
E01031588,3.672,3.395
E01031589,3.735,2.969
E01031590,1.758,2.615
E01031591,4.024,3.939
E01031592,2.079,2.831
E01031593,2.931,3.859
E01031594,4.795,4.835
E01031595,4.314,4.994
E01031596,6.613,5.142
E01031597,3.605,3.191
E01031598,7.688,6.312
E01031599,5.14,4.916
E01031600,4.663,3.853
E01031601,4.984,5.571
E01031603,3.302,3.327
E01031604,4.862,4.938
E01031605,4.892,4.785
E01031606,4.924,3.88
E01031607,4.443,3.995
E01031608,3.375,3.252
E01031609,7.511,6.735
E01031610,6.108,5.786
E01031611,3.102,2.653
E01031612,2.229,3.229
E01031613,2.472,2.19
E01031614,4.187,4.475
E01031615,3.699,3.309
E01031616,3.062,4.468
E01031617,3.705,3.325
E01031618,3.585,4.021
E01031619,2.25,2.21
E01031620,3.748,4.337
E01031621,2.945,3.222
E01031622,2.237,2.393
E01031623,2.685,3.745
E01031624,3.164,3.043
E01031625,2.578,2.047
E01031626,3.423,4.351
E01031627,2.661,3.203
E01031628,4.898,3.82
E01031629,2.927,2.208
E01031630,4.891,4.106
E01031631,7.056,7.02
E01031632,2.373,3.212
E01031633,3.248,2.606
E01031634,7.121,7.376
E01031635,3.226,2.946
E01031636,5.912,5.916
E01031637,5.151,4.373
E01031638,3.183,2.331
E01031639,3.042,3.46
E01031640,1.991,2.141
E01031641,5.128,5.167
E01031642,3.515,3.583
E01031643,6.284,5.474
E01031644,2.012,2.0
E01031645,1.668,2.376
E01031646,1.243,1.876
E01031647,4.678,5.117
E01031648,3.353,3.594
E01031649,2.005,3.022
E01031650,1.894,1.309
E01031651,4.194,5.734
E01031652,6.791,5.329
E01031653,3.062,3.953
E01031654,4.383,5.435
E01031655,2.1,2.776
E01031656,4.885,3.938
E01031657,5.742,3.784
E01031658,3.143,3.512
E01031659,2.364,3.537
E01031660,3.14,2.446
E01031661,3.083,2.974
E01031662,4.891,6.443
E01031663,5.076,4.696
E01031664,3.282,2.75
E01031665,3.402,3.843
E01031666,2.497,2.715
E01031667,4.473,5.068
E01031668,3.854,4.04
E01031669,3.248,3.398
E01031670,3.836,3.607
E01031671,5.405,5.981
E01031672,2.775,3.202
E01031673,3.829,3.486
E01031674,2.169,2.776
E01031675,3.61,3.708
E01031676,2.682,1.961
E01031677,4.094,4.237
E01031678,2.514,2.465
E01031679,2.061,1.806
E01031680,1.865,2.17
E01031681,2.116,3.634
E01031682,1.094,2.246
E01031683,2.844,3.097
E01031684,2.128,2.26
E01031685,5.34,4.007
E01031686,3.73,3.664
E01031687,4.916,5.17
E01031688,4.96,5.244
E01031689,2.81,2.083
E01031690,3.628,4.24
E01031691,3.148,3.086
E01031692,2.617,3.681
E01031693,5.79,4.834
E01031694,2.583,2.662
E01031695,3.898,1.74
E01031696,3.033,3.553
E01031697,3.955,5.272
E01031698,2.638,2.878
E01031699,1.431,2.55
E01031700,1.227,2.294
E01031701,3.736,3.82
E01031702,2.69,3.493
E01031703,5.405,4.041
E01031704,2.808,3.949
E01031705,4.209,4.281
E01031706,4.309,3.627
E01031707,4.943,5.627
E01031708,4.219,4.115
E01031709,6.102,6.215
E01031710,4.123,4.096
E01031711,2.975,2.785
E01031712,5.182,4.903
E01031713,3.518,3.684
E01031714,6.567,5.734
E01031715,1.468,1.998
E01031716,3.318,5.119
E01031717,2.489,3.193
E01031718,3.142,2.75
E01031719,2.958,3.105
E01031720,2.751,4.267
E01031721,5.992,4.915
E01031722,2.997,2.88
E01031723,2.699,2.463
E01031724,1.299,2.477
E01031725,3.46,2.692
E01031726,2.51,4.398
E01031727,4.05,2.958
E01031728,3.006,2.427
E01031729,1.953,2.154
E01031730,1.702,2.635
E01031731,5.174,4.779
E01031732,5.157,4.256
E01031733,3.231,2.943
E01031734,2.103,3.085
E01031735,2.188,2.787
E01031736,4.594,2.495
E01031737,3.054,4.408
E01031738,3.291,2.863
E01031739,2.554,2.542
E01031740,2.717,3.379
E01031741,4.131,3.007
E01031742,4.115,4.321
E01031743,3.345,4.64
E01031744,2.519,2.826
E01031745,3.062,4.175
E01031746,4.451,5.701
E01031747,3.908,3.741
E01031748,3.311,2.481
E01031749,2.78,2.814
E01031750,4.804,5.331
E01031751,2.832,2.943
E01031752,7.612,5.591
E01031753,3.522,2.233
E01031754,3.228,3.873
E01031755,2.797,2.665
E01031756,2.515,2.152
E01031757,4.211,5.658
E01031758,2.227,2.278
E01031759,2.55,2.823
E01031760,2.037,2.331
E01031761,5.7,6.061
E01031763,2.235,2.303
E01031764,3.638,3.569
E01031765,3.367,3.224
E01031766,4.172,2.976
E01031767,3.457,2.896
E01031768,4.194,3.184
E01031769,3.926,2.884
E01031770,1.981,3.742
E01031771,4.378,5.253
E01031772,6.735,4.422
E01031773,2.99,3.463
E01031774,3.177,2.523
E01031775,2.789,3.916
E01031776,2.603,3.342
E01031777,4.221,3.564
E01031778,3.104,3.162
E01031779,6.241,8.675
E01031780,2.892,3.497
E01031781,3.897,3.36
E01031782,6.504,6.253
E01031783,8.48,8.874
E01031784,6.018,3.219
E01031785,6.314,4.453
E01031786,6.556,6.671
E01031787,5.6,6.439
E01031788,5.073,4.71
E01031789,4.501,4.239
E01031790,10.318,10.396
E01031791,7.058,7.342
E01031792,7.227,4.303
E01031793,5.605,4.039
E01031794,6.481,8.044
E01031795,5.242,4.75
E01031796,4.222,4.987
E01031797,3.326,1.865
E01031798,4.694,3.819
E01031799,4.732,4.779
E01031800,3.576,3.72
E01031801,3.982,4.322
E01031802,6.234,5.635
E01031803,3.782,3.127
E01031804,4.84,7.679
E01031805,4.907,5.7
E01031806,4.928,5.031
E01031807,10.621,8.872
E01031808,6.975,7.949
E01031809,5.095,6.116
E01031810,4.351,4.319
E01031811,9.63,9.411
E01031812,6.671,8.071
E01031813,3.788,3.782
E01031814,4.064,4.67
E01031815,5.02,5.577
E01031816,2.981,3.102
E01031817,3.264,4.89
E01031818,4.087,5.325
E01031819,7.846,3.756
E01031820,4.644,5.317
E01031821,4.991,4.654
E01031822,4.061,3.508
E01031823,2.587,3.123
E01031824,2.817,2.372
E01031825,7.023,7.147
E01031826,6.328,5.381
E01031827,4.479,4.823
E01031828,2.506,3.166
E01031829,6.018,6.156
E01031830,6.432,7.187
E01031831,4.345,4.458
E01031832,8.108,6.845
E01031833,5.228,4.832
E01031834,6.567,6.547
E01031835,5.041,4.107
E01031836,6.071,7.869
E01031837,3.391,3.989
E01031838,3.951,4.0
E01031839,6.099,6.744
E01031840,3.548,3.743
E01031841,3.546,3.432
E01031842,2.986,3.47
E01031843,3.928,3.966
E01031844,3.219,3.463
E01031845,3.868,4.139
E01031846,3.755,4.722
E01031847,3.499,2.903
E01031848,3.641,6.407
E01031849,3.276,3.617
E01031850,4.857,5.719
E01031851,6.192,5.479
E01031852,3.969,4.568
E01031853,3.592,6.33
E01031854,7.018,7.745
E01031855,3.111,5.034
E01031856,6.841,6.618
E01031857,5.334,5.941
E01031858,2.399,3.592
E01031859,5.68,7.629
E01031860,4.305,4.194
E01031861,4.151,5.628
E01031862,5.47,5.387
E01031863,3.074,4.368
E01031864,2.483,1.823
E01031865,2.484,2.88
E01031866,3.063,3.894
E01031867,4.759,5.711
E01031868,2.026,2.501
E01031869,5.756,5.541
E01031870,3.549,3.954
E01031871,3.496,3.165
E01031872,3.021,4.919
E01031873,3.264,2.336
E01031874,3.27,5.065
E01031876,3.262,3.91
E01031877,2.56,2.798
E01031878,1.488,1.835
E01031879,0.991,1.013
E01031880,0.871,1.239
E01031882,3.545,4.034
E01031883,4.338,4.177
E01031884,3.503,4.747
E01031885,3.088,3.074
E01031886,2.829,3.657
E01031887,3.065,2.7
E01031888,3.226,3.529
E01031889,3.174,3.391
E01031890,4.111,4.409
E01031891,3.086,4.022
E01031892,4.029,2.343
E01031893,3.109,3.341
E01031894,2.769,2.773
E01031895,5.019,5.132
E01031896,7.939,6.452
E01031897,2.671,3.092
E01031898,3.429,4.548
E01031900,3.848,4.597
E01031901,5.83,5.819
E01031902,2.766,2.776
E01031903,3.227,4.159
E01031904,3.482,2.596
E01031905,2.184,1.334
E01031906,1.84,2.056
E01031907,1.783,1.547
E01031908,4.791,5.559
E01031909,5.016,3.931
E01031910,4.405,3.569
E01031911,5.99,7.761
E01031912,5.564,6.971
E01031913,4.939,4.486
E01031914,5.962,6.292
E01031915,4.7,3.333
E01031916,5.774,5.053
E01031917,6.003,5.315
E01031918,4.472,4.022
E01031919,3.764,3.085
E01031920,3.566,3.46
E01031921,3.27,2.952
E01031922,2.278,3.557
E01031923,2.183,3.534
E01031924,1.864,3.228
E01031925,6.186,6.53
E01031926,5.242,4.032
E01031927,1.685,2.729
E01031928,9.219,8.759
E01031929,4.704,4.355
E01031930,1.632,1.63
E01031931,3.717,3.864
E01031932,7.326,4.725
E01031933,3.846,3.54
E01031934,3.655,2.522
E01031935,2.852,3.511
E01031936,5.277,6.167
E01031937,6.101,5.192
E01031938,2.754,2.853
E01031939,3.363,3.008
E01031940,3.132,2.808
E01031941,2.441,3.065
E01031942,2.376,3.59
E01031944,2.256,3.333
E01031946,0.67,0.54
E01031947,5.794,6.469
E01031948,2.138,2.246
E01031949,4.757,3.932
E01031950,2.219,2.344
E01031951,3.634,2.899
E01031952,6.149,6.772
E01031953,2.98,3.602
E01031954,4.306,2.904
E01031955,3.943,4.479
E01031956,7.686,7.698
E01031957,3.521,2.573
E01031958,2.836,3.159
E01031959,5.449,3.893
E01031960,2.45,3.364
E01031961,2.521,2.82
E01031962,2.556,3.039
E01031963,10.049,6.97
E01031964,4.031,4.263
E01031965,5.199,4.477
E01031966,4.489,3.49
E01031967,4.927,5.535
E01031968,2.752,4.437
E01031969,2.434,2.707
E01031970,3.746,2.737
E01031971,3.553,4.917
E01031972,2.394,3.613
E01031973,3.627,3.167
E01031974,7.358,7.165
E01031975,6.587,8.819
E01031976,2.817,2.924
E01031977,2.378,3.376
E01031978,2.624,3.038
E01031979,6.625,5.689
E01031980,5.267,2.68
E01031981,7.213,6.662
E01031982,4.42,4.944
E01031983,5.724,6.776
E01031984,1.938,2.416
E01031985,5.271,8.245
E01031986,6.971,7.435
E01031988,0.882,0.826
E01031989,4.802,3.595
E01031990,3.206,3.537
E01031991,2.593,4.088
E01031992,2.9,3.215
E01031993,3.915,5.559
E01031994,5.878,4.167
E01031995,3.649,2.773
E01031996,4.796,5.714
E01031997,2.859,3.923
E01031998,0.794,1.019
E01031999,3.346,2.833
E01032000,4.019,3.748
E01032001,3.234,2.855
E01032002,3.871,6.53
E01032003,5.007,4.456
E01032004,3.878,3.73
E01032005,5.666,2.844
E01032006,2.711,1.979
E01032007,2.671,3.499
E01032008,7.072,7.152
E01032009,4.398,4.007
E01032010,3.828,5.61
E01032011,3.002,3.144
E01032012,4.928,5.528
E01032013,7.909,3.397
E01032014,8.425,4.863
E01032015,5.128,4.633
E01032016,3.146,3.493
E01032017,2.755,3.583
E01032018,2.674,3.608
E01032019,7.129,6.368
E01032020,4.415,3.867
E01032021,3.674,3.4
E01032022,5.506,4.126
E01032023,6.874,6.209
E01032024,3.37,4.051
E01032025,3.668,4.721
E01032026,3.435,3.412
E01032027,3.901,3.189
E01032029,2.913,3.252
E01032030,5.419,5.649
E01032031,5.023,3.951
E01032032,3.935,3.595
E01032033,3.02,3.491
E01032034,2.853,4.605
E01032035,4.104,4.079
E01032036,4.71,4.178
E01032037,6.939,7.152
E01032038,6.207,6.566
E01032039,4.035,4.356
E01032040,4.935,6.071
E01032041,3.273,4.169
E01032042,2.96,2.865
E01032043,4.239,4.486
E01032044,5.24,5.981
E01032045,2.439,3.633
E01032046,4.519,5.3
E01032047,4.414,4.128
E01032048,7.303,6.797
E01032049,2.968,3.734
E01032050,3.377,3.803
E01032051,3.399,4.167
E01032052,4.003,4.538
E01032053,4.003,3.767
E01032054,5.136,6.582
E01032055,3.887,2.951
E01032056,3.685,5.24
E01032057,3.185,2.608
E01032058,3.746,4.811
E01032059,3.53,3.815
E01032060,4.463,4.304
E01032061,5.077,3.989
E01032062,7.829,10.403
E01032063,4.188,4.131
E01032064,6.816,7.97
E01032065,3.505,4.507
E01032066,6.671,6.22
E01032067,4.246,5.053
E01032068,7.642,6.874
E01032069,3.476,4.082
E01032070,8.013,6.315
E01032071,3.592,2.831
E01032072,2.211,3.47
E01032073,2.18,3.696
E01032074,5.596,5.778
E01032075,4.024,4.055
E01032076,4.832,5.107
E01032077,2.801,3.691
E01032078,3.169,4.24
E01032079,5.414,7.115
E01032080,1.454,2.196
E01032081,4.405,4.848
E01032082,4.163,3.336
E01032083,4.529,4.235
E01032084,3.698,3.601
E01032085,3.027,3.583
E01032086,5.873,6.131
E01032087,6.389,6.614
E01032088,4.659,4.434
E01032089,4.33,4.149
E01032090,4.46,6.584
E01032091,4.221,5.093
E01032092,3.138,3.114
E01032093,4.194,5.65
E01032094,4.852,5.939
E01032095,3.475,3.807
E01032096,6.61,10.067
E01032097,2.854,3.546
E01032098,4.748,4.759
E01032099,3.717,2.639
E01032100,3.65,3.855
E01032101,4.731,6.235
E01032102,6.334,5.174
E01032103,4.762,6.018
E01032104,6.672,7.386
E01032105,4.252,3.989
E01032106,6.943,7.328
E01032107,1.287,0.536
E01032108,5.24,4.938
E01032109,4.348,5.455
E01032110,4.302,4.064
E01032111,4.717,5.909
E01032112,2.028,3.194
E01032113,5.317,7.143
E01032114,4.024,5.768
E01032115,8.062,7.471
E01032116,3.95,4.195
E01032117,3.877,5.02
E01032118,7.028,7.759
E01032119,4.019,5.244
E01032121,4.856,3.965
E01032122,6.175,4.329
E01032123,6.365,3.193
E01032124,5.404,4.965
E01032125,3.512,3.165
E01032126,6.978,6.987
E01032127,5.688,6.418
E01032128,5.426,5.482
E01032129,5.226,5.225
E01032130,3.11,3.665
E01032131,5.5,6.242
E01032132,8.26,8.197
E01032133,7.165,6.817
E01032134,5.897,7.174
E01032135,2.913,2.36
E01032136,5.94,5.099
E01032137,3.977,3.967
E01032138,2.467,2.703
E01032139,2.874,2.671
E01032140,2.291,3.595
E01032141,3.245,2.505
E01032142,3.331,1.807
E01032143,6.165,3.286
E01032144,4.069,5.007
E01032145,4.411,2.75
E01032146,4.219,3.021
E01032147,5.616,5.705
E01032148,3.455,8.536
E01032149,1.786,0.868
E01032150,3.467,3.032
E01032151,3.807,3.177
E01032152,6.577,6.182
E01032153,4.775,4.481
E01032154,3.767,2.519
E01032155,2.124,2.134
E01032156,5.856,6.477
E01032157,11.169,10.378
E01032158,3.164,3.3
E01032159,7.228,6.422
E01032160,4.861,4.882
E01032161,8.293,5.8
E01032162,4.073,2.787
E01032166,4.967,4.724
E01032168,8.229,7.118
E01032169,5.987,4.156
E01032170,3.181,3.852
E01032171,5.603,4.276
E01032172,5.379,4.83
E01032173,3.461,2.698
E01032174,4.303,4.308
E01032175,3.796,4.889
E01032176,3.926,4.078
E01032177,5.139,2.265
E01032178,5.128,2.963
E01032179,3.522,3.812
E01032180,5.95,5.007
E01032181,7.224,5.93
E01032182,6.3,5.036
E01032183,3.841,4.145
E01032184,7.008,5.537
E01032185,4.482,4.161
E01032186,8.443,5.63
E01032187,6.931,8.348
E01032188,5.772,6.135
E01032189,4.49,3.605
E01032190,3.786,4.548
E01032191,5.363,3.178
E01032192,5.938,5.726
E01032193,4.144,3.885
E01032194,5.939,8.4
E01032195,5.149,6.473
E01032196,6.344,5.588
E01032197,3.992,5.01
E01032198,6.147,4.171
E01032199,4.852,4.165
E01032200,6.835,5.343
E01032201,6.486,5.97
E01032202,7.666,8.264
E01032203,6.693,7.538
E01032204,7.587,7.333
E01032205,4.019,4.476
E01032206,6.441,5.334
E01032207,3.956,4.028
E01032208,5.533,5.337
E01032209,2.9,2.117
E01032210,5.929,7.206
E01032211,4.609,5.411
E01032212,4.432,3.224
E01032213,3.839,4.991
E01032214,7.45,6.419
E01032215,7.569,7.895
E01032216,5.632,5.521
E01032217,4.901,4.268
E01032218,5.01,3.992
E01032219,2.656,2.387
E01032220,3.418,4.286
E01032221,2.671,3.043
E01032222,3.168,4.167
E01032223,2.568,3.016
E01032224,5.284,5.034
E01032225,9.321,9.288
E01032226,2.793,3.172
E01032227,3.311,4.249
E01032228,2.812,2.907
E01032229,4.518,4.335
E01032230,3.552,2.733
E01032231,3.9,4.2
E01032232,6.894,8.126
E01032233,2.619,2.65
E01032234,10.61,9.306
E01032235,6.99,5.8
E01032236,6.183,5.991
E01032237,4.633,5.128
E01032238,4.572,4.559
E01032239,5.96,3.904
E01032240,6.04,5.868
E01032241,5.487,7.231
E01032242,6.313,5.852
E01032243,3.279,4.198
E01032244,6.129,5.472
E01032245,10.325,8.398
E01032246,3.846,2.705
E01032247,6.347,6.929
E01032248,2.437,1.999
E01032249,4.813,4.242
E01032250,6.623,5.766
E01032251,4.881,4.684
E01032252,7.462,6.41
E01032253,3.814,3.367
E01032254,6.051,4.875
E01032255,4.802,4.366
E01032256,6.773,7.413
E01032257,3.281,3.24
E01032258,5.819,5.446
E01032259,5.425,4.575
E01032260,7.742,9.318
E01032261,4.382,6.16
E01032262,7.714,7.443
E01032263,5.325,6.207
E01032264,4.476,4.754
E01032265,8.459,8.61
E01032266,4.279,4.581
E01032267,6.806,7.455
E01032268,3.429,4.22
E01032269,5.495,4.944
E01032270,3.366,2.076
E01032271,2.513,1.847
E01032272,4.992,5.607
E01032273,4.943,3.412
E01032274,3.864,3.987
E01032275,6.843,6.369
E01032276,2.983,3.146
E01032277,6.825,6.063
E01032278,9.357,9.512
E01032279,3.926,3.362
E01032280,5.59,5.777
E01032281,3.441,3.857
E01032282,4.662,5.556
E01032283,5.234,4.991
E01032284,3.551,3.226
E01032285,3.721,3.345
E01032286,3.375,5.0
E01032287,4.211,3.278
E01032288,5.387,4.038
E01032289,4.441,4.158
E01032290,4.796,5.795
E01032292,4.788,4.667
E01032294,5.118,4.128
E01032295,4.01,3.574
E01032296,4.424,4.49
E01032297,3.302,2.993
E01032298,4.849,3.896
E01032299,5.003,4.314
E01032300,4.285,3.571
E01032301,6.373,7.158
E01032302,9.428,7.66
E01032303,7.149,7.622
E01032304,8.224,8.355
E01032305,4.411,3.846
E01032306,6.389,5.328
E01032307,6.644,6.266
E01032308,6.053,3.32
E01032309,5.949,5.815
E01032310,5.198,5.806
E01032311,7.082,6.984
E01032312,4.846,4.315
E01032313,7.27,7.24
E01032314,4.053,2.889
E01032315,2.719,3.172
E01032316,5.362,4.549
E01032317,5.378,5.114
E01032318,6.692,8.304
E01032319,4.854,4.749
E01032320,2.533,2.756
E01032321,7.306,6.289
E01032322,8.251,5.879
E01032323,2.836,4.169
E01032324,2.637,3.369
E01032325,2.755,2.159
E01032326,3.551,3.183
E01032327,5.435,4.045
E01032328,6.254,6.288
E01032329,4.98,4.302
E01032330,3.205,3.128
E01032331,10.606,7.205
E01032332,11.696,11.339
E01032333,5.148,6.392
E01032334,3.106,3.078
E01032335,1.498,1.965
E01032336,1.214,2.095
E01032337,2.213,4.667
E01032338,2.262,3.087
E01032339,1.924,4.553
E01032340,5.792,5.294
E01032341,3.726,3.968
E01032342,3.578,3.231
E01032343,4.324,3.473
E01032344,3.591,3.02
E01032345,2.419,4.192
E01032346,2.78,2.414
E01032347,3.181,3.593
E01032348,3.951,2.519
E01032349,4.164,4.197
E01032350,3.707,6.7
E01032351,6.121,5.588
E01032352,5.197,5.424
E01032353,6.024,4.679
E01032354,5.914,5.133
E01032355,6.032,4.287
E01032356,2.85,2.532
E01032357,7.414,6.121
E01032358,6.966,8.934
E01032359,9.04,8.393
E01032360,5.484,5.4
E01032361,3.66,2.918
E01032362,2.729,2.386
E01032363,2.301,3.509
E01032364,2.167,2.625
E01032365,7.321,7.84
E01032366,5.243,4.689
E01032367,4.573,5.495
E01032368,8.713,7.093
E01032369,6.286,6.31
E01032370,4.427,6.426
E01032371,5.935,6.915
E01032372,3.994,4.73
E01032373,3.033,2.879
E01032374,4.183,4.065
E01032375,5.665,5.589
E01032376,4.446,3.958
E01032377,7.422,6.887
E01032378,5.396,5.559
E01032379,2.98,2.743
E01032380,5.46,5.582
E01032381,6.358,5.643
E01032382,5.305,3.914
E01032383,4.189,4.98
E01032384,4.189,5.266
E01032385,7.265,5.581
E01032386,3.759,5.292
E01032387,4.191,4.976
E01032388,3.872,4.852
E01032389,7.103,8.327
E01032390,4.106,3.839
E01032391,5.287,5.232
E01032392,4.084,4.345
E01032393,3.286,3.575
E01032394,2.949,3.125
E01032395,4.146,3.24
E01032396,1.739,2.015
E01032397,6.246,4.524
E01032398,1.698,2.645
E01032399,5.858,4.784
E01032400,2.843,3.588
E01032401,4.345,3.267
E01032402,1.394,1.57
E01032403,4.017,4.225
E01032404,4.703,4.826
E01032405,4.06,5.364
E01032406,6.911,7.94
E01032407,5.0,6.496
E01032408,4.422,3.519
E01032409,6.883,5.185
E01032410,5.096,3.569
E01032411,5.886,6.135
E01032412,2.522,4.26
E01032413,3.558,4.178
E01032414,4.987,5.577
E01032415,5.356,4.415
E01032416,5.192,4.831
E01032417,3.756,4.393
E01032418,3.118,4.923
E01032419,5.103,6.225
E01032420,2.776,3.656
E01032421,3.138,2.597
E01032422,3.663,5.355
E01032423,7.738,8.363
E01032424,7.871,8.417
E01032425,6.993,6.375
E01032426,5.907,6.112
E01032427,6.718,7.003
E01032428,5.505,5.749
E01032429,3.421,4.739
E01032430,5.483,5.733
E01032431,4.164,4.242
E01032432,6.121,6.134
E01032433,4.144,3.718
E01032434,7.576,6.71
E01032435,6.985,7.177
E01032436,5.256,4.109
E01032437,7.496,6.287
E01032438,4.425,4.279
E01032439,5.098,4.893
E01032440,9.244,7.764
E01032441,3.66,5.033
E01032442,3.195,3.808
E01032443,4.719,6.672
E01032444,5.882,5.76
E01032445,7.697,7.089
E01032446,4.167,6.144
E01032447,3.474,6.423
E01032448,3.423,3.655
E01032449,5.709,5.629
E01032450,6.919,6.911
E01032451,3.984,4.473
E01032452,5.297,3.908
E01032453,10.529,9.67
E01032454,6.963,5.944
E01032455,5.113,5.219
E01032456,7.377,11.289
E01032457,7.047,5.611
E01032458,5.121,4.954
E01032459,5.841,5.405
E01032460,7.563,6.656
E01032461,5.46,7.716
E01032462,4.946,5.195
E01032463,5.688,5.081
E01032464,10.97,10.391
E01032465,8.361,7.546
E01032466,7.764,6.667
E01032467,3.541,6.383
E01032468,5.908,5.46
E01032469,8.918,7.029
E01032470,8.031,7.102
E01032471,8.147,10.791
E01032472,5.233,4.636
E01032473,5.73,5.285
E01032474,5.167,7.214
E01032475,3.86,4.264
E01032476,5.79,6.022
E01032477,3.688,4.156
E01032478,7.194,7.087
E01032479,7.906,7.143
E01032480,4.097,5.723
E01032481,12.056,8.703
E01032482,4.003,4.035
E01032483,8.226,7.156
E01032484,7.519,6.454
E01032485,2.039,2.158
E01032486,3.96,4.498
E01032487,9.378,8.621
E01032488,4.442,3.263
E01032489,4.752,3.972
E01032490,3.868,3.223
E01032491,2.439,2.089
E01032492,7.433,6.702
E01032493,4.468,3.372
E01032494,6.762,6.915
E01032495,3.251,3.096
E01032496,4.648,4.909
E01032497,6.885,4.972
E01032498,6.858,6.683
E01032499,4.345,4.865
E01032500,5.682,5.988
E01032501,4.007,2.962
E01032502,6.84,6.247
E01032503,3.208,2.831
E01032504,3.03,3.143
E01032505,8.428,8.934
E01032506,10.05,6.681
E01032507,5.588,5.785
E01032508,12.072,9.463
E01032509,8.508,8.776
E01032510,8.955,6.964
E01032511,9.579,9.94
E01032512,9.646,8.005
E01032513,9.373,7.618
E01032514,10.761,10.108
E01032515,9.084,7.735
E01032516,3.987,4.582
E01032517,6.833,5.386
E01032518,7.684,7.956
E01032519,4.314,4.499
E01032520,1.721,1.873
E01032522,1.613,2.477
E01032523,1.977,1.639
E01032524,4.069,4.33
E01032525,2.224,4.056
E01032526,3.934,3.649
E01032527,7.129,8.075
E01032528,8.087,7.471
E01032529,6.139,5.083
E01032530,6.923,6.253
E01032531,8.731,7.163
E01032532,5.909,4.22
E01032533,2.854,2.457
E01032534,8.132,6.845
E01032535,4.641,3.283
E01032536,6.537,6.031
E01032537,7.128,6.933
E01032538,7.156,7.585
E01032540,9.51,8.635
E01032541,10.963,11.291
E01032542,7.946,6.048
E01032543,9.58,10.281
E01032544,5.46,7.621
E01032545,6.434,4.624
E01032546,4.673,3.742
E01032548,4.087,4.64
E01032549,3.966,3.967
E01032550,7.145,6.506
E01032551,5.96,5.192
E01032552,8.561,7.351
E01032553,6.356,3.752
E01032554,3.383,2.706
E01032555,3.489,4.277
E01032556,5.212,5.984
E01032557,11.427,8.906
E01032558,8.155,6.948
E01032559,5.607,5.709
E01032560,7.858,4.766
E01032561,7.542,8.963
E01032562,6.171,6.079
E01032563,6.473,3.241
E01032564,6.021,5.142
E01032565,9.052,7.369
E01032566,6.295,5.885
E01032567,4.482,4.023
E01032568,6.384,5.57
E01032569,6.528,7.151
E01032570,3.876,4.263
E01032571,3.865,3.735
E01032572,3.365,3.109
E01032573,2.726,3.385
E01032574,5.44,5.07
E01032575,5.451,5.293
E01032576,3.299,3.097
E01032577,3.981,3.471
E01032579,6.164,3.896
E01032580,4.948,5.175
E01032581,5.387,4.195
E01032582,5.441,4.032
E01032583,5.293,3.563
E01032584,5.226,4.525
E01032585,6.033,5.518
E01032586,9.495,8.456
E01032587,6.068,5.743
E01032588,4.486,4.27
E01032589,5.457,4.65
E01032590,4.462,4.395
E01032591,6.018,4.422
E01032592,6.481,4.986
E01032593,4.264,3.624
E01032594,6.395,6.894
E01032595,8.806,9.312
E01032596,4.225,4.134
E01032597,10.069,9.253
E01032598,4.192,3.715
E01032599,3.863,3.772
E01032600,4.862,4.995
E01032601,2.959,4.595
E01032602,6.938,5.931
E01032603,5.282,6.712
E01032604,4.627,2.897
E01032605,4.405,3.241
E01032606,4.692,4.552
E01032607,6.176,9.819
E01032608,3.333,5.645
E01032609,2.479,3.695
E01032610,3.389,2.329
E01032611,3.161,2.051
E01032612,2.77,2.756
E01032613,7.16,8.155
E01032614,2.69,2.64
E01032615,6.571,3.901
E01032616,2.804,3.618
E01032617,6.591,4.777
E01032618,4.24,3.783
E01032619,3.646,3.666
E01032620,4.194,3.661
E01032621,8.633,10.12
E01032622,4.062,3.946
E01032623,4.219,3.949
E01032624,2.053,2.386
E01032625,3.565,2.399
E01032626,4.07,5.391
E01032627,6.495,6.287
E01032628,3.416,4.321
E01032629,3.731,3.252
E01032630,3.07,3.754
E01032631,2.295,3.333
E01032632,3.162,3.701
E01032633,7.1,7.422
E01032634,3.66,3.218
E01032635,8.843,7.924
E01032636,5.619,6.064
E01032637,0.481,0.763
E01032638,1.035,0.726
E01032639,4.139,2.352
E01032640,1.122,0.677
E01032641,5.352,5.645
E01032642,5.309,3.276
E01032643,4.04,4.447
E01032644,12.395,9.696
E01032645,7.96,8.816
E01032646,2.422,2.244
E01032647,1.914,1.664
E01032648,7.974,6.315
E01032649,7.306,6.54
E01032650,8.767,11.418
E01032651,4.454,4.399
E01032652,4.483,3.631
E01032653,5.73,5.755
E01032654,2.898,3.484
E01032655,2.083,2.117
E01032656,3.194,3.2
E01032657,3.869,5.9
E01032658,11.34,8.501
E01032659,9.923,9.71
E01032660,4.134,5.386
E01032661,5.057,5.052
E01032662,10.922,10.513
E01032663,4.281,3.794
E01032664,4.529,5.686
E01032665,3.9,4.766
E01032666,5.03,5.231
E01032667,3.03,5.532
E01032668,2.674,3.418
E01032669,2.246,3.434
E01032670,2.31,3.818
E01032671,1.933,3.723
E01032672,3.459,3.185
E01032673,8.833,9.985
E01032674,2.658,2.045
E01032675,2.14,2.861
E01032676,3.073,3.748
E01032677,3.37,5.141
E01032678,1.007,1.074
E01032679,2.654,3.976
E01032680,4.258,4.046
E01032681,5.195,5.038
E01032682,3.399,3.432
E01032683,4.187,4.629
E01032684,3.261,5.844
E01032685,1.74,1.641
E01032686,2.292,1.48
E01032687,3.035,2.53
E01032688,1.728,2.83
E01032689,2.667,2.971
E01032690,2.007,3.52
E01032691,3.904,4.042
E01032692,4.281,4.108
E01032693,2.407,2.802
E01032694,2.488,3.529
E01032695,5.985,5.678
E01032696,3.826,4.865
E01032697,1.823,4.046
E01032698,4.488,2.794
E01032699,4.38,4.573
E01032700,1.179,1.188
E01032701,1.969,2.4
E01032702,1.769,2.654
E01032703,1.09,2.684
E01032704,1.55,2.078
E01032705,1.623,2.294
E01032706,6.742,2.985
E01032707,3.305,2.146
E01032708,2.01,1.577
E01032709,1.252,2.683
E01032710,2.234,1.802
E01032711,0.977,1.575
E01032712,1.776,1.611
E01032713,1.078,1.358
E01032714,3.188,2.885
E01032715,3.808,4.866
E01032716,3.382,3.285
E01032717,4.595,3.708
E01032719,6.441,4.63
E01032720,4.099,2.588
E01032722,6.188,3.755
E01032724,4.765,4.22
E01032725,1.262,1.037
E01032726,5.137,4.238
E01032727,4.218,3.893
E01032728,3.736,3.714
E01032729,6.174,6.003
E01032730,2.976,3.123
E01032731,3.426,2.724
E01032732,5.624,4.124
E01032733,5.361,4.644
E01032734,1.951,2.053
E01032735,2.232,3.615
E01032737,3.534,4.159
E01032738,2.855,2.721
E01032739,0.575,1.607
E01032740,1.456,1.149
E01032741,5.102,4.36
E01032742,6.26,4.249
E01032743,3.405,4.609
E01032744,8.126,8.313
E01032745,2.437,2.966
E01032746,1.116,2.022
E01032748,2.778,2.106
E01032750,5.418,4.577
E01032751,5.165,3.838
E01032753,2.373,2.76
E01032755,7.539,7.699
E01032756,3.772,3.707
E01032758,3.076,2.018
E01032759,2.897,1.909
E01032761,2.151,1.678
E01032763,2.543,1.763
E01032764,4.224,2.838
E01032765,6.384,6.899
E01032766,3.673,2.539
E01032767,1.641,1.983
E01032768,2.525,2.578
E01032769,2.591,2.838
E01032770,3.694,2.821
E01032771,3.442,2.523
E01032772,5.903,3.864
E01032773,1.858,2.423
E01032774,4.237,4.825
E01032775,1.805,1.43
E01032776,1.301,2.128
E01032777,3.067,4.617
E01032778,1.625,1.339
E01032779,0.551,1.496
E01032780,1.575,1.944
E01032781,2.476,2.257
E01032782,4.399,2.179
E01032783,4.049,5.577
E01032784,5.277,3.402
E01032785,2.671,2.462
E01032786,6.791,4.833
E01032787,6.817,6.525
E01032788,4.792,4.543
E01032789,3.301,2.328
E01032790,4.025,2.566
E01032792,2.986,3.166
E01032794,4.154,3.333
E01032795,3.508,2.733
E01032797,1.447,1.647
E01032798,3.607,4.841
E01032799,5.78,5.687
E01032800,5.082,5.601
E01032802,3.738,3.646
E01032803,2.029,2.256
E01032805,5.488,4.328
E01032807,3.213,3.716
E01032808,2.893,3.964
E01032809,2.089,3.017
E01032810,3.763,6.179
E01032811,2.43,3.135
E01032812,1.95,2.812
E01032813,2.152,2.626
E01032814,4.182,3.905
E01032815,4.789,7.336
E01032816,2.663,1.876
E01032817,3.402,3.905
E01032818,2.214,2.361
E01032819,2.212,2.225
E01032820,2.053,2.332
E01032821,2.684,2.431
E01032822,4.0,4.834
E01032823,3.962,4.302
E01032824,3.911,4.662
E01032825,2.475,2.046
E01032826,0.806,1.446
E01032827,0.681,1.077
E01032828,1.373,1.533
E01032829,3.527,2.346
E01032830,5.727,6.501
E01032831,3.549,3.524
E01032832,6.125,8.171
E01032833,2.765,5.547
E01032834,1.504,1.071
E01032835,2.376,2.393
E01032836,3.92,4.801
E01032837,10.669,3.401
E01032838,0.91,2.031
E01032839,2.471,2.403
E01032840,4.104,2.337
E01032841,1.752,2.785
E01032842,1.372,1.521
E01032843,2.295,3.872
E01032844,5.497,3.329
E01032845,2.891,3.493
E01032846,1.521,2.309
E01032847,4.822,5.245
E01032848,1.009,1.834
E01032849,2.066,1.826
E01032850,1.621,1.717
E01032851,5.772,4.818
E01032852,1.148,2.203
E01032853,0.848,0.753
E01032854,0.658,1.194
E01032855,2.398,3.261
E01032856,0.779,1.152
E01032857,1.657,2.262
E01032858,4.262,4.25
E01032859,1.338,2.058
E01032860,1.664,1.72
E01032862,3.234,4.397
E01032863,2.635,3.153
E01032865,2.83,2.941
E01032867,2.722,3.855
E01032868,0.946,1.294
E01032870,2.355,2.612
E01032871,3.592,4.251
E01032872,3.731,3.204
E01032873,5.022,4.741
E01032875,1.787,4.908
E01032876,1.338,1.972
E01032877,5.568,4.672
E01032878,6.222,6.166
E01032879,10.348,8.092
E01032880,1.343,2.502
E01032881,2.236,3.175
E01032882,4.066,5.034
E01032883,6.662,7.985
E01032884,5.06,6.468
E01032885,0.752,1.601
E01032886,1.469,2.026
E01032887,8.089,6.239
E01032888,11.608,11.051
E01032889,10.433,5.684
E01032890,6.961,5.524
E01032891,1.01,2.039
E01032892,5.417,2.834
E01032893,1.763,1.587
E01032894,2.129,2.308
E01032895,2.986,3.297
E01032896,4.945,4.972
E01032897,5.627,4.055
E01032898,8.439,7.373
E01032899,9.121,8.036
E01032900,2.433,3.044
E01032901,2.116,2.489
E01032902,5.917,5.785
E01032903,9.792,9.139
E01032904,4.84,4.538
E01032905,6.752,3.895
E01032906,6.999,3.523
E01032907,8.186,4.116
E01032909,0.83,0.758
E01032911,2.426,1.138
E01032912,12.694,7.743
E01032914,2.871,3.017
E01032915,7.628,6.501
E01032917,5.682,2.151
E01032919,5.098,4.95
E01032920,8.663,5.532
E01032921,9.232,5.964
E01032922,5.329,5.507
E01032923,7.393,7.562
E01032924,3.969,3.783
E01032925,10.935,8.114
E01032926,2.876,2.74
E01032927,5.98,7.799
E01032928,2.696,2.935
E01032929,6.55,5.071
E01032930,10.421,7.538
E01032931,4.055,2.712
E01032932,8.368,7.131
E01032933,2.722,3.201
E01032934,5.055,3.8
E01032935,2.27,2.855
E01032936,2.62,3.075
E01032937,6.449,7.769
E01032938,2.701,1.921
E01032939,1.491,2.373
E01032940,1.28,1.247
E01032941,9.56,8.519
E01032942,2.968,4.437
E01032943,2.328,2.142
E01032944,3.712,3.907
E01032945,1.581,2.215
E01032946,3.155,2.511
E01032947,1.76,1.886
E01032948,2.985,2.214
E01032949,1.663,2.926
E01032950,1.611,1.618
E01032951,2.085,3.047
E01032952,3.228,2.428
E01032953,2.441,2.111
E01032954,3.608,2.892
E01032955,4.38,4.92
E01032956,1.228,2.222
E01032957,1.401,1.399
E01032958,2.431,2.367
E01032959,1.259,2.265
E01032960,2.46,2.386
E01032961,3.272,5.049
E01032962,1.866,2.947
E01032963,2.47,1.79
E01032964,2.499,3.074
E01032965,1.532,2.332
E01032966,2.231,3.481
E01032967,2.257,2.005
E01032968,4.994,6.112
E01032969,1.865,2.81
E01032970,2.699,3.354
E01032971,3.535,5.722
E01032972,4.309,3.92
E01032973,1.883,2.048
E01032974,2.098,2.887
E01032975,1.86,1.816
E01032976,6.954,5.797
E01032977,1.798,2.576
E01032978,7.2,5.702
E01032979,6.692,6.275
E01032980,2.296,2.921
E01032981,2.64,2.054
E01032982,3.915,4.822
E01032983,0.917,1.602
E01032984,1.562,1.19
E01032985,5.09,2.74
E01032986,5.747,6.613
E01032987,4.308,4.498
E01032988,7.559,5.367
E01032989,1.841,2.346
E01032990,1.066,1.781
E01032991,3.699,2.629
E01032992,6.31,6.186
E01032993,4.187,2.8
E01032994,3.398,3.602
E01032995,4.817,5.274
E01032996,4.345,4.383
E01032997,2.356,2.899
E01032998,1.241,2.414
E01032999,5.304,4.64
E01033000,4.538,4.729
E01033002,6.107,4.04
E01033003,4.543,3.313
E01033005,3.003,2.432
E01033006,1.595,1.918
E01033008,1.429,1.35
E01033010,1.069,1.091
E01033011,1.384,1.638
E01033013,7.653,4.482
E01033015,1.028,0.992
E01033016,1.377,2.197
E01033018,0.528,0.74
E01033019,0.824,0.74
E01033021,9.077,7.793
E01033022,1.754,3.994
E01033023,5.765,4.125
E01033024,1.174,1.923
E01033025,1.633,2.189
E01033026,2.089,3.234
E01033027,1.564,2.264
E01033028,1.946,2.885
E01033029,2.939,3.071
E01033030,1.915,1.62
E01033031,7.448,4.551
E01033032,3.599,1.863
E01033033,3.608,3.706
E01033034,1.171,0.946
E01033035,7.578,5.614
E01033036,4.334,4.665
E01033037,3.303,4.643
E01033038,6.814,5.642
E01033039,6.746,7.19
E01033040,4.584,6.35
E01033041,5.749,6.42
E01033042,3.836,3.667
E01033043,3.922,3.993
E01033044,1.509,1.923
E01033045,1.866,2.424
E01033046,5.699,7.421
E01033047,3.997,3.555
E01033048,6.436,8.769
E01033049,6.879,6.591
E01033050,1.856,2.562
E01033051,7.712,7.325
E01033052,2.548,3.618
E01033053,1.222,1.268
E01033054,4.324,4.627
E01033055,2.189,1.355
E01033056,3.988,3.155
E01033057,3.676,4.313
E01033058,5.198,4.28
E01033059,1.382,1.552
E01033060,7.213,6.42
E01033061,3.987,1.995
E01033062,3.589,4.018
E01033063,2.388,2.553
E01033064,5.036,5.004
E01033065,4.671,2.667
E01033066,1.565,2.667
E01033067,6.603,5.802
E01033068,3.671,4.065
E01033069,3.886,4.932
E01033070,2.666,2.434
E01033071,4.225,3.228
E01033072,7.332,7.504
E01033073,4.596,3.652
E01033074,8.919,7.118
E01033075,12.855,12.19
E01033076,12.726,8.478
E01033077,9.733,7.302
E01033078,1.801,1.436
E01033079,3.952,3.276
E01033080,4.399,4.901
E01033081,3.784,4.956
E01033082,5.969,6.027
E01033083,1.202,2.12
E01033084,2.904,3.138
E01033085,3.371,3.184
E01033086,10.632,9.648
E01033087,3.368,3.364
E01033088,2.351,2.787
E01033089,3.69,4.334
E01033090,5.101,5.644
E01033091,3.924,3.397
E01033092,5.882,5.973
E01033093,0.721,1.562
E01033094,8.198,11.102
E01033095,6.829,4.411
E01033096,5.452,5.244
E01033097,9.238,9.223
E01033098,0.889,1.17
E01033099,3.405,3.181
E01033100,4.183,4.013
E01033101,1.427,1.418
E01033102,4.072,4.813
E01033103,2.911,3.112
E01033104,6.621,6.897
E01033105,2.072,2.958
E01033106,1.126,1.394
E01033107,2.053,1.74
E01033108,1.654,1.83
E01033109,6.585,6.536
E01033110,12.25,9.762
E01033111,6.122,6.517
E01033112,7.99,9.028
E01033113,3.839,3.88
E01033114,1.949,2.699
E01033115,1.919,2.255
E01033116,2.906,2.616
E01033117,1.294,2.652
E01033118,2.324,2.661
E01033119,1.551,1.924
E01033120,3.564,4.927
E01033121,1.826,2.576
E01033122,4.997,3.814
E01033123,3.891,4.608
E01033124,3.71,4.472
E01033125,5.284,4.626
E01033126,1.477,1.997
E01033127,3.599,6.469
E01033128,6.171,6.559
E01033129,6.044,7.536
E01033130,5.651,6.42
E01033131,6.449,6.786
E01033132,3.365,2.599
E01033133,2.347,2.764
E01033135,2.241,1.431
E01033137,2.536,3.998
E01033138,2.772,4.005
E01033139,2.464,3.049
E01033140,2.79,3.168
E01033141,4.497,3.671
E01033142,2.024,2.61
E01033143,4.094,3.526
E01033144,2.214,2.643
E01033145,5.632,4.811
E01033146,6.999,5.97
E01033148,5.385,4.831
E01033150,3.744,4.325
E01033151,7.485,6.332
E01033153,7.11,6.086
E01033154,1.088,1.552
E01033156,3.157,3.109
E01033158,3.324,2.336
E01033159,2.826,1.552
E01033160,11.418,9.662
E01033161,6.585,5.396
E01033163,3.539,2.587
E01033164,1.182,1.671
E01033166,10.304,7.692
E01033167,12.94,8.596
E01033168,3.037,1.523
E01033169,1.127,2.916
E01033170,3.977,4.013
E01033171,5.933,4.997
E01033172,5.074,5.535
E01033173,1.206,2.292
E01033174,4.505,4.713
E01033175,2.913,2.495
E01033176,4.112,3.745
E01033177,1.409,2.187
E01033178,2.46,2.305
E01033179,3.801,2.54
E01033180,2.635,2.848
E01033181,2.097,2.338
E01033182,5.027,5.542
E01033183,0.938,2.229
E01033184,1.408,1.046
E01033185,3.981,4.682
E01033186,4.777,4.581
E01033187,10.308,6.822
E01033188,3.776,3.206
E01033189,1.816,2.662
E01033190,1.017,2.216
E01033191,2.188,3.37
E01033192,1.115,2.278
E01033193,2.14,3.006
E01033194,2.4,2.2
E01033195,1.658,3.093
E01033197,5.92,4.037
E01033198,6.463,7.233
E01033200,5.68,7.115
E01033202,6.861,6.247
E01033203,7.415,8.375
E01033205,8.15,7.386
E01033206,8.99,8.09
E01033207,7.494,4.017
E01033208,2.67,2.519
E01033209,5.731,6.702
E01033210,6.533,5.304
E01033211,11.692,9.597
E01033212,7.94,6.471
E01033213,2.459,3.026
E01033214,3.401,5.261
E01033215,10.108,9.863
E01033216,8.768,6.622
E01033217,12.247,8.062
E01033218,2.72,3.56
E01033219,2.607,3.237
E01033220,12.442,9.278
E01033221,1.624,1.671
E01033223,8.907,4.348
E01033224,10.01,9.267
E01033226,9.88,7.954
E01033228,12.271,8.784
E01033229,5.938,6.243
E01033231,8.784,6.998
E01033232,2.736,3.016
E01033233,2.704,2.166
E01033234,2.106,2.549
E01033235,4.87,4.271
E01033236,4.523,4.771
E01033237,8.877,9.426
E01033239,6.895,7.43
E01033241,6.475,5.009
E01033242,5.545,7.234
E01033243,2.972,5.704
E01033244,2.795,2.893
E01033245,4.163,3.9
E01033246,5.199,5.384
E01033247,4.312,4.773
E01033248,6.108,7.259
E01033249,6.737,6.559
E01033250,1.578,1.434
E01033251,1.386,3.464
E01033252,3.021,4.011
E01033253,2.559,2.644
E01033254,0.972,1.402
E01033255,4.521,2.72
E01033256,3.953,4.035
E01033257,4.362,4.781
E01033258,8.051,6.89
E01033259,4.253,4.149
E01033260,4.966,5.085
E01033261,0.849,1.321
E01033262,1.201,2.052
E01033263,2.18,2.47
E01033264,1.009,1.359
E01033265,3.758,4.558
E01033266,1.862,2.497
E01033267,1.37,2.497
E01033268,7.375,5.874
E01033269,7.191,6.742
E01033270,4.987,4.228
E01033271,9.48,5.528
E01033272,6.299,3.924
E01033273,2.931,2.976
E01033274,1.245,1.78
E01033275,3.476,3.94
E01033276,0.479,0.705
E01033277,9.597,8.637
E01033278,10.119,9.65
E01033279,9.714,8.953
E01033280,3.91,3.31
E01033281,6.547,6.083
E01033282,1.953,1.632
E01033283,5.202,6.444
E01033285,4.352,4.637
E01033286,4.034,3.439
E01033288,4.785,6.245
E01033289,8.218,6.66
E01033291,4.95,5.404
E01033292,9.118,8.473
E01033294,4.683,5.877
E01033296,6.463,6.782
E01033297,0.839,1.149
E01033299,2.289,3.656
E01033300,6.192,4.702
E01033302,6.926,5.741
E01033303,5.837,4.77
E01033305,2.096,2.824
E01033306,3.778,3.362
E01033308,2.697,2.682
E01033310,1.682,2.066
E01033311,4.202,3.826
E01033313,2.488,2.518
E01033314,1.903,2.537
E01033316,2.099,2.507
E01033317,2.734,3.047
E01033319,1.778,1.781
E01033320,4.88,3.501
E01033322,2.762,1.989
E01033324,6.137,6.554
E01033325,0.664,1.607
E01033327,4.257,3.898
E01033328,4.686,5.85
E01033329,3.86,3.923
E01033330,14.327,9.474
E01033331,1.39,2.279
E01033333,1.961,3.364
E01033334,0.808,1.267
E01033336,0.968,2.243
E01033338,2.794,2.295
E01033339,3.989,5.63
E01033341,4.221,5.967
E01033342,2.605,2.582
E01033344,1.721,3.214
E01033345,1.265,1.949
E01033347,4.813,2.892
E01033348,5.616,4.212
E01033350,3.768,3.44
E01033352,3.99,3.268
E01033353,7.174,4.076
E01033355,3.535,2.743
E01033356,7.893,7.304
E01033358,6.53,4.139
E01033359,5.958,3.922
E01033361,10.68,8.333
E01033362,6.104,4.545
E01033364,5.78,5.008
E01033366,5.242,4.453
E01033367,7.304,5.814
E01033369,9.524,6.653
E01033370,12.267,7.095
E01033372,2.621,3.704
E01033373,6.127,7.06
E01033375,2.235,1.605
E01033376,1.443,1.727
E01033378,2.998,3.042
E01033380,2.715,4.374
E01033381,4.711,5.007
E01033383,7.954,8.295
E01033384,4.552,4.257
E01033386,5.139,4.934
E01033387,3.587,3.885
E01033388,6.364,6.528
E01033389,1.43,2.849
E01033390,1.486,2.116
E01033391,4.665,3.94
E01033392,11.875,8.406
E01033393,1.872,2.434
E01033394,5.556,6.694
E01033395,1.243,1.078
E01033396,8.842,6.583
E01033397,5.198,5.96
E01033398,4.435,5.882
E01033399,3.811,3.167
E01033400,5.806,2.877
E01033401,4.533,4.163
E01033402,3.198,2.118
E01033403,4.155,2.258
E01033404,3.241,2.715
E01033405,4.692,4.163
E01033406,2.574,2.258
E01033407,2.15,2.656
E01033408,2.92,2.095
E01033409,6.506,5.955
E01033410,2.245,2.508
E01033411,10.882,9.79
E01033412,4.668,4.81
E01033413,5.808,5.586
E01033414,5.224,4.966
E01033415,2.866,1.982
E01033417,3.288,2.56
E01033418,2.22,1.954
E01033420,3.274,3.268
E01033421,5.449,4.898
E01033422,5.372,3.623
E01033423,2.568,2.161
E01033424,5.106,2.324
E01033425,1.362,2.04
E01033426,2.45,2.169
E01033427,1.652,3.072
E01033428,1.883,4.534
E01033429,3.055,4.084
E01033430,4.359,6.028
E01033431,2.736,2.577
E01033432,4.357,3.206
E01033433,4.32,3.779
E01033434,2.974,3.578
E01033435,3.306,3.585
E01033436,7.466,6.734
E01033437,9.869,10.094
E01033438,6.872,6.712
E01033439,5.694,5.93
E01033440,6.542,5.634
E01033441,3.336,4.28
E01033442,0.925,1.637
E01033443,1.955,3.587
E01033444,1.127,2.208
E01033445,3.699,3.844
E01033446,3.599,5.911
E01033447,3.292,3.425
E01033448,4.157,5.214
E01033449,3.68,5.509
E01033450,6.053,5.24
E01033451,0.61,1.853
E01033452,3.085,3.367
E01033453,1.963,1.75
E01033454,3.904,2.238
E01033455,5.719,3.93
E01033456,6.929,6.136
E01033457,2.921,2.624
E01033458,3.351,4.963
E01033459,3.628,3.818
E01033460,5.592,2.354
E01033461,2.53,2.457
E01033462,2.251,4.826
E01033463,6.056,3.107
E01033464,5.328,4.556
E01033465,2.908,3.223
E01033466,11.504,10.535
E01033467,12.054,6.355
E01033468,14.111,11.352
E01033469,8.659,7.935
E01033470,11.055,11.278
E01033471,7.424,8.415
E01033472,4.509,5.609
E01033473,11.702,9.884
E01033474,2.796,3.227
E01033475,0.761,1.576
E01033476,2.013,2.22
E01033477,9.015,8.889
E01033478,1.111,1.14
E01033479,1.553,1.676
E01033480,2.257,3.199
E01033481,2.053,2.27
E01033482,2.221,3.559
E01033483,9.808,10.867
E01033484,7.284,10.867
E01033485,7.182,5.192
E01033486,6.95,6.087
E01033487,1.55,1.668
E01033488,5.809,4.44
E01033489,1.583,1.986
E01033490,3.957,3.94
E01033491,5.119,4.658
E01033492,1.187,2.442
E01033493,0.692,1.371
E01033494,4.005,3.392
E01033495,1.078,1.781
E01033496,1.742,3.051
E01033497,7.263,4.164
E01033498,6.561,4.691
E01033499,4.379,3.655
E01033500,0.975,1.907
E01033501,1.552,2.583
E01033503,2.703,2.112
E01033505,2.477,4.736
E01033506,2.258,1.872
E01033508,1.515,1.849
E01033509,1.201,1.204
E01033511,1.982,2.213
E01033512,2.338,2.056
E01033514,1.57,2.376
E01033515,1.897,3.006
E01033517,0.626,0.999
E01033519,2.032,2.573
E01033520,2.432,1.999
E01033522,5.525,2.899
E01033523,1.61,2.416
E01033525,2.05,1.731
E01033526,8.309,8.883
E01033527,6.667,7.006
E01033528,3.694,4.078
E01033529,4.894,3.468
E01033530,4.385,4.95
E01033531,2.068,2.299
E01033532,1.64,2.414
E01033533,1.71,2.181
E01033534,1.584,2.138
E01033535,2.456,4.016
E01033536,3.641,4.692
E01033537,6.944,6.061
E01033538,1.663,2.497
E01033539,3.379,4.49
E01033540,5.121,4.671
E01033541,4.441,4.587
E01033542,6.001,5.15
E01033543,1.075,1.318
E01033545,5.307,1.941
E01033547,14.151,8.901
E01033548,8.774,5.642
E01033550,1.265,1.944
E01033551,2.566,3.72
E01033553,2.071,2.009
E01033554,6.093,2.296
E01033556,4.419,3.881
E01033557,1.214,1.559
E01033559,2.771,2.429
E01033561,2.79,2.701
E01033562,6.749,4.627
E01033564,2.193,2.304
E01033565,0.881,0.712
E01033567,2.133,1.625
E01033568,2.669,2.526
E01033569,2.347,2.695
E01033570,2.384,1.997
E01033571,3.381,4.883
E01033572,4.534,4.159
E01033573,2.158,3.102
E01033574,1.096,3.326
E01033575,0.392,3.326
E01033576,4.633,2.146
E01033577,2.754,1.478
E01033578,3.299,2.367
E01033579,2.243,1.697
E01033580,1.643,1.204
E01033581,5.892,4.472
E01033582,1.159,1.312
E01033583,4.998,2.025
E01033584,6.082,5.582
E01033585,6.748,3.497
E01033586,5.248,4.048
E01033587,4.663,2.728
E01033588,4.7,4.44
E01033589,2.267,2.611
E01033590,2.7,2.96
E01033591,5.294,3.832
E01033592,4.665,3.833
E01033593,5.044,3.873
E01033594,7.018,5.941
E01033595,4.851,4.566
E01033596,8.502,4.566
E01033597,5.152,6.455
E01033598,12.238,10.908
E01033599,7.184,5.611
E01033600,3.84,4.428
E01033601,10.07,10.848
E01033602,10.585,9.496
E01033603,8.852,8.768
E01033604,8.576,8.891
E01033605,12.121,8.044
E01033606,5.618,4.373
E01033607,5.588,4.373
E01033608,5.226,4.428
E01033609,3.336,3.631
E01033610,0.91,1.236
E01033611,1.165,1.708
E01033612,1.709,1.98
E01033613,1.365,1.826
E01033614,1.656,1.946
E01033615,1.276,1.81
E01033616,9.684,6.025
E01033617,0.81,0.776
E01033618,1.427,1.474
E01033619,3.175,1.895
E01033620,3.039,2.61
E01033621,7.237,5.634
E01033622,1.635,2.27
E01033623,4.821,4.983
E01033624,6.776,3.07
E01033625,0.708,1.284
E01033626,4.864,4.523
E01033627,5.751,6.483
E01033628,8.395,6.789
E01033629,7.752,7.484
E01033630,5.531,5.714
E01033631,1.793,1.713
E01033632,8.618,5.427
E01033633,9.35,6.93
E01033634,1.505,2.073
E01033635,6.334,5.695
E01033636,8.331,6.994
E01033637,9.338,6.518
E01033638,7.657,5.14
E01033639,5.602,3.274
E01033640,6.25,3.493
E01033641,6.189,4.553
E01033642,6.538,5.533
E01033643,9.564,6.38
E01033644,9.073,6.607
E01033645,7.719,8.676
E01033646,8.621,7.326
E01033647,5.436,5.019
E01033648,8.103,7.569
E01033649,5.83,4.812
E01033650,9.129,6.992
E01033651,2.083,1.952
E01033652,3.77,5.249
E01033653,4.431,3.836
E01033654,0.609,1.061
E01033655,1.42,1.184
E01033656,0.458,0.478
E01033657,4.689,5.249
E01033658,1.305,2.01
E01033659,0.898,0.683
E01033660,0.856,0.417
E01033661,5.628,4.278
E01033662,3.146,2.531
E01033663,3.466,2.018
E01033664,0.894,1.13
E01033665,6.518,3.614
E01033666,8.934,6.503
E01033667,2.982,3.758
E01033668,7.218,5.455
E01033669,11.238,8.059
E01033670,1.118,1.176
E01033671,5.442,5.089
E01033672,8.985,5.575
E01033673,0.363,0.831
E01033674,8.069,7.067
E01033675,4.797,5.978
E01033676,12.23,8.923
E01033677,1.026,0.59
E01033678,8.958,6.363
E01033679,14.194,11.668
E01033680,5.285,6.344
E01033681,0.291,1.278
E01033682,1.507,1.881
E01033683,1.033,0.718
E01033684,0.831,0.714
E01033685,6.214,5.174
E01033686,6.166,5.989
E01033687,13.338,14.467
E01033688,11.561,10.006
E01033689,6.271,9.768
E01033690,2.548,3.068
E01033691,8.661,7.352
E01033692,5.653,5.925
E01033693,6.33,6.389
E01033694,4.748,4.533
E01033695,5.266,3.873
E01033696,4.11,5.339
E01033697,5.992,6.657
E01033698,11.755,8.421
E01033699,4.191,2.335
E01033700,4.853,3.25
E01033701,11.357,4.692
E01033702,6.035,4.828
E01033703,9.574,5.177
E01033704,2.207,1.922
E01033705,5.787,7.118
E01033706,2.339,2.072
E01033707,6.293,8.421
E01033708,1.438,1.393
E01033709,4.132,4.148
E01033710,4.142,2.476
E01033711,3.258,1.255
E01033712,4.436,5.185
E01033713,6.761,3.404
E01033714,3.585,3.146
E01033715,5.786,6.25
E01033716,9.983,9.812
E01033717,3.683,3.839
E01033718,6.142,7.349
E01033719,0.78,2.008
E01033720,2.087,2.363
E01033721,1.618,1.774
E01033722,4.508,5.218
E01033723,1.863,2.138
E01033724,2.108,2.499
E01033725,4.987,3.212
E01033726,7.581,4.098
E01033727,3.935,2.656
E01033728,1.794,2.499
E01033729,4.816,6.298
E01033730,3.13,1.984
E01033731,1.967,3.354
E01033732,3.229,3.374
E01033733,1.323,2.352
E01033734,2.652,3.347
E01033735,3.541,3.645
E01033736,1.156,0.98
E01033737,6.756,4.912
E01033738,3.536,3.065
E01033739,3.188,2.902
E01033740,2.473,3.06
E01033741,4.762,3.635
E01033742,2.737,2.386
E01033743,3.288,3.916
E01033744,7.48,4.485
E01033745,3.462,3.814
E01033746,5.396,4.419
E01033747,13.806,9.114
E01033748,2.506,2.907
E01033749,1.041,2.007
E01033750,2.003,2.422
E01033751,4.859,6.551
E01033752,1.923,3.153
E01033753,1.237,2.014
E01033754,6.543,5.279
E01033755,1.109,2.014
E01033756,1.435,2.47
E01033757,4.78,3.196
E01033758,3.468,4.441
E01033759,10.985,5.95
E01033760,0.804,0.646
E01033761,1.458,1.297
E01033762,2.624,1.903
E01033763,14.931,9.607
E01033764,15.94,12.091
E01033765,12.139,11.193
E01033766,3.721,2.007
E01033767,11.621,10.338
E01033768,9.158,8.576
W01000001,6.816,5.823
W01000002,5.859,5.823
W01000003,7.778,6.434
W01000004,7.956,7.962
W01000005,5.624,7.134
W01000006,5.737,5.516
W01000007,6.573,5.596
W01000008,4.806,5.183
W01000009,6.358,6.146
W01000010,6.474,5.252
W01000011,3.577,4.192
W01000012,4.852,5.186
W01000013,3.549,3.486
W01000014,4.685,4.255
W01000015,4.282,4.047
W01000016,5.902,7.538
W01000017,6.164,5.704
W01000018,8.548,7.915
W01000019,7.931,6.058
W01000020,4.943,4.189
W01000021,9.32,5.75
W01000022,6.857,5.915
W01000023,7.468,7.057
W01000024,4.016,4.354
W01000025,5.208,3.974
W01000026,7.567,7.958
W01000027,6.051,5.269
W01000028,5.925,5.399
W01000029,7.502,6.837
W01000030,7.087,7.226
W01000031,7.638,5.287
W01000032,7.237,4.189
W01000033,8.311,8.098
W01000034,4.939,5.041
W01000035,5.671,4.924
W01000036,8.824,8.704
W01000037,6.791,7.672
W01000038,8.76,6.807
W01000039,5.094,5.43
W01000040,7.277,4.848
W01000041,6.38,4.203
W01000042,4.38,4.606
W01000043,6.245,5.43
W01000044,5.157,5.083
W01000047,4.284,5.039
W01000048,7.174,6.198
W01000049,9.019,6.198
W01000050,4.506,4.381
W01000051,5.015,4.267
W01000052,3.672,4.679
W01000053,4.43,3.305
W01000054,3.959,4.582
W01000056,7.348,5.677
W01000057,3.393,4.631
W01000059,7.864,5.535
W01000060,5.353,5.418
W01000061,5.362,7.945
W01000062,2.936,2.716
W01000063,5.762,5.432
W01000064,5.462,3.598
W01000065,6.572,6.19
W01000066,5.496,5.963
W01000067,4.319,4.822
W01000068,5.66,5.642
W01000069,6.364,6.465
W01000070,4.706,3.398
W01000071,4.538,4.375
W01000072,5.065,5.075
W01000073,4.13,4.322
W01000074,6.259,6.607
W01000075,4.545,6.762
W01000076,4.331,4.479
W01000077,4.975,5.174
W01000078,5.942,6.928
W01000079,6.102,6.465
W01000080,6.779,7.069
W01000081,6.022,5.08
W01000082,4.84,5.617
W01000083,2.939,2.003
W01000084,3.98,3.178
W01000085,7.275,6.448
W01000086,6.391,5.609
W01000087,5.324,4.16
W01000088,5.517,4.131
W01000089,4.615,3.549
W01000090,6.942,7.868
W01000091,9.825,8.341
W01000092,2.108,1.772
W01000093,4.554,5.06
W01000094,3.743,4.023
W01000095,3.787,6.051
W01000096,5.863,4.815
W01000097,5.315,4.645
W01000098,6.807,5.769
W01000099,4.072,4.077
W01000100,3.7,4.356
W01000101,4.892,5.117
W01000102,5.998,4.397
W01000103,4.38,5.394
W01000104,6.525,6.41
W01000105,4.732,3.299
W01000106,6.293,6.777
W01000107,5.648,4.849
W01000108,5.205,5.412
W01000109,6.31,7.097
W01000110,4.648,3.817
W01000111,6.266,11.253
W01000112,7.513,7.467
W01000113,5.986,6.142
W01000114,4.8,4.802
W01000115,3.877,4.1
W01000116,7.003,6.95
W01000117,8.423,8.47
W01000118,4.236,3.977
W01000119,5.342,3.78
W01000121,3.537,4.094
W01000122,5.042,5.476
W01000123,6.226,6.4
W01000124,5.182,4.422
W01000125,5.522,5.664
W01000126,6.061,5.223
W01000127,8.193,7.647
W01000128,7.552,6.919
W01000129,6.673,7.392
W01000130,5.4,5.962
W01000131,5.601,3.637
W01000132,8.458,8.29
W01000133,5.087,6.854
W01000134,7.413,6.898
W01000135,6.199,7.534
W01000136,6.092,6.158
W01000137,3.578,4.099
W01000138,7.119,6.797
W01000139,5.636,3.686
W01000140,7.231,6.381
W01000141,7.912,7.022
W01000142,7.049,4.957
W01000143,6.481,6.341
W01000144,8.245,9.123
W01000145,6.714,7.775
W01000146,6.61,6.749
W01000147,6.564,5.298
W01000148,3.651,4.236
W01000149,16.846,15.276
W01000150,8.946,8.119
W01000151,8.748,9.198
W01000152,10.59,8.469
W01000153,7.263,6.496
W01000154,8.407,4.961
W01000155,6.198,5.394
W01000156,9.097,8.121
W01000157,8.532,6.938
W01000158,8.381,7.381
W01000159,4.669,5.33
W01000162,5.195,4.233
W01000163,8.153,7.298
W01000164,4.196,3.923
W01000165,5.285,5.603
W01000166,5.747,4.657
W01000167,6.344,6.933
W01000168,6.67,5.918
W01000169,11.429,9.972
W01000170,5.543,4.911
W01000171,6.005,7.301
W01000172,6.299,5.841
W01000173,3.809,3.484
W01000174,5.229,4.231
W01000175,5.882,6.061
W01000176,6.663,5.861
W01000177,4.931,3.465
W01000178,9.416,8.564
W01000179,7.232,6.514
W01000180,3.864,3.941
W01000181,3.406,2.734
W01000182,11.418,11.555
W01000183,6.532,6.826
W01000184,13.697,11.033
W01000185,5.696,5.982
W01000186,9.176,9.647
W01000187,7.111,8.14
W01000188,6.74,5.916
W01000189,3.345,3.678
W01000190,4.646,4.796
W01000191,6.521,5.784
W01000192,4.946,4.609
W01000193,5.175,5.466
W01000194,6.55,6.799
W01000195,5.149,3.544
W01000196,4.316,2.916
W01000197,5.191,5.364
W01000198,6.983,9.386
W01000199,6.805,6.988
W01000200,4.365,4.758
W01000201,6.409,7.571
W01000202,2.61,3.919
W01000203,4.886,3.784
W01000204,4.011,3.959
W01000205,5.08,4.119
W01000206,3.247,4.602
W01000207,4.176,4.376
W01000208,5.94,7.082
W01000209,5.682,6.61
W01000210,5.022,6.672
W01000211,4.31,4.897
W01000212,6.761,5.999
W01000213,10.722,9.488
W01000214,9.137,10.986
W01000215,5.087,7.167
W01000216,8.375,8.494
W01000217,7.309,6.943
W01000218,8.085,9.338
W01000219,8.184,8.235
W01000220,14.589,12.005
W01000221,9.57,7.435
W01000222,10.181,8.445
W01000223,6.189,6.042
W01000224,6.419,5.789
W01000225,6.675,6.171
W01000226,13.069,12.013
W01000227,10.476,8.895
W01000228,10.209,11.309
W01000229,10.399,11.183
W01000230,9.373,7.973
W01000231,9.777,7.583
W01000232,7.975,7.152
W01000233,8.464,9.133
W01000234,9.609,7.137
W01000235,6.767,5.397
W01000236,11.52,11.367
W01000237,9.745,10.366
W01000238,6.816,6.455
W01000239,12.577,12.747
W01000240,16.337,12.35
W01000241,10.008,10.367
W01000242,5.247,6.471
W01000243,5.101,4.769
W01000244,3.406,3.119
W01000245,6.392,5.854
W01000246,7.912,8.002
W01000247,7.716,6.119
W01000248,5.155,3.625
W01000249,3.975,4.209
W01000250,4.373,3.722
W01000251,5.249,5.646
W01000252,6.928,7.257
W01000253,6.44,5.943
W01000254,7.194,6.988
W01000255,5.192,5.154
W01000256,4.356,4.277
W01000257,4.385,3.716
W01000258,5.341,5.793
W01000259,8.068,9.928
W01000260,4.643,5.41
W01000261,6.456,7.714
W01000262,5.906,5.646
W01000263,7.863,9.294
W01000264,4.233,5.186
W01000265,5.869,4.711
W01000266,4.242,4.214
W01000267,5.148,4.071
W01000268,3.622,3.927
W01000269,7.721,7.761
W01000270,4.666,4.087
W01000271,4.443,4.666
W01000272,5.283,4.581
W01000273,5.363,7.797
W01000274,6.832,7.247
W01000275,4.23,3.114
W01000276,2.728,2.97
W01000277,3.595,3.95
W01000278,7.559,8.74
W01000279,7.199,6.61
W01000280,6.381,4.707
W01000281,4.583,4.932
W01000282,1.893,2.142
W01000283,4.869,5.173
W01000284,3.22,3.532
W01000285,3.802,5.514
W01000286,2.322,3.303
W01000287,10.398,8.55
W01000288,11.087,10.018
W01000289,3.756,3.679
W01000290,9.614,12.903
W01000291,4.64,5.593
W01000292,8.429,6.305
W01000293,5.74,4.359
W01000294,3.201,4.396
W01000295,7.472,7.038
W01000296,9.827,8.522
W01000297,4.049,3.746
W01000298,10.151,9.06
W01000299,4.016,4.666
W01000300,4.519,4.238
W01000301,5.098,5.533
W01000302,5.405,4.301
W01000303,3.182,3.408
W01000304,9.759,10.418
W01000305,5.347,6.296
W01000306,6.086,6.342
W01000307,3.081,4.079
W01000308,5.475,4.569
W01000309,5.48,5.181
W01000310,4.216,4.26
W01000311,5.556,5.392
W01000312,7.41,6.758
W01000313,4.917,5.549
W01000314,8.237,8.296
W01000315,6.73,5.618
W01000316,3.93,5.22
W01000317,2.154,1.622
W01000318,7.082,9.098
W01000319,6.603,6.267
W01000320,8.026,8.095
W01000321,5.485,3.729
W01000322,5.142,4.793
W01000323,3.883,4.548
W01000324,3.856,3.738
W01000325,4.183,4.269
W01000326,3.757,3.045
W01000327,4.096,3.189
W01000328,6.449,6.866
W01000329,5.462,5.006
W01000330,6.326,7.184
W01000331,4.723,4.161
W01000332,4.528,4.272
W01000333,8.894,8.558
W01000334,6.588,6.938
W01000335,10.621,9.532
W01000336,7.85,11.018
W01000337,6.576,6.102
W01000338,6.474,6.105
W01000339,5.716,5.039
W01000340,5.469,4.416
W01000341,6.258,5.735
W01000342,8.844,8.404
W01000343,6.452,4.094
W01000344,4.521,5.797
W01000345,4.043,4.211
W01000346,3.446,4.536
W01000347,4.437,3.514
W01000348,5.971,6.588
W01000349,5.505,5.424
W01000350,5.58,5.257
W01000351,5.149,5.421
W01000352,8.242,10.375
W01000353,8.081,10.375
W01000354,7.106,5.954
W01000355,9.356,8.661
W01000356,8.618,7.506
W01000359,5.607,4.774
W01000360,7.649,6.189
W01000361,4.617,5.978
W01000362,7.325,7.181
W01000363,6.955,5.088
W01000364,5.518,3.796
W01000365,5.182,7.153
W01000366,9.147,6.635
W01000367,5.107,4.517
W01000368,4.519,3.895
W01000369,6.22,6.285
W01000370,6.37,5.476
W01000371,3.322,4.455
W01000372,7.066,9.389
W01000373,7.428,7.842
W01000374,7.937,7.997
W01000375,4.507,4.299
W01000376,5.612,5.672
W01000377,5.974,3.871
W01000378,7.855,9.382
W01000379,9.512,9.606
W01000380,11.096,10.998
W01000381,9.558,10.027
W01000382,8.465,8.387
W01000383,4.015,4.403
W01000384,5.121,4.7
W01000385,4.686,5.984
W01000386,5.739,6.508
W01000387,4.535,5.268
W01000388,5.164,4.426
W01000389,4.711,4.862
W01000390,7.909,4.726
W01000391,6.947,5.976
W01000392,8.023,7.626
W01000393,6.718,6.715
W01000394,3.675,3.602
W01000395,4.853,6.455
W01000396,2.51,2.695
W01000397,2.775,2.695
W01000398,7.154,6.865
W01000399,3.886,3.128
W01000400,6.095,5.577
W01000401,5.416,5.263
W01000402,4.041,5.077
W01000403,5.124,4.639
W01000404,4.326,4.638
W01000405,7.537,7.655
W01000406,7.619,8.143
W01000407,4.299,3.829
W01000408,8.699,7.043
W01000409,8.599,10.206
W01000410,6.679,6.702
W01000411,8.693,9.049
W01000412,7.707,6.532
W01000413,7.736,9.2
W01000414,8.155,8.463
W01000415,7.143,5.532
W01000416,3.239,2.894
W01000417,3.699,4.359
W01000418,4.089,4.11
W01000419,6.108,7.671
W01000420,6.061,5.095
W01000422,6.623,6.866
W01000423,4.928,6.143
W01000424,5.617,5.841
W01000425,9.815,9.936
W01000426,10.744,7.53
W01000427,5.67,5.655
W01000428,4.873,4.332
W01000429,4.01,4.174
W01000430,4.914,4.711
W01000431,5.094,6.265
W01000432,5.272,4.549
W01000433,6.131,5.284
W01000434,6.682,7.476
W01000438,10.573,10.407
W01000439,4.26,3.64
W01000440,3.704,3.661
W01000441,4.067,3.711
W01000442,4.657,5.207
W01000443,3.915,4.38
W01000444,4.743,5.492
W01000445,4.65,4.723
W01000446,6.571,6.667
W01000447,5.202,4.514
W01000448,5.69,4.803
W01000449,5.434,5.805
W01000450,4.906,4.363
W01000451,3.897,6.261
W01000452,6.577,5.717
W01000453,3.63,3.403
W01000454,10.595,12.293
W01000455,5.828,6.404
W01000456,8.354,6.98
W01000457,4.108,4.136
W01000458,6.987,5.825
W01000459,4.395,5.141
W01000460,4.586,4.865
W01000461,6.789,5.174
W01000464,4.861,5.961
W01000465,5.695,4.163
W01000466,5.684,6.662
W01000467,5.785,6.211
W01000470,6.596,4.225
W01000471,4.96,6.787
W01000472,6.836,5.743
W01000473,6.174,8.372
W01000474,5.402,5.886
W01000475,3.965,3.877
W01000476,4.556,4.825
W01000477,5.324,4.827
W01000478,7.863,6.46
W01000479,6.238,6.19
W01000480,8.507,7.517
W01000481,4.852,6.0
W01000482,4.826,5.23
W01000483,7.688,7.885
W01000484,4.738,6.064
W01000485,6.464,6.944
W01000486,5.675,6.092
W01000487,9.626,6.686
W01000488,4.22,4.508
W01000489,7.568,8.198
W01000492,4.651,5.076
W01000493,3.092,1.849
W01000494,5.336,5.35
W01000496,10.623,8.021
W01000497,6.154,4.876
W01000498,8.062,9.61
W01000499,6.124,10.445
W01000500,5.599,4.259
W01000501,9.435,6.222
W01000502,10.381,8.624
W01000503,3.565,4.438
W01000504,13.351,15.106
W01000505,10.701,9.693
W01000506,7.384,6.556
W01000507,8.027,6.573
W01000508,8.829,8.637
W01000509,8.352,7.573
W01000510,10.196,12.247
W01000511,9.71,8.085
W01000512,1.735,4.871
W01000513,3.157,5.073
W01000515,8.368,8.258
W01000516,6.444,5.603
W01000517,3.94,5.963
W01000518,6.513,6.231
W01000519,7.744,6.303
W01000522,7.889,7.012
W01000523,4.921,4.721
W01000524,6.13,5.521
W01000525,6.633,4.323
W01000527,4.437,4.861
W01000528,7.123,7.238
W01000529,7.178,6.141
W01000531,8.556,7.139
W01000532,6.923,6.141
W01000533,9.173,8.433
W01000534,4.802,4.743
W01000535,8.837,7.715
W01000536,6.511,6.447
W01000537,6.806,7.205
W01000538,5.57,4.793
W01000539,8.92,5.981
W01000540,7.302,7.958
W01000541,7.821,6.95
W01000542,6.564,6.488
W01000543,6.832,5.022
W01000544,6.47,6.141
W01000545,7.579,5.752
W01000546,8.954,6.514
W01000547,6.78,5.619
W01000548,7.312,6.388
W01000549,3.953,3.61
W01000550,7.09,7.712
W01000551,6.794,6.594
W01000552,5.641,5.179
W01000553,7.468,6.596
W01000554,6.188,6.307
W01000555,4.944,4.671
W01000556,6.005,6.672
W01000557,5.875,4.433
W01000558,8.212,5.007
W01000559,7.374,5.079
W01000560,4.805,6.245
W01000561,5.334,4.795
W01000562,5.13,4.919
W01000563,8.119,5.422
W01000564,8.092,7.385
W01000565,5.446,6.983
W01000566,6.533,6.167
W01000567,7.495,7.129
W01000568,7.388,7.852
W01000569,4.898,5.53
W01000570,5.495,6.403
W01000571,8.628,6.996
W01000572,5.622,6.11
W01000573,5.929,4.736
W01000574,5.807,6.217
W01000575,7.787,7.102
W01000576,7.648,7.003
W01000577,6.008,5.297
W01000578,6.284,6.217
W01000579,5.272,5.558
W01000580,4.923,5.755
W01000581,5.806,5.563
W01000582,4.461,6.097
W01000583,4.083,4.351
W01000584,6.529,6.748
W01000585,5.185,6.874
W01000586,6.857,8.378
W01000587,6.49,9.426
W01000588,5.378,8.216
W01000589,7.812,7.874
W01000590,8.924,8.333
W01000591,5.139,6.646
W01000592,8.512,8.045
W01000593,7.166,8.499
W01000594,8.962,9.161
W01000595,7.644,6.168
W01000596,7.29,6.491
W01000597,5.426,6.144
W01000598,8.022,7.731
W01000599,7.07,6.981
W01000600,11.279,10.889
W01000601,10.881,11.861
W01000602,7.963,6.091
W01000603,6.695,7.377
W01000604,7.001,8.105
W01000605,7.797,7.949
W01000606,11.273,10.308
W01000607,10.583,8.15
W01000608,8.298,7.975
W01000609,7.184,7.149
W01000610,6.082,6.49
W01000611,5.048,5.031
W01000612,5.703,5.263
W01000613,6.492,4.718
W01000614,4.698,5.76
W01000615,8.339,7.061
W01000616,5.398,7.061
W01000617,5.044,5.724
W01000618,3.996,5.549
W01000619,7.67,6.964
W01000620,9.223,8.592
W01000621,8.237,8.592
W01000622,5.404,5.599
W01000623,5.474,4.507
W01000624,5.011,4.979
W01000625,11.75,9.929
W01000626,11.012,10.309
W01000627,8.414,6.586
W01000628,10.797,5.725
W01000629,8.55,7.9
W01000630,8.489,6.616
W01000631,13.514,12.07
W01000632,10.432,8.565
W01000633,13.527,11.639
W01000634,10.821,7.787
W01000635,5.519,6.24
W01000636,10.865,9.248
W01000637,9.811,7.648
W01000638,6.79,6.95
W01000639,6.319,6.049
W01000640,4.134,4.068
W01000641,7.566,8.531
W01000642,6.203,6.367
W01000643,6.039,6.344
W01000644,3.77,3.936
W01000645,6.187,4.975
W01000646,8.266,8.463
W01000647,6.522,5.423
W01000648,5.878,5.771
W01000649,4.681,5.959
W01000650,7.254,5.683
W01000651,7.997,7.81
W01000652,11.2,10.624
W01000653,9.283,7.24
W01000654,8.918,7.817
W01000655,10.321,9.812
W01000656,10.051,10.932
W01000657,12.616,9.294
W01000658,9.141,8.414
W01000659,11.933,10.565
W01000660,13.84,11.927
W01000662,9.142,7.906
W01000663,9.421,7.5
W01000664,7.535,5.609
W01000665,5.112,4.309
W01000666,8.783,6.059
W01000667,8.569,5.149
W01000670,12.044,11.154
W01000671,8.981,8.06
W01000672,8.103,7.191
W01000673,5.974,6.655
W01000674,5.558,5.338
W01000675,6.419,6.232
W01000676,7.18,4.831
W01000677,7.297,7.517
W01000678,8.445,7.625
W01000679,6.309,5.122
W01000680,6.266,6.125
W01000681,10.388,8.969
W01000682,4.996,4.298
W01000683,6.043,4.476
W01000684,6.429,6.229
W01000685,8.37,5.905
W01000686,6.894,5.892
W01000687,4.095,5.307
W01000688,7.854,8.624
W01000689,6.424,5.777
W01000690,8.091,7.632
W01000691,8.925,6.947
W01000692,7.602,6.416
W01000693,8.99,6.477
W01000694,6.298,5.404
W01000695,12.516,8.356
W01000696,8.61,6.193
W01000697,9.433,9.403
W01000698,9.759,7.383
W01000699,7.059,6.292
W01000700,7.278,5.581
W01000701,6.482,6.849
W01000702,7.718,9.291
W01000703,9.125,8.009
W01000704,8.11,7.043
W01000705,9.672,9.02
W01000706,7.944,6.974
W01000707,10.862,9.848
W01000708,13.512,10.35
W01000709,5.961,5.993
W01000710,7.045,4.505
W01000711,12.808,12.315
W01000712,8.623,7.278
W01000713,8.04,7.473
W01000714,10.744,9.675
W01000715,7.247,6.975
W01000716,6.208,5.71
W01000717,8.875,9.159
W01000718,11.798,9.188
W01000719,10.755,7.379
W01000720,8.15,6.034
W01000721,4.842,5.301
W01000722,7.285,7.196
W01000723,7.737,7.935
W01000724,11.297,6.847
W01000725,10.687,12.446
W01000726,5.898,6.032
W01000727,9.505,6.032
W01000728,6.467,6.128
W01000729,14.071,10.977
W01000730,11.207,9.833
W01000731,6.809,7.329
W01000732,9.137,10.292
W01000733,13.774,14.178
W01000734,9.281,10.714
W01000735,6.206,5.544
W01000736,5.364,3.375
W01000737,6.576,5.97
W01000738,12.783,12.145
W01000739,9.674,7.915
W01000740,11.58,11.275
W01000741,13.514,10.951
W01000742,17.204,14.251
W01000744,8.311,8.536
W01000745,7.791,6.926
W01000746,8.563,8.543
W01000747,5.35,7.377
W01000749,9.731,9.708
W01000750,11.34,11.065
W01000751,7.384,5.874
W01000752,9.486,9.249
W01000753,8.028,8.956
W01000754,7.165,7.737
W01000755,8.431,7.308
W01000756,11.772,12.628
W01000757,12.064,8.595
W01000758,6.729,6.772
W01000759,7.918,8.676
W01000760,7.545,8.106
W01000761,6.501,7.377
W01000762,12.422,9.399
W01000763,6.693,8.057
W01000764,7.095,7.275
W01000765,8.554,8.02
W01000766,7.445,5.749
W01000767,12.934,13.366
W01000768,6.523,5.651
W01000769,5.595,4.232
W01000770,5.52,4.519
W01000771,6.612,6.615
W01000772,5.18,4.271
W01000773,8.562,8.024
W01000774,9.035,9.041
W01000775,6.131,5.166
W01000776,6.476,5.02
W01000777,6.902,6.107
W01000778,4.868,5.396
W01000779,6.429,6.16
W01000781,4.527,5.105
W01000782,6.111,4.749
W01000784,7.289,6.559
W01000785,4.407,4.211
W01000786,7.636,7.149
W01000787,6.705,6.103
W01000788,8.654,7.816
W01000789,11.314,9.393
W01000790,10.414,6.093
W01000791,4.588,3.463
W01000792,3.83,4.151
W01000793,3.439,3.598
W01000794,5.974,5.513
W01000795,5.244,5.683
W01000796,3.342,4.08
W01000797,9.445,9.748
W01000798,9.675,8.894
W01000799,8.475,8.329
W01000800,6.533,4.746
W01000801,10.465,9.76
W01000802,8.747,7.886
W01000803,7.081,6.998
W01000804,6.676,4.43
W01000805,3.185,2.36
W01000806,8.383,7.445
W01000807,5.7,4.037
W01000808,9.01,6.345
W01000809,6.983,6.609
W01000810,12.573,12.879
W01000811,9.623,9.052
W01000812,9.693,10.326
W01000813,6.835,7.084
W01000814,10.479,11.9
W01000815,6.254,6.099
W01000816,4.726,4.835
W01000817,15.037,11.214
W01000818,10.872,9.242
W01000819,6.611,5.981
W01000820,8.817,7.968
W01000821,9.973,7.541
W01000822,9.831,8.081
W01000823,4.225,3.135
W01000824,6.297,6.0
W01000825,5.776,4.209
W01000826,5.128,5.578
W01000827,2.946,4.404
W01000828,7.259,5.828
W01000829,9.566,5.827
W01000830,10.1,9.33
W01000831,12.625,11.373
W01000832,13.653,11.909
W01000833,13.714,11.683
W01000834,11.003,8.593
W01000835,12.854,11.226
W01000836,8.223,8.143
W01000837,4.433,3.411
W01000838,11.495,10.68
W01000839,5.143,7.177
W01000840,4.711,4.557
W01000841,9.331,7.818
W01000842,10.112,6.921
W01000843,7.107,5.997
W01000844,12.329,8.622
W01000845,5.566,6.743
W01000846,7.514,5.621
W01000847,8.652,8.267
W01000848,9.858,9.37
W01000849,12.821,8.443
W01000850,10.354,9.265
W01000851,8.744,6.626
W01000852,9.133,6.868
W01000853,6.463,5.003
W01000854,6.911,3.859
W01000855,7.976,5.771
W01000856,13.201,11.897
W01000857,11.541,13.085
W01000858,4.481,2.862
W01000859,7.491,5.004
W01000860,4.097,3.849
W01000861,4.247,5.156
W01000862,11.069,9.414
W01000863,14.187,13.147
W01000864,11.024,9.321
W01000865,11.464,8.766
W01000866,13.069,11.98
W01000867,12.933,15.031
W01000868,5.119,4.533
W01000869,8.302,7.359
W01000870,4.407,3.698
W01000871,5.099,5.358
W01000872,3.757,4.435
W01000873,4.975,3.793
W01000874,3.885,3.128
W01000875,5.339,4.517
W01000876,2.195,3.321
W01000877,6.718,6.369
W01000878,8.177,5.094
W01000879,4.551,3.335
W01000880,5.51,5.742
W01000881,13.821,12.69
W01000882,11.047,8.367
W01000883,8.618,7.43
W01000884,8.601,7.572
W01000885,11.849,12.19
W01000886,14.334,10.117
W01000887,8.458,6.917
W01000888,8.466,6.395
W01000889,8.496,6.364
W01000890,5.374,5.928
W01000891,10.759,10.362
W01000892,7.746,6.653
W01000893,10.86,7.809
W01000894,9.927,8.265
W01000895,12.606,10.594
W01000896,12.1,11.68
W01000897,10.866,10.075
W01000898,9.66,7.734
W01000899,7.028,5.381
W01000900,13.634,12.231
W01000901,10.893,8.638
W01000902,8.679,5.361
W01000903,4.928,5.361
W01000904,3.401,3.593
W01000905,8.253,6.542
W01000906,8.691,7.296
W01000907,9.874,10.046
W01000908,7.838,7.843
W01000909,10.033,10.629
W01000910,7.755,7.299
W01000911,6.061,4.014
W01000912,11.066,8.902
W01000913,9.38,8.557
W01000914,11.632,10.374
W01000915,7.386,7.857
W01000916,8.043,5.792
W01000917,6.599,3.779
W01000918,9.319,9.504
W01000919,10.154,8.479
W01000920,10.828,13.296
W01000921,19.12,16.357
W01000922,10.71,9.033
W01000923,8.628,7.296
W01000924,14.234,13.296
W01000925,9.866,11.649
W01000926,8.822,7.046
W01000927,10.219,6.833
W01000928,10.979,11.654
W01000929,11.783,10.794
W01000930,16.887,13.374
W01000931,10.977,9.471
W01000932,10.834,8.704
W01000933,4.863,4.591
W01000934,14.727,11.342
W01000935,15.633,13.393
W01000936,9.091,9.949
W01000937,12.059,10.734
W01000938,9.169,7.781
W01000939,17.274,15.017
W01000940,12.072,9.184
W01000941,9.604,9.613
W01000942,11.129,11.323
W01000943,5.042,5.095
W01000944,12.982,10.845
W01000945,12.934,9.162
W01000946,8.229,8.179
W01000947,10.133,7.664
W01000948,9.978,8.458
W01000949,9.05,8.775
W01000950,7.161,7.755
W01000951,9.223,10.647
W01000952,8.454,5.741
W01000953,10.988,11.609
W01000954,11.025,8.178
W01000955,7.29,6.186
W01000956,9.915,6.83
W01000957,16.05,15.285
W01000958,16.021,13.458
W01000959,8.526,6.558
W01000960,12.369,9.04
W01000961,15.146,11.301
W01000962,14.711,11.841
W01000963,16.016,12.123
W01000964,16.046,14.807
W01000965,10.881,9.05
W01000966,11.313,8.635
W01000967,12.177,8.481
W01000968,9.541,6.968
W01000969,5.476,4.685
W01000970,14.851,8.22
W01000971,9.709,8.429
W01000973,14.527,12.491
W01000974,7.062,5.537
W01000975,14.425,10.223
W01000976,11.765,10.866
W01000977,11.96,11.283
W01000978,10.453,9.949
W01000979,4.348,6.219
W01000980,7.448,7.965
W01000981,9.781,11.005
W01000982,6.4,7.203
W01000983,4.224,4.328
W01000984,4.172,4.153
W01000985,3.574,3.047
W01000986,5.534,5.098
W01000987,9.547,7.307
W01000989,4.812,5.23
W01000990,10.665,10.179
W01000991,17.86,13.146
W01000992,15.15,12.33
W01000993,13.508,12.097
W01000994,10.944,9.466
W01000995,9.54,9.985
W01000996,10.196,9.804
W01000997,9.109,8.052
W01000998,6.325,3.317
W01000999,11.552,8.459
W01001000,7.883,5.988
W01001001,9.386,7.139
W01001002,9.31,8.245
W01001003,12.821,8.996
W01001004,13.168,7.486
W01001005,7.82,6.431
W01001006,5.343,4.922
W01001007,8.066,7.249
W01001008,5.682,4.082
W01001009,12.55,7.063
W01001010,6.809,8.598
W01001011,6.647,6.583
W01001012,5.118,4.313
W01001013,11.777,9.596
W01001014,13.11,10.585
W01001015,9.831,8.773
W01001016,13.269,7.838
W01001017,7.651,5.806
W01001018,12.833,9.119
W01001019,11.839,10.413
W01001020,12.047,10.557
W01001021,8.11,7.094
W01001022,10.266,10.593
W01001023,10.259,11.178
W01001024,12.5,11.528
W01001025,10.25,7.886
W01001026,11.128,10.6
W01001027,7.511,4.834
W01001028,6.253,5.954
W01001029,9.172,7.026
W01001030,6.689,6.384
W01001031,9.908,6.784
W01001032,8.366,5.568
W01001033,9.206,7.635
W01001034,12.4,10.03
W01001035,8.2,8.073
W01001036,4.798,5.908
W01001037,7.533,7.969
W01001038,9.095,6.207
W01001039,7.873,6.504
W01001040,6.64,6.186
W01001041,6.743,5.387
W01001042,8.819,8.544
W01001043,11.972,6.718
W01001044,11.485,11.631
W01001045,8.986,9.479
W01001046,12.0,9.581
W01001047,8.662,7.808
W01001048,6.138,5.936
W01001049,13.536,11.198
W01001050,9.877,9.539
W01001051,7.795,8.526
W01001052,10.635,10.016
W01001053,7.129,5.935
W01001054,7.876,5.63
W01001055,14.041,12.604
W01001056,9.113,8.326
W01001057,12.404,10.293
W01001058,8.126,6.847
W01001059,6.894,5.631
W01001060,4.318,4.354
W01001061,7.276,5.291
W01001062,5.865,5.09
W01001063,6.831,7.982
W01001064,14.948,14.123
W01001065,6.959,7.102
W01001066,7.111,6.782
W01001067,14.638,11.583
W01001068,5.093,6.318
W01001069,9.527,9.004
W01001070,9.624,10.355
W01001071,9.004,9.066
W01001072,3.7,3.565
W01001073,10.045,10.148
W01001075,5.681,4.0
W01001076,5.613,5.415
W01001077,7.402,8.393
W01001078,4.592,5.222
W01001079,7.43,6.887
W01001080,7.527,7.916
W01001081,9.407,9.201
W01001082,6.2,5.045
W01001083,3.414,3.061
W01001084,5.95,4.356
W01001085,2.058,3.807
W01001086,2.951,3.38
W01001087,5.25,3.419
W01001088,9.305,7.89
W01001089,5.177,3.321
W01001090,4.694,3.46
W01001091,5.776,5.237
W01001092,9.789,6.776
W01001093,11.123,13.742
W01001094,8.702,10.242
W01001095,10.471,11.61
W01001096,10.553,8.34
W01001097,9.47,8.523
W01001098,5.696,5.335
W01001099,8.576,10.377
W01001100,4.0,4.83
W01001101,5.6,6.323
W01001102,5.113,5.346
W01001103,4.1,4.847
W01001104,6.019,4.88
W01001105,3.708,3.402
W01001106,3.795,4.577
W01001107,6.658,6.756
W01001108,4.688,4.895
W01001109,7.739,6.929
W01001110,4.076,3.343
W01001111,8.232,8.699
W01001112,2.012,3.718
W01001113,3.757,3.466
W01001114,4.153,2.484
W01001115,4.839,5.677
W01001116,9.376,4.35
W01001117,7.98,6.937
W01001118,5.462,5.747
W01001119,3.177,4.075
W01001120,5.725,5.041
W01001121,8.35,6.878
W01001122,3.017,4.822
W01001123,6.92,6.993
W01001124,6.904,4.925
W01001125,5.914,4.905
W01001126,5.128,4.474
W01001127,6.172,3.425
W01001128,4.934,3.327
W01001129,6.575,5.254
W01001130,4.222,2.844
W01001131,8.614,7.516
W01001132,4.672,3.767
W01001133,4.978,6.216
W01001134,4.72,4.496
W01001135,4.284,3.981
W01001136,6.266,5.06
W01001137,10.381,9.0
W01001138,11.454,11.259
W01001139,8.011,6.931
W01001140,9.637,9.225
W01001141,12.863,10.08
W01001142,14.196,8.23
W01001143,7.812,6.855
W01001144,12.142,10.995
W01001145,9.292,9.507
W01001146,7.822,6.095
W01001147,12.438,10.184
W01001148,8.724,9.72
W01001149,8.683,9.446
W01001150,12.934,10.513
W01001151,8.874,6.674
W01001152,7.891,6.829
W01001153,10.807,9.64
W01001154,10.463,10.247
W01001155,13.755,10.007
W01001156,3.622,3.937
W01001157,7.287,7.786
W01001158,8.115,7.651
W01001159,3.675,3.494
W01001160,6.211,5.76
W01001161,6.655,5.019
W01001162,9.837,7.42
W01001164,7.93,6.203
W01001165,8.436,8.104
W01001166,12.339,7.749
W01001167,11.57,8.659
W01001168,11.325,8.646
W01001169,12.341,8.438
W01001170,8.292,6.745
W01001171,10.159,8.638
W01001172,8.445,8.184
W01001173,15.058,13.338
W01001174,14.296,12.031
W01001175,11.119,7.829
W01001176,9.932,8.828
W01001177,11.806,10.938
W01001178,10.708,9.509
W01001179,13.55,11.871
W01001180,11.825,14.174
W01001181,11.318,10.583
W01001182,6.22,9.199
W01001183,9.397,9.199
W01001184,8.304,6.908
W01001185,10.585,9.1
W01001186,8.329,7.106
W01001187,12.276,9.492
W01001188,13.68,12.231
W01001189,7.336,8.929
W01001190,5.334,3.478
W01001191,5.573,4.265
W01001192,10.932,9.161
W01001193,4.204,4.409
W01001194,3.51,3.839
W01001195,7.21,7.713
W01001196,4.444,4.033
W01001197,4.769,3.701
W01001198,5.013,5.238
W01001199,4.912,4.952
W01001200,10.803,10.369
W01001201,15.751,10.369
W01001202,16.18,10.627
W01001203,15.0,14.982
W01001204,7.267,5.882
W01001205,11.587,10.501
W01001206,11.741,10.959
W01001207,10.454,10.25
W01001208,11.842,8.613
W01001209,13.043,11.562
W01001210,12.077,9.753
W01001211,12.1,10.189
W01001212,10.879,10.434
W01001213,8.964,10.503
W01001214,8.083,5.341
W01001215,10.511,10.503
W01001216,10.684,9.043
W01001217,12.562,11.001
W01001218,10.642,9.287
W01001219,14.94,13.158
W01001220,9.128,8.227
W01001221,14.588,13.732
W01001222,14.348,12.484
W01001223,4.583,4.183
W01001224,2.02,1.92
W01001225,4.447,3.64
W01001226,7.155,7.542
W01001227,5.922,3.981
W01001228,8.389,6.446
W01001229,8.095,7.665
W01001230,8.172,9.592
W01001231,9.416,9.414
W01001232,12.052,9.502
W01001233,10.235,8.885
W01001234,7.418,7.21
W01001235,10.208,9.129
W01001236,6.992,5.652
W01001237,12.474,10.076
W01001238,10.64,10.25
W01001239,14.432,11.719
W01001240,8.329,5.789
W01001241,7.18,6.261
W01001242,5.748,5.453
W01001243,10.748,12.606
W01001244,8.651,6.377
W01001245,5.679,4.538
W01001246,9.269,6.84
W01001247,10.083,8.149
W01001248,9.348,7.984
W01001249,13.463,8.947
W01001250,9.328,7.091
W01001251,13.809,12.739
W01001252,6.5,5.815
W01001253,11.835,10.007
W01001255,12.766,7.62
W01001256,9.493,7.071
W01001257,7.498,6.117
W01001258,7.905,8.387
W01001259,11.059,8.546
W01001260,14.665,8.898
W01001261,11.208,11.048
W01001262,7.227,4.617
W01001263,3.857,5.351
W01001264,3.313,3.774
W01001265,11.01,9.884
W01001266,14.892,11.347
W01001267,13.633,12.584
W01001268,12.623,9.244
W01001269,10.099,7.713
W01001270,14.74,9.58
W01001271,13.148,11.841
W01001272,9.579,9.439
W01001273,10.312,8.257
W01001274,14.062,11.784
W01001275,10.902,8.137
W01001276,12.688,12.0
W01001277,5.533,5.655
W01001278,9.012,7.143
W01001279,14.636,12.047
W01001280,13.979,11.168
W01001281,10.243,6.446
W01001282,10.4,8.749
W01001283,7.984,6.927
W01001284,4.134,4.651
W01001285,13.99,9.831
W01001286,9.967,7.52
W01001287,9.684,10.501
W01001288,11.686,10.224
W01001289,12.356,10.751
W01001290,11.406,8.136
W01001291,7.154,6.878
W01001292,14.855,11.292
W01001293,13.636,10.476
W01001294,5.961,4.973
W01001295,13.596,11.465
W01001296,9.004,7.492
W01001297,9.788,8.59
W01001298,15.014,12.775
W01001299,15.037,11.983
W01001300,14.09,11.751
W01001301,14.233,12.232
W01001302,10.854,7.897
W01001303,13.917,10.026
W01001304,9.356,10.026
W01001305,7.276,6.286
W01001306,8.005,7.018
W01001307,15.421,12.351
W01001308,14.394,13.477
W01001309,15.035,11.145
W01001310,10.061,8.564
W01001311,11.074,7.509
W01001312,14.322,14.499
W01001313,11.218,9.282
W01001314,8.949,8.246
W01001315,13.4,11.713
W01001316,6.115,5.77
W01001317,13.133,7.966
W01001318,9.993,7.157
W01001319,8.202,6.344
W01001320,10.22,9.684
W01001321,10.051,8.267
W01001322,10.239,10.208
W01001324,10.33,8.738
W01001325,14.416,10.561
W01001326,14.51,11.367
W01001327,7.607,5.746
W01001328,9.153,8.505
W01001329,9.956,8.541
W01001330,9.912,9.356
W01001331,7.731,7.003
W01001332,10.125,9.913
W01001333,9.288,7.583
W01001334,12.575,10.85
W01001335,8.163,7.686
W01001336,13.431,9.796
W01001337,9.178,9.682
W01001338,9.518,9.862
W01001339,16.953,13.8
W01001340,6.136,5.606
W01001341,12.064,10.205
W01001342,5.822,6.65
W01001343,6.951,5.647
W01001344,10.773,7.678
W01001345,8.198,10.192
W01001346,8.86,7.007
W01001347,9.293,8.472
W01001348,10.32,9.391
W01001349,5.226,5.704
W01001350,9.111,7.032
W01001351,6.715,7.963
W01001352,11.057,12.872
W01001353,12.414,13.651
W01001354,6.987,6.55
W01001355,13.342,10.189
W01001356,6.195,5.635
W01001357,7.312,5.303
W01001358,12.987,10.764
W01001359,6.718,6.321
W01001360,9.727,8.372
W01001361,13.12,14.049
W01001362,12.755,10.376
W01001363,9.511,8.051
W01001364,13.731,10.568
W01001365,9.835,9.166
W01001366,6.206,8.344
W01001367,8.047,7.433
W01001368,9.144,10.486
W01001369,8.608,6.493
W01001370,10.973,9.349
W01001371,9.034,7.829
W01001372,7.257,8.129
W01001373,8.156,5.979
W01001374,10.876,9.136
W01001375,12.339,11.832
W01001376,13.856,13.212
W01001377,7.907,7.453
W01001378,11.809,11.667
W01001379,8.532,7.03
W01001380,6.832,6.275
W01001381,10.619,11.277
W01001382,8.953,7.583
W01001383,9.23,7.431
W01001384,10.868,8.67
W01001385,14.086,11.456
W01001386,13.483,13.237
W01001387,10.506,9.152
W01001388,7.601,7.021
W01001389,9.811,7.909
W01001390,4.286,4.983
W01001391,10.189,9.524
W01001392,7.858,6.053
W01001393,12.045,10.03
W01001394,2.469,2.857
W01001395,12.921,11.492
W01001396,12.245,12.192
W01001397,6.236,6.226
W01001398,3.949,5.337
W01001399,9.043,7.49
W01001400,11.004,11.831
W01001401,9.985,10.256
W01001402,10.83,9.762
W01001403,6.909,6.923
W01001404,6.586,5.122
W01001405,9.59,7.03
W01001406,12.994,9.617
W01001407,5.65,6.494
W01001408,7.921,8.587
W01001409,6.261,7.838
W01001410,8.136,7.68
W01001411,10.181,8.836
W01001412,8.21,7.544
W01001413,10.071,8.951
W01001414,10.125,12.02
W01001415,10.404,9.7
W01001416,11.97,9.964
W01001417,5.638,6.643
W01001418,11.18,12.509
W01001419,6.941,6.567
W01001420,5.824,6.276
W01001421,14.971,13.889
W01001422,10.56,10.641
W01001423,8.539,6.962
W01001424,9.486,7.528
W01001425,6.975,6.11
W01001426,4.055,3.427
W01001427,2.125,2.162
W01001428,15.189,15.154
W01001429,10.372,10.813
W01001430,8.534,6.975
W01001431,7.147,7.125
W01001432,7.466,5.846
W01001433,9.2,8.082
W01001434,3.803,4.661
W01001435,8.738,8.413
W01001436,11.96,9.614
W01001437,8.584,7.446
W01001438,11.93,10.081
W01001439,9.08,7.783
W01001440,8.551,8.637
W01001441,12.5,13.532
W01001442,7.351,4.483
W01001443,12.272,12.987
W01001444,8.846,8.181
W01001445,9.562,8.641
W01001446,13.276,8.936
W01001447,9.427,8.754
W01001448,9.855,9.286
W01001449,10.49,8.886
W01001450,10.382,7.812
W01001451,10.847,10.913
W01001452,5.591,5.59
W01001453,13.628,11.321
W01001454,10.826,10.65
W01001455,11.636,9.258
W01001456,10.901,8.524
W01001457,11.527,11.893
W01001458,7.315,4.43
W01001459,10.351,9.776
W01001460,8.032,7.835
W01001461,8.944,9.833
W01001462,10.738,7.76
W01001463,8.298,7.942
W01001464,13.536,10.23
W01001465,13.346,11.483
W01001466,12.804,11.52
W01001467,11.511,8.211
W01001468,10.885,9.66
W01001469,9.23,12.121
W01001470,9.447,7.616
W01001471,11.815,11.374
W01001472,9.233,7.787
W01001473,18.299,17.1
W01001474,10.717,10.674
W01001475,10.339,6.744
W01001476,14.437,8.621
W01001477,8.524,8.621
W01001478,8.022,7.399
W01001479,13.567,13.55
W01001480,14.849,12.96
W01001481,12.358,13.341
W01001482,11.129,9.383
W01001483,10.232,9.185
W01001484,7.701,7.112
W01001485,12.882,11.722
W01001486,7.819,6.762
W01001487,8.452,7.549
W01001488,11.307,9.373
W01001489,8.973,8.78
W01001490,6.399,6.21
W01001491,10.509,10.582
W01001492,5.867,5.943
W01001493,9.48,9.025
W01001494,7.621,5.635
W01001495,8.073,6.47
W01001496,10.014,10.573
W01001497,9.692,7.343
W01001498,9.779,9.486
W01001499,4.572,5.791
W01001500,6.878,5.305
W01001501,7.589,8.106
W01001502,5.794,5.246
W01001503,8.602,9.935
W01001504,9.34,6.586
W01001505,6.875,5.168
W01001506,14.704,13.891
W01001507,8.147,6.615
W01001508,11.419,8.319
W01001509,3.779,3.476
W01001510,7.096,7.702
W01001511,8.416,7.883
W01001512,6.485,6.187
W01001513,4.857,4.638
W01001514,6.61,8.704
W01001515,7.937,6.676
W01001516,9.763,9.268
W01001517,5.696,6.391
W01001518,6.323,4.859
W01001519,11.325,11.613
W01001520,5.997,5.006
W01001521,8.196,6.62
W01001522,10.17,10.714
W01001523,9.316,7.454
W01001524,8.606,10.388
W01001525,13.173,9.555
W01001526,8.949,8.125
W01001527,13.433,12.309
W01001528,9.302,5.906
W01001529,11.052,9.091
W01001530,11.551,8.817
W01001531,10.84,9.731
W01001532,10.194,9.537
W01001533,5.009,4.336
W01001534,7.884,8.689
W01001535,6.966,6.833
W01001536,9.194,10.927
W01001537,7.25,5.902
W01001538,10.927,12.114
W01001539,9.171,7.906
W01001540,7.311,6.777
W01001541,9.983,11.063
W01001542,6.086,4.661
W01001543,3.264,2.873
W01001545,8.093,6.894
W01001546,7.287,8.125
W01001548,4.95,4.412
W01001549,3.176,3.602
W01001551,7.125,7.234
W01001552,3.772,2.914
W01001553,5.645,5.971
W01001554,4.967,4.924
W01001555,4.373,4.237
W01001556,6.478,6.209
W01001557,7.933,7.214
W01001558,10.806,10.553
W01001559,5.9,5.721
W01001560,3.387,4.23
W01001561,8.986,7.183
W01001562,7.468,7.529
W01001563,7.108,6.655
W01001564,6.08,4.925
W01001565,6.126,3.252
W01001566,5.994,5.518
W01001567,8.366,5.518
W01001568,5.185,4.66
W01001569,6.842,6.781
W01001571,5.339,4.736
W01001572,4.611,5.897
W01001573,2.994,3.614
W01001574,4.64,3.459
W01001575,4.389,4.042
W01001576,6.342,6.058
W01001577,8.769,11.395
W01001578,5.251,5.115
W01001579,7.324,6.099
W01001580,8.599,7.539
W01001581,4.461,5.907
W01001582,4.468,4.804
W01001583,4.326,4.356
W01001584,5.553,5.685
W01001585,5.004,3.357
W01001586,3.178,4.068
W01001587,6.605,6.763
W01001588,6.951,5.459
W01001589,8.044,7.924
W01001590,3.589,3.115
W01001591,2.616,2.632
W01001592,5.779,8.42
W01001593,5.559,6.005
W01001594,6.202,5.861
W01001595,4.305,4.031
W01001596,7.733,8.119
W01001597,3.529,4.574
W01001598,8.168,6.762
W01001599,6.796,6.824
W01001600,5.24,3.14
W01001601,8.681,9.929
W01001602,6.675,5.792
W01001603,6.844,6.262
W01001604,4.093,4.95
W01001605,7.968,5.894
W01001606,5.247,6.383
W01001607,9.346,7.19
W01001608,6.671,6.04
W01001609,8.862,6.907
W01001610,8.301,7.582
W01001611,6.899,6.328
W01001612,7.441,7.728
W01001613,5.148,5.45
W01001614,14.104,10.181
W01001615,6.466,5.96
W01001616,8.008,6.007
W01001617,11.171,14.083
W01001618,11.042,9.277
W01001619,9.019,9.689
W01001620,11.063,7.287
W01001621,11.623,11.479
W01001622,9.812,10.697
W01001623,6.707,3.404
W01001624,4.627,4.726
W01001625,5.317,5.612
W01001626,6.456,5.773
W01001627,3.928,4.089
W01001628,9.167,10.714
W01001629,7.24,7.273
W01001630,14.159,11.406
W01001631,7.309,6.031
W01001632,8.424,7.112
W01001633,10.358,8.261
W01001634,7.652,7.698
W01001635,4.748,4.456
W01001636,2.319,2.69
W01001637,6.497,4.462
W01001638,4.37,3.871
W01001639,3.768,3.671
W01001640,4.712,4.788
W01001641,5.409,3.821
W01001642,7.51,8.9
W01001643,6.662,6.572
W01001644,4.215,4.282
W01001645,5.869,5.997
W01001646,7.123,9.301
W01001647,6.743,5.212
W01001648,6.148,6.117
W01001649,7.405,3.832
W01001650,7.253,7.706
W01001651,3.672,5.281
W01001652,11.844,12.659
W01001653,6.142,4.779
W01001654,5.463,5.363
W01001655,5.984,7.275
W01001657,3.003,3.851
W01001658,5.729,5.534
W01001659,11.592,12.265
W01001660,8.668,5.25
W01001661,6.579,7.992
W01001662,14.996,9.248
W01001663,12.267,12.221
W01001664,10.807,10.903
W01001665,12.824,11.847
W01001666,11.984,9.358
W01001667,10.765,10.933
W01001668,9.737,8.516
W01001669,2.444,2.472
W01001670,2.474,3.976
W01001671,9.397,7.34
W01001672,7.098,3.502
W01001673,4.969,5.704
W01001674,8.261,6.565
W01001675,6.452,8.418
W01001676,6.776,5.93
W01001677,5.818,3.963
W01001678,7.209,6.619
W01001679,6.407,4.242
W01001680,6.014,5.043
W01001681,9.962,8.793
W01001682,8.263,9.957
W01001683,6.159,5.566
W01001684,5.962,4.958
W01001685,6.78,7.525
W01001686,8.693,4.422
W01001687,8.444,6.607
W01001688,5.174,4.243
W01001689,14.777,10.901
W01001690,6.588,5.51
W01001691,9.195,7.487
W01001692,6.237,6.388
W01001693,7.187,6.403
W01001694,8.159,7.107
W01001695,5.365,4.985
W01001696,11.333,9.877
W01001697,8.748,6.909
W01001698,7.825,7.293
W01001699,9.372,6.725
W01001702,7.568,8.324
W01001703,10.585,12.042
W01001704,12.436,11.497
W01001705,8.953,8.731
W01001706,6.994,7.676
W01001707,10.59,10.363
W01001708,13.636,15.511
W01001709,5.796,3.421
W01001710,5.26,4.775
W01001711,11.765,8.151
W01001712,5.71,5.761
W01001713,6.323,5.038
W01001714,4.074,4.656
W01001715,4.583,5.09
W01001716,4.788,4.147
W01001717,6.646,4.941
W01001718,2.738,2.951
W01001719,3.052,2.135
W01001720,2.696,1.966
W01001721,3.716,2.523
W01001722,2.546,1.876
W01001724,1.159,1.452
W01001725,1.852,1.125
W01001726,3.673,4.292
W01001727,5.088,4.448
W01001728,2.3,2.541
W01001729,4.358,3.899
W01001730,3.291,4.226
W01001731,4.495,2.159
W01001732,3.646,3.395
W01001733,3.659,4.597
W01001734,3.932,3.433
W01001735,4.433,3.475
W01001736,4.946,4.292
W01001737,12.24,10.955
W01001738,8.726,10.65
W01001739,10.14,8.621
W01001740,12.163,10.756
W01001741,10.439,9.118
W01001742,10.231,10.424
W01001743,6.812,6.58
W01001744,12.186,9.845
W01001745,5.092,4.818
W01001746,11.608,8.808
W01001747,6.158,5.509
W01001748,10.389,8.291
W01001749,9.073,7.782
W01001750,12.909,13.537
W01001751,9.994,8.266
W01001752,6.338,5.675
W01001753,9.074,10.982
W01001754,8.124,7.098
W01001755,2.933,2.477
W01001756,3.781,3.235
W01001757,3.684,3.024
W01001758,2.772,2.228
W01001759,5.919,6.654
W01001760,8.742,8.007
W01001761,8.156,8.999
W01001762,10.258,9.293
W01001764,6.974,5.161
W01001765,8.533,6.314
W01001766,7.517,6.627
W01001767,6.996,6.025
W01001768,6.623,6.119
W01001769,3.808,3.388
W01001770,6.594,6.34
W01001771,3.587,3.189
W01001772,5.803,5.218
W01001773,3.843,4.591
W01001774,3.645,3.355
W01001775,5.59,3.858
W01001776,4.157,2.605
W01001777,2.874,2.79
W01001778,2.456,3.15
W01001779,4.567,3.647
W01001780,2.914,4.257
W01001781,5.012,5.699
W01001782,3.549,3.836
W01001783,3.864,3.471
W01001784,4.996,5.891
W01001785,11.158,12.262
W01001786,7.203,5.63
W01001787,9.172,8.443
W01001788,10.832,9.869
W01001789,6.221,3.844
W01001790,9.436,8.368
W01001791,5.846,5.644
W01001792,10.523,9.491
W01001793,2.383,2.434
W01001794,2.958,2.908
W01001795,2.586,3.23
W01001796,4.829,6.404
W01001797,6.185,4.726
W01001798,5.334,3.846
W01001799,6.255,6.886
W01001800,9.904,9.937
W01001802,9.95,10.748
W01001803,14.05,11.204
W01001804,9.451,9.659
W01001805,9.06,6.266
W01001806,7.734,6.283
W01001807,10.849,8.349
W01001808,8.752,9.477
W01001809,6.799,7.888
W01001810,8.224,8.618
W01001811,8.782,10.044
W01001812,7.972,7.193
W01001813,9.875,8.465
W01001814,6.193,6.246
W01001815,4.804,3.821
W01001816,6.438,7.271
W01001817,6.828,6.541
W01001818,4.908,5.443
W01001819,4.46,4.467
W01001820,4.264,4.854
W01001821,5.008,6.359
W01001822,5.95,5.469
W01001823,3.223,1.953
W01001824,5.811,4.716
W01001825,5.803,5.805
W01001826,4.878,3.65
W01001827,4.472,3.895
W01001828,5.798,4.101
W01001829,4.483,4.326
W01001830,6.166,6.954
W01001831,3.578,3.61
W01001832,2.518,2.482
W01001833,5.535,4.548
W01001834,6.161,5.875
W01001835,12.392,10.596
W01001836,2.627,3.087
W01001837,5.774,5.041
W01001838,4.938,3.738
W01001839,4.102,3.776
W01001840,5.822,8.108
W01001841,3.605,5.17
W01001842,2.517,2.35
W01001843,2.584,2.032
W01001844,3.698,3.128
W01001846,3.243,3.218
W01001847,3.127,3.627
W01001848,5.114,2.651
W01001849,4.3,3.03
W01001850,4.713,2.943
W01001851,5.668,5.962
W01001852,4.458,2.787
W01001853,6.338,4.605
W01001854,7.252,5.72
W01001855,8.505,6.674
W01001856,9.503,7.554
W01001857,12.823,9.662
W01001858,4.368,5.141
W01001859,4.011,3.714
W01001860,4.569,3.199
W01001861,5.442,3.314
W01001862,6.52,5.218
W01001863,7.992,6.312
W01001864,6.844,6.351
W01001865,7.116,5.491
W01001866,15.033,9.333
W01001867,10.847,10.311
W01001868,8.812,8.492
W01001869,11.326,12.581
W01001870,6.681,5.231
W01001871,12.798,10.146
W01001872,9.049,7.451
W01001873,8.476,10.541
W01001874,11.407,11.097
W01001875,6.197,7.42
W01001876,12.346,9.644
W01001877,5.673,5.076
W01001878,9.784,7.111
W01001879,11.029,9.344
W01001880,7.915,8.44
W01001881,12.726,13.256
W01001882,4.386,5.359
W01001883,10.75,13.571
W01001884,9.025,8.708
W01001885,6.247,7.698
W01001886,10.259,10.682
W01001887,3.56,4.012
W01001888,4.33,4.23
W01001889,7.956,7.819
W01001890,5.839,5.149
W01001891,7.113,7.239
W01001892,5.15,4.123
W01001893,5.559,6.233
W01001894,4.091,4.599
W01001895,13.525,7.829
W01001896,4.175,4.011
W01001897,4.94,5.184
W01001898,10.145,9.911
W01001899,12.031,7.786
W01001900,11.436,12.11
W01001901,5.699,4.516
W01001902,6.586,6.906
W01001903,6.302,6.923
W01001904,5.527,3.762
W01001905,5.318,3.816
W01001906,4.175,4.862
W01001907,4.17,3.838
W01001908,8.22,5.948
W01001909,8.676,7.953
W01001910,7.065,8.696
W01001911,7.95,6.894
W01001912,5.676,5.898
W01001913,2.431,4.239
W01001914,3.422,4.802
W01001915,3.382,3.519
W01001916,2.551,1.936
W01001917,10.02,8.351
W01001918,2.26,2.932
W01001919,2.349,3.524
W01001920,2.819,3.223
W01001921,3.995,4.973
W01001922,1.619,1.788
W01001923,9.888,7.483
W01001924,11.853,12.555
W01001925,7.458,6.35
W01001926,4.235,4.556
W01001927,11.645,9.273
W01001928,18.053,15.129
W01001929,7.368,7.323
W01001930,4.865,5.814
W01001931,8.26,7.958
W01001932,4.231,3.117
W01001933,5.395,5.526
W01001934,2.99,3.67
W01001935,3.562,3.671
W01001936,2.582,4.611
W01001937,5.582,6.394
W01001938,6.245,8.986
W01001939,2.059,1.369
W01001940,2.25,4.099
W01001941,1.911,1.369
W01001942,10.48,8.641
W01001943,1.913,3.01
W01001944,2.142,2.288
W01001945,1.612,2.154
W01001946,8.887,7.293
W01001947,1.33,2.079
W01001948,1.545,1.921
W01001949,5.308,8.243
W01001950,3.512,4.096
W01001951,4.528,2.5
W01001952,6.139,4.302
W01001953,8.139,6.085
W01001954,3.904,3.696
W01001955,18.907,16.511
W01001956,4.005,4.286
W01001957,9.942,8.986
W01001958,8.268,8.416
