LSOA11CD,LSOA21CD,CHGIND
E01031349,E01031349,U
E01031350,E01031350,U
E01031351,E01031351,U
E01031352,E01031352,U
E01031370,E01031370,U
E01031374,E01031374,U
E01031338,E01031338,U
E01031339,E01031339,U
E01031340,E01031340,U
E01031365,E01031365,U
E01031367,E01031367,U
E01031345,E01031345,U
E01031353,E01031353,U
E01031354,E01031354,U
E01031355,E01031355,U
E01031359,E01031359,U
E01031347,E01031347,U
E01031348,E01031348,U
E01031366,E01031366,U
E01031371,E01031371,U
E01031372,E01031372,U
E01031373,E01031373,U
E01031375,E01031375,U
E01031356,E01031356,U
E01031357,E01031357,U
E01031364,E01031364,U
E01031368,E01031368,U
E01031369,E01031369,U
E01031344,E01031344,U
E01031346,E01031346,U
E01031361,E01031361,U
E01031362,E01031362,U
E01031363,E01031363,U
E01031358,E01031358,U
E01031360,E01031360,U
E01031376,E01031376,U
E01031378,E01031378,U
E01031341,E01031341,U
E01031342,E01031342,U
E01031343,E01031343,U
E01031377,E01031377,U
E01031379,E01031379,U
E01019126,E01019126,U
E01019127,E01019127,U
E01019132,E01019132,U
E01019134,E01019134,U
E01019135,E01019135,U
E01019136,E01019136,U
E01019137,E01019137,U
E01019083,E01019083,U
E01019105,E01034068,M
E01019106,E01019106,U
E01019400,E01019400,U
E01019401,E01019401,U
E01019402,E01019402,U
E01019404,E01019404,U
E01019406,E01019406,U
E01019423,E01019423,U
E01019424,E01019424,U
E01019477,E01019477,U
E01019403,E01019403,U
E01019444,E01019444,U
E01019468,E01019468,U
E01019469,E01019469,U
E01019471,E01019471,U
E01019443,E01019443,U
E01019470,E01019470,U
E01019473,E01019473,U
E01019474,E01019474,U
E01019475,E01019475,U
E01019476,E01019476,U
E01019420,E01019420,U
E01019442,E01019442,U
E01019445,E01019445,U
E01019455,E01019455,U
E01019456,E01019456,U
E01019457,E01019457,U
E01019429,E01019429,U
E01019454,E01019454,U
E01019460,E01019460,U
E01019461,E01019461,U
E01019462,E01019462,U
E01019405,E01019405,U
E01019414,E01019414,U
E01019428,E01019428,U
E01019430,E01019430,U
E01019421,E01019421,U
E01019422,E01019422,U
E01019432,E01019432,U
E01019458,E01019458,U
E01019459,E01019459,U
E01019463,E01019463,U
E01019408,E01019408,U
E01019409,E01019409,U
E01019412,E01019412,U
E01019413,E01019413,U
E01019416,E01019416,U
E01019407,E01019407,U
E01019415,E01019415,U
E01019417,E01019417,U
E01019107,E01019107,U
E01019130,E01019130,U
E01019131,E01019131,U
E01019081,E01019081,U
E01019082,E01019082,U
E01019102,E01019102,U
E01019128,E01019128,U
E01019133,E01019133,U
E01019093,E01019093,U
E01019094,E01019094,U
E01019096,E01019096,U
E01019114,E01019114,U
E01019115,E01019115,U
E01019095,E01019095,U
E01019097,E01019097,U
E01019098,E01019098,U
E01019099,E01019099,U
E01019084,E01019084,U
E01019085,E01019085,U
E01019086,E01019086,U
E01019088,E01019088,U
E01019091,E01019091,U
E01019078,E01019078,U
E01019079,E01019079,U
E01019080,E01019080,U
E01019087,E01019087,U
E01019090,E01019090,U
E01019116,E01019116,U
E01019118,E01019118,U
E01019122,E01019122,U
E01019123,E01019123,U
E01019124,E01019124,U
E01019125,E01019125,U
E01019111,E01019111,U
E01019112,E01019112,U
E01019113,E01019113,U
E01019120,E01019120,U
E01019121,E01019121,U
E01019108,E01019108,U
E01019109,E01019109,U
E01019110,E01019110,U
E01019117,E01019117,U
E01019119,E01019119,U
E01019089,E01019089,U
E01019100,E01019100,U
E01019101,E01019101,U
E01019129,E01019129,U
E01019092,E01019092,U
E01019103,E01034068,M
E01019104,E01019104,U
E01027943,E01027943,U
E01027944,E01027944,U
E01027926,E01027926,U
E01027930,E01027930,U
E01027939,E01027939,U
E01027941,E01027941,U
E01027942,E01027942,U
E01023987,E01023987,U
E01023988,E01023988,U
E01024040,E01024040,U
E01024041,E01024041,U
E01032810,E01032810,U
E01032812,E01032812,U
E01023985,E01023985,U
E01023986,E01023986,U
E01023989,E01023989,U
E01023990,E01023990,U
E01024033,E01024033,U
E01024035,E01024035,U
E01023983,E01023983,U
E01023999,E01023999,U
E01032811,E01032811,U
E01032822,E01032822,U
E01023980,E01023980,U
E01023981,E01023981,U
E01023984,E01023984,U
E01023992,E01023992,U
E01023993,E01023993,U
E01024021,E01024021,U
E01024022,E01024022,U
E01032820,E01032820,U
E01032821,E01032821,U
E01023973,E01023973,U
E01024002,E01024002,U
E01024023,E01024023,U
E01024027,E01034985,S
E01024027,E01034986,S
E01024029,E01024029,U
E01023972,E01023972,U
E01023995,E01023995,U
E01023996,E01023996,U
E01024003,E01024003,U
E01024004,E01024004,U
E01024005,E01024005,U
E01023974,E01023974,U
E01023975,E01023975,U
E01023977,E01023977,U
E01024016,E01024016,U
E01024017,E01024017,U
E01024028,E01024028,U
E01027974,E01027974,U
E01027976,E01027976,U
E01027969,E01027969,U
E01027975,E01027975,U
E01027988,E01027988,U
E01027989,E01027989,U
E01027991,E01027991,U
E01027992,E01027992,U
E01027949,E01027949,U
E01027951,E01027951,U
E01027953,E01027953,U
E01027954,E01027954,U
E01027973,E01027973,U
E01027952,E01027952,U
E01027955,E01027955,U
E01027956,E01027956,U
E01027958,E01027958,U
E01027947,E01027947,U
E01027948,E01027948,U
E01027950,E01027950,U
E01027957,E01027957,U
E01027959,E01027959,U
E01027995,E01027995,U
E01027996,E01027996,U
E01027997,E01027997,U
E01027998,E01027998,U
E01027960,E01027960,U
E01027961,E01027961,U
E01027962,E01027962,U
E01027963,E01027963,U
E01027945,E01027945,U
E01027946,E01027946,U
E01027993,E01027993,U
E01027994,E01027994,U
E01027929,E01033782,S
E01027929,E01033783,S
E01027931,E01033781,S
E01027931,E01033778,S
E01027931,E01033779,S
E01031441,E01031441,U
E01027934,E01027934,U
E01027935,E01027935,U
E01027936,E01027936,U
E01027927,E01027927,U
E01027928,E01027928,U
E01027932,E01027932,U
E01027933,E01027933,U
E01027937,E01027937,U
E01027925,E01027925,U
E01027938,E01027938,U
E01027940,E01027940,U
E01031442,E01031442,U
E01031416,E01031416,U
E01031418,E01031418,U
E01031419,E01031419,U
E01031420,E01031420,U
E01031421,E01034824,S
E01031421,E01034825,S
E01031443,E01031443,U
E01031444,E01031444,U
E01031450,E01031450,U
E01031451,E01031451,U
E01031452,E01031452,U
E01031431,E01031431,U
E01031432,E01031432,U
E01031435,E01031435,U
E01031436,E01031436,U
E01031437,E01031437,U
E01031453,E01031453,U
E01031380,E01031380,U
E01031381,E01031381,U
E01031382,E01031382,U
E01031383,E01031383,U
E01031384,E01031384,U
E01031385,E01031385,U
E01031445,E01031445,U
E01031446,E01031446,U
E01031447,E01031447,U
E01031448,E01031448,U
E01031449,E01031449,U
E01027979,E01027979,U
E01027980,E01027980,U
E01027981,E01027981,U
E01027983,E01027983,U
E01027970,E01027970,U
E01027971,E01027971,U
E01027982,E01027982,U
E01027984,E01027984,U
E01027966,E01027966,U
E01027986,E01027986,U
E01027987,E01027987,U
E01027990,E01027990,U
E01027967,E01027967,U
E01027972,E01027972,U
E01027977,E01027977,U
E01027978,E01027978,U
E01027985,E01027985,U
E01027964,E01027964,U
E01027965,E01027965,U
E01027968,E01027968,U
E01031468,E01034816,S
E01031468,E01034818,S
E01031388,E01034820,S
E01031388,E01034821,S
E01031389,E01031389,U
E01031414,E01031414,U
E01031415,E01031415,U
E01031459,E01031459,U
E01031470,E01031470,U
E01031471,E01031471,U
E01031472,E01031472,U
E01031473,E01031473,U
E01031407,E01031407,U
E01031408,E01031408,U
E01031410,E01031410,U
E01031462,E01031462,U
E01031463,E01031463,U
E01031464,E01031464,U
E01031412,E01031412,U
E01031422,E01031422,U
E01031423,E01031423,U
E01031424,E01031424,U
E01031398,E01031398,U
E01031399,E01031399,U
E01031409,E01031409,U
E01031455,E01031455,U
E01031461,E01031461,U
E01031469,E01031469,U
E01031411,E01031411,U
E01031413,E01031413,U
E01031457,E01031457,U
E01031458,E01031458,U
E01031460,E01031460,U
E01031400,E01031400,U
E01031428,E01031428,U
E01031454,E01031454,U
E01031456,E01031456,U
E01031401,E01034822,S
E01031401,E01034823,S
E01031402,E01031402,U
E01031403,E01031403,U
E01031405,E01031405,U
E01031406,E01031406,U
E01031417,E01031417,U
E01031438,E01031438,U
E01031439,E01031439,U
E01031440,E01031440,U
E01031404,E01031404,U
E01031433,E01031433,U
E01031434,E01031434,U
E01019419,E01019419,U
E01019410,E01019410,U
E01019411,E01019411,U
E01019418,E01019418,U
E01019447,E01019447,U
E01019449,E01019449,U
E01019431,E01019431,U
E01019433,E01019433,U
E01019438,E01019438,U
E01019451,E01019451,U
E01019464,E01019464,U
E01019434,E01019434,U
E01019435,E01019435,U
E01019436,E01019436,U
E01019439,E01019439,U
E01019440,E01019440,U
E01019446,E01019446,U
E01019448,E01019448,U
E01019450,E01019450,U
E01019465,E01019465,U
E01019467,E01019467,U
E01019425,E01019425,U
E01019426,E01019426,U
E01019427,E01019427,U
E01019472,E01034254,S
E01019472,E01034255,S
E01019437,E01019437,U
E01019441,E01019441,U
E01019452,E01019452,U
E01019453,E01019453,U
E01032613,E01032613,U
E01031390,E01031390,U
E01031391,E01031391,U
E01031392,E01031392,U
E01031465,E01031465,U
E01031386,E01031386,U
E01031387,E01031387,U
E01031425,E01031425,U
E01031426,E01031426,U
E01031393,E01031393,U
E01031394,E01031394,U
E01031395,E01031395,U
E01031396,E01031396,U
E01031397,E01031397,U
E01031466,E01031466,U
E01031427,E01031427,U
E01031429,E01031429,U
E01031430,E01031430,U
E01031467,E01034819,S
E01031467,E01034817,S
E01023976,E01023976,U
E01024019,E01024019,U
E01024020,E01024020,U
E01032816,E01032816,U
E01032823,E01032823,U
E01024001,E01024001,U
E01024006,E01024006,U
E01024008,E01024008,U
E01032815,E01032815,U
E01032817,E01032817,U
E01032818,E01032818,U
E01032819,E01032819,U
E01032824,E01032824,U
E01024013,E01024013,U
E01024014,E01024014,U
E01024015,E01024015,U
E01029887,E01029887,U
E01024034,E01034988,S
E01024034,E01034989,S
E01024034,E01034987,S
E01023978,E01023978,U
E01023979,E01023979,U
E01029888,E01029888,U
E01024032,E01024032,U
E01029889,E01029889,U
E01017706,E01017706,U
E01024036,E01024036,U
E01029890,E01029890,U
E01017707,E01017707,U
E01024031,E01024031,U
E01029891,E01029891,U
E01017708,E01017708,U
E01024038,E01024038,U
E01029875,E01029875,U
E01017665,E01017665,U
E01024039,E01024039,U
E01029899,E01029899,U
E01017666,E01017666,U
E01032813,E01032813,U
E01029902,E01029902,U
E01017667,E01017667,U
E01032814,E01032814,U
E01024009,E01024009,U
E01024010,E01024010,U
E01024011,E01024011,U
E01024012,E01024012,U
E01024024,E01024024,U
E01024025,E01024025,U
E01023997,E01023997,U
E01023998,E01023998,U
E01024026,E01024026,U
E01024037,E01024037,U
E01017648,E01017648,U
E01017649,E01017649,U
E01017650,E01033953,S
E01017650,E01033954,S
E01032960,E01033951,S
E01032960,E01033952,S
E01017644,E01017644,U
E01017645,E01017645,U
E01017646,E01017646,U
E01017647,E01017647,U
E01017671,E01017671,U
E01017672,E01017672,U
E01029906,E01029906,U
E01029870,E01029870,U
E01029872,E01029872,U
E01029882,E01029882,U
E01029883,E01029883,U
E01029903,E01029903,U
E01029904,E01029904,U
E01029905,E01029905,U
E01029871,E01029871,U
E01029873,E01029873,U
E01029874,E01029874,U
E01029897,E01029897,U
E01000027,E01000027,U
E01000028,E01000028,U
E01000029,E01000029,U
E01000030,E01000030,U
E01000031,E01000031,U
E01000032,E01000032,U
E01000110,E01000110,U
E01000111,E01000111,U
E01000112,E01000112,U
E01000113,E01000113,U
E01000034,E01000034,U
E01000037,E01000037,U
E01000038,E01000038,U
E01000039,E01000039,U
E01000063,E01000063,U
E01000100,E01000100,U
E01000101,E01000101,U
E01000109,E01034469,S
E01000109,E01034470,S
E01000114,E01000114,U
E01000033,E01000033,U
E01000060,E01000060,U
E01000061,E01000061,U
E01000062,E01000062,U
E01000064,E01000064,U
E01000065,E01000065,U
E01000078,E01000078,U
E01000080,E01000080,U
E01000081,E01000081,U
E01000082,E01000082,U
E01017668,E01017668,U
E01017697,E01017697,U
E01017698,E01017698,U
E01017699,E01017699,U
E01017700,E01017700,U
E01017634,E01017634,U
E01017662,E01017662,U
E01017663,E01017663,U
E01032955,E01032955,U
E01032961,E01032961,U
E01017653,E01017653,U
E01017654,E01017654,U
E01017655,E01017655,U
E01032956,E01032956,U
E01032957,E01032957,U
E01032962,E01032962,U
E01017635,E01017635,U
E01017636,E01017636,U
E01017637,E01017637,U
E01017638,E01017638,U
E01017639,E01017639,U
E01017640,E01017640,U
E01017709,E01017709,U
E01017710,E01017710,U
E01017711,E01017711,U
E01017712,E01017712,U
E01017687,E01017687,U
E01017688,E01017688,U
E01017689,E01017689,U
E01017690,E01017690,U
E01017691,E01017691,U
E01017692,E01017692,U
E01017721,E01017721,U
E01017722,E01017722,U
E01017723,E01017723,U
E01017724,E01017724,U
E01017627,E01017627,U
E01017628,E01017628,U
E01017629,E01017629,U
E01017630,E01017630,U
E01017631,E01017631,U
E01017632,E01033965,S
E01017632,E01033966,S
E01017675,E01017675,U
E01017695,E01017695,U
E01017696,E01017696,U
E01017693,E01017693,U
E01017694,E01017694,U
E01017713,E01017713,U
E01017714,E01017714,U
E01017717,E01017717,U
E01017718,E01017718,U
E01017735,E01017735,U
E01017736,E01017736,U
E01017737,E01017737,U
E01017738,E01017738,U
E01017669,E01017669,U
E01017670,E01017670,U
E01017715,E01017715,U
E01017716,E01017716,U
E01017641,E01033955,S
E01017641,E01033956,S
E01017641,E01033957,S
E01017731,E01017731,U
E01017732,E01017732,U
E01017733,E01017733,U
E01017734,E01017734,U
E01017703,E01017703,U
E01017704,E01017704,U
E01017719,E01017719,U
E01017720,E01017720,U
E01032958,E01032958,U
E01032959,E01033958,S
E01032959,E01033959,S
E01017651,E01017651,U
E01017652,E01017652,U
E01017657,E01017657,U
E01017658,E01017658,U
E01017701,E01017701,U
E01017702,E01017702,U
E01017642,E01017642,U
E01017643,E01017643,U
E01017673,E01017673,U
E01017674,E01017674,U
E01017659,E01017659,U
E01017660,E01017660,U
E01017661,E01017661,U
E01017664,E01017664,U
E01017705,E01033960,S
E01017705,E01033961,S
E01017705,E01033962,S
E01017705,E01033963,S
E01017705,E01033964,S
E01017705,E01033967,S
E01000083,E01000083,U
E01000102,E01000102,U
E01000021,E01000021,U
E01000022,E01000022,U
E01000023,E01034472,S
E01000023,E01034471,S
E01000024,E01000024,U
E01000025,E01000025,U
E01000077,E01000077,U
E01000015,E01000015,U
E01000016,E01000016,U
E01000017,E01000017,U
E01000018,E01000018,U
E01000079,E01000079,U
E01017676,E01017676,U
E01000035,E01000035,U
E01000036,E01000036,U
E01000107,E01000107,U
E01000108,E01000108,U
E01000066,E01000066,U
E01017677,E01017677,U
E01000067,E01000067,U
E01017678,E01017678,U
E01000069,E01000069,U
E01017679,E01017679,U
E01000070,E01000070,U
E01017680,E01017680,U
E01000071,E01000071,U
E01017681,E01017681,U
E01000057,E01000057,U
E01017682,E01017682,U
E01017683,E01017683,U
E01017684,E01017684,U
E01017726,E01017726,U
E01017727,E01017727,U
E01017728,E01033968,S
E01017728,E01033969,S
E01017729,E01017729,U
E01017730,E01017730,U
E01029876,E01029876,U
E01029898,E01029898,U
E01029907,E01029907,U
E01029881,E01029881,U
E01029884,E01029884,U
E01029885,E01029885,U
E01029900,E01029900,U
E01029901,E01029901,U
E01029917,E01029917,U
E01029892,E01029892,U
E01029893,E01034559,S
E01029893,E01034560,S
E01029894,E01029894,U
E01029895,E01029895,U
E01029896,E01029896,U
E01029911,E01029911,U
E01029877,E01029877,U
E01029878,E01029878,U
E01029879,E01029879,U
E01029908,E01029908,U
E01029909,E01029909,U
E01029910,E01029910,U
E01029880,E01029880,U
E01029921,E01029921,U
E01029922,E01029922,U
E01029923,E01029923,U
E01029912,E01029912,U
E01029913,E01029913,U
E01029914,E01029914,U
E01029915,E01029915,U
E01029916,E01029916,U
E01029918,E01029918,U
E01029919,E01029919,U
E01029920,E01029920,U
E01029886,E01029886,U
E01000073,E01000073,U
E01000074,E01000074,U
E01000075,E01000075,U
E01000076,E01000076,U
E01000013,E01000013,U
E01000014,E01000014,U
E01000059,E01000059,U
E01000084,E01000084,U
E01000085,E01000085,U
E01000086,E01000086,U
E01000103,E01000103,U
E01000104,E01000104,U
E01000105,E01000105,U
E01000106,E01000106,U
E01000007,E01000007,U
E01000008,E01000008,U
E01000010,E01034473,S
E01000010,E01034474,S
E01000012,E01000012,U
E01000006,E01000006,U
E01000009,E01000009,U
E01000011,E01000011,U
E01000044,E01000044,U
E01000068,E01000068,U
E01000041,E01000041,U
E01000042,E01000042,U
E01000172,E01000172,U
E01000285,E01000285,U
E01000287,E01000287,U
E01000288,E01000288,U
E01000289,E01000289,U
E01000291,E01000291,U
E01000294,E01000294,U
E01000267,E01000267,U
E01000268,E01000268,U
E01000269,E01000269,U
E01000270,E01000270,U
E01000170,E01000170,U
E01000171,E01000171,U
E01000173,E01000173,U
E01000174,E01000174,U
E01000175,E01000175,U
E01000228,E01000228,U
E01000253,E01000253,U
E01000279,E01000279,U
E01000280,E01000280,U
E01000286,E01000286,U
E01000290,E01000290,U
E01000271,E01000271,U
E01000272,E01000272,U
E01000273,E01000273,U
E01000281,E01000281,U
E01000282,E01000282,U
E01000115,E01000115,U
E01000116,E01000116,U
E01000119,E01000119,U
E01000120,E01000120,U
E01000122,E01000122,U
E01000117,E01000117,U
E01000118,E01000118,U
E01000121,E01000121,U
E01000123,E01000123,U
E01000124,E01000124,U
E01000265,E01000265,U
E01000266,E01000266,U
E01000274,E01000274,U
E01000320,E01000320,U
E01000322,E01000322,U
E01000275,E01000275,U
E01000277,E01000277,U
E01000283,E01000283,U
E01000284,E01000284,U
E01000321,E01000321,U
E01000195,E01000195,U
E01000229,E01000229,U
E01000230,E01000230,U
E01000045,E01000045,U
E01000046,E01000046,U
E01000072,E01000072,U
E01000054,E01000054,U
E01000055,E01000055,U
E01000056,E01000056,U
E01000058,E01000058,U
E01000095,E01000095,U
E01000040,E01000040,U
E01000043,E01000043,U
E01000050,E01000050,U
E01000052,E01000052,U
E01000092,E01034475,S
E01000092,E01034476,S
E01000092,E01034477,S
E01000092,E01034478,S
E01000053,E01000053,U
E01000087,E01000087,U
E01000088,E01000088,U
E01000089,E01000089,U
E01000090,E01000090,U
E01000048,E01034479,M
E01000049,E01000049,U
E01000051,E01000051,U
E01033587,E01033587,U
E01033588,E01034479,M
E01000091,E01000091,U
E01000093,E01000093,U
E01000094,E01000094,U
E01000096,E01000096,U
E01000019,E01000019,U
E01000020,E01000020,U
E01000097,E01000097,U
E01000098,E01000098,U
E01000099,E01000099,U
E01032580,E01032580,U
E01000248,E01000248,U
E01000249,E01000249,U
E01000250,E01000250,U
E01000254,E01000254,U
E01000292,E01000292,U
E01000293,E01000293,U
E01000167,E01000167,U
E01000246,E01000246,U
E01000247,E01000247,U
E01000251,E01000251,U
E01000252,E01000252,U
E01000166,E01000166,U
E01000168,E01000168,U
E01000169,E01000169,U
E01033573,E01033918,S
E01000239,E01000239,U
E01000240,E01000240,U
E01000241,E01000241,U
E01000309,E01000309,U
E01000237,E01000237,U
E01000242,E01000242,U
E01000243,E01000243,U
E01000244,E01000244,U
E01000245,E01000245,U
E01000314,E01000314,U
E01000183,E01000183,U
E01000206,E01000206,U
E01000207,E01000207,U
E01000208,E01000208,U
E01000210,E01000210,U
E01000213,E01000213,U
E01000236,E01000236,U
E01000238,E01000238,U
E01000310,E01000310,U
E01000311,E01000311,U
E01000205,E01000205,U
E01000209,E01000209,U
E01000211,E01000211,U
E01000212,E01000212,U
E01000216,E01000216,U
E01000217,E01000217,U
E01000150,E01000150,U
E01000305,E01000305,U
E01000306,E01000306,U
E01000308,E01000308,U
E01000312,E01000312,U
E01000313,E01000313,U
E01000145,E01000145,U
E01000215,E01000215,U
E01000218,E01000218,U
E01000219,E01000219,U
E01000220,E01000220,U
E01000225,E01000225,U
E01000135,E01000135,U
E01000136,E01000136,U
E01000144,E01000144,U
E01000146,E01000146,U
E01000214,E01000214,U
E01000141,E01000141,U
E01000221,E01000221,U
E01000223,E01000223,U
E01000307,E01000307,U
E01000138,E01000138,U
E01000142,E01000142,U
E01000231,E01000231,U
E01007390,E01007390,U
E01032550,E01034258,S
E01007391,E01007391,U
E01007392,E01007392,U
E01007395,E01007395,U
E01019144,E01019144,U
E01019145,E01019145,U
E01019146,E01019146,U
E01019147,E01019147,U
E01019148,E01019148,U
E01019149,E01019149,U
E01019150,E01019150,U
E01019151,E01019151,U
E01019152,E01019152,U
E01019153,E01019153,U
E01019154,E01019154,U
E01019155,E01019155,U
E01019162,E01019162,U
E01019163,E01019163,U
E01019156,E01019156,U
E01019159,E01019159,U
E01019164,E01019164,U
E01019165,E01019165,U
E01019166,E01019166,U
E01019167,E01019167,U
E01019168,E01019168,U
E01019169,E01019169,U
E01019170,E01019170,U
E01019171,E01019171,U
E01019161,E01019161,U
E01019176,E01019176,U
E01019177,E01019177,U
E01019178,E01019178,U
E01019179,E01019179,U
E01019140,E01034069,M
E01019160,E01019160,U
E01019172,E01019172,U
E01019173,E01019173,U
E01019174,E01034069,M
E01019175,E01019175,U
E01019141,E01019141,U
E01019142,E01019142,U
E01019143,E01019143,U
E01019157,E01019157,U
E01019158,E01019158,U
E01019180,E01019180,U
E01019182,E01019182,U
E01019184,E01019184,U
E01033160,E01033160,U
E01019138,E01019138,U
E01019139,E01019139,U
E01032550,E01034259,S
E01000232,E01000232,U
E01032551,E01032551,U
E01007344,E01007344,U
E01007402,E01007402,U
E01007403,E01007403,U
E01007405,E01007405,U
E01007379,E01007379,U
E01007380,E01007380,U
E01007381,E01007381,U
E01007387,E01007387,U
E01007442,E01007442,U
E01007444,E01007444,U
E01007446,E01007446,U
E01007336,E01007336,U
E01007340,E01007340,U
E01007415,E01007415,U
E01007417,E01007417,U
E01007441,E01007441,U
E01007443,E01007443,U
E01007445,E01007445,U
E01007372,E01007372,U
E01007373,E01007373,U
E01000233,E01000233,U
E01007374,E01007374,U
E01000186,E01000186,U
E01007375,E01007375,U
E01000187,E01000187,U
E01007377,E01007377,U
E01007378,E01007378,U
E01000188,E01000188,U
E01007319,E01007319,U
E01000189,E01000189,U
E01007321,E01007321,U
E01007322,E01007322,U
E01000190,E01000190,U
E01007337,E01007337,U
E01000191,E01000191,U
E01007418,E01007418,U
E01000158,E01000158,U
E01007419,E01007419,U
E01000159,E01000159,U
E01007420,E01007420,U
E01000160,E01000160,U
E01007425,E01007425,U
E01000161,E01000161,U
E01007338,E01007338,U
E01000162,E01000162,U
E01007339,E01007339,U
E01000324,E01000324,U
E01007413,E01007413,U
E01000256,E01000256,U
E01007414,E01007414,U
E01000258,E01000258,U
E01007317,E01007317,U
E01000263,E01000263,U
E01007318,E01007318,U
E01000264,E01000264,U
E01007320,E01007320,U
E01000255,E01000255,U
E01007416,E01007416,U
E01000257,E01000257,U
E01007382,E01007382,U
E01000261,E01000261,U
E01007383,E01007383,U
E01000262,E01033911,S
E01007384,E01007384,U
E01000262,E01033912,S
E01007385,E01007385,U
E01000192,E01000192,U
E01007348,E01007348,U
E01000193,E01000193,U
E01007349,E01007349,U
E01000194,E01000194,U
E01007350,E01007350,U
E01000226,E01000226,U
E01000227,E01000227,U
E01000299,E01000299,U
E01000300,E01000300,U
E01000302,E01000302,U
E01000317,E01000317,U
E01000318,E01000318,U
E01000323,E01000323,U
E01000276,E01000276,U
E01000278,E01000278,U
E01000301,E01000301,U
E01000303,E01000303,U
E01000304,E01000304,U
E01000130,E01000130,U
E01000132,E01000132,U
E01000133,E01000133,U
E01000234,E01000234,U
E01000235,E01000235,U
E01000156,E01000156,U
E01000157,E01000157,U
E01000163,E01000163,U
E01000164,E01000164,U
E01000165,E01000165,U
E01007351,E01007351,U
E01007352,E01007352,U
E01007353,E01007353,U
E01007354,E01007354,U
E01007458,E01007458,U
E01007459,E01007459,U
E01007460,E01007460,U
E01007461,E01007461,U
E01007462,E01007462,U
E01007463,E01007463,U
E01007369,E01007369,U
E01007370,E01007370,U
E01007371,E01007371,U
E01007376,E01007376,U
E01007447,E01007447,U
E01007448,E01007448,U
E01007449,E01007449,U
E01007450,E01007450,U
E01007427,E01007427,U
E01007428,E01007428,U
E01007429,E01007429,U
E01007430,E01007430,U
E01007431,E01007431,U
E01007432,E01007432,U
E01007364,E01007364,U
E01007365,E01007365,U
E01007366,E01007366,U
E01007367,E01007367,U
E01007368,E01007368,U
E01007451,E01007451,U
E01007452,E01007452,U
E01007453,E01007453,U
E01007455,E01007455,U
E01032924,E01032924,U
E01032925,E01032925,U
E01007421,E01007421,U
E01007422,E01007422,U
E01007423,E01007423,U
E01007426,E01007426,U
E01007396,E01007396,U
E01007397,E01007397,U
E01007398,E01007398,U
E01007399,E01007399,U
E01007424,E01007424,U
E01007388,E01007388,U
E01007393,E01007393,U
E01007394,E01007394,U
E01007456,E01007456,U
E01007457,E01007457,U
E01007389,E01007389,U
E01000222,E01000222,U
E01000224,E01000224,U
E01000137,E01000137,U
E01000139,E01000139,U
E01000140,E01000140,U
E01000143,E01000143,U
E01007434,E01007434,U
E01007435,E01007435,U
E01007438,E01007438,U
E01007439,E01007439,U
E01007433,E01007433,U
E01007436,E01007436,U
E01007437,E01007437,U
E01007440,E01007440,U
E01007329,E01007329,U
E01007331,E01007331,U
E01007342,E01007342,U
E01007343,E01007343,U
E01007356,E01007356,U
E01007357,E01007357,U
E01007361,E01007361,U
E01007362,E01007362,U
E01007363,E01007363,U
E01007355,E01007355,U
E01007358,E01007358,U
E01007359,E01007359,U
E01007360,E01007360,U
E01007386,E01007386,U
E01007328,E01007328,U
E01007330,E01007330,U
E01007332,E01007332,U
E01007333,E01007333,U
E01007323,E01007323,U
E01007324,E01007324,U
E01007325,E01007325,U
E01007326,E01007326,U
E01007327,E01007327,U
E01007411,E01007411,U
E01007341,E01007341,U
E01007345,E01007345,U
E01007346,E01007346,U
E01007347,E01007347,U
E01007334,E01007334,U
E01007335,E01007335,U
E01007400,E01007400,U
E01007404,E01007404,U
E01007406,E01007406,U
E01007408,E01007408,U
E01007409,E01007409,U
E01007410,E01007410,U
E01019185,E01019185,U
E01019186,E01019186,U
E01019187,E01019187,U
E01021237,E01021237,U
E01021238,E01021238,U
E01021242,E01021242,U
E01021250,E01021250,U
E01021251,E01021251,U
E01021245,E01021245,U
E01021246,E01021246,U
E01021248,E01021248,U
E01021249,E01021249,U
E01021252,E01021252,U
E01021239,E01021239,U
E01021240,E01021240,U
E01021241,E01021241,U
E01021243,E01021243,U
E01021247,E01021247,U
E01021244,E01021244,U
E01021253,E01021253,U
E01021255,E01021255,U
E01021256,E01021256,U
E01021258,E01021258,U
E01021334,E01021334,U
E01021336,E01021336,U
E01021338,E01021338,U
E01021339,E01021339,U
E01021264,E01021264,U
E01021329,E01021329,U
E01021330,E01021330,U
E01021332,E01021332,U
E01021333,E01021333,U
E01021335,E01021335,U
E01021337,E01021337,U
E01021340,E01021340,U
E01021341,E01021341,U
E01021345,E01021345,U
E01021331,E01021331,U
E01021342,E01021342,U
E01021343,E01021343,U
E01021344,E01021344,U
E01021346,E01021346,U
E01021254,E01021254,U
E01021257,E01021257,U
E01021259,E01021259,U
E01021260,E01021260,U
E01021261,E01021261,U
E01021262,E01021262,U
E01021263,E01021263,U
E01021274,E01021274,U
E01000315,E01000315,U
E01000197,E01000197,U
E01000295,E01000295,U
E01000296,E01000296,U
E01000298,E01000298,U
E01000125,E01033913,S
E01000125,E01033914,S
E01000127,E01000127,U
E01000128,E01000128,U
E01000129,E01000129,U
E01000131,E01000131,U
E01000134,E01000134,U
E01000198,E01000198,U
E01000199,E01000199,U
E01000204,E01000204,U
E01000259,E01000259,U
E01000260,E01000260,U
E01000126,E01000126,U
E01000151,E01000151,U
E01000152,E01000152,U
E01000153,E01000153,U
E01000154,E01000154,U
E01000176,E01000176,U
E01000178,E01000178,U
E01000184,E01000184,U
E01000297,E01000297,U
E01000316,E01000316,U
E01000319,E01000319,U
E01000196,E01000196,U
E01000200,E01000200,U
E01000201,E01000201,U
E01000202,E01000202,U
E01000203,E01000203,U
E01000177,E01000177,U
E01000179,E01000179,U
E01000180,E01000180,U
E01000181,E01000181,U
E01000182,E01000182,U
E01000185,E01000185,U
E01000147,E01000147,U
E01000148,E01033923,S
E01000148,E01033924,S
E01000155,E01033916,S
E01000155,E01033921,S
E01000155,E01033922,S
E01033572,E01033915,S
E01033572,E01033919,S
E01033572,E01033920,S
E01033572,E01033925,S
E01033573,E01033917,S
E01014483,E01014483,U
E01014484,E01014484,U
E01014473,E01014473,U
E01014474,E01014474,U
E01014475,E01035207,S
E01014475,E01035208,S
E01014476,E01014476,U
E01014435,E01014435,U
E01014436,E01014436,U
E01014437,E01014437,U
E01014438,E01014438,U
E01014455,E01014455,U
E01014456,E01014456,U
E01021296,E01034356,S
E01014457,E01014457,U
E01014458,E01014458,U
E01014391,E01014391,U
E01014392,E01014392,U
E01014452,E01014452,U
E01021296,E01034357,S
E01014453,E01014453,U
E01028013,E01028013,U
E01021297,E01021297,U
E01014454,E01014454,U
E01021279,E01021279,U
E01028014,E01028014,U
E01022542,E01022542,U
E01021299,E01021299,U
E01014459,E01014459,U
E01028015,E01028015,U
E01021301,E01021301,U
E01022543,E01022543,U
E01021280,E01021280,U
E01014460,E01014460,U
E01028016,E01028016,U
E01021303,E01021303,U
E01032843,E01032843,U
E01032844,E01032844,U
E01032851,E01034714,S
E01032851,E01034713,S
E01022470,E01022470,U
E01022471,E01022471,U
E01022494,E01022494,U
E01022523,E01022523,U
E01022524,E01022524,U
E01022525,E01022525,U
E01022526,E01034715,S
E01022526,E01034716,S
E01022527,E01022527,U
E01022566,E01022566,U
E01022567,E01022567,U
E01022568,E01022568,U
E01022570,E01022570,U
E01032840,E01034717,S
E01032840,E01034718,S
E01032841,E01032841,U
E01022502,E01022502,U
E01022506,E01022506,U
E01022507,E01022507,U
E01032842,E01032842,U
E01032847,E01032847,U
E01022481,E01022481,U
E01022482,E01022482,U
E01022503,E01022503,U
E01032845,E01032845,U
E01032846,E01032846,U
E01022484,E01022484,U
E01022485,E01022485,U
E01022486,E01022486,U
E01022487,E01022487,U
E01022569,E01022569,U
E01022548,E01022548,U
E01022549,E01022549,U
E01022550,E01022550,U
E01022551,E01022551,U
E01022552,E01022552,U
E01022528,E01022528,U
E01022529,E01022529,U
E01022530,E01022530,U
E01022531,E01022531,U
E01022475,E01022475,U
E01022476,E01022476,U
E01022480,E01022480,U
E01022504,E01022504,U
E01021307,E01021307,U
E01014415,E01014415,U
E01021308,E01021308,U
E01021281,E01021281,U
E01014416,E01014416,U
E01014417,E01014417,U
E01021282,E01021282,U
E01014387,E01014387,U
E01021309,E01021309,U
E01021283,E01021283,U
E01014388,E01014388,U
E01028046,E01028046,U
E01021312,E01021312,U
E01021284,E01021284,U
E01028047,E01028047,U
E01021265,E01021265,U
E01014389,E01014389,U
E01021285,E01021285,U
E01028048,E01028048,U
E01021267,E01021267,U
E01014390,E01014390,U
E01021300,E01021300,U
E01028049,E01028049,U
E01028050,E01028050,U
E01028008,E01028008,U
E01028009,E01028009,U
E01028010,E01028010,U
E01028011,E01028011,U
E01028012,E01028012,U
E01028022,E01028022,U
E01028055,E01028055,U
E01028056,E01028056,U
E01028058,E01028058,U
E01028059,E01028059,U
E01028017,E01028017,U
E01028018,E01028018,U
E01028019,E01028019,U
E01028020,E01028020,U
E01028021,E01028021,U
E01028057,E01028057,U
E01028065,E01028065,U
E01028066,E01028066,U
E01028068,E01028068,U
E01028060,E01028060,U
E01028061,E01028061,U
E01028062,E01028062,U
E01028067,E01028067,U
E01028040,E01033769,M
E01028041,E01033769,M
E01028043,E01028043,U
E01028063,E01028063,U
E01028064,E01028064,U
E01028006,E01028006,U
E01028007,E01028007,U
E01028033,E01028033,U
E01028037,E01028037,U
E01028038,E01028038,U
E01028039,E01028039,U
E01028051,E01028051,U
E01028052,E01028052,U
E01028053,E01028053,U
E01028054,E01028054,U
E01028042,E01028042,U
E01028044,E01028044,U
E01028045,E01028045,U
E01021269,E01021269,U
E01021310,E01021310,U
E01021270,E01021270,U
E01021311,E01021311,U
E01021272,E01021272,U
E01021326,E01021326,U
E01014431,E01014431,U
E01021271,E01021271,U
E01021328,E01021328,U
E01014432,E01014432,U
E01021302,E01021302,U
E01022553,E01022553,U
E01014433,E01014433,U
E01021304,E01021304,U
E01022554,E01022554,U
E01014434,E01014434,U
E01021305,E01021305,U
E01022555,E01022555,U
E01014385,E01014385,U
E01021306,E01021306,U
E01022556,E01022556,U
E01014386,E01014386,U
E01021273,E01021273,U
E01022560,E01022560,U
E01014419,E01014419,U
E01022493,E01022493,U
E01021275,E01021275,U
E01014446,E01014446,U
E01022536,E01022536,U
E01021276,E01021276,U
E01014447,E01014447,U
E01022537,E01022537,U
E01021277,E01021277,U
E01014382,E01014382,U
E01022557,E01022557,U
E01021278,E01034354,S
E01014383,E01014383,U
E01022558,E01022558,U
E01021278,E01034355,S
E01014384,E01014384,U
E01022559,E01022559,U
E01021266,E01021266,U
E01014418,E01014418,U
E01022488,E01022488,U
E01021268,E01021268,U
E01014379,E01035209,S
E01022489,E01022489,U
E01021318,E01021318,U
E01014379,E01035210,S
E01022499,E01022499,U
E01021320,E01021320,U
E01014442,E01014442,U
E01022500,E01022500,U
E01021321,E01021321,U
E01014443,E01014443,U
E01022513,E01022513,U
E01021286,E01021286,U
E01014444,E01014444,U
E01022472,E01022472,U
E01014445,E01014445,U
E01021288,E01021288,U
E01022473,E01022473,U
E01014393,E01014393,U
E01021289,E01021289,U
E01022520,E01022520,U
E01014394,E01014394,U
E01021290,E01021290,U
E01022521,E01022521,U
E01021291,E01021291,U
E01022522,E01022522,U
E01021287,E01021287,U
E01022490,E01022490,U
E01021292,E01021292,U
E01022491,E01022491,U
E01021293,E01021293,U
E01022492,E01022492,U
E01021298,E01021298,U
E01022546,E01034708,S
E01021319,E01021319,U
E01022546,E01034709,S
E01021313,E01021313,U
E01022546,E01034710,S
E01021314,E01021314,U
E01022547,E01022547,U
E01021315,E01021315,U
E01022495,E01022495,U
E01021316,E01021316,U
E01022496,E01034711,S
E01021317,E01021317,U
E01022496,E01034712,S
E01021322,E01021322,U
E01022497,E01022497,U
E01021323,E01021323,U
E01022498,E01022498,U
E01021324,E01021324,U
E01021325,E01021325,U
E01022539,E01022539,U
E01021327,E01021327,U
E01022540,E01022540,U
E01021294,E01021294,U
E01021295,E01021295,U
E01022505,E01022505,U
E01022467,E01022467,U
E01022468,E01022468,U
E01022469,E01022469,U
E01022561,E01022561,U
E01022562,E01022562,U
E01022515,E01022515,U
E01022516,E01022516,U
E01022517,E01022517,U
E01022518,E01022518,U
E01022519,E01022519,U
E01022474,E01022474,U
E01022477,E01022477,U
E01022478,E01022478,U
E01022479,E01022479,U
E01022509,E01022509,U
E01022514,E01022514,U
E01022563,E01022563,U
E01022564,E01022564,U
E01022565,E01022565,U
E01022510,E01022510,U
E01022511,E01022511,U
E01022512,E01022512,U
E01032848,E01032848,U
E01032849,E01032849,U
E01032850,E01032850,U
E01022532,E01022532,U
E01022533,E01022533,U
E01022534,E01022534,U
E01022535,E01022535,U
E01028000,E01028000,U
E01028024,E01028024,U
E01028025,E01028025,U
E01028026,E01028026,U
E01028027,E01028027,U
E01028028,E01028028,U
E01027999,E01027999,U
E01028005,E01028005,U
E01028031,E01028031,U
E01028032,E01028032,U
E01028035,E01028035,U
E01028023,E01028023,U
E01028034,E01028034,U
E01028036,E01028036,U
E01028001,E01028001,U
E01028002,E01028002,U
E01028003,E01028003,U
E01028004,E01028004,U
E01028029,E01028029,U
E01028030,E01028030,U
E01014439,E01014439,U
E01014440,E01014440,U
E01014441,E01014441,U
E01014448,E01014448,U
E01014449,E01014449,U
E01014450,E01014450,U
E01014451,E01014451,U
E01014420,E01014420,U
E01014421,E01014421,U
E01014422,E01014422,U
E01014423,E01014423,U
E01014469,E01014469,U
E01014470,E01014470,U
E01014471,E01014471,U
E01014472,E01014472,U
E01014424,E01014424,U
E01014425,E01014425,U
E01014426,E01014426,U
E01017540,E01017540,U
E01017541,E01017541,U
E01017544,E01017544,U
E01017545,E01017545,U
E01017464,E01017464,U
E01017465,E01017465,U
E01017503,E01017503,U
E01017504,E01017504,U
E01017546,E01017546,U
E01017547,E01017547,U
E01017478,E01017478,U
E01017479,E01017479,U
E01017480,E01017480,U
E01017481,E01017481,U
E01017528,E01017528,U
E01017495,E01017495,U
E01017496,E01017496,U
E01017542,E01017542,U
E01017543,E01017543,U
E01033431,E01033431,U
E01033432,E01034412,S
E01033432,E01034413,S
E01017453,E01017453,U
E01017454,E01017454,U
E01017455,E01017455,U
E01017456,E01017456,U
E01017457,E01017457,U
E01017458,E01017458,U
E01017529,E01017529,U
E01017530,E01017530,U
E01017531,E01017531,U
E01017532,E01017532,U
E01014399,E01014399,U
E01014400,E01014400,U
E01014401,E01014401,U
E01014402,E01035205,S
E01014402,E01035206,S
E01014403,E01014403,U
E01014404,E01014404,U
E01014395,E01014395,U
E01014396,E01014396,U
E01014397,E01014397,U
E01014398,E01014398,U
E01014409,E01014409,U
E01014410,E01014410,U
E01014411,E01014411,U
E01014477,E01014477,U
E01014478,E01014478,U
E01014479,E01014479,U
E01014480,E01014480,U
E01014465,E01014465,U
E01014466,E01014466,U
E01014467,E01014467,U
E01014468,E01014468,U
E01014370,E01014370,U
E01014371,E01014371,U
E01014372,E01014372,U
E01014412,E01014412,U
E01014413,E01014413,U
E01014414,E01014414,U
E01014427,E01014427,U
E01014428,E01014428,U
E01014429,E01014429,U
E01014430,E01014430,U
E01014405,E01014405,U
E01014407,E01014407,U
E01033080,E01033080,U
E01014373,E01014373,U
E01014374,E01014374,U
E01014375,E01014375,U
E01014376,E01014376,U
E01014377,E01014377,U
E01033078,E01033078,U
E01033079,E01033079,U
E01014461,E01014461,U
E01014462,E01014462,U
E01014463,E01014463,U
E01014464,E01014464,U
E01014380,E01014380,U
E01014381,E01014381,U
E01014481,E01014481,U
E01014482,E01014482,U
E01009122,E01009122,U
E01009129,E01009129,U
E01009132,E01009132,U
E01009136,E01009136,U
E01009457,E01009457,U
E01009459,E01009459,U
E01009461,E01009461,U
E01009463,E01009463,U
E01009235,E01009235,U
E01009243,E01009243,U
E01009245,E01009245,U
E01009246,E01009246,U
E01009247,E01009247,U
E01000403,E01000403,U
E01017533,E01017533,U
E01009226,E01009226,U
E01009229,E01009229,U
E01009230,E01009230,U
E01009231,E01009231,U
E01009001,E01009001,U
E01009003,E01009003,U
E01009456,E01009456,U
E01009458,E01009458,U
E01009460,E01009460,U
E01009462,E01009462,U
E01009234,E01009234,U
E01009236,E01009236,U
E01009244,E01009244,U
E01009248,E01009248,U
E01009403,E01009403,U
E01009404,E01009404,U
E01009405,E01009405,U
E01009406,E01009406,U
E01009407,E01009407,U
E01009439,E01009439,U
E01009441,E01009441,U
E01009442,E01009442,U
E01009443,E01009443,U
E01009123,E01009123,U
E01009124,E01009124,U
E01009125,E01009125,U
E01009232,E01009232,U
E01009002,E01009002,U
E01009006,E01009006,U
E01009007,E01009007,U
E01033632,E01034915,S
E01033632,E01034916,S
E01009237,E01009237,U
E01000369,E01000369,U
E01009238,E01009238,U
E01009240,E01009240,U
E01009241,E01009241,U
E01009242,E01009242,U
E01000444,E01000444,U
E01017473,E01034421,S
E01017534,E01017534,U
E01000370,E01000370,U
E01000447,E01000447,U
E01000404,E01000404,U
E01017488,E01017488,U
E01000371,E01000371,U
E01000448,E01000448,U
E01000405,E01000405,U
E01000408,E01000408,U
E01000332,E01000332,U
E01000402,E01000402,U
E01000406,E01000406,U
E01000407,E01000407,U
E01000334,E01000334,U
E01000417,E01000417,U
E01000419,E01000419,U
E01000420,E01000420,U
E01000442,E01000442,U
E01000437,E01000437,U
E01000438,E01000438,U
E01000439,E01000439,U
E01000440,E01000440,U
E01000441,E01000441,U
E01000373,E01000373,U
E01000429,E01000429,U
E01000430,E01000430,U
E01000431,E01000431,U
E01000432,E01033789,S
E01000432,E01033790,S
E01000433,E01000433,U
E01000434,E01000434,U
E01000356,E01000356,U
E01000357,E01000357,U
E01000359,E01000359,U
E01000421,E01000421,U
E01000450,E01000450,U
E01000451,E01000451,U
E01000452,E01000452,U
E01000367,E01000367,U
E01000368,E01000368,U
E01000372,E01000372,U
E01000380,E01000380,U
E01000435,E01000435,U
E01000353,E01000353,U
E01000354,E01000354,U
E01000355,E01000355,U
E01000358,E01000358,U
E01000436,E01000436,U
E01000401,E01000401,U
E01000453,E01000453,U
E01000454,E01000454,U
E01000455,E01000455,U
E01000456,E01000456,U
E01000325,E01000325,U
E01000326,E01000326,U
E01017474,E01017474,U
E01017489,E01017489,U
E01000360,E01000360,U
E01017475,E01017475,U
E01000449,E01000449,U
E01017490,E01017490,U
E01000362,E01000362,U
E01017491,E01017491,U
E01000351,E01000351,U
E01017476,E01017476,U
E01000365,E01000365,U
E01017492,E01017492,U
E01000443,E01000443,U
E01017477,E01017477,U
E01000366,E01000366,U
E01017493,E01017493,U
E01000445,E01000445,U
E01017509,E01017509,U
E01000394,E01000394,U
E01017459,E01017459,U
E01000446,E01000446,U
E01017510,E01017510,U
E01000388,E01000388,U
E01017460,E01017460,U
E01000461,E01000461,U
E01017511,E01017511,U
E01000392,E01000392,U
E01017461,E01034414,S
E01000339,E01000339,U
E01000409,E01000409,U
E01017512,E01017512,U
E01017461,E01034415,S
E01000344,E01000344,U
E01017505,E01017505,U
E01017461,E01034416,S
E01000411,E01000411,U
E01000423,E01000423,U
E01017506,E01017506,U
E01017461,E01034417,S
E01000414,E01000414,U
E01000425,E01000425,U
E01017507,E01017507,U
E01017462,E01017462,U
E01000415,E01000415,U
E01000463,E01000463,U
E01017508,E01017508,U
E01017463,E01017463,U
E01000327,E01000327,U
E01000424,E01000424,U
E01017513,E01017513,U
E01017482,E01017482,U
E01000328,E01000328,U
E01000426,E01000426,U
E01017514,E01017514,U
E01017483,E01017483,U
E01000329,E01000329,U
E01000427,E01000427,U
E01017515,E01017515,U
E01017484,E01017484,U
E01000330,E01000330,U
E01000457,E01000457,U
E01017516,E01034422,S
E01017485,E01017485,U
E01000331,E01000331,U
E01000462,E01000462,U
E01017516,E01034423,S
E01017497,E01017497,U
E01000340,E01000340,U
E01000382,E01000382,U
E01017516,E01034424,S
E01017498,E01017498,U
E01000395,E01000395,U
E01000384,E01000384,U
E01017517,E01017517,U
E01017499,E01017499,U
E01000396,E01000396,U
E01000387,E01000387,U
E01017486,E01034427,S
E01017500,E01017500,U
E01000410,E01000410,U
E01000412,E01000412,U
E01000413,E01000413,U
E01000374,E01000374,U
E01000375,E01000375,U
E01000376,E01000376,U
E01000377,E01000377,U
E01000378,E01033791,S
E01000378,E01033792,S
E01000379,E01000379,U
E01000348,E01000348,U
E01000349,E01000349,U
E01000361,E01000361,U
E01000363,E01000363,U
E01000389,E01000389,U
E01000390,E01000390,U
E01000393,E01000393,U
E01000346,E01000346,U
E01000347,E01000347,U
E01000350,E01000350,U
E01000352,E01000352,U
E01000391,E01000391,U
E01000341,E01000341,U
E01000342,E01000342,U
E01000343,E01000343,U
E01000345,E01000345,U
E01000460,E01000460,U
E01000364,E01000364,U
E01000428,E01000428,U
E01017501,E01017501,U
E01000458,E01000458,U
E01000459,E01000459,U
E01017502,E01017502,U
E01000381,E01000381,U
E01017524,E01017524,U
E01000383,E01000383,U
E01017525,E01017525,U
E01000385,E01000385,U
E01017526,E01017526,U
E01000386,E01000386,U
E01017527,E01017527,U
E01000398,E01000398,U
E01017466,E01017466,U
E01000399,E01000399,U
E01017467,E01017467,U
E01000400,E01000400,U
E01017468,E01017468,U
E01032566,E01032566,U
E01017469,E01034418,S
E01009417,E01009417,U
E01017469,E01034419,S
E01017470,E01017470,U
E01017471,E01017471,U
E01017535,E01017535,U
E01017536,E01017536,U
E01017537,E01017537,U
E01017538,E01017538,U
E01017539,E01017539,U
E01017518,E01017518,U
E01017519,E01017519,U
E01017520,E01017520,U
E01017521,E01017521,U
E01017522,E01017522,U
E01017523,E01017523,U
E01017472,E01017472,U
E01017473,E01034420,S
E01009430,E01009430,U
E01017486,E01034428,S
E01009418,E01009418,U
E01009468,E01009468,U
E01017486,E01034429,S
E01009419,E01009419,U
E01009445,E01009445,U
E01017487,E01017487,U
E01009433,E01009433,U
E01009446,E01009446,U
E01017548,E01034434,S
E01009415,E01009415,U
E01009447,E01009447,U
E01017548,E01034433,S
E01009422,E01009422,U
E01009448,E01009448,U
E01017548,E01034430,S
E01009423,E01009423,U
E01009452,E01009452,U
E01017549,E01017549,U
E01009425,E01009425,U
E01009455,E01009455,U
E01017550,E01034431,S
E01009416,E01009416,U
E01009432,E01009432,U
E01017550,E01034432,S
E01009420,E01009420,U
E01009435,E01009435,U
E01017551,E01034425,S
E01009426,E01009426,U
E01009437,E01009437,U
E01017551,E01034426,S
E01009429,E01009429,U
E01009431,E01009431,U
E01009421,E01009421,U
E01009424,E01009424,U
E01009427,E01009427,U
E01009428,E01009428,U
E01017552,E01017552,U
E01017553,E01017553,U
E01017554,E01017554,U
E01000466,E01000466,U
E01000467,E01000467,U
E01000468,E01000468,U
E01000469,E01000469,U
E01000416,E01000416,U
E01000418,E01000418,U
E01000422,E01000422,U
E01000464,E01000464,U
E01000465,E01000465,U
E01000470,E01000470,U
E01000333,E01000333,U
E01000335,E01000335,U
E01000336,E01000336,U
E01000337,E01000337,U
E01000338,E01000338,U
E01009444,E01009444,U
E01009454,E01009454,U
E01009221,E01009221,U
E01009464,E01009464,U
E01009465,E01009465,U
E01009467,E01009467,U
E01009220,E01009220,U
E01009222,E01009222,U
E01009224,E01009224,U
E01009233,E01009233,U
E01009449,E01009449,U
E01009451,E01009451,U
E01009453,E01009453,U
E01009466,E01009466,U
E01009471,E01009471,U
E01009135,E01009135,U
E01009469,E01009469,U
E01009470,E01009470,U
E01009472,E01009472,U
E01009473,E01009473,U
E01009474,E01009474,U
E01009127,E01009127,U
E01009128,E01009128,U
E01009130,E01009130,U
E01009131,E01009131,U
E01009133,E01009133,U
E01009134,E01009134,U
E01009137,E01009137,U
E01009434,E01009434,U
E01009436,E01009436,U
E01009438,E01009438,U
E01009440,E01009440,U
E01009450,E01009450,U
E01009223,E01009223,U
E01009225,E01009225,U
E01009227,E01009227,U
E01009228,E01009228,U
E01009121,E01034913,S
E01009121,E01034914,S
E01009005,E01009005,U
E01009009,E01009009,U
E01009098,E01009098,U
E01009100,E01009100,U
E01009105,E01009105,U
E01009126,E01009126,U
E01009408,E01009408,U
E01009409,E01009409,U
E01009410,E01009410,U
E01009008,E01009008,U
E01009011,E01009011,U
E01009012,E01009012,U
E01009102,E01009102,U
E01009104,E01009104,U
E01009096,E01009096,U
E01009097,E01009097,U
E01009099,E01009099,U
E01009101,E01009101,U
E01009103,E01009103,U
E01009106,E01009106,U
E01008915,E01008915,U
E01009411,E01009411,U
E01009412,E01009412,U
E01009413,E01009413,U
E01009414,E01009414,U
E01008998,E01008998,U
E01008999,E01008999,U
E01009000,E01009000,U
E01009013,E01009013,U
E01009400,E01009400,U
E01009401,E01009401,U
E01033630,E01033630,U
E01033646,E01033646,U
E01009049,E01009049,U
E01009056,E01009056,U
E01009263,E01009263,U
E01009264,E01009264,U
E01009265,E01009265,U
E01009051,E01009051,U
E01009053,E01009053,U
E01009054,E01009054,U
E01009058,E01009058,U
E01009061,E01009061,U
E01009239,E01009239,U
E01009266,E01009266,U
E01009269,E01009269,U
E01009270,E01009270,U
E01009271,E01009271,U
E01009273,E01009273,U
E01009050,E01009050,U
E01009057,E01009057,U
E01009059,E01009059,U
E01009060,E01009060,U
E01033621,E01034917,S
E01033621,E01034918,S
E01009268,E01009268,U
E01009272,E01009272,U
E01009274,E01009274,U
E01009349,E01009349,U
E01009351,E01009351,U
E01009354,E01009354,U
E01008899,E01008899,U
E01008901,E01008901,U
E01008916,E01008916,U
E01033636,E01034919,S
E01033636,E01034920,S
E01009079,E01009079,U
E01009080,E01009080,U
E01009081,E01009081,U
E01009083,E01009083,U
E01009275,E01009275,U
E01009350,E01009350,U
E01009352,E01009352,U
E01009353,E01009353,U
E01009355,E01009355,U
E01033635,E01034921,S
E01033635,E01034922,S
E01008905,E01008905,U
E01008907,E01008907,U
E01009047,E01009047,U
E01009048,E01009048,U
E01009062,E01009062,U
E01008909,E01008909,U
E01033628,E01034923,S
E01033628,E01034925,S
E01033637,E01034924,S
E01033637,E01034926,S
E01009084,E01009084,U
E01009085,E01009085,U
E01009087,E01009087,U
E01009089,E01009089,U
E01009090,E01009090,U
E01009201,E01009201,U
E01009202,E01009202,U
E01009203,E01034927,S
E01009203,E01034928,S
E01009082,E01009082,U
E01009086,E01009086,U
E01009480,E01009480,U
E01009481,E01009481,U
E01009018,E01009018,U
E01009501,E01009501,U
E01009486,E01009486,U
E01009487,E01009487,U
E01009502,E01009502,U
E01009026,E01009026,U
E01009088,E01009088,U
E01009503,E01009503,U
E01009028,E01009028,U
E01009091,E01009091,U
E01009094,E01009094,U
E01009505,E01009505,U
E01009029,E01009029,U
E01009305,E01009305,U
E01008992,E01008992,U
E01008917,E01008917,U
E01009298,E01009298,U
E01009182,E01009182,U
E01009307,E01009307,U
E01009309,E01009309,U
E01009304,E01009304,U
E01009306,E01009306,U
E01009308,E01009308,U
E01009310,E01009310,U
E01009348,E01009348,U
E01009358,E01009358,U
E01009359,E01009359,U
E01009360,E01009360,U
E01009361,E01009361,U
E01009478,E01009478,U
E01009479,E01009479,U
E01009482,E01009482,U
E01009484,E01009484,U
E01009485,E01009485,U
E01008906,E01008906,U
E01008911,E01008911,U
E01009347,E01009347,U
E01033559,E01033559,U
E01033638,E01033638,U
E01008910,E01008910,U
E01008913,E01008913,U
E01008914,E01034929,S
E01008914,E01034930,S
E01033561,E01033561,U
E01033617,E01033617,U
E01009194,E01034931,S
E01009194,E01034932,S
E01009483,E01009483,U
E01009488,E01009488,U
E01009489,E01009489,U
E01009491,E01009491,U
E01009192,E01009192,U
E01009199,E01009199,U
E01009204,E01009204,U
E01033644,E01034933,S
E01033644,E01034934,S
E01009151,E01009151,U
E01009152,E01009152,U
E01009153,E01009153,U
E01009345,E01009345,U
E01009346,E01009346,U
E01009092,E01009092,U
E01009093,E01009093,U
E01009184,E01009184,U
E01009187,E01009187,U
E01009311,E01009311,U
E01009283,E01009283,U
E01033631,E01034936,S
E01009188,E01009188,U
E01033631,E01034937,S
E01009249,E01009249,U
E01009384,E01009384,U
E01009511,E01009511,U
E01008923,E01008923,U
E01009250,E01009250,U
E01008925,E01008925,U
E01009251,E01009251,U
E01009475,E01009475,U
E01008927,E01008927,U
E01009385,E01009385,U
E01009253,E01009253,U
E01009476,E01009476,U
E01008928,E01008928,U
E01009185,E01009185,U
E01009255,E01009255,U
E01009477,E01009477,U
E01009019,E01009019,U
E01009389,E01009389,U
E01009257,E01009257,U
E01009490,E01009490,U
E01009020,E01009020,U
E01009390,E01009390,U
E01009315,E01009315,U
E01009492,E01009492,U
E01009021,E01009021,U
E01009394,E01009394,U
E01009316,E01009316,U
E01009095,E01009095,U
E01009024,E01009024,U
E01008918,E01008918,U
E01009317,E01009317,U
E01009507,E01009507,U
E01009025,E01009025,U
E01008920,E01008920,U
E01009318,E01009318,U
E01009508,E01009508,U
E01009033,E01009033,U
E01008921,E01008921,U
E01009319,E01009319,U
E01008897,E01008897,U
E01009509,E01009509,U
E01009510,E01009510,U
E01009297,E01009297,U
E01009299,E01009299,U
E01009300,E01009300,U
E01009301,E01009301,U
E01009303,E01009303,U
E01009195,E01009195,U
E01009197,E01009197,U
E01009198,E01034935,M
E01033647,E01034935,M
E01033649,E01033649,U
E01009138,E01009138,U
E01009139,E01009139,U
E01009140,E01009140,U
E01009145,E01009145,U
E01009147,E01009147,U
E01009512,E01009512,U
E01009514,E01009514,U
E01009516,E01009516,U
E01009517,E01009517,U
E01009325,E01009325,U
E01009342,E01009342,U
E01009343,E01009343,U
E01033642,E01033642,U
E01008986,E01008986,U
E01008987,E01008987,U
E01008988,E01008988,U
E01008989,E01008989,U
E01008990,E01008990,U
E01008991,E01008991,U
E01008882,E01008882,U
E01008896,E01008896,U
E01008898,E01008898,U
E01009326,E01009326,U
E01009341,E01009341,U
E01009513,E01009513,U
E01008881,E01008881,U
E01009515,E01009515,U
E01008931,E01008931,U
E01009175,E01009175,U
E01009518,E01009518,U
E01009259,E01009259,U
E01009177,E01009177,U
E01009178,E01009178,U
E01009179,E01009179,U
E01009189,E01009189,U
E01008933,E01008933,U
E01008934,E01008934,U
E01009031,E01009031,U
E01009037,E01009037,U
E01009176,E01009176,U
E01008929,E01008929,U
E01008930,E01008930,U
E01009495,E01009495,U
E01033629,E01033629,U
E01008953,E01008953,U
E01008963,E01008963,U
E01008964,E01008964,U
E01008965,E01008965,U
E01008966,E01008966,U
E01009032,E01009032,U
E01009034,E01009034,U
E01009035,E01009035,U
E01009036,E01009036,U
E01009494,E01009494,U
E01009496,E01009496,U
E01009497,E01009497,U
E01009504,E01009504,U
E01009506,E01009506,U
E01008967,E01008967,U
E01008968,E01008968,U
E01008970,E01008970,U
E01008981,E01008981,U
E01008932,E01008932,U
E01008935,E01008935,U
E01008936,E01008936,U
E01009320,E01009320,U
E01009521,E01009521,U
E01009372,E01009372,U
E01009302,E01009302,U
E01009314,E01009314,U
E01009321,E01009321,U
E01009373,E01009373,U
E01009322,E01009322,U
E01009396,E01009396,U
E01009323,E01009323,U
E01033643,E01033643,U
E01009329,E01009329,U
E01009367,E01009367,U
E01009375,E01009375,U
E01008919,E01008919,U
E01009334,E01009334,U
E01009377,E01009377,U
E01009064,E01009064,U
E01009337,E01009337,U
E01009383,E01009383,U
E01009077,E01009077,U
E01009338,E01009338,U
E01009399,E01009399,U
E01009291,E01009291,U
E01009380,E01009380,U
E01009366,E01009366,U
E01009500,E01009500,U
E01009362,E01009362,U
E01009374,E01009374,U
E01009284,E01009284,U
E01009363,E01009363,U
E01009376,E01009376,U
E01009286,E01009286,U
E01009364,E01009364,U
E01033648,E01033648,U
E01009289,E01009289,U
E01009365,E01009365,U
E01009073,E01009073,U
E01009290,E01009290,U
E01009379,E01009379,U
E01009074,E01009074,U
E01033634,E01034940,S
E01009312,E01009312,U
E01009254,E01009254,U
E01033634,E01034941,S
E01009324,E01009324,U
E01009256,E01009256,U
E01009017,E01009017,U
E01009519,E01009519,U
E01009258,E01009258,U
E01009043,E01009043,U
E01009520,E01009520,U
E01009071,E01009071,U
E01009044,E01009044,U
E01009066,E01009066,U
E01009075,E01009075,U
E01009045,E01009045,U
E01009070,E01009070,U
E01009078,E01009078,U
E01009046,E01009046,U
E01009252,E01009252,U
E01033562,E01033562,U
E01009395,E01009395,U
E01009260,E01009260,U
E01009183,E01009183,U
E01009016,E01009016,U
E01009261,E01009261,U
E01009186,E01009186,U
E01009022,E01009022,U
E01008984,E01008984,U
E01033645,E01034938,S
E01009023,E01009023,U
E01008994,E01008994,U
E01033645,E01034939,S
E01009030,E01009030,U
E01008996,E01008996,U
E01008890,E01008890,U
E01009281,E01009281,U
E01008997,E01008997,U
E01008891,E01008891,U
E01009292,E01009292,U
E01009065,E01009065,U
E01008892,E01008892,U
E01009294,E01009294,U
E01009067,E01009067,U
E01008893,E01008893,U
E01009295,E01009295,U
E01009068,E01009068,U
E01008894,E01008894,U
E01009280,E01009280,U
E01009069,E01009069,U
E01008895,E01008895,U
E01009282,E01009282,U
E01009072,E01009072,U
E01009015,E01009015,U
E01009288,E01009288,U
E01008885,E01008885,U
E01009014,E01009014,U
E01009293,E01009293,U
E01008886,E01008886,U
E01008888,E01008888,U
E01009313,E01009313,U
E01009368,E01009368,U
E01009371,E01009371,U
E01009397,E01009397,U
E01033650,E01033650,U
E01008883,E01008883,U
E01008884,E01008884,U
E01008887,E01008887,U
E01008889,E01008889,U
E01008982,E01008982,U
E01009296,E01009296,U
E01008924,E01008924,U
E01008938,E01008938,U
E01008939,E01008939,U
E01008951,E01008951,U
E01008952,E01008952,U
E01008955,E01008955,U
E01008956,E01008956,U
E01008957,E01008957,U
E01008950,E01008950,U
E01008954,E01008954,U
E01008958,E01008958,U
E01009493,E01009493,U
E01008937,E01008937,U
E01008940,E01008940,U
E01008941,E01008941,U
E01008944,E01008944,U
E01008959,E01008959,U
E01008960,E01008960,U
E01008961,E01008961,U
E01008962,E01008962,U
E01008942,E01008942,U
E01008943,E01008943,U
E01008969,E01008969,U
E01008971,E01008971,U
E01008972,E01008972,U
E01008973,E01008973,U
E01008974,E01008974,U
E01008975,E01008975,U
E01009172,E01009172,U
E01009173,E01009173,U
E01009174,E01009174,U
E01009498,E01009498,U
E01009499,E01009499,U
E01009205,E01009205,U
E01009206,E01009206,U
E01009211,E01009211,U
E01009218,E01009218,U
E01009219,E01009219,U
E01008976,E01008976,U
E01008978,E01008978,U
E01008979,E01008979,U
E01008980,E01008980,U
E01008945,E01008945,U
E01008946,E01008946,U
E01008947,E01008947,U
E01008948,E01008948,U
E01008949,E01008949,U
E01008977,E01008977,U
E01009109,E01009109,U
E01009119,E01009119,U
E01009120,E01009120,U
E01012703,E01012703,U
E01025629,E01025629,U
E01012704,E01012704,U
E01012706,E01012706,U
E01025630,E01025630,U
E01012715,E01012715,U
E01012717,E01012717,U
E01025640,E01025640,U
E01032603,E01032603,U
E01012740,E01012740,U
E01032591,E01032591,U
E01012666,E01012666,U
E01012584,E01012584,U
E01025645,E01025645,U
E01012607,E01012607,U
W01001475,W01001475,U
E01012741,E01012741,U
E01008995,E01008995,U
E01012667,E01012667,U
E01012609,E01012609,U
E01025666,E01025666,U
E01012608,E01012608,U
W01001480,W01001480,U
E01012671,E01012671,U
E01033557,E01033557,U
E01012668,E01012668,U
E01012610,E01012610,U
E01025667,E01025667,U
E01025668,E01025668,U
E01012633,E01012633,U
E01025669,E01025669,U
W01001438,W01001438,U
E01033624,E01033624,U
E01012669,E01012669,U
E01012611,E01012611,U
E01012634,E01012634,U
E01033626,E01033626,U
E01025636,E01025636,U
E01012718,E01012718,U
W01001439,W01001439,U
E01012672,E01012672,U
E01012690,E01012690,U
E01012635,E01012635,U
W01001456,W01001456,U
E01025637,E01025637,U
E01012674,E01012674,U
E01033640,E01033640,U
E01012691,E01012691,U
E01012612,E01012612,U
E01012636,E01012636,U
W01001457,W01001457,U
E01025652,E01025652,U
E01012751,E01012751,U
E01009378,E01034946,S
E01012692,E01012692,U
E01012613,E01012613,U
E01012581,E01012581,U
W01001458,W01001458,U
E01025653,E01025653,U
E01012686,E01012686,U
E01009378,E01034947,S
E01012705,E01012705,U
E01012600,E01012600,U
E01012582,E01012582,U
W01001443,W01001443,U
E01025654,E01025654,U
E01012687,E01012687,U
E01033567,E01033567,U
E01012723,E01012723,U
E01012693,E01012693,U
E01012711,E01012711,U
E01012747,E01012747,U
E01012750,E01012750,U
E01012681,E01012681,U
E01012683,E01012683,U
E01012748,E01012748,U
E01012749,E01012749,U
E01012707,E01012707,U
E01012720,E01012720,U
E01012721,E01012721,U
E01012724,E01012724,U
E01012678,E01012678,U
E01012679,E01012679,U
E01012680,E01012680,U
E01012682,E01012682,U
E01012684,E01012684,U
E01012676,E01012676,U
E01012677,E01012677,U
E01012708,E01012708,U
E01012709,E01012709,U
E01012710,E01012710,U
E01012722,E01012722,U
E01012673,E01012673,U
E01012675,E01012675,U
E01012735,E01012735,U
E01012736,E01012736,U
E01012737,E01012737,U
E01012670,E01012670,U
E01012733,E01012733,U
E01012734,E01012734,U
E01012738,E01012738,U
E01012739,E01012739,U
E01012742,E01012742,U
E01012712,E01012712,U
E01012713,E01012713,U
E01009162,E01009162,U
E01012583,E01012583,U
E01012688,E01012688,U
E01009207,E01009207,U
E01033615,E01033615,U
E01025655,E01025655,U
E01012587,E01012587,U
E01012689,E01012689,U
E01009208,E01009208,U
E01009209,E01009209,U
E01009213,E01009213,U
E01009155,E01009155,U
E01009157,E01009157,U
E01009160,E01009160,U
E01009161,E01009161,U
E01033633,E01034942,S
E01033633,E01034943,S
E01009117,E01009117,U
E01009210,E01009210,U
E01009212,E01009212,U
E01009214,E01009214,U
E01009215,E01009215,U
E01009108,E01009108,U
E01009111,E01009111,U
E01009112,E01009112,U
E01009116,E01009116,U
E01009118,E01009118,U
E01009107,E01009107,U
E01009110,E01009110,U
E01009113,E01009113,U
E01009114,E01009114,U
E01009115,E01009115,U
E01009158,E01009158,U
E01009163,E01034944,S
E01009163,E01034945,S
E01009165,E01009165,U
E01009169,E01009169,U
E01009159,E01009159,U
E01009164,E01009164,U
E01009167,E01009167,U
E01009171,E01009171,U
E01009166,E01009166,U
E01009168,E01009168,U
E01009170,E01009170,U
E01009216,E01009216,U
E01009217,E01009217,U
E01009039,E01009039,U
E01009040,E01009040,U
E01009041,E01009041,U
E01009042,E01009042,U
E01032589,E01032589,U
E01009262,E01009262,U
E01009267,E01009267,U
E01009276,E01009276,U
E01009278,E01009278,U
E01009279,E01009279,U
E01012601,E01012601,U
W01001444,W01001444,U
E01012588,E01012588,U
E01012714,E01012714,U
W01001445,W01001445,U
E01012574,E01012574,U
E01012695,E01012695,U
W01001467,W01001467,U
E01012577,E01012577,U
E01012602,E01012602,U
E01012743,E01012743,U
E01033616,E01033616,U
W01001468,W01001468,U
E01025656,E01025656,U
E01012578,E01012578,U
E01012744,E01012744,U
E01009143,E01009143,U
W01001469,W01001469,U
E01012603,E01012603,U
E01025625,E01025625,U
E01012605,E01012605,U
E01012745,E01012745,U
E01009146,E01009146,U
W01001462,W01001462,U
E01012604,E01012604,U
E01025626,E01025626,U
E01012606,E01012606,U
E01012746,E01012746,U
E01033564,E01033564,U
W01001463,W01001463,U
E01012632,E01012632,U
E01025627,E01025627,U
E01012579,E01012579,U
E01012685,E01012685,U
E01033639,E01034948,S
W01001478,W01001478,U
E01012594,E01012594,U
E01025651,E01025651,U
E01012580,E01012580,U
E01012694,E01012694,U
E01033639,E01034949,S
E01009141,E01009141,U
E01033565,E01033565,U
E01033618,E01033618,U
E01033619,E01034950,S
E01033619,E01034951,S
E01033627,E01033627,U
E01033620,E01033620,U
E01033622,E01033622,U
E01033623,E01033623,U
E01033625,E01033625,U
E01009200,E01009200,U
E01009327,E01009327,U
E01009328,E01009328,U
E01009331,E01009331,U
E01009332,E01009332,U
E01009333,E01009333,U
E01009335,E01009335,U
E01009344,E01009344,U
E01009339,E01009339,U
E01009340,E01034954,S
E01009340,E01034952,S
E01009382,E01009382,U
E01009391,E01009391,U
E01009392,E01009392,U
E01009393,E01009393,U
E01033641,E01034955,S
E01033641,E01034953,S
E01025631,E01025631,U
E01025632,E01025632,U
E01025633,E01025633,U
E01025635,E01025635,U
E01025634,E01025634,U
E01025638,E01025638,U
E01025639,E01025639,U
E01012642,E01012642,U
E01012696,E01012696,U
E01012618,E01012618,U
W01001479,W01001479,U
E01012645,E01012645,U
E01012697,E01012697,U
E01012619,E01012619,U
W01001481,W01001481,U
E01012698,E01012698,U
E01012585,E01012585,U
E01012620,E01012620,U
E01025657,E01025657,U
W01001450,W01001450,U
E01012726,E01012726,U
E01025660,E01025660,U
E01012586,E01012586,U
W01001451,W01001451,U
E01012621,E01012621,U
E01012728,E01012728,U
E01025641,E01025641,U
E01012656,E01012656,U
W01001452,W01001452,U
E01012593,E01012593,U
E01012752,E01012752,U
E01025642,E01025642,U
E01012657,E01012657,U
W01001459,W01001459,U
E01012597,E01012597,U
E01012753,E01012753,U
E01025643,E01025643,U
E01012658,E01012658,U
W01001460,W01001460,U
E01012598,E01012598,U
E01012754,E01012754,U
E01025649,E01025649,U
E01012629,E01012629,U
W01001461,W01001461,U
E01012599,E01012599,U
E01012755,E01012755,U
E01025650,E01025650,U
E01012631,E01012631,U
W01001435,W01001435,U
E01012589,E01012589,U
E01012701,E01012701,U
E01025610,E01025610,U
E01012643,E01012643,U
W01001436,W01001436,U
E01025611,E01025611,U
E01012590,E01012590,U
E01025612,E01025612,U
E01012729,E01012729,U
E01012644,E01012644,U
E01025658,E01025658,U
E01012591,E01012591,U
W01001437,W01001437,U
E01012730,E01012730,U
E01012655,E01012655,U
E01025659,E01025659,U
W01001453,W01001453,U
E01012648,E01012648,U
E01012731,E01012731,U
E01012571,E01012571,U
E01025615,E01025615,U
W01001454,W01001454,U
E01012652,E01012652,U
E01012732,E01012732,U
E01012572,E01012572,U
E01025646,E01025646,U
W01001455,W01001455,U
E01012617,E01012617,U
E01012699,E01012699,U
E01012573,E01012573,U
E01025647,E01025647,U
W01001464,W01001464,U
E01012646,E01012646,U
E01012700,E01012700,U
E01012575,E01012575,U
E01025648,E01025648,U
W01001465,W01001465,U
E01012647,E01012647,U
E01012702,E01012702,U
E01012630,E01012630,U
E01025613,E01025613,U
W01001466,W01001466,U
E01012650,E01012650,U
E01012725,E01012725,U
E01012727,E01012727,U
W01001440,W01001440,U
W01001441,W01001441,U
W01001442,W01001442,U
W01001470,W01001470,U
W01001471,W01001471,U
W01001446,W01001446,U
W01001447,W01001447,U
W01001448,W01001448,U
W01001449,W01001449,U
W01001472,W01001472,U
W01001473,W01001473,U
W01001474,W01001474,U
E01012649,E01012649,U
E01012576,E01012576,U
E01025614,E01025614,U
E01012651,E01012651,U
E01012637,E01012637,U
W01001476,W01001973,M
E01025620,E01025620,U
E01012653,E01012653,U
E01012638,E01012638,U
W01001477,W01001973,M
E01025621,E01025621,U
E01012654,E01012654,U
E01012639,E01012639,U
E01019478,E01019478,U
E01025644,E01025644,U
E01012614,E01012614,U
E01012640,E01012640,U
E01019479,E01019479,U
E01025616,E01025616,U
E01012615,E01012615,U
E01012641,E01012641,U
E01019491,E01019491,U
E01025617,E01025617,U
E01019493,E01019493,U
E01012616,E01012616,U
E01012595,E01012595,U
E01025618,E01025618,U
E01012659,E01012659,U
E01019494,E01034644,S
E01012596,E01012596,U
E01025619,E01025619,U
E01012660,E01012660,U
E01019494,E01034645,S
E01012622,E01012622,U
E01025661,E01025661,U
E01012661,E01012661,U
E01019492,E01019492,U
E01012623,E01012623,U
E01025662,E01025662,U
E01012592,E01012592,U
E01019495,E01019495,U
E01012624,E01012624,U
E01025663,E01025663,U
E01012628,E01012628,U
E01019524,E01019524,U
E01012625,E01012625,U
E01025664,E01025664,U
E01032485,E01032485,U
E01019525,E01019525,U
E01025665,E01025665,U
E01032486,E01032486,U
E01019496,E01019496,U
E01025622,E01025622,U
E01012663,E01012663,U
E01019497,E01019497,U
E01025623,E01025623,U
E01012664,E01012664,U
E01019498,E01019498,U
E01025624,E01025624,U
E01012665,E01012665,U
E01019523,E01019523,U
E01012716,E01012716,U
E01012719,E01012719,U
E01012662,E01012662,U
E01019483,E01019483,U
E01004903,E01004903,U
E01004904,E01004904,U
E01004905,E01004905,U
E01004907,E01004907,U
E01004908,E01004908,U
E01004909,E01004909,U
E01004910,E01004910,U
E01004933,E01004933,U
E01004934,E01004934,U
E01004935,E01004935,U
E01004937,E01004937,U
E01004940,E01004940,U
E01026007,E01026007,U
E01026008,E01026008,U
E01026009,E01026009,U
E01026023,E01026023,U
E01026024,E01026024,U
E01026010,E01026010,U
E01026011,E01034679,S
E01026011,E01034680,S
E01026030,E01026030,U
E01026032,E01026032,U
E01026037,E01026037,U
E01026006,E01034681,S
E01026006,E01034682,S
E01026021,E01026021,U
E01026025,E01026025,U
E01026036,E01026036,U
E01004777,E01004777,U
E01026012,E01026012,U
E01026015,E01026015,U
E01026026,E01026026,U
E01004881,E01004881,U
E01004885,E01004885,U
E01026027,E01026027,U
E01004888,E01004888,U
E01004911,E01004911,U
E01004886,E01004886,U
E01026028,E01026028,U
E01004889,E01004889,U
E01004912,E01004912,U
E01004887,E01004887,U
E01015300,E01015300,U
E01026039,E01026039,U
E01026016,E01026016,U
E01004890,E01004890,U
E01019484,E01019484,U
E01004913,E01004913,U
E01004868,E01004868,U
E01015285,E01034277,S
E01015301,E01015301,U
E01026033,E01026033,U
E01026034,E01026034,U
E01026017,E01026017,U
E01026018,E01026018,U
E01026019,E01026019,U
E01026020,E01026020,U
E01026041,E01026041,U
E01026013,E01026013,U
E01026014,E01026014,U
E01026022,E01026022,U
E01026038,E01026038,U
E01026040,E01026040,U
E01026029,E01034683,S
E01026029,E01034684,S
E01026031,E01026031,U
E01026035,E01026035,U
E01015315,E01015315,U
E01015303,E01015303,U
E01004766,E01004766,U
E01015318,E01015318,U
E01015285,E01034278,S
E01004869,E01004869,U
E01015305,E01015305,U
E01004767,E01004767,U
E01015319,E01015319,U
E01015288,E01015288,U
E01004870,E01004870,U
E01015306,E01015306,U
E01019485,E01019485,U
E01004914,E01004914,U
E01004772,E01004772,U
E01015344,E01015344,U
E01015289,E01015289,U
E01004871,E01004871,U
E01015302,E01015302,U
E01019488,E01019488,U
E01004915,E01004915,U
E01004774,E01004774,U
E01015346,E01015346,U
E01015290,E01015290,U
E01004922,E01004922,U
E01004916,E01004916,U
E01015304,E01015304,U
E01004918,E01004918,U
E01019486,E01019486,U
E01004824,E01004824,U
E01015348,E01015348,U
E01015291,E01015291,U
E01004822,E01004822,U
E01019487,E01019487,U
E01004784,E01004784,U
E01004823,E01004823,U
E01015371,E01015371,U
E01015360,E01015360,U
E01019489,E01019489,U
E01004846,E01004846,U
E01004785,E01004785,U
E01004848,E01004848,U
E01015372,E01015372,U
E01015326,E01015326,U
E01019490,E01019490,U
E01004847,E01004847,U
E01004786,E01004786,U
E01033217,E01033217,U
E01033286,E01033286,U
E01015308,E01015308,U
E01015331,E01015331,U
E01019502,E01019502,U
E01004852,E01004852,U
E01004789,E01004789,U
E01033220,E01033220,U
E01033288,E01033288,U
E01015311,E01015311,U
E01015345,E01015345,U
E01019504,E01019504,U
E01004877,E01004877,U
E01004791,E01004791,U
E01004818,E01004818,U
E01015367,E01015367,U
E01019508,E01019508,U
E01015332,E01015332,U
E01019509,E01019509,U
E01015376,E01015376,U
E01004819,E01004819,U
E01015368,E01015368,U
E01004792,E01004792,U
E01019510,E01019510,U
E01015369,E01015369,U
E01015333,E01015333,U
E01004928,E01004928,U
E01015316,E01015316,U
E01004879,E01004879,U
E01004779,E01004779,U
E01015334,E01015334,U
E01004830,E01004830,U
E01019512,E01034646,S
E01004781,E01004781,U
E01015335,E01015335,U
E01004831,E01004831,U
E01019512,E01034647,S
E01004882,E01004882,U
E01015337,E01015337,U
E01004833,E01004833,U
E01019503,E01019503,U
E01004883,E01004883,U
E01015317,E01015317,U
E01015343,E01015343,U
E01004930,E01004930,U
E01004839,E01004839,U
E01015370,E01015370,U
E01019505,E01019505,U
E01004884,E01004884,U
E01015361,E01015361,U
E01015349,E01015349,U
E01004931,E01004931,U
E01004814,E01004814,U
E01019506,E01019506,U
E01016252,E01016252,U
E01019507,E01019507,U
E01004855,E01004855,U
E01004864,E01004864,U
E01015351,E01015351,U
E01004856,E01004856,U
E01016253,E01016253,U
E01019511,E01019511,U
E01004932,E01004932,U
E01015362,E01015362,U
E01015352,E01015352,U
E01004867,E01004867,U
E01015363,E01015363,U
E01019480,E01019480,U
E01004834,E01004834,U
E01004857,E01004857,U
E01032727,E01035234,S
E01015353,E01015353,U
E01004921,E01004921,U
E01015292,E01015292,U
E01019482,E01019482,U
E01004838,E01004838,U
E01004891,E01004891,U
E01032727,E01035235,S
E01015354,E01015354,U
E01004924,E01004924,U
E01015293,E01015293,U
E01019520,E01019520,U
E01004843,E01004843,U
E01004893,E01004893,U
E01016184,E01035238,S
E01015307,E01015307,U
E01004925,E01004925,U
E01015294,E01015294,U
E01019521,E01019521,U
E01004845,E01004845,U
E01004894,E01004894,U
E01016184,E01035239,S
E01004778,E01004778,U
E01015309,E01015309,U
E01015327,E01015327,U
E01019522,E01019522,U
E01004923,E01004923,U
E01004901,E01004901,U
E01016184,E01035240,S
E01033218,E01033218,U
E01015312,E01015312,U
E01004780,E01004780,U
E01019481,E01019481,U
E01016185,E01016185,U
E01004796,E01004796,U
E01015329,E01015329,U
E01033219,E01033219,U
E01015313,E01015313,U
E01004782,E01004782,U
E01019514,E01019514,U
E01016186,E01035236,S
E01004798,E01004798,U
E01015272,E01015272,U
E01004816,E01004816,U
E01015359,E01015359,U
E01004783,E01004783,U
E01019515,E01019515,U
E01016186,E01035237,S
E01004799,E01004799,U
E01015273,E01015273,U
E01004872,E01004872,U
E01015320,E01015320,U
E01004802,E01004802,U
E01019516,E01019516,U
E01016187,E01016187,U
E01004800,E01004800,U
E01015275,E01015275,U
E01004873,E01004873,U
E01015323,E01015323,U
E01004926,E01004926,U
E01019519,E01019519,U
E01016188,E01016188,U
E01004801,E01004801,U
E01004917,E01004917,U
E01004835,E01004835,U
E01004836,E01004836,U
E01004837,E01004837,U
E01004844,E01004844,U
E01004897,E01004897,U
E01004827,E01004827,U
E01004849,E01004849,U
E01004850,E01004850,U
E01004851,E01004851,U
E01004853,E01004853,U
E01004811,E01004811,U
E01004812,E01004812,U
E01004813,E01004813,U
E01004815,E01004815,U
E01004817,E01004817,U
E01004828,E01004828,U
E01004829,E01004829,U
E01004832,E01004832,U
E01004854,E01004854,U
E01004878,E01004878,U
E01019499,E01019499,U
E01004927,E01004927,U
E01015324,E01015324,U
E01019500,E01019500,U
E01004875,E01004875,U
E01004929,E01004929,U
E01015325,E01015325,U
E01019501,E01019501,U
E01004880,E01004880,U
E01004820,E01004820,U
E01015276,E01015276,U
E01016190,E01016190,U
E01015350,E01015350,U
E01019513,E01019513,U
E01004892,E01004892,U
E01004825,E01004825,U
E01015277,E01015277,U
E01016238,E01016238,U
E01015310,E01015310,U
E01019517,E01019517,U
E01004896,E01004896,U
E01004826,E01004826,U
E01015283,E01034273,S
E01015283,E01034274,S
E01015286,E01015286,U
E01015287,E01034271,S
E01015287,E01034272,S
E01015328,E01015328,U
E01033242,E01033242,U
E01033285,E01033285,U
E01015274,E01015274,U
E01015297,E01015297,U
E01015364,E01015364,U
E01015365,E01015365,U
E01015366,E01015366,U
E01015279,E01015279,U
E01015280,E01015280,U
E01015281,E01015281,U
E01015282,E01034275,S
E01015282,E01034276,S
E01033241,E01033241,U
E01033283,E01033283,U
E01015295,E01015295,U
E01015296,E01015296,U
E01015298,E01015298,U
E01015299,E01015299,U
E01015336,E01015336,U
E01004865,E01004865,U
E01004899,E01004899,U
E01019518,E01019518,U
E01015355,E01015355,U
E01004866,E01004866,U
E01004840,E01004840,U
E01004841,E01004841,U
E01004842,E01004842,U
E01004919,E01004919,U
E01004920,E01004920,U
E01004787,E01004787,U
E01004793,E01004793,U
E01004794,E01004794,U
E01004795,E01004795,U
E01004797,E01004797,U
E01004775,E01004775,U
E01016243,E01016243,U
E01004768,E01004768,U
E01015357,E01015357,U
E01016245,E01016245,U
E01004803,E01004803,U
E01004900,E01004900,U
E01015358,E01015358,U
E01016246,E01016246,U
E01004804,E01004804,U
E01004776,E01004776,U
E01015338,E01015338,U
E01016247,E01016247,U
E01004807,E01004807,U
E01004895,E01004895,U
E01015339,E01015339,U
E01016239,E01016239,U
E01004808,E01004808,U
E01004936,E01004936,U
E01015340,E01015340,U
E01016240,E01016240,U
E01004788,E01004788,U
E01004938,E01004938,U
E01015341,E01015341,U
E01016241,E01016241,U
E01004790,E01004790,U
E01004939,E01004939,U
E01015321,E01015321,U
E01016242,E01016242,U
E01004805,E01004805,U
E01004858,E01004858,U
E01016180,E01016180,U
E01015356,E01015356,U
E01016181,E01016181,U
E01004806,E01004806,U
E01004859,E01004859,U
E01015374,E01015374,U
E01016182,E01016182,U
E01004860,E01004860,U
E01004810,E01004810,U
E01015375,E01015375,U
E01016183,E01016183,U
E01004902,E01004902,U
E01004769,E01004769,U
E01015377,E01015377,U
E01016222,E01016222,U
E01004906,E01004906,U
E01004770,E01004770,U
E01015322,E01015322,U
E01016191,E01016191,U
E01004861,E01004861,U
E01004771,E01004771,U
E01015330,E01015330,U
E01016223,E01016223,U
E01004862,E01004862,U
E01004773,E01004773,U
E01015342,E01015342,U
E01016224,E01016224,U
E01004863,E01004863,U
E01004809,E01004809,U
E01015373,E01015373,U
E01016226,E01016226,U
E01004874,E01004874,U
E01015378,E01015378,U
E01032724,E01032724,U
E01004876,E01004876,U
E01015314,E01015314,U
E01032728,E01032728,U
E01016225,E01035243,S
E01016225,E01035244,S
E01010692,E01010692,U
E01010691,E01010691,U
E01010693,E01010693,U
E01010694,E01010694,U
E01010695,E01010695,U
E01010696,E01010696,U
E01010697,E01010697,U
E01010698,E01010698,U
E01010699,E01010699,U
E01010767,E01010767,U
E01010590,E01010590,U
E01010768,E01010768,U
E01010769,E01010769,U
E01010771,E01010771,U
E01010638,E01010638,U
E01010592,E01010592,U
E01010639,E01010639,U
E01010766,E01010766,U
E01010594,E01010594,U
E01010640,E01010640,U
E01010711,E01010711,U
E01010595,E01010595,U
E01010641,E01010641,U
E01010713,E01010713,U
E01016233,E01016233,U
E01010601,E01010601,U
E01010642,E01010642,U
E01010667,E01010667,U
E01010714,E01010714,U
E01010776,E01010776,U
E01016248,E01016248,U
E01010632,E01010632,U
E01010651,E01010651,U
E01010643,E01010643,U
E01010751,E01010751,U
E01010735,E01010735,U
E01010716,E01010716,U
E01010777,E01010777,U
E01016249,E01035241,S
E01010658,E01010658,U
E01010825,E01010825,U
E01010644,E01010644,U
E01010865,E01010865,U
E01010738,E01010738,U
E01010715,E01010715,U
E01010779,E01010779,U
E01016249,E01035242,S
E01010812,E01010812,U
E01010827,E01010827,U
E01010804,E01010804,U
E01010806,E01010806,U
E01010807,E01010807,U
E01010808,E01010808,U
E01010809,E01010809,U
E01010676,E01010676,U
E01010679,E01010679,U
E01010824,E01010824,U
E01010840,E01010840,U
E01010841,E01010841,U
E01010828,E01010828,U
E01010829,E01010829,U
E01010830,E01010830,U
E01010831,E01010831,U
E01010832,E01010832,U
E01010672,E01010672,U
E01010678,E01010678,U
E01010799,E01010799,U
E01010800,E01010800,U
E01010801,E01010801,U
E01010802,E01010802,U
E01010803,E01010803,U
E01010810,E01010810,U
E01010811,E01010811,U
E01010813,E01010813,U
E01010618,E01010618,U
E01010619,E01010619,U
E01010625,E01010625,U
E01010626,E01010626,U
E01010627,E01010627,U
E01010606,E01010606,U
E01010607,E01010607,U
E01010617,E01010617,U
E01010842,E01010842,U
E01033690,E01033690,U
E01033691,E01033691,U
E01033692,E01033692,U
E01033693,E01033693,U
E01010628,E01010628,U
E01010629,E01010629,U
E01010630,E01010630,U
E01010631,E01010631,U
E01010645,E01010645,U
E01016250,E01016250,U
E01010717,E01010717,U
E01010833,E01010833,U
E01010781,E01010781,U
E01010739,E01010739,U
E01010770,E01010770,U
E01010718,E01010718,U
E01010740,E01010740,U
E01010843,E01010843,U
E01010783,E01010783,U
E01016200,E01016200,U
E01010866,E01010866,U
E01010726,E01010726,U
E01010586,E01010586,U
E01010772,E01010772,U
E01010744,E01010744,U
E01010868,E01010868,U
E01010859,E01010859,U
E01016201,E01016201,U
E01010620,E01010620,U
E01010587,E01010587,U
E01010773,E01010773,U
E01010612,E01010612,U
E01010869,E01010869,U
E01010573,E01010573,U
E01016202,E01016202,U
E01010621,E01010621,U
E01010588,E01010588,U
E01010774,E01010774,U
E01010706,E01010706,U
E01010707,E01010707,U
E01010708,E01010708,U
E01010709,E01010709,U
E01010719,E01010719,U
E01010727,E01010727,U
E01010728,E01010728,U
E01010729,E01010729,U
E01010700,E01010700,U
E01010701,E01010701,U
E01010702,E01010702,U
E01010703,E01010703,U
E01010704,E01010704,U
E01010705,E01010705,U
E01010710,E01010710,U
E01010712,E01010712,U
E01010720,E01010720,U
E01010721,E01010721,U
E01010723,E01010723,U
E01010724,E01010724,U
E01010725,E01010725,U
E01010579,E01010579,U
E01010580,E01010580,U
E01010764,E01010764,U
E01010765,E01010765,U
E01010819,E01010819,U
E01010574,E01010574,U
E01010820,E01010820,U
E01010575,E01010575,U
E01010821,E01010821,U
E01010589,E01010589,U
E01010577,E01010577,U
E01010822,E01010822,U
E01010591,E01010591,U
E01010622,E01010622,U
E01010722,E01010722,U
E01016203,E01016203,U
E01010870,E01010870,U
E01010615,E01010615,U
E01010593,E01010593,U
E01010623,E01010623,U
E01010860,E01010860,U
E01016204,E01016204,U
E01010871,E01010871,U
E01010616,E01010616,U
E01010596,E01010596,U
E01010854,E01010854,U
E01010855,E01010855,U
E01010856,E01010856,U
E01010857,E01010857,U
E01010858,E01010858,U
E01010861,E01010861,U
E01010603,E01010603,U
E01010604,E01010604,U
E01010605,E01010605,U
E01010775,E01010775,U
E01010778,E01010778,U
E01010789,E01010789,U
E01010791,E01010791,U
E01010792,E01010792,U
E01010793,E01010793,U
E01010652,E01010652,U
E01010653,E01010653,U
E01010655,E01010655,U
E01010656,E01010656,U
E01010657,E01010657,U
E01010649,E01010649,U
E01010650,E01010650,U
E01010654,E01010654,U
E01010826,E01010826,U
E01010597,E01010597,U
E01010598,E01010598,U
E01010599,E01010599,U
E01010600,E01010600,U
E01010602,E01010602,U
E01010670,E01010670,U
E01010671,E01010671,U
E01010673,E01010673,U
E01010675,E01010675,U
E01010669,E01010669,U
E01010674,E01010674,U
E01010677,E01033898,S
E01010677,E01033899,S
E01010805,E01010805,U
E01010862,E01010862,U
E01010624,E01010624,U
E01016209,E01016209,U
E01010872,E01010872,U
E01010863,E01010863,U
E01010794,E01010794,U
E01016210,E01016210,U
E01010873,E01010873,U
E01021375,E01021375,U
E01021376,E01021376,U
E01021414,E01021414,U
E01021430,E01021430,U
E01021398,E01021398,U
E01021406,E01021406,U
E01021407,E01021407,U
E01021382,E01021382,U
E01021397,E01021397,U
E01021399,E01021399,U
E01021400,E01021400,U
E01021387,E01021387,U
E01021388,E01021388,U
E01021391,E01021391,U
E01021392,E01021392,U
E01021393,E01021393,U
E01021404,E01021404,U
E01021411,E01021411,U
E01021412,E01021412,U
E01021413,E01021413,U
E01021389,E01021389,U
E01021390,E01021390,U
E01021408,E01021408,U
E01021409,E01021409,U
E01021410,E01021410,U
E01021349,E01021349,U
E01021351,E01021351,U
E01021352,E01021352,U
E01021355,E01021355,U
E01021356,E01021356,U
E01021381,E01021381,U
E01021354,E01021354,U
E01021357,E01021357,U
E01021358,E01021358,U
E01021359,E01021359,U
E01021350,E01021350,U
E01021353,E01021353,U
E01021365,E01021365,U
E01033458,E01033458,U
E01033459,E01033459,U
E01021364,E01021364,U
E01010742,E01010742,U
E01010578,E01010578,U
E01010743,E01010743,U
E01010581,E01010581,U
E01010582,E01010582,U
E01010584,E01010584,U
E01010585,E01010585,U
E01010568,E01010568,U
E01010569,E01010569,U
E01010571,E01010571,U
E01010572,E01010572,U
E01010576,E01010576,U
E01010683,E01010683,U
E01010684,E01010684,U
E01010685,E01010685,U
E01010686,E01010686,U
E01010570,E01010570,U
E01010583,E01010583,U
E01010784,E01010784,U
E01010785,E01010785,U
E01010786,E01010786,U
E01010790,E01010790,U
E01010680,E01010680,U
E01010681,E01010681,U
E01010682,E01010682,U
E01010687,E01010687,U
E01010688,E01010688,U
E01010689,E01010689,U
E01010690,E01010690,U
E01010782,E01010782,U
E01010787,E01010787,U
E01010788,E01010788,U
E01033689,E01033689,U
E01033694,E01033694,U
E01010847,E01010847,U
E01016213,E01016213,U
E01010795,E01010795,U
E01010848,E01010848,U
E01016214,E01016214,U
E01010796,E01010796,U
E01010852,E01010852,U
E01016215,E01016215,U
E01010797,E01010797,U
E01010853,E01010853,U
E01032725,E01035245,S
E01010798,E01010798,U
E01010668,E01010668,U
E01032725,E01035246,S
E01010834,E01010834,U
E01010755,E01010755,U
E01032726,E01032726,U
E01010835,E01033900,S
E01010762,E01010762,U
E01016205,E01016205,U
E01010835,E01033901,S
E01010836,E01010836,U
E01010763,E01010763,U
E01010837,E01010837,U
E01016217,E01016217,U
E01010846,E01010846,U
E01010838,E01010838,U
E01016218,E01016218,U
E01010745,E01010745,U
E01010839,E01010839,U
E01016231,E01016231,U
E01010747,E01010747,U
E01010608,E01010608,U
E01016232,E01016232,U
E01010748,E01010748,U
E01010613,E01010613,U
E01016212,E01016212,U
E01010749,E01010749,U
E01010730,E01010730,U
E01016216,E01016216,U
E01010814,E01010814,U
E01010734,E01010734,U
E01016219,E01016219,U
E01010815,E01010815,U
E01010609,E01010609,U
E01016220,E01016220,U
E01010816,E01010816,U
E01010610,E01010610,U
E01016221,E01016221,U
E01010817,E01010817,U
E01010611,E01010611,U
E01016206,E01016206,U
E01010818,E01010818,U
E01010614,E01010614,U
E01016208,E01016208,U
E01010752,E01010752,U
E01010633,E01010633,U
E01016229,E01016229,U
E01010753,E01010753,U
E01010634,E01010634,U
E01016230,E01016230,U
E01010754,E01010754,U
E01010635,E01010635,U
E01010756,E01010756,U
E01010636,E01010636,U
E01016207,E01016207,U
E01010758,E01010758,U
E01016234,E01016234,U
E01016235,E01016235,U
E01010759,E01010759,U
E01016236,E01016236,U
E01010637,E01010637,U
E01010760,E01010760,U
E01016237,E01016237,U
E01010731,E01010731,U
E01010741,E01010741,U
E01016192,E01016192,U
E01010732,E01010732,U
E01010845,E01010845,U
E01016194,E01016194,U
E01010733,E01010733,U
E01010849,E01010849,U
E01016195,E01016195,U
E01010736,E01010736,U
E01010850,E01010850,U
E01016227,E01016227,U
E01010737,E01010737,U
E01010851,E01010851,U
E01016228,E01016228,U
E01010659,E01010659,U
E01010864,E01010864,U
E01016193,E01016193,U
E01010662,E01010662,U
E01010867,E01010867,U
E01016196,E01016196,U
E01010664,E01010664,U
E01010874,E01010874,U
E01016197,E01016197,U
E01010761,E01010761,U
E01010746,E01010746,U
E01016198,E01016198,U
E01033695,E01033695,U
E01010750,E01010750,U
E01016199,E01016199,U
E01033696,E01033696,U
E01010646,E01010646,U
E01033697,E01033697,U
E01010663,E01010663,U
E01010665,E01010665,U
E01010666,E01010666,U
E01010647,E01010647,U
E01010648,E01010648,U
E01033042,E01033042,U
E01026442,E01026442,U
E01026443,E01026443,U
E01026445,E01026445,U
E01026462,E01026462,U
E01026428,E01026428,U
E01026429,E01026429,U
E01026430,E01026430,U
E01026431,E01026431,U
E01026446,E01026446,U
E01026452,E01026452,U
E01026453,E01026453,U
E01026454,E01026454,U
E01026425,E01026425,U
E01026426,E01026426,U
E01026427,E01026427,U
E01026432,E01026432,U
E01026433,E01026433,U
E01026434,E01026434,U
E01026479,E01026479,U
E01026480,E01026480,U
E01026481,E01026481,U
E01026484,E01026484,U
E01026485,E01026485,U
E01026455,E01035133,S
E01026455,E01035134,S
E01026456,E01026456,U
E01026457,E01026457,U
E01026458,E01026458,U
E01026459,E01026459,U
E01026437,E01026437,U
E01026438,E01026438,U
E01026451,E01026451,U
E01026495,E01026495,U
E01026496,E01026496,U
E01026486,E01026486,U
E01026487,E01026487,U
E01000553,E01000553,U
E01021473,E01021473,U
E01026488,E01026488,U
E01026489,E01026489,U
E01026490,E01026490,U
E01026419,E01026419,U
E01026420,E01026420,U
E01026464,E01026464,U
E01026491,E01026491,U
E01033040,E01033040,U
E01033041,E01033041,U
E01026422,E01035135,S
E01026422,E01035136,S
E01026423,E01026423,U
E01026447,E01026447,U
E01000519,E01000519,U
E01021366,E01021366,U
E01026449,E01026449,U
E01000638,E01000638,U
E01000532,E01000532,U
E01021474,E01021474,U
E01000640,E01000640,U
E01021383,E01021383,U
E01000534,E01000534,U
E01000623,E01000623,U
E01026450,E01026450,U
E01000554,E01000554,U
E01021445,E01021445,U
E01000641,E01000641,U
E01021405,E01021405,U
E01000584,E01000584,U
E01000624,E01000624,U
E01026424,E01026424,U
E01000555,E01000555,U
E01021446,E01021446,U
E01000643,E01000643,U
E01021368,E01021368,U
E01000585,E01000585,U
E01000629,E01000629,U
E01026444,E01026444,U
E01000556,E01000556,U
E01021454,E01021454,U
E01000508,E01000508,U
E01021370,E01021370,U
E01000544,E01000544,U
E01000480,E01000480,U
E01026492,E01026492,U
E01000557,E01000557,U
E01021456,E01021456,U
E01000521,E01000521,U
E01021372,E01021372,U
E01000550,E01000550,U
E01000484,E01000484,U
E01026493,E01026493,U
E01000558,E01000558,U
W01000991,W01000991,U
W01000992,W01000992,U
W01000993,W01000993,U
W01000994,W01000994,U
W01000995,W01000995,U
W01001014,W01001014,U
W01001015,W01001015,U
W01001017,W01001017,U
W01001018,W01001018,U
W01001020,W01001020,U
W01000976,W01000976,U
W01000977,W01000977,U
W01001024,W01001024,U
W01001025,W01001025,U
W01001033,W01001033,U
W01001034,W01001034,U
W01000975,W01000975,U
W01000978,W01000978,U
W01001009,W01001009,U
W01001042,W01001042,U
W01001043,W01001043,U
W01001012,W01001012,U
W01001013,W01001013,U
W01001016,W01001016,U
W01001019,W01001019,U
W01000974,W01000974,U
W01001057,W01001057,U
W01001058,W01001058,U
W01000986,W01000986,U
W01000987,W01000987,U
W01001055,W01001055,U
W01001056,W01001056,U
W01000996,W01000996,U
W01001048,W01001048,U
W01001049,W01001049,U
W01001050,W01001050,U
W01001051,W01001051,U
W01001052,W01001052,U
W01001004,W01001004,U
W01001005,W01001005,U
W01001006,W01001006,U
W01001007,W01001007,U
W01001039,W01001039,U
W01001040,W01001040,U
E01000485,E01000485,U
E01000551,E01000551,U
E01026421,E01026421,U
E01000552,E01000552,U
E01000486,E01000486,U
E01000567,E01000567,U
E01021441,E01021441,U
E01026435,E01026435,U
E01021373,E01035155,S
E01000522,E01000522,U
E01000526,E01000526,U
E01026448,E01026448,U
E01000527,E01000527,U
E01021373,E01035156,S
E01026439,E01026439,U
E01000528,E01000528,U
E01021442,E01021442,U
E01021374,E01021374,U
E01000606,E01000606,U
E01000487,E01000487,U
E01026440,E01026440,U
E01000471,E01000471,U
E01021443,E01021443,U
E01021360,E01021360,U
E01000609,E01000609,U
E01000572,E01000572,U
E01026441,E01026441,U
E01000474,E01000474,U
E01021444,E01021444,U
E01021361,E01021361,U
E01000611,E01000611,U
E01000573,E01000573,U
E01026494,E01026494,U
E01000476,E01000476,U
E01021469,E01021469,U
E01021367,E01021367,U
E01000615,E01000615,U
E01000574,E01000574,U
E01026465,E01026465,U
E01000477,E01000477,U
E01021470,E01021470,U
E01021369,E01021369,U
E01000617,E01000617,U
E01000575,E01000575,U
E01026466,E01026466,U
E01000630,E01000630,U
E01021471,E01021471,U
E01021380,E01021380,U
E01000618,E01000618,U
E01000619,E01000619,U
E01033424,E01033940,S
E01033424,E01033941,S
E01033424,E01033942,S
E01033457,E01033457,U
E01000504,E01000504,U
E01000505,E01000505,U
E01000507,E01000507,U
E01000512,E01000512,U
E01000559,E01000559,U
E01000610,E01000610,U
E01000612,E01000612,U
E01000631,E01000631,U
E01000633,E01000633,U
E01000634,E01000634,U
E01000616,E01000616,U
E01000620,E01000620,U
E01000621,E01000621,U
E01000635,E01033935,S
E01000635,E01033936,S
E01000636,E01000636,U
E01000596,E01000596,U
E01000601,E01000601,U
E01000602,E01000602,U
E01000603,E01000603,U
E01000604,E01000604,U
E01000605,E01000605,U
E01000488,E01000488,U
E01000637,E01000637,U
E01000639,E01000639,U
E01000642,E01000642,U
E01000644,E01000644,U
E01000490,E01000490,U
E01000494,E01000494,U
E01000495,E01000495,U
E01000560,E01000560,U
E01000561,E01000561,U
E01021347,E01021347,U
E01021371,E01021371,U
E01021384,E01021384,U
E01021385,E01021385,U
E01021386,E01021386,U
E01021377,E01021377,U
E01021378,E01021378,U
E01021379,E01021379,U
E01021401,E01021401,U
E01021402,E01021402,U
E01021403,E01021403,U
E01021362,E01021362,U
E01021417,E01021417,U
E01021418,E01021418,U
E01021419,E01021419,U
E01021426,E01021426,U
E01021428,E01021428,U
E01021423,E01021423,U
E01021425,E01021425,U
E01021427,E01021427,U
E01021429,E01021429,U
E01021415,E01021415,U
E01021416,E01021416,U
E01021420,E01021420,U
E01021422,E01021422,U
E01033460,E01033460,U
E01033461,E01033461,U
E01033462,E01033462,U
E01021348,E01021348,U
E01021394,E01021394,U
E01021395,E01021395,U
E01021396,E01021396,U
E01021424,E01021424,U
E01026436,E01026436,U
E01026461,E01026461,U
E01026483,E01026483,U
E01021457,E01021457,U
E01000577,E01000577,U
E01000595,E01000595,U
E01026467,E01026467,U
E01026468,E01026468,U
E01026469,E01026469,U
E01026470,E01026470,U
E01026471,E01026471,U
E01026472,E01026472,U
E01026473,E01026473,U
E01026474,E01026474,U
E01026475,E01026475,U
E01026476,E01026476,U
E01026477,E01026477,U
E01026478,E01026478,U
E01000587,E01000587,U
E01000589,E01000589,U
E01000590,E01000590,U
E01000592,E01000592,U
E01000593,E01000593,U
E01000594,E01000594,U
E01000513,E01000513,U
E01000514,E01000514,U
E01000516,E01000516,U
E01000520,E01000520,U
E01000588,E01033929,S
E01000588,E01033930,S
E01000515,E01000515,U
E01000517,E01000517,U
E01000543,E01000543,U
E01000591,E01000591,U
E01033463,E01033463,U
E01000536,E01000536,U
E01000538,E01000538,U
E01000539,E01000539,U
E01000540,E01000540,U
E01000541,E01000541,U
E01000518,E01000518,U
E01000599,E01000599,U
E01021458,E01021458,U
E01000562,E01000562,U
E01000563,E01000563,U
E01000566,E01000566,U
E01000568,E01000568,U
E01000569,E01000569,U
E01000479,E01000479,U
E01000481,E01000481,U
E01000482,E01033931,S
E01000482,E01033932,S
E01000483,E01000483,U
E01000625,E01000625,U
E01000498,E01000498,U
E01000622,E01000622,U
E01000626,E01000626,U
E01033464,E01033933,S
E01033464,E01033934,S
E01000497,E01000497,U
E01000499,E01000499,U
E01000501,E01000501,U
E01000502,E01000502,U
E01000503,E01000503,U
E01000570,E01000570,U
E01000571,E01000571,U
E01000576,E01000576,U
E01000578,E01000578,U
E01000564,E01000564,U
E01000565,E01000565,U
E01000607,E01000607,U
E01000608,E01000608,U
E01000613,E01000613,U
E01000506,E01000506,U
E01000509,E01000509,U
E01000510,E01000510,U
E01000511,E01000511,U
E01021459,E01021459,U
E01000627,E01000627,U
E01000600,E01033937,S
E01000628,E01000628,U
E01021460,E01021460,U
E01000600,E01033938,S
E01021448,E01021448,U
E01000600,E01033939,S
E01021449,E01021449,U
E01033456,E01033456,U
E01021450,E01021450,U
E01000545,E01000545,U
E01021451,E01021451,U
E01000546,E01000546,U
E01021452,E01021452,U
E01000547,E01000547,U
E01021431,E01021431,U
E01000548,E01000548,U
E01021432,E01021432,U
E01000549,E01000549,U
E01021434,E01021434,U
E01000472,E01000472,U
E01021461,E01021461,U
E01000473,E01000473,U
E01021464,E01021464,U
E01000475,E01000475,U
E01021447,E01021447,U
E01000478,E01000478,U
E01021453,E01021453,U
E01000632,E01000632,U
E01021455,E01021455,U
E01000489,E01000489,U
E01021465,E01021465,U
E01000491,E01000491,U
E01021466,E01021466,U
E01000492,E01000492,U
E01021467,E01021467,U
E01000493,E01000493,U
E01021438,E01021438,U
E01000581,E01000581,U
E01021462,E01021462,U
E01000523,E01000523,U
E01021463,E01021463,U
E01000524,E01000524,U
E01021468,E01021468,U
E01000525,E01000525,U
E01021433,E01021433,U
E01000533,E01000533,U
E01021436,E01034358,S
E01000535,E01000535,U
E01021436,E01034360,S
E01033455,E01033455,U
E01021439,E01034359,S
E01033485,E01033485,U
E01021439,E01034361,S
E01000579,E01000579,U
E01000580,E01000580,U
E01021475,E01021475,U
E01000582,E01000582,U
E01033063,E01033063,U
E01000583,E01000583,U
E01033064,E01033064,U
E01000586,E01000586,U
E01021435,E01021435,U
E01000530,E01000530,U
E01021437,E01021437,U
E01000531,E01000531,U
E01021472,E01021472,U
E01016997,E01016997,U
E01016889,E01016889,U
E01016891,E01016891,U
E01016894,E01016894,U
E01016896,E01016896,U
E01016897,E01016897,U
E01016987,E01016987,U
E01016989,E01016989,U
E01016993,E01016993,U
E01016995,E01016995,U
E01016938,E01016938,U
E01016950,E01016950,U
E01016951,E01016951,U
E01016967,E01016967,U
E01016968,E01016968,U
E01016864,E01016864,U
E01016865,E01016865,U
E01016866,E01016866,U
E01016867,E01016867,U
E01016868,E01016868,U
E01016895,E01016895,U
E01016849,E01016849,U
E01016852,E01016852,U
E01016853,E01016853,U
E01016855,E01016855,U
E01016856,E01016856,U
E01016943,E01016943,U
E01014545,E01014545,U
E01016952,E01016952,U
E01016953,E01016953,U
E01016964,E01016964,U
E01016969,E01016969,U
E01033328,E01033328,U
E01033329,E01033329,U
E01016857,E01016857,U
E01016858,E01016858,U
E01016859,E01016859,U
E01016986,E01016986,U
E01016988,E01016988,U
E01016850,E01016850,U
E01016851,E01016851,U
E01016854,E01016854,U
E01016954,E01016954,U
E01016955,E01016955,U
E01016941,E01016941,U
E01016945,E01016945,U
E01016947,E01016947,U
E01016948,E01016948,U
E01016949,E01016949,U
E01016861,E01016861,U
E01016862,E01016862,U
E01016942,E01016942,U
W01000999,W01000999,U
E01016921,E01016921,U
E01016929,E01016929,U
E01014496,E01014496,U
E01014573,E01014573,U
E01016931,E01016931,U
E01014546,E01014546,U
E01014575,E01014575,U
E01014499,E01014499,U
E01016944,E01016944,U
E01016898,E01016898,U
E01016922,E01016922,U
W01001000,W01001000,U
E01014547,E01014547,U
E01014576,E01014576,U
E01014715,E01014715,U
E01016863,E01016863,U
E01016899,E01016899,U
E01016914,E01016914,U
E01016915,E01016915,U
E01016923,E01016923,U
E01016928,E01016928,U
E01016998,E01016998,U
E01016999,E01016999,U
E01017000,E01017000,U
E01016925,E01016925,U
E01016930,E01016930,U
E01017001,E01017001,U
E01017003,E01017003,U
E01016916,E01016916,U
E01016917,E01016917,U
E01016918,E01016918,U
E01016919,E01016919,U
E01016920,E01016920,U
E01016882,E01016882,U
E01016883,E01016883,U
E01016884,E01016884,U
E01016885,E01016885,U
E01016886,E01016886,U
E01016980,E01016980,U
E01016982,E01016982,U
E01016983,E01016983,U
E01016984,E01016984,U
E01016985,E01016985,U
E01016900,E01016900,U
E01016902,E01016902,U
E01016904,E01016904,U
E01016905,E01016905,U
E01016909,E01016909,U
E01016906,E01016906,U
E01016907,E01016907,U
E01016908,E01016908,U
E01016910,E01016910,U
E01016911,E01016911,U
E01016901,E01016901,U
E01016903,E01016903,U
E01016934,E01016934,U
E01016939,E01016939,U
E01016940,E01016940,U
E01016981,E01016981,U
E01017002,E01017002,U
E01017004,E01017004,U
E01017005,E01017005,U
E01017006,E01017006,U
E01014716,E01014716,U
E01014717,E01014717,U
E01014538,E01014538,U
E01016869,E01016869,U
W01001001,W01001001,U
E01016973,E01016973,U
E01014540,E01033907,S
E01016957,E01016957,U
E01014718,E01014718,U
W01001002,W01001002,U
E01014487,E01014487,U
E01014540,E01033908,S
E01016977,E01016977,U
E01014491,E01014491,U
E01014540,E01033910,S
E01016978,E01016978,U
W01000998,W01001981,S
E01014668,E01014668,U
E01014510,E01014510,U
E01016963,E01016963,U
E01014542,E01033904,S
E01016879,E01016879,U
W01000998,W01001982,S
E01014669,E01014669,U
E01014635,E01014635,U
E01016956,E01016956,U
E01014542,E01033905,S
E01016880,E01016880,U
W01000998,W01001983,S
E01014670,E01014670,U
E01014637,E01014637,U
E01016958,E01016958,U
E01033344,E01033344,U
E01016881,E01016881,U
E01016887,E01016887,U
E01016888,E01016888,U
E01016976,E01016976,U
E01016932,E01016932,U
E01016933,E01016933,U
E01016935,E01016935,U
E01016936,E01016936,U
E01016937,E01016937,U
E01016890,E01016890,U
E01016966,E01016966,U
E01016970,E01016970,U
E01016971,E01016971,U
E01016972,E01016972,U
E01016979,E01016979,U
E01016990,E01016990,U
E01016991,E01016991,U
E01016996,E01016996,U
E01017007,E01017007,U
E01017008,E01017008,U
E01017009,E01017009,U
E01017010,E01017010,U
E01017011,E01017011,U
E01017012,E01017012,U
E01016892,E01016892,U
E01016893,E01016893,U
E01016912,E01016912,U
E01016913,E01016913,U
E01016946,E01016946,U
E01016860,E01016860,U
E01016871,E01016871,U
E01016872,E01016872,U
E01016873,E01016873,U
E01016878,E01016878,U
E01016870,E01016870,U
E01016874,E01016874,U
E01016875,E01016875,U
E01016876,E01016876,U
E01016877,E01016877,U
E01016974,E01016974,U
E01016975,E01016975,U
E01016992,E01016992,U
E01016994,E01016994,U
E01014662,E01014662,U
E01033345,E01033906,S
E01014615,E01014615,U
E01033345,E01033909,S
E01014617,E01014617,U
E01033350,E01033350,U
E01014618,E01014618,U
E01014677,E01014677,U
E01014620,E01014620,U
E01014571,E01014571,U
W01000998,W01001984,S
E01014678,E01014678,U
E01014577,E01014577,U
W01001008,W01001008,U
E01014679,E01014679,U
E01014586,E01014586,U
E01016959,E01016959,U
W01001038,W01001038,U
E01014680,E01014680,U
E01016960,E01016960,U
E01014587,E01014587,U
W01000997,W01000997,U
E01014548,E01014548,U
E01016961,E01016961,U
E01014588,E01014588,U
E01014671,E01014671,U
W01001010,W01001010,U
E01014549,E01014549,U
E01014622,E01014622,U
W01001011,W01001011,U
E01014589,E01014589,U
E01014550,E01014550,U
E01014623,E01014623,U
E01016962,E01016962,U
W01001026,W01001026,U
E01014590,E01014590,U
E01014555,E01014555,U
E01014626,E01014626,U
E01014601,E01014601,U
E01014602,E01014602,U
E01014603,E01014603,U
E01014605,E01014605,U
E01032516,E01032516,U
E01032517,E01032517,U
E01014688,E01014688,U
E01014689,E01014689,U
E01014690,E01014690,U
E01014691,E01014691,U
E01014692,E01014692,U
E01014693,E01014693,U
E01014694,E01014694,U
E01014497,E01014497,U
E01014498,E01014498,U
E01014638,E01014638,U
E01014639,E01014639,U
E01014640,E01014640,U
E01014631,E01014631,U
E01014632,E01014632,U
E01014633,E01014633,U
E01014636,E01014636,U
E01014630,E01014630,U
E01014634,E01014634,U
E01014659,E01014659,U
E01014661,E01014661,U
E01014616,E01014616,U
E01014719,E01014719,U
E01014720,E01014720,U
E01014721,E01014721,U
E01014641,E01014641,U
E01014642,E01014642,U
E01014643,E01014643,U
E01014644,E01014644,U
E01014492,E01014492,U
E01014493,E01014493,U
E01014494,E01014494,U
E01014495,E01014495,U
W01000989,W01000989,U
E01014528,E01014528,U
W01001037,W01001037,U
E01014529,E01014529,U
W01001041,W01001041,U
E01014530,E01014530,U
E01014531,E01014531,U
E01014532,E01014532,U
E01014537,E01014537,U
E01014695,E01014695,U
E01014696,E01014696,U
E01014698,E01014698,U
E01014699,E01014699,U
E01014700,E01014700,U
E01014701,E01014701,U
E01014730,E01014730,U
E01014731,E01014731,U
E01014732,E01014732,U
E01014735,E01014735,U
E01014523,E01014523,U
E01014524,E01014524,U
E01014525,E01014525,U
E01014526,E01014526,U
E01014527,E01014527,U
E01014500,E01014500,U
E01014502,E01014502,U
E01033359,E01033359,U
E01033361,E01033361,U
E01033362,E01033362,U
E01033364,E01033364,U
E01014729,E01014729,U
E01014733,E01014733,U
E01014627,E01014627,U
E01014591,E01014591,U
W01001021,W01001021,U
E01014557,E01014557,U
E01014592,E01014592,U
W01001022,W01001022,U
E01014558,E01014558,U
E01014660,E01014660,U
W01001023,W01001023,U
E01014559,E01014559,U
E01014663,E01014663,U
W01001028,W01001028,U
E01014560,E01014560,U
E01014664,E01014664,U
W01001035,W01001035,U
E01014562,E01014562,U
E01014665,E01014665,U
W01000979,W01000979,U
E01014485,E01014485,U
W01000983,W01000983,U
E01014486,E01014486,U
E01014709,E01014709,U
W01000985,W01000985,U
E01014710,E01014710,U
E01014488,E01014488,U
W01001003,W01001003,U
E01014711,E01014711,U
E01014489,E01014489,U
W01000980,W01000980,U
E01014712,E01014712,U
E01033347,E01033347,U
W01000981,W01000981,U
E01014713,E01014713,U
E01033348,E01033348,U
W01000982,W01000982,U
E01014714,E01014714,U
E01033366,E01033366,U
W01000984,W01000984,U
E01014507,E01014507,U
E01014539,E01014539,U
W01000990,W01000990,U
E01014508,E01014508,U
E01014561,E01014561,U
W01001027,W01001027,U
E01014509,E01014509,U
E01014563,E01014563,U
W01001036,W01001036,U
E01014511,E01014511,U
E01033342,E01033342,U
W01001918,W01001918,U
E01014512,E01014512,U
E01033367,E01033367,U
W01001919,W01001919,U
E01014513,E01014513,U
E01014551,E01014551,U
W01001920,W01001920,U
E01014514,E01014514,U
E01014552,E01014552,U
W01001921,W01001921,U
E01014619,E01014619,U
E01014553,E01014553,U
W01001031,W01001031,U
E01014554,E01014554,U
E01014621,E01014621,U
W01001032,W01001032,U
E01014666,E01014666,U
E01014556,E01014556,U
W01001046,W01001046,U
E01014667,E01014667,U
E01014673,E01014673,U
W01001047,W01001047,U
E01014672,E01014672,U
E01014674,E01014674,U
W01001053,W01001053,U
E01014624,E01014624,U
E01014675,E01014675,U
W01001054,W01001054,U
E01014629,E01014629,U
E01014676,E01014676,U
W01001029,W01001029,U
E01032518,E01032518,U
E01014682,E01014682,U
W01001030,W01001030,U
E01032519,E01032519,U
E01014683,E01014683,U
W01001044,W01001044,U
E01014572,E01014572,U
E01014685,E01014685,U
W01001045,W01001045,U
E01014686,E01014686,U
E01016924,E01016924,U
E01014687,E01014687,U
E01016926,E01016926,U
E01014565,E01014565,U
E01016927,E01016927,U
E01014566,E01014566,U
E01014567,E01014567,U
E01014681,E01014681,U
E01014684,E01014684,U
E01014544,E01014544,U
E01000726,E01000726,U
E01026571,E01026571,U
E01000787,E01000787,U
E01026572,E01026572,U
E01000788,E01000788,U
E01026573,E01026573,U
E01000791,E01000791,U
E01026574,E01026574,U
E01000832,E01000832,U
E01026575,E01026575,U
E01000835,E01000835,U
E01026576,E01026576,U
E01000836,E01000836,U
E01026577,E01026577,U
E01000837,E01000837,U
E01026508,E01026508,U
E01000838,E01000838,U
E01026509,E01026509,U
E01000839,E01000839,U
E01026510,E01026510,U
E01000840,E01000840,U
E01026511,E01026511,U
E01000841,E01000841,U
E01026497,E01026497,U
E01000753,E01000753,U
E01026498,E01026498,U
E01000754,E01000754,U
E01026538,E01026538,U
E01000755,E01000755,U
E01026539,E01026539,U
E01000757,E01000757,U
E01000779,E01000779,U
E01000758,E01000758,U
E01000780,E01000780,U
E01000786,E01000786,U
E01000781,E01000781,U
E01000789,E01000789,U
E01000782,E01000782,U
E01000792,E01000792,U
E01000783,E01000783,U
E01000793,E01000793,U
E01000785,E01000785,U
E01000795,E01000795,U
E01026549,E01026549,U
E01000689,E01000689,U
E01000665,E01000665,U
E01000690,E01000690,U
E01000666,E01000666,U
E01000691,E01000691,U
E01000667,E01000667,U
E01014593,E01014593,U
E01000816,E01000816,U
E01014734,E01014734,U
E01000820,E01000820,U
E01026550,E01026550,U
E01000822,E01000822,U
E01000818,E01000818,U
E01014736,E01014736,U
E01000692,E01000692,U
E01000756,E01000756,U
E01000829,E01000829,U
E01014501,E01014501,U
E01000823,E01000823,U
E01000819,E01000819,U
E01026551,E01026551,U
E01014595,E01014595,U
E01000784,E01000784,U
E01026552,E01026552,U
E01000759,E01000759,U
E01032562,E01032562,U
E01000719,E01000719,U
E01014596,E01014596,U
E01000824,E01000824,U
E01014504,E01014504,U
E01000799,E01000799,U
E01026562,E01026562,U
E01000760,E01000760,U
E01032563,E01032563,U
E01000720,E01000720,U
E01014597,E01014597,U
E01014611,E01014611,U
E01014612,E01014612,U
E01014722,E01014722,U
E01014723,E01014723,U
E01014725,E01014725,U
E01014726,E01014726,U
E01014727,E01014727,U
E01032514,E01032514,U
E01032515,E01032515,U
E01033352,E01033352,U
E01033353,E01033353,U
E01033355,E01033902,S
E01033355,E01033903,S
E01033358,E01033358,U
E01033370,E01033370,U
E01014564,E01014564,U
E01014653,E01014653,U
E01014655,E01014655,U
E01014654,E01014654,U
E01014658,E01014658,U
E01033356,E01033356,U
E01033369,E01033369,U
E01014568,E01014568,U
E01014569,E01014569,U
E01014570,E01014570,U
E01014574,E01014574,U
E01026499,E01026499,U
E01026500,E01026500,U
E01026501,E01026501,U
E01026502,E01026502,U
E01026503,E01026503,U
E01026522,E01026522,U
E01026523,E01026523,U
E01026524,E01026524,U
E01026525,E01026525,U
E01026547,E01026547,U
E01026548,E01026548,U
E01026514,E01026514,U
E01026515,E01026515,U
E01026516,E01026516,U
E01026517,E01026517,U
E01026533,E01026533,U
E01026534,E01026534,U
E01026535,E01026535,U
E01026536,E01026536,U
E01026537,E01026537,U
E01000721,E01000721,U
E01000802,E01000802,U
E01014505,E01014505,U
E01000761,E01000761,U
E01000825,E01000825,U
E01000765,E01000765,U
E01000803,E01000803,U
E01000743,E01000743,U
E01014506,E01014506,U
E01000724,E01000724,U
E01026563,E01026563,U
E01000707,E01000707,U
E01000804,E01000804,U
E01000768,E01000768,U
E01014645,E01014645,U
E01000708,E01000708,U
E01000744,E01000744,U
E01026564,E01026564,U
E01000805,E01000805,U
E01000728,E01000728,U
E01000681,E01000681,U
E01014646,E01014646,U
E01000771,E01000771,U
E01000796,E01000796,U
E01026565,E01026565,U
E01000740,E01034383,S
E01000651,E01000651,U
E01000682,E01000682,U
E01014648,E01014648,U
E01000774,E01000774,U
E01000798,E01000798,U
E01026566,E01026566,U
E01000740,E01034384,S
E01000668,E01000668,U
E01000683,E01000683,U
E01014649,E01014649,U
E01032568,E01032568,U
E01000800,E01000800,U
E01026567,E01026567,U
E01000741,E01000741,U
E01000669,E01000669,U
E01000684,E01000684,U
E01014651,E01014651,U
E01000658,E01000658,U
E01000806,E01000806,U
E01026568,E01026568,U
E01000742,E01000742,U
E01000671,E01000671,U
E01000794,E01000794,U
E01014533,E01014533,U
E01000747,E01000747,U
E01000693,E01000693,U
E01000745,E01000745,U
E01026518,E01026518,U
E01000749,E01000749,U
E01000748,E01000748,U
E01014534,E01014534,U
E01000698,E01000698,U
E01000679,E01000679,U
E01000746,E01000746,U
E01000750,E01000750,U
E01000736,E01000736,U
E01014535,E01014535,U
E01000709,E01000709,U
E01000826,E01000826,U
E01032570,E01032570,U
E01026519,E01026519,U
E01000751,E01000751,U
E01000737,E01000737,U
E01014536,E01014536,U
E01000710,E01000710,U
E01000827,E01000827,U
E01032138,E01032138,U
E01026520,E01026520,U
E01000752,E01000752,U
E01000672,E01000672,U
E01014578,E01014578,U
E01000711,E01000711,U
E01000830,E01000830,U
E01032139,E01032139,U
E01026521,E01026521,U
E01000680,E01000680,U
E01000673,E01000673,U
E01014583,E01014583,U
E01000714,E01000714,U
E01000831,E01000831,U
E01032140,E01032140,U
E01026545,E01026545,U
E01000685,E01000685,U
E01000716,E01000716,U
E01014585,E01014585,U
E01000718,E01000718,U
E01000833,E01000833,U
E01032141,E01032141,U
E01026546,E01026546,U
E01000686,E01000686,U
E01000717,E01000717,U
E01014647,E01014647,U
E01000645,E01000645,U
E01000650,E01000650,U
E01032136,E01032136,U
E01032137,E01032137,U
E01032168,E01032168,U
E01032169,E01032169,U
E01032176,E01032176,U
E01032126,E01032126,U
E01032170,E01032170,U
E01032171,E01032171,U
E01032172,E01032172,U
E01032133,E01032133,U
E01032135,E01032135,U
E01032145,E01032145,U
E01032147,E01032147,U
E01032134,E01032134,U
E01032146,E01032146,U
E01032177,E01032177,U
E01032178,E01032178,U
E01032142,E01032142,U
E01032143,E01032143,U
E01032144,E01032144,U
E01032149,E01032149,U
E01032127,E01032127,U
E01032128,E01032128,U
E01032129,E01032129,U
E01032152,E01032152,U
E01032148,E01032148,U
E01032150,E01032150,U
E01032151,E01032151,U
E01032153,E01032153,U
E01032155,E01032155,U
E01032122,E01032122,U
E01032123,E01032123,U
E01000649,E01000649,U
E01000687,E01000687,U
E01014650,E01014650,U
E01000828,E01000828,U
E01000694,E01000694,U
E01000688,E01000688,U
E01014579,E01014579,U
E01000712,E01000712,U
E01000695,E01000695,U
E01026578,E01026578,U
E01000654,E01000654,U
E01000652,E01000652,U
E01000713,E01000713,U
E01014580,E01014580,U
E01000715,E01000715,U
E01000696,E01000696,U
E01026579,E01026579,U
E01000807,E01000807,U
E01000770,E01000770,U
E01014581,E01014581,U
E01026580,E01026580,U
E01000697,E01000697,U
E01000655,E01000655,U
E01026540,E01026540,U
E01014582,E01014582,U
E01000674,E01000674,U
E01000772,E01000772,U
E01000809,E01000809,U
E01000656,E01000656,U
E01026541,E01026541,U
E01014584,E01014584,U
E01000676,E01000676,U
E01000700,E01000700,U
E01000722,E01000722,U
E01000657,E01000657,U
E01026542,E01026542,U
E01014518,E01014518,U
E01000702,E01000702,U
E01000725,E01000725,U
E01000659,E01000659,U
E01026543,E01026543,U
E01014519,E01014519,U
E01000703,E01000703,U
E01000731,E01000731,U
E01026544,E01026544,U
E01014520,E01014520,U
E01000706,E01000706,U
E01000732,E01000732,U
E01026526,E01026526,U
E01014521,E01014521,U
E01000797,E01000797,U
E01000733,E01000733,U
E01026527,E01026527,U
E01014607,E01014607,U
E01000729,E01000729,U
E01000769,E01000769,U
E01026528,E01026528,U
E01014608,E01014608,U
E01000773,E01000773,U
E01026529,E01026529,U
E01014609,E01014609,U
E01000775,E01000775,U
E01000730,E01000730,U
E01026530,E01026530,U
E01000777,E01000777,U
E01000735,E01000735,U
E01014610,E01014610,U
E01026531,E01026531,U
E01000778,E01000778,U
E01000738,E01000738,U
E01014613,E01014613,U
E01026532,E01026532,U
E01000808,E01000808,U
E01000739,E01000739,U
E01014614,E01014614,U
E01026553,E01026553,U
E01000810,E01000810,U
E01000699,E01000699,U
E01014594,E01014594,U
E01026554,E01026554,U
E01000811,E01000811,U
E01000701,E01000701,U
E01014598,E01014598,U
E01026555,E01026555,U
E01000813,E01000813,U
E01000704,E01000704,U
E01014599,E01014599,U
E01026556,E01026556,U
E01000815,E01000815,U
E01000705,E01000705,U
E01014600,E01014600,U
E01026557,E01026557,U
E01000661,E01000661,U
E01000801,E01000801,U
E01014702,E01014702,U
E01026558,E01026558,U
E01000662,E01000662,U
E01000646,E01000646,U
E01014703,E01014703,U
E01026559,E01026559,U
E01000663,E01000663,U
E01000647,E01000647,U
E01014704,E01014704,U
E01026560,E01026560,U
E01000664,E01000664,U
E01000648,E01000648,U
E01014705,E01014705,U
E01000653,E01000653,U
E01000763,E01000763,U
E01026561,E01034765,S
E01000678,E01000678,U
E01026561,E01034766,S
E01000764,E01000764,U
E01000670,E01000670,U
E01026504,E01026504,U
E01014706,E01014706,U
E01000766,E01000766,U
E01000675,E01034386,S
E01026505,E01026505,U
E01014707,E01014707,U
E01000767,E01000767,U
E01000675,E01034385,S
E01026506,E01026506,U
E01014708,E01014708,U
E01000834,E01000834,U
E01000677,E01000677,U
E01026507,E01026507,U
E01014515,E01014515,U
E01000727,E01000727,U
E01000762,E01000762,U
E01026512,E01026512,U
E01014516,E01014516,U
E01000734,E01000734,U
E01026513,E01026513,U
E01014517,E01014517,U
E01000790,E01000790,U
E01026569,E01026569,U
E01014522,E01014522,U
E01000812,E01000812,U
E01026570,E01026570,U
E01000814,E01000814,U
E01000723,E01000723,U
E01028121,E01028121,U
E01033412,E01033412,U
E01033413,E01033413,U
E01024859,E01024859,U
E01024861,E01024861,U
E01024862,E01024862,U
E01024891,E01024891,U
E01024892,E01024892,U
E01024894,E01024894,U
E01024893,E01024893,U
E01024896,E01024896,U
E01024897,E01024897,U
E01024898,E01024898,U
E01024856,E01024856,U
E01024875,E01024875,U
E01024876,E01024876,U
E01024877,E01024877,U
E01024878,E01024878,U
E01024895,E01024895,U
E01024883,E01024883,U
E01024884,E01024884,U
E01024885,E01024885,U
E01024886,E01024886,U
E01024889,E01024889,U
E01024890,E01024890,U
E01024879,E01024879,U
E01024880,E01024880,U
E01024912,E01024912,U
E01024913,E01024913,U
E01024914,E01024914,U
E01024881,E01024881,U
E01024882,E01024882,U
E01024902,E01024902,U
E01024911,E01024911,U
E01024855,E01024855,U
E01024857,E01024857,U
E01024858,E01024858,U
E01024864,E01024864,U
E01024863,E01024863,U
E01024865,E01024865,U
E01024866,E01024866,U
E01024867,E01024867,U
E01024860,E01024860,U
E01024868,E01024868,U
E01024869,E01024869,U
E01024870,E01024870,U
E01024872,E01024872,U
E01024899,E01024899,U
E01005007,E01005007,U
E01024900,E01024900,U
E01024907,E01024907,U
E01032124,E01032124,U
W01001339,W01001339,U
E01028123,E01028123,U
E01024908,E01024908,U
E01004980,E01004980,U
E01005024,E01005024,U
E01028124,E01028124,U
E01005026,E01005026,U
E01004947,E01004947,U
E01028087,E01028087,U
E01004948,E01004948,U
E01028088,E01028088,U
E01028089,E01028089,U
E01028090,E01028090,U
E01028091,E01028091,U
E01028125,E01028125,U
E01028126,E01028126,U
E01028127,E01028127,U
E01028134,E01028134,U
E01028076,E01028076,U
E01028077,E01028077,U
E01028078,E01028078,U
E01028079,E01028079,U
E01028084,E01028084,U
E01028128,E01028128,U
E01028129,E01028129,U
E01028130,E01028130,U
E01028131,E01028131,U
E01028132,E01028132,U
E01028133,E01028133,U
E01028073,E01028073,U
E01028074,E01028074,U
E01028075,E01028075,U
E01028085,E01028085,U
E01028086,E01028086,U
E01028080,E01028080,U
E01028081,E01028081,U
E01028082,E01028082,U
E01028083,E01028083,U
E01028097,E01028097,U
E01028098,E01028098,U
E01028099,E01028099,U
E01028100,E01028100,U
E01028101,E01028101,U
E01028069,E01028069,U
E01028070,E01028070,U
E01028094,E01028094,U
E01028095,E01028095,U
E01028096,E01028096,U
E01028135,E01028135,U
E01028136,E01028136,U
E01028137,E01028137,U
E01028138,E01028138,U
E01028139,E01028139,U
E01028105,E01028105,U
E01028106,E01028106,U
E01028119,E01028119,U
E01028120,E01028120,U
E01032125,E01032125,U
E01024909,E01024909,U
E01005011,E01005011,U
W01001334,W01001334,U
E01032154,E01032154,U
E01032159,E01032159,U
E01032160,E01032160,U
E01032161,E01032161,U
E01032156,E01032156,U
E01032157,E01032157,U
E01032173,E01032173,U
E01032175,E01032175,U
E01032158,E01032158,U
E01032162,E01032162,U
E01033059,E01033059,U
E01033061,E01033061,U
E01032130,E01034316,S
E01032130,E01034317,S
E01032131,E01032131,U
E01032132,E01032132,U
E01032174,E01032174,U
E01032166,E01034318,S
E01032166,E01034319,S
E01033060,E01033060,U
E01033062,E01033062,U
E01033243,E01033243,U
E01023316,E01023316,U
E01023317,E01023317,U
E01023318,E01023318,U
E01023319,E01023319,U
E01023327,E01023327,U
E01004983,E01004983,U
E01023328,E01023328,U
E01024874,E01024874,U
E01023329,E01023329,U
E01004986,E01004986,U
W01001335,W01001335,U
E01024887,E01024887,U
E01023330,E01023330,U
E01004962,E01004962,U
E01004964,E01004964,U
E01004987,E01004987,U
E01004949,E01004949,U
E01004950,E01004950,U
E01004988,E01004988,U
E01004951,E01004951,U
E01004941,E01004941,U
E01023331,E01023331,U
W01001347,W01001347,U
E01004952,E01004952,U
E01024888,E01024888,U
E01004942,E01004942,U
E01023320,E01023320,U
W01001351,W01001351,U
E01004943,E01004943,U
E01023321,E01023321,U
W01001356,W01001356,U
E01024901,E01024901,U
E01004953,E01004953,U
W01001357,W01001357,U
E01005025,E01005025,U
E01024904,E01024904,U
W01001358,W01001358,U
E01005027,E01005027,U
E01004944,E01004944,U
E01024906,E01024906,U
E01023322,E01023322,U
W01001359,W01001359,U
E01005028,E01005028,U
E01004946,E01004946,U
E01024910,E01024910,U
E01023323,E01023323,U
W01001390,W01001390,U
E01005029,E01005029,U
E01004969,E01004969,U
E01024871,E01024871,U
E01023289,E01023289,U
W01001391,W01001391,U
E01005000,E01005000,U
E01004970,E01004970,U
E01024873,E01024873,U
E01023290,E01023290,U
W01001352,W01001352,U
E01005001,E01005001,U
E01004971,E01004971,U
E01024903,E01024903,U
E01023291,E01023291,U
W01001353,W01001353,U
E01005005,E01005005,U
E01005034,E01005034,U
E01024905,E01024905,U
E01023292,E01023292,U
W01001387,W01001387,U
E01005006,E01005006,U
E01004972,E01004972,U
E01005014,E01005014,U
E01023340,E01023340,U
W01001388,W01001388,U
E01005030,E01005030,U
E01004973,E01004973,U
E01023310,E01023310,U
E01005015,E01005015,U
E01005016,E01005016,U
E01005017,E01005017,U
E01005018,E01005018,U
E01005021,E01005021,U
E01005019,E01005019,U
E01005023,E01005023,U
E01005046,E01005046,U
E01005048,E01005048,U
E01005020,E01005020,U
E01005022,E01005022,U
E01005047,E01005047,U
E01005049,E01005049,U
E01005051,E01005051,U
E01004976,E01004976,U
E01004977,E01004977,U
E01004978,E01004978,U
E01004981,E01004981,U
E01004982,E01004982,U
E01004961,E01004961,U
E01004965,E01004965,U
E01004966,E01004966,U
E01004967,E01004967,U
E01004963,E01004963,U
E01004968,E01004968,U
E01005050,E01005050,U
E01005052,E01005052,U
E01005053,E01005053,U
E01004954,E01004954,U
E01004955,E01004955,U
E01004956,E01004956,U
E01004957,E01004957,U
E01004960,E01004960,U
E01004958,E01004958,U
E01004959,E01004959,U
E01004979,E01004979,U
E01023311,E01023311,U
E01004975,E01004975,U
W01001389,W01001389,U
E01023312,E01023312,U
E01005039,E01005039,U
W01001414,W01001414,U
E01023313,E01023313,U
E01005045,E01005045,U
W01001415,W01001415,U
E01023341,E01023341,U
E01005054,E01005054,U
E01023315,E01023315,U
E01004974,E01004974,U
W01001416,W01001416,U
E01023342,E01035583,S
E01005059,E01005059,U
E01023302,E01023302,U
E01023303,E01023303,U
E01023304,E01023304,U
E01023305,E01023305,U
E01023306,E01023306,U
E01023314,E01023314,U
E01023324,E01023324,U
E01023325,E01023325,U
E01023326,E01023326,U
E01023297,E01023297,U
E01023298,E01023298,U
E01023299,E01023299,U
E01023300,E01023300,U
E01023301,E01023301,U
E01023293,E01023293,U
E01023294,E01023294,U
E01023295,E01023295,U
E01023296,E01023296,U
E01023332,E01023332,U
E01023333,E01023333,U
E01023334,E01023334,U
E01023335,E01023335,U
E01023336,E01023336,U
E01023337,E01023337,U
E01023338,E01035585,S
E01023338,E01035586,S
E01023339,E01023339,U
E01028092,E01028092,U
E01028093,E01028093,U
E01028107,E01028107,U
E01028108,E01028108,U
E01028114,E01028114,U
E01028110,E01028110,U
E01028111,E01028111,U
E01028112,E01028112,U
E01028113,E01028113,U
E01028109,E01028109,U
E01028115,E01028115,U
E01028116,E01028116,U
E01028117,E01028117,U
E01028118,E01028118,U
E01028102,E01028102,U
E01028103,E01028103,U
E01028104,E01028104,U
E01028122,E01028122,U
W01001417,W01001417,U
E01023342,E01035584,S
E01005060,E01005060,U
E01023343,E01023343,U
W01001418,W01001418,U
E01005033,E01005033,U
E01023344,E01023344,U
E01005036,E01005036,U
W01001348,W01001348,U
E01023307,E01023307,U
E01004997,E01004997,U
E01005037,E01005037,U
W01001349,W01001349,U
E01023308,E01023308,U
E01004998,E01004998,U
E01005031,E01005031,U
W01001350,W01001350,U
E01023309,E01023309,U
E01004999,E01004999,U
E01005032,E01005032,U
W01001392,W01001392,U
E01005002,E01005002,U
E01005035,E01005035,U
W01001380,W01001380,U
E01005003,E01005003,U
E01005038,E01005038,U
E01005040,E01005040,U
E01005041,E01005041,U
E01005042,E01005042,U
E01005043,E01005043,U
E01005044,E01005044,U
W01001374,W01001374,U
W01001375,W01001375,U
W01001376,W01001376,U
W01001406,W01001406,U
W01001428,W01001428,U
W01001429,W01001429,U
W01001360,W01001360,U
W01001361,W01001361,U
W01001384,W01001384,U
W01001385,W01001385,U
W01001386,W01001386,U
W01001325,W01001325,U
W01001326,W01001326,U
W01001362,W01001362,U
W01001336,W01001336,U
W01001337,W01001337,U
W01001338,W01001338,U
E01004991,E01004991,U
E01004992,E01004992,U
E01004993,E01004993,U
E01004994,E01004994,U
E01004990,E01004990,U
E01004996,E01004996,U
E01005004,E01005004,U
E01005008,E01005008,U
E01005009,E01005009,U
E01004945,E01004945,U
E01005055,E01005055,U
E01005056,E01005056,U
E01005057,E01005057,U
E01005058,E01005058,U
E01004995,E01004995,U
E01005010,E01005010,U
E01005012,E01005012,U
E01005013,E01005013,U
E01004984,E01004984,U
E01004985,E01004985,U
E01004989,E01004989,U
W01001381,W01001381,U
W01001382,W01001382,U
W01001383,W01001383,U
W01001401,W01001401,U
W01001402,W01001402,U
W01001403,W01001403,U
W01001404,W01001404,U
W01001405,W01001405,U
W01001363,W01001363,U
W01001364,W01001364,U
W01001365,W01001365,U
W01001369,W01001369,U
W01001377,W01001377,U
W01001378,W01001378,U
W01001379,W01001379,U
W01001432,W01001432,U
W01001433,W01001433,U
W01001434,W01001434,U
W01001327,W01001327,U
W01001328,W01001328,U
W01001329,W01001329,U
W01001354,W01001354,U
W01001355,W01001355,U
W01001430,W01001430,U
E01000863,E01000863,U
E01000946,E01000946,U
E01000947,E01000947,U
E01000948,E01000948,U
E01000952,E01000952,U
E01000953,E01035708,S
E01000953,E01035709,S
E01000954,E01000954,U
E01000955,E01000955,U
E01000956,E01000956,U
E01000944,E01000944,U
E01000945,E01035710,M
E01000949,E01000949,U
E01000950,E01035710,M
E01010983,E01010983,U
E01010926,E01010926,U
E01000951,E01000951,U
E01000936,E01035712,M
E01000938,E01000938,U
E01010985,E01010985,U
E01010931,E01010931,U
E01000939,E01000939,U
W01001431,W01001431,U
E01010986,E01010986,U
E01010932,E01010932,U
E01010891,E01010891,U
E01000971,E01000971,U
E01017995,E01017995,U
E01017958,E01035514,M
E01000940,E01035712,M
E01000853,E01000853,U
E01000937,E01000937,U
E01000941,E01000941,U
E01000942,E01000942,U
E01000943,E01000943,U
E01000850,E01000850,U
E01000851,E01000851,U
E01000852,E01035711,M
E01000854,E01035711,M
E01000915,E01000915,U
E01000916,E01000916,U
E01000917,E01000917,U
E01000920,E01000920,U
E01000855,E01000855,U
E01000914,E01000914,U
E01000918,E01000918,U
E01000919,E01000919,U
E01029368,E01029368,U
E01029369,E01029369,U
E01029370,E01029370,U
E01029371,E01029371,U
E01029402,E01029402,U
E01029372,E01029372,U
E01029373,E01029373,U
E01029401,E01029401,U
E01029403,E01029403,U
E01029404,E01029404,U
E01029345,E01029345,U
E01029346,E01029346,U
E01029347,E01029347,U
E01029348,E01029348,U
E01000972,E01000972,U
E01010987,E01010987,U
E01010933,E01010933,U
E01017943,E01017943,U
E01010892,E01010892,U
E01000973,E01000973,U
W01001407,W01001407,U
E01017996,E01017996,U
E01010988,E01010988,U
E01010935,E01010935,U
E01017944,E01017944,U
E01010895,E01010895,U
E01000842,E01000842,U
W01001408,W01001408,U
W01001409,W01001409,U
W01001410,W01001410,U
W01001411,W01001411,U
W01001412,W01001412,U
W01001413,W01001413,U
W01001330,W01001330,U
W01001331,W01001331,U
W01001332,W01001332,U
W01001333,W01001333,U
W01001366,W01001366,U
W01001367,W01001367,U
W01001368,W01001368,U
W01001393,W01001393,U
W01001397,W01001397,U
W01001400,W01001400,U
W01001340,W01001340,U
W01001341,W01001341,U
W01001344,W01001344,U
W01001346,W01001346,U
W01001342,W01001342,U
W01001343,W01001343,U
W01001345,W01001345,U
W01001419,W01001419,U
W01001371,W01001371,U
W01001372,W01001372,U
W01001373,W01001373,U
W01001420,W01001420,U
W01001421,W01001421,U
W01001422,W01001422,U
W01001370,W01001370,U
W01001394,W01001394,U
W01001395,W01001395,U
W01001396,W01001396,U
W01001399,W01001399,U
W01001398,W01001398,U
W01001423,W01001423,U
W01001424,W01001424,U
W01001425,W01001425,U
W01001426,W01001426,U
W01001427,W01001427,U
E01010911,E01010911,U
E01010912,E01010912,U
E01010913,E01010913,U
E01010915,E01010915,U
E01010914,E01010914,U
E01010924,E01010924,U
E01010925,E01010925,U
E01010996,E01010996,U
E01010936,E01010936,U
E01000844,E01000844,U
E01000907,E01000907,U
E01011001,E01011001,U
E01010937,E01010937,U
E01000848,E01000848,U
E01010945,E01010945,U
E01017945,E01017945,U
E01000908,E01000908,U
E01010881,E01010881,U
E01017946,E01017946,U
E01000909,E01000909,U
E01000849,E01000849,U
E01010948,E01010948,U
E01010882,E01010882,U
E01017947,E01017947,U
E01011002,E01011002,U
E01000912,E01000912,U
E01000900,E01000900,U
E01010889,E01010889,U
E01010883,E01010883,U
E01017948,E01017948,U
E01011003,E01011003,U
E01000913,E01000913,U
E01000902,E01000902,U
E01010890,E01010890,U
E01010887,E01010887,U
E01017983,E01017983,U
E01010878,E01010878,U
E01000893,E01000893,U
E01000904,E01000904,U
E01010893,E01010893,U
E01010888,E01010888,U
E01017984,E01035516,M
E01010879,E01010879,U
E01000894,E01000894,U
E01000905,E01000905,U
E01010894,E01010894,U
E01010923,E01010923,U
E01017985,E01017985,U
E01010905,E01010905,U
E01000895,E01000895,U
E01000906,E01000906,U
E01000875,E01000875,U
E01000876,E01000876,U
E01000931,E01000931,U
E01000932,E01000932,U
E01000974,E01000974,U
E01000843,E01000843,U
E01000845,E01000845,U
E01000846,E01000846,U
E01000847,E01000847,U
E01000864,E01035707,M
E01000865,E01035707,M
E01000867,E01000867,U
E01000868,E01000868,U
E01000869,E01000869,U
E01000962,E01000962,U
E01000964,E01000964,U
E01000965,E01000965,U
E01000966,E01000966,U
E01000968,E01000968,U
E01000960,E01000960,U
E01000961,E01000961,U
E01000963,E01000963,U
E01000967,E01000967,U
E01000857,E01000857,U
E01000858,E01000858,U
E01000859,E01000859,U
E01000860,E01000860,U
E01000862,E01000862,U
E01000856,E01000856,U
E01000861,E01000861,U
E01000957,E01000957,U
E01000958,E01000958,U
E01000959,E01000959,U
E01000929,E01000929,U
E01000930,E01000930,U
E01000933,E01000933,U
E01000934,E01000934,U
E01000935,E01000935,U
E01010901,E01010901,U
E01010916,E01010916,U
E01010903,E01010903,U
E01010896,E01010896,U
E01010939,E01010939,U
E01010897,E01010897,U
E01010941,E01010941,U
E01010908,E01010908,U
E01010898,E01010898,U
E01010942,E01010942,U
E01010910,E01010910,U
E01010944,E01010944,U
E01010969,E01010969,U
E01017986,E01035516,M
E01010899,E01010899,U
E01010938,E01010938,U
E01032797,E01035515,S
E01010970,E01010970,U
E01000896,E01000896,U
E01010940,E01010940,U
E01010900,E01010900,U
E01032797,E01035517,S
E01010974,E01010974,U
E01000899,E01000899,U
E01010943,E01010943,U
E01010902,E01010902,U
E01017987,E01017987,U
E01010977,E01010977,U
E01000910,E01000910,U
E01010961,E01010961,U
E01010952,E01010952,U
E01017988,E01017988,U
E01010975,E01010975,U
E01000911,E01000911,U
E01010917,E01010917,U
E01010953,E01010953,U
E01017989,E01017989,U
E01010976,E01010976,U
E01000921,E01000921,U
E01010918,E01010918,U
E01010954,E01010954,U
E01017990,E01017990,U
E01010978,E01010978,U
E01000923,E01000923,U
E01010919,E01010919,U
E01010955,E01010955,U
E01017991,E01017991,U
E01010979,E01010979,U
E01000928,E01000928,U
E01010920,E01010920,U
E01010957,E01010957,U
E01017997,E01017997,U
E01010980,E01010980,U
E01000878,E01000878,U
E01010921,E01010921,U
E01017975,E01017975,U
E01017998,E01017998,U
E01010981,E01010981,U
E01000879,E01000879,U
E01000880,E01000880,U
E01000884,E01000884,U
E01000885,E01000885,U
E01000871,E01000871,U
E01000872,E01000872,U
E01000873,E01000873,U
E01000874,E01000874,U
E01000877,E01000877,U
E01000886,E01000886,U
E01000887,E01000887,U
E01000888,E01000888,U
E01000892,E01000892,U
E01000903,E01000903,U
E01000889,E01000889,U
E01000890,E01000890,U
E01000891,E01000891,U
E01000901,E01000901,U
E01000922,E01000922,U
E01000927,E01000927,U
E01000881,E01000881,U
E01000882,E01000882,U
E01000883,E01000883,U
E01000897,E01000897,U
E01000898,E01000898,U
E01000866,E01000866,U
E01000870,E01000870,U
E01000924,E01000924,U
E01000925,E01000925,U
E01000926,E01000926,U
E01000969,E01000969,U
E01000970,E01000970,U
E01010934,E01010934,U
E01010989,E01010989,U
E01017999,E01017999,U
E01017976,E01017976,U
E01010967,E01010967,U
E01010990,E01010990,U
E01018000,E01018000,U
E01017977,E01017977,U
E01010994,E01034582,S
E01010991,E01010991,U
E01018001,E01018001,U
E01017978,E01017978,U
E01010994,E01034583,S
E01010992,E01010992,U
E01017965,E01017965,U
E01017979,E01017979,U
E01032923,E01032923,U
E01010927,E01010927,U
E01010928,E01010928,U
E01010997,E01010997,U
E01010999,E01010999,U
E01010929,E01010929,U
E01010930,E01010930,U
E01010998,E01010998,U
E01011000,E01011000,U
E01010904,E01010904,U
E01010906,E01010906,U
E01010907,E01010907,U
E01010909,E01010909,U
E01010960,E01010960,U
E01010964,E01010964,U
E01010965,E01010965,U
E01010966,E01010966,U
E01010995,E01010995,U
E01010982,E01010982,U
E01017980,E01017980,U
E01017949,E01017949,U
E01017950,E01017950,U
E01017951,E01017951,U
E01017952,E01017952,U
E01017953,E01017953,U
E01017954,E01017954,U
E01017971,E01017971,U
E01017972,E01017972,U
E01017973,E01017973,U
E01017974,E01017974,U
E01032792,E01032792,U
E01032802,E01032802,U
E01018006,E01018006,U
E01018007,E01018007,U
E01018008,E01018008,U
E01018009,E01018009,U
E01018010,E01018010,U
E01017955,E01017955,U
E01017956,E01035512,S
E01017956,E01035513,S
E01017956,E01035511,S
E01017957,E01035514,M
E01017966,E01035518,S
E01017966,E01035519,S
E01017967,E01017967,U
E01017968,E01017968,U
E01017969,E01017969,U
E01017959,E01017959,U
E01017960,E01017960,U
E01017961,E01017961,U
E01017962,E01017962,U
E01017963,E01017963,U
E01017964,E01017964,U
E01018002,E01035524,S
E01018002,E01035525,S
E01018002,E01035526,S
E01018003,E01035527,S
E01018003,E01035528,S
E01018003,E01035529,S
E01018003,E01035530,S
E01018005,E01018005,U
E01032794,E01032794,U
E01032795,E01035522,S
E01032795,E01035523,S
E01017992,E01017992,U
E01017993,E01035520,S
E01017993,E01035521,S
E01017994,E01017994,U
E01010993,E01010993,U
E01010875,E01010875,U
E01010876,E01010876,U
E01010877,E01010877,U
E01010880,E01010880,U
E01010949,E01010949,U
E01010922,E01010922,U
E01010956,E01010956,U
E01010958,E01010958,U
E01010959,E01010959,U
E01010968,E01010968,U
E01010971,E01010971,U
E01010972,E01010972,U
E01010973,E01010973,U
E01010884,E01010884,U
E01010885,E01010885,U
E01010886,E01010886,U
E01010984,E01010984,U
E01010946,E01010946,U
E01010947,E01010947,U
E01010950,E01010950,U
E01010951,E01010951,U
E01029374,E01029374,U
E01029383,E01029383,U
E01029385,E01029385,U
E01029388,E01029388,U
E01029390,E01029390,U
E01029384,E01034098,S
E01029384,E01034097,S
E01029386,E01029386,U
E01029387,E01029387,U
E01029389,E01029389,U
E01029379,E01029379,U
E01029398,E01029398,U
E01029399,E01029399,U
E01029400,E01029400,U
E01029354,E01029354,U
E01029355,E01029355,U
E01029356,E01029356,U
E01029357,E01029357,U
E01029358,E01029358,U
W01001843,W01002017,S
E01024082,E01024082,U
E01029349,E01029349,U
E01029350,E01029350,U
E01029351,E01029351,U
E01029352,E01029352,U
E01029393,E01029393,U
E01029380,E01029380,U
E01029381,E01029381,U
E01029382,E01029382,U
E01029391,E01029391,U
E01029392,E01029392,U
E01029375,E01029375,U
E01029376,E01029376,U
E01029377,E01029377,U
E01029378,E01029378,U
E01029353,E01029353,U
E01029364,E01029364,U
E01029365,E01029365,U
E01029366,E01029366,U
E01029367,E01029367,U
E01029359,E01029359,U
E01029360,E01029360,U
E01029361,E01029361,U
E01029362,E01029362,U
E01029363,E01029363,U
E01029394,E01029394,U
E01029395,E01029395,U
E01029396,E01029396,U
E01029397,E01029397,U
E01024078,E01024078,U
E01024080,E01024080,U
E01024081,E01024081,U
W01001803,W01001803,U
W01001781,W01001781,U
W01001945,W01002025,S
W01001843,W01002018,S
W01001947,W01001947,U
W01001804,W01001804,U
W01001782,W01001782,U
E01024095,E01024095,U
W01001844,W01001844,U
W01001805,W01001805,U
W01001699,W01001699,U
W01001783,W01001783,U
W01001698,W01001698,U
E01024094,E01024094,U
E01024067,E01024067,U
W01001849,W01001849,U
W01001852,W01001852,U
W01001853,W01001853,U
W01001854,W01001854,U
W01001791,W01001791,U
W01001792,W01001792,U
W01001797,W01001797,U
W01001800,W01001800,U
W01001949,W01001949,U
W01001953,W01001953,U
W01001820,W01001820,U
W01001846,W01001846,U
W01001847,W01001847,U
W01001948,W01001948,U
W01001954,W01001954,U
W01001802,W01001802,U
W01001807,W01001807,U
W01001808,W01001808,U
W01001840,W01001840,U
W01001730,W01001730,U
W01001731,W01001731,U
W01001736,W01001736,U
W01001815,W01001815,U
W01001811,W01001811,U
W01001816,W01001816,U
W01001817,W01001817,U
W01001818,W01001818,U
W01001888,W01001888,U
W01001893,W01001893,U
W01001894,W01001894,U
W01001895,W01001895,U
W01001877,W01001877,U
W01001878,W01001878,U
W01001882,W01001882,U
W01001885,W01001885,U
W01001773,W01001773,U
W01001848,W01001848,U
W01001850,W01001850,U
W01001851,W01001851,U
W01001879,W01001879,U
W01001880,W01001880,U
W01001881,W01001881,U
W01001884,W01001884,U
W01001727,W01001727,U
W01001728,W01001728,U
W01001729,W01001729,U
W01001819,W01001819,U
W01001870,W01001870,U
W01001871,W01001871,U
W01001875,W01002020,S
W01001875,W01002021,S
W01001876,W01001876,U
W01001869,W01001869,U
W01001872,W01001872,U
W01001873,W01001873,U
W01001874,W01001874,U
W01001737,W01001737,U
W01001738,W01001738,U
W01001739,W01001739,U
W01001740,W01001740,U
W01001741,W01001741,U
W01001709,W01002022,S
W01001709,W01002023,S
W01001710,W01001710,U
W01001711,W01001711,U
W01001712,W01001712,U
W01001713,W01001713,U
W01001704,W01001704,U
W01001706,W01001706,U
W01001707,W01001707,U
W01001746,W01001746,U
W01001855,W01001855,U
W01001856,W01001856,U
W01001857,W01001857,U
W01001862,W01001862,U
W01001742,W01001742,U
W01001743,W01001743,U
W01001744,W01001744,U
W01001745,W01001745,U
W01001764,W01001764,U
W01001765,W01001765,U
W01001766,W01001766,U
W01001767,W01001767,U
W01001768,W01001768,U
W01001702,W01001702,U
W01001703,W01001703,U
W01001705,W01001705,U
W01001708,W01001708,U
E01024068,E01024068,U
W01001942,W01001942,U
W01001784,W01001784,U
E01024096,E01024096,U
W01001806,W01001806,U
W01001866,W01001866,U
W01001867,W01001867,U
W01001883,W01001883,U
W01001886,W01001886,U
W01001809,W01001809,U
E01024097,E01024097,U
W01001747,W01001747,U
W01001810,W01001810,U
E01024098,E01024098,U
W01001748,W01001748,U
W01001946,W01001946,U
W01001812,W01001812,U
E01024064,E01024064,U
W01001749,W01001749,U
E01024123,E01024123,U
W01001759,W01001759,U
W01001950,W01001950,U
W01001813,W01001813,U
E01024066,E01024066,U
W01001751,W01001751,U
E01032809,E01035308,S
W01001760,W01001760,U
W01001951,W01001951,U
W01001814,W01001814,U
E01024079,E01024079,U
W01001718,W01001718,U
E01032809,E01035309,S
W01001761,W01001761,U
W01001952,W01001952,U
W01001769,W01001769,U
E01024083,E01024083,U
W01001719,W01001719,U
E01024099,E01024099,U
W01001762,W01001762,U
E01019226,E01019226,U
W01001770,W01001770,U
E01024118,E01024118,U
W01001720,W01001720,U
E01024100,E01024100,U
W01001940,W01001940,U
E01019227,E01019227,U
W01001771,W01001771,U
E01024059,E01024059,U
W01001722,W01001722,U
E01024101,E01024101,U
W01001943,W01001943,U
W01001774,W01001774,U
E01019228,E01019228,U
E01024065,E01024065,U
W01001944,W01001944,U
E01019229,E01019229,U
W01001732,W01001732,U
W01001726,W01001726,U
E01024102,E01024102,U
W01001822,W01001822,U
E01024103,E01024103,U
W01001823,W01001823,U
E01024047,E01024047,U
W01001824,W01001824,U
E01024049,E01024049,U
W01001825,W01001825,U
E01024090,E01024090,U
W01001831,W01001831,U
E01024092,E01024092,U
W01001836,W01001836,U
E01024093,E01024093,U
W01001945,W01002024,S
W01001837,W01001837,U
W01001733,W01001733,U
E01019200,E01019200,U
E01024044,E01024044,U
E01024117,E01024117,U
W01001838,W01001838,U
W01001734,W01001734,U
E01019201,E01019201,U
E01024045,E01024045,U
E01024119,E01024119,U
W01001839,W01001839,U
W01001735,W01001735,U
E01019202,E01019202,U
E01024046,E01024046,U
E01024120,E01024120,U
W01001750,W01001750,U
W01001887,W01001887,U
E01019225,E01019225,U
E01024048,E01024048,U
E01024056,E01024056,U
W01001752,W01001752,U
W01001889,W01001889,U
E01019188,E01019188,U
E01019189,E01019189,U
E01019190,E01019190,U
E01019191,E01019191,U
E01019244,E01019244,U
E01019196,E01019196,U
E01019238,E01019238,U
E01019240,E01019240,U
E01019241,E01019241,U
E01019243,E01019243,U
E01019251,E01019251,U
E01019192,E01019192,U
E01019195,E01019195,U
E01019203,E01019203,U
E01019254,E01019254,U
E01019255,E01019255,U
E01019204,E01019204,U
E01019206,E01019206,U
E01019234,E01019234,U
E01019235,E01019235,U
E01019237,E01019237,U
E01019242,E01019242,U
E01019219,E01019219,U
E01019224,E01019224,U
E01019239,E01019239,U
E01019249,E01019249,U
E01019250,E01019250,U
E01019205,E01019205,U
E01019207,E01019207,U
E01019215,E01019215,U
E01019218,E01019218,U
E01019233,E01019233,U
E01019193,E01019193,U
E01019194,E01019194,U
E01024131,E01024131,U
E01024052,E01024052,U
E01024053,E01024053,U
E01024054,E01024054,U
E01024127,E01024127,U
E01024042,E01024042,U
E01024043,E01024043,U
E01024088,E01024088,U
E01024057,E01024057,U
E01024089,E01024089,U
W01001891,W01001891,U
E01024058,E01024058,U
E01024128,E01024128,U
E01024129,E01024129,U
E01024130,E01035310,S
E01024130,E01035311,S
E01024104,E01024104,U
E01024121,E01024121,U
E01024122,E01024122,U
E01024124,E01024124,U
E01024126,E01024126,U
E01032807,E01032807,U
E01032808,E01032808,U
W01001777,W01001777,U
W01001778,W01001778,U
W01001794,W01001794,U
W01001799,W01001799,U
W01001793,W01001793,U
W01001795,W01001795,U
W01001796,W01001796,U
W01001798,W01001798,U
W01001841,W01001841,U
W01001842,W01001842,U
W01001843,W01002016,S
W01001753,W01001753,U
W01001754,W01001754,U
W01001892,W01001892,U
W01001721,W01001721,U
E01024114,E01024114,U
W01001896,W01001896,U
W01001724,W01001724,U
E01024115,E01024115,U
W01001772,W01001772,U
W01001725,W01001725,U
E01024073,E01024073,U
W01001775,W01001775,U
W01001922,W01001922,U
E01024074,E01024074,U
W01001776,W01001776,U
W01001939,W01002019,M
E01024075,E01024075,U
W01001890,W01001890,U
W01001941,W01002019,M
E01024076,E01024076,U
W01001863,W01001863,U
W01001829,W01001829,U
E01024077,E01024077,U
E01024055,E01024055,U
E01024061,E01024061,U
E01024063,E01024063,U
E01024071,E01024071,U
E01024116,E01024116,U
E01024060,E01024060,U
E01024069,E01024069,U
E01024070,E01024070,U
E01024072,E01024072,U
E01024106,E01024106,U
E01024062,E01024062,U
E01024105,E01024105,U
E01024107,E01024107,U
E01024108,E01024108,U
E01024109,E01024109,U
E01024084,E01024084,U
E01024085,E01024085,U
E01024086,E01024086,U
E01024087,E01024087,U
E01024091,E01024091,U
E01024110,E01024110,U
E01024111,E01024111,U
E01024112,E01024112,U
E01024113,E01024113,U
W01001864,W01001864,U
W01001865,W01001865,U
W01001868,W01001868,U
W01001785,W01001785,U
W01001786,W01001786,U
W01001787,W01001787,U
W01001788,W01001788,U
W01001789,W01001789,U
W01001790,W01001790,U
W01001821,W01001821,U
W01001826,W01001826,U
W01001827,W01001827,U
W01001828,W01001828,U
W01001755,W01001755,U
W01001756,W01001756,U
W01001757,W01001757,U
W01001758,W01001758,U
W01001779,W01001779,U
W01001780,W01001780,U
W01001830,W01001830,U
W01001832,W01001832,U
W01001833,W01001833,U
W01001834,W01001834,U
W01001835,W01001835,U
W01001858,W01001858,U
W01001859,W01001859,U
W01001860,W01001860,U
W01001861,W01001861,U
W01001714,W01001714,U
W01001715,W01001715,U
W01001716,W01001716,U
W01001717,W01001717,U
W01001694,W01001694,U
W01001695,W01001695,U
W01001696,W01001696,U
W01001697,W01001697,U
E01017599,E01033835,S
E01017565,E01017565,U
E01017567,E01017567,U
E01017568,E01017568,U
E01017569,E01017569,U
E01017570,E01033836,S
E01017570,E01033837,S
E01017592,E01017592,U
E01017593,E01017593,U
E01017594,E01017594,U
E01017623,E01017623,U
E01017624,E01017624,U
E01017625,E01017625,U
E01017626,E01017626,U
E01017571,E01017571,U
E01017572,E01017572,U
E01017586,E01017586,U
E01017587,E01017587,U
E01017588,E01017588,U
E01017561,E01017561,U
E01017377,E01017377,U
W01000692,W01000692,U
E01017562,E01017562,U
E01017563,E01017563,U
E01017564,E01017564,U
W01000523,W01000523,U
W01000548,W01000548,U
W01000549,W01000549,U
W01001937,W01001937,U
W01000512,W01000512,U
E01017621,E01017621,U
W01000513,W01000513,U
W01000517,W01000517,U
W01001934,W01002000,S
W01001934,W01002001,S
W01000515,W01000515,U
W01000516,W01000516,U
W01000518,W01000518,U
W01001935,W01001935,U
W01001936,W01001936,U
W01000506,W01000506,U
W01000524,W01000524,U
W01000538,W01000538,U
W01000539,W01000539,U
W01000540,W01000540,U
W01000529,W01002002,M
W01000532,W01002002,M
W01000544,W01002002,M
W01000545,W01000545,U
W01000527,W01000527,U
W01000528,W01000528,U
W01000535,W01000535,U
W01000537,W01000537,U
W01000644,W01000644,U
E01019230,E01019230,U
E01017436,E01017436,U
E01021531,E01021531,U
E01017622,E01017622,U
E01019231,E01019231,U
W01000645,W01000645,U
E01017603,E01017603,U
E01019232,E01019232,U
W01000648,W01000648,U
W01000726,W01001999,M
E01017604,E01017604,U
E01021476,E01021476,U
E01017430,E01017430,U
E01017378,E01017378,U
E01019252,E01019252,U
W01000649,W01000649,U
W01000727,W01001999,M
E01017431,E01017431,U
E01017413,E01017413,U
E01017605,E01017605,U
E01021477,E01021477,U
W01000651,W01000651,U
W01000637,W01000637,U
E01019209,E01019209,U
E01017432,E01017432,U
E01017414,E01017414,U
E01017606,E01017606,U
E01021478,E01021478,U
W01000652,W01000652,U
W01000638,W01000638,U
W01000639,W01000639,U
W01000640,W01000640,U
W01000641,W01000641,U
W01000642,W01000642,U
W01000693,W01000693,U
W01000694,W01000694,U
W01000656,W01000656,U
W01000657,W01000657,U
W01000658,W01000658,U
W01000718,W01000718,U
W01000719,W01000719,U
W01000680,W01000680,U
W01000681,W01000681,U
W01000724,W01000724,U
W01000725,W01000725,U
W01000675,W01000675,U
W01000695,W01000695,U
W01000696,W01000696,U
W01000722,W01000722,U
W01000723,W01000723,U
W01000625,W01000625,U
W01000626,W01000626,U
W01000627,W01000627,U
W01000714,W01000714,U
W01000715,W01000715,U
W01000697,W01000697,U
W01000698,W01000698,U
W01000699,W01000699,U
W01000712,W01000712,U
W01000713,W01000713,U
W01000662,W01000662,U
W01000663,W01000663,U
W01000664,W01000664,U
W01000716,W01000716,U
W01000717,W01000717,U
W01000665,W01000665,U
W01000666,W01000666,U
W01000731,W01000731,U
W01000670,W01000670,U
W01000671,W01000671,U
W01000729,W01000729,U
W01000730,W01000730,U
W01000690,W01000690,U
W01000691,W01000691,U
E01017607,E01017607,U
E01021516,E01021516,U
E01017415,E01017415,U
E01017435,E01017435,U
E01017437,E01017437,U
E01017555,E01017555,U
E01017425,E01017425,U
E01021479,E01021479,U
E01017438,E01017438,U
E01017556,E01017556,U
E01017426,E01017426,U
E01021481,E01021481,U
E01019211,E01019211,U
E01021483,E01021483,U
E01017439,E01017439,U
E01017557,E01017557,U
E01021512,E01021512,U
E01019216,E01019216,U
E01017427,E01017427,U
W01000655,W01000655,U
E01017608,E01017608,U
E01017428,E01017428,U
E01017440,E01017440,U
E01021526,E01021526,U
W01000632,W01000632,U
E01017609,E01017609,U
E01019217,E01019217,U
E01017429,E01017429,U
E01017441,E01017441,U
E01017444,E01017444,U
E01017371,E01017371,U
E01017372,E01017372,U
E01017373,E01017373,U
E01017374,E01017374,U
E01017375,E01017375,U
E01017391,E01017391,U
E01017392,E01017392,U
E01017393,E01017393,U
E01017442,E01017442,U
E01017443,E01017443,U
E01017446,E01017446,U
E01017447,E01017447,U
E01017449,E01017449,U
E01033188,E01033188,U
E01033189,E01033189,U
E01033190,E01033190,U
E01017399,E01017399,U
E01017400,E01017400,U
E01017401,E01017401,U
E01017402,E01017402,U
E01017403,E01017403,U
E01017404,E01017404,U
E01017405,E01017405,U
E01017406,E01017406,U
E01017407,E01017407,U
E01017398,E01017398,U
E01017408,E01017408,U
E01017409,E01017409,U
E01017445,E01033824,S
E01017445,E01033825,S
E01017450,E01017450,U
E01017558,E01017558,U
E01017559,E01017559,U
E01017560,E01017560,U
E01017616,E01017616,U
E01017577,E01017577,U
E01017615,E01033826,S
E01017615,E01033827,S
E01017620,E01017620,U
W01000633,W01000633,U
E01017412,E01017412,U
E01017589,E01017589,U
E01021517,E01021517,U
W01000634,W01000634,U
E01019220,E01019220,U
E01017590,E01017590,U
E01021519,E01021519,U
E01017422,E01017422,U
W01000710,W01000710,U
E01017591,E01017591,U
E01019236,E01019236,U
E01021530,E01021530,U
E01017423,E01017423,U
W01000711,W01000711,U
E01017610,E01017610,U
E01019197,E01019197,U
E01021532,E01021532,U
E01017424,E01017424,U
W01000703,W01000703,U
E01017611,E01017611,U
E01019198,E01019198,U
E01021482,E01021482,U
E01017383,E01017383,U
W01000704,W01000704,U
E01017612,E01017612,U
E01019199,E01019199,U
E01021518,E01021518,U
E01017384,E01017384,U
W01000705,W01000705,U
E01017613,E01017613,U
E01019221,E01019221,U
E01021520,E01021520,U
E01021529,E01021529,U
E01021480,E01021480,U
E01021521,E01021521,U
E01021522,E01021522,U
E01021523,E01021523,U
E01021524,E01021524,U
E01021487,E01021487,U
E01021494,E01021494,U
E01021504,E01021504,U
E01021505,E01021505,U
E01021506,E01021506,U
E01021492,E01021492,U
E01021493,E01021493,U
E01021495,E01021495,U
E01021496,E01021496,U
E01021485,E01021485,U
E01021486,E01021486,U
E01021488,E01021488,U
E01021503,E01021503,U
E01021507,E01021507,U
E01021508,E01021508,U
E01021484,E01021484,U
E01021498,E01021498,U
E01021499,E01021499,U
E01021501,E01021501,U
E01021502,E01021502,U
E01021489,E01021489,U
E01021490,E01021490,U
E01021491,E01021491,U
E01021497,E01021497,U
E01021500,E01021500,U
E01017433,E01017433,U
E01017434,E01017434,U
E01017614,E01017614,U
E01019222,E01019222,U
W01000653,W01000653,U
E01017573,E01017573,U
E01019245,E01019245,U
E01019208,E01019208,U
W01000654,W01000654,U
E01019210,E01019210,U
E01017385,E01017385,U
E01017575,E01033828,S
E01019246,E01019246,U
E01017386,E01017386,U
E01017575,E01033829,S
E01019247,E01019247,U
W01000667,W01000667,U
E01017387,E01017387,U
E01017575,E01033830,S
E01019248,E01019248,U
W01001925,W01001925,U
E01017388,E01017388,U
E01017576,E01017576,U
E01019212,E01019212,U
W01000628,W01000628,U
E01017381,E01017381,U
E01033191,E01033191,U
E01019213,E01034070,S
W01000629,W01000629,U
E01017382,E01017382,U
E01033192,E01033192,U
E01019213,E01034072,S
W01000630,W01000630,U
E01017389,E01033808,S
E01033193,E01033831,S
E01019213,E01034074,S
W01000631,W01000631,U
E01017389,E01033809,S
E01033193,E01033832,S
E01019214,E01034071,S
W01000635,W01000635,U
E01017389,E01033810,S
E01033193,E01033833,S
E01019214,E01034073,S
W01000636,W01000636,U
E01017390,E01033811,S
E01017600,E01017600,U
W01000706,W01000706,U
E01019223,E01019223,U
E01017390,E01033812,S
E01017601,E01017601,U
E01019253,E01019253,U
W01000707,W01000707,U
E01017390,E01033813,S
E01017602,E01017602,U
W01000685,W01000685,U
W01000708,W01000708,U
E01017379,E01017379,U
E01017618,E01017618,U
W01000686,W01000686,U
W01000659,W01000659,U
E01017380,E01017380,U
E01017619,E01017619,U
W01000701,W01000701,U
W01000660,W01000660,U
E01017394,E01017394,U
E01017578,E01017578,U
W01000702,W01000702,U
W01000732,W01000732,U
E01017397,E01017397,U
E01017579,E01017579,U
W01000647,W01000647,U
W01000733,W01000733,U
E01033194,E01033814,S
E01017580,E01017580,U
W01000650,W01000650,U
W01000734,W01000734,U
E01033194,E01033815,S
E01017581,E01017581,U
W01000678,W01000678,U
W01001923,W01001923,U
E01033194,E01033816,S
W01001924,W01001924,U
E01017617,E01017617,U
W01000679,W01000679,U
E01017410,E01017410,U
E01017582,E01017582,U
W01000674,W01000674,U
W01000646,W01000646,U
E01017411,E01033817,S
E01017583,E01017583,U
W01000720,W01000720,U
W01000688,W01000688,U
E01017411,E01033818,S
E01017584,E01017584,U
W01000721,W01000721,U
W01000689,W01000689,U
E01017419,E01017419,U
E01017585,E01017585,U
W01000735,W01000735,U
W01000728,W01000728,U
E01017420,E01017420,U
E01017566,E01017566,U
W01000672,W01000672,U
W01000676,W01000676,U
E01017421,E01017421,U
E01017595,E01017595,U
W01000673,W01000673,U
W01000677,W01000677,U
E01017416,E01033819,S
E01017596,E01017596,U
W01000700,W01000700,U
E01017416,E01033820,S
E01017597,E01017597,U
E01021513,E01021513,U
W01000687,W01000687,U
E01017417,E01033821,S
E01017598,E01017598,U
W01000709,W01000709,U
E01021514,E01021514,U
E01017417,E01033822,S
E01017599,E01033834,S
W01000624,W01000624,U
E01021515,E01021515,U
E01017417,E01033823,S
W01000682,W01000682,U
E01021525,E01021525,U
E01017418,E01017418,U
W01000683,W01000683,U
E01021527,E01021527,U
E01017451,E01017451,U
W01000684,W01000684,U
E01021509,E01021509,U
E01017452,E01017452,U
W01000643,W01000643,U
E01021510,E01021510,U
E01017376,E01017376,U
E01021511,E01021511,U
E01021528,E01021528,U
E01025752,E01025752,U
E01025753,E01025753,U
E01025754,E01025754,U
E01025755,E01025755,U
E01025679,E01034006,S
E01022169,E01022169,U
E01022153,E01022153,U
E01025679,E01034007,S
E01025680,E01025680,U
E01025681,E01025681,U
E01025682,E01025682,U
E01025678,E01025678,U
E01025683,E01025683,U
E01025684,E01025684,U
E01025762,E01025762,U
E01025763,E01025763,U
E01025764,E01025764,U
E01025765,E01025765,U
E01025766,E01025766,U
E01025767,E01025767,U
E01025670,E01025670,U
E01025671,E01025671,U
E01025672,E01025672,U
E01025673,E01025673,U
E01021538,E01021538,U
E01021539,E01021539,U
E01021540,E01021540,U
E01021541,E01034081,S
E01021541,E01034082,S
E01021542,E01021542,U
E01021543,E01021543,U
E01021587,E01021587,U
E01021590,E01021590,U
E01021591,E01021591,U
E01021550,E01021550,U
E01021597,E01021597,U
E01021598,E01021598,U
E01021600,E01021600,U
E01021601,E01021601,U
E01021616,E01034083,S
E01021616,E01034084,S
E01021617,E01021617,U
E01021619,E01021619,U
E01021620,E01021620,U
E01021623,E01021623,U
E01021624,E01021624,U
E01021536,E01021536,U
E01021537,E01021537,U
E01021568,E01021568,U
E01033142,E01033142,U
E01033144,E01033144,U
E01021576,E01021576,U
E01033145,E01033145,U
W01000541,W01000541,U
E01028423,E01028423,U
E01021588,E01021588,U
E01025707,E01025707,U
E01028475,E01035727,S
E01028475,E01035728,S
E01022154,E01022154,U
E01021589,E01021589,U
W01000507,W01000507,U
E01021557,E01021557,U
E01025709,E01025709,U
E01022170,E01022170,U
E01022120,E01022120,U
E01021592,E01021592,U
E01021558,E01021558,U
E01025760,E01025760,U
E01022171,E01022171,U
E01028475,E01035729,S
E01022121,E01022121,U
W01000508,W01000508,U
E01021596,E01021596,U
E01021583,E01021583,U
E01025761,E01025761,U
E01022172,E01022172,U
E01028476,E01028476,U
E01022147,E01022147,U
W01000509,W01000509,U
E01021618,E01021618,U
E01021585,E01021585,U
E01025768,E01025768,U
E01022173,E01022173,U
E01028474,E01028474,U
E01022157,E01022157,U
W01000510,W01000510,U
E01021621,E01021621,U
E01021586,E01021586,U
E01025769,E01025769,U
E01022113,E01022113,U
E01028485,E01028485,U
E01022159,E01022159,U
W01000511,W01000511,U
E01021622,E01021622,U
E01021533,E01021533,U
E01025702,E01025702,U
E01022114,E01022114,U
E01028486,E01028486,U
E01022131,E01022131,U
W01000546,W01000546,U
E01021625,E01021625,U
E01021535,E01021535,U
E01021569,E01021569,U
E01021570,E01021570,U
E01021572,E01021572,U
E01021552,E01021552,U
E01021553,E01021553,U
E01021554,E01021554,U
E01021555,E01021555,U
E01021559,E01021559,U
E01021602,E01021602,U
E01021604,E01021604,U
E01033143,E01034085,S
E01033143,E01034086,S
E01021611,E01021611,U
E01021612,E01021612,U
E01021613,E01021613,U
E01021614,E01021614,U
E01021615,E01021615,U
E01021605,E01021605,U
E01021606,E01021606,U
E01021607,E01021607,U
E01021608,E01021608,U
E01021609,E01021609,U
E01021610,E01021610,U
E01021593,E01021593,U
E01021594,E01034087,S
E01021594,E01034088,S
E01021595,E01021595,U
E01022163,E01022163,U
E01022164,E01022164,U
E01022165,E01022165,U
E01022166,E01022166,U
E01022143,E01022143,U
E01022144,E01022144,U
E01022145,E01022145,U
E01022146,E01022146,U
E01022122,E01022122,U
E01022160,E01022160,U
E01022161,E01022161,U
E01022162,E01022162,U
E01022139,E01022139,U
E01022151,E01022151,U
E01022152,E01022152,U
E01021626,E01021626,U
E01022132,E01022132,U
E01022115,E01022115,U
E01021544,E01021544,U
E01028503,E01028503,U
E01025715,E01025715,U
W01000547,W01000547,U
E01025716,E01025716,U
E01022133,E01022133,U
E01022118,E01022118,U
W01000519,W01000519,U
E01028504,E01028504,U
E01025717,E01034002,S
E01021545,E01021545,U
E01022134,E01022134,U
E01022128,E01022128,U
W01000522,W01000522,U
E01028481,E01028481,U
E01025717,E01034003,S
E01021546,E01021546,U
E01022148,E01022148,U
E01022129,E01022129,U
W01000531,W01000531,U
E01028482,E01028482,U
E01025718,E01025718,U
E01021547,E01021547,U
E01022149,E01022149,U
E01028505,E01035730,S
E01022130,E01022130,U
E01028505,E01035731,S
E01025719,E01025719,U
E01021628,E01021628,U
E01028506,E01028506,U
E01025708,E01025708,U
E01028479,E01028479,U
W01000533,W01000533,U
E01022150,E01022150,U
W01000551,W01000551,U
E01025710,E01025710,U
E01022155,E01022155,U
E01021629,E01021629,U
W01000525,W01000525,U
E01028507,E01028507,U
E01025711,E01025711,U
E01022156,E01022156,U
E01021573,E01021573,U
W01000534,W01000534,U
E01028425,E01035733,S
E01028480,E01028480,U
E01025712,E01025712,U
E01022158,E01034777,S
E01021575,E01021575,U
W01000543,W01000543,U
E01028425,E01035734,S
E01028508,E01028508,U
E01025713,E01025713,U
E01022158,E01034778,S
E01021599,E01021599,U
W01000552,W01000552,U
E01028477,E01028477,U
E01028509,E01035723,S
E01025714,E01034004,S
E01022100,E01022100,U
E01021631,E01021631,U
W01000536,W01000536,U
E01028478,E01028478,U
E01028509,E01035724,S
E01025714,E01034005,S
E01022101,E01022101,U
E01033138,E01033138,U
W01000542,W01000542,U
E01028483,E01028483,U
E01028484,E01028484,U
E01028499,E01028499,U
E01028459,E01028459,U
E01028460,E01028460,U
E01028461,E01028461,U
E01028462,E01028462,U
E01028455,E01028455,U
E01028456,E01028456,U
E01028457,E01028457,U
E01028458,E01028458,U
E01028467,E01028467,U
E01028466,E01028466,U
E01028469,E01028469,U
E01028470,E01028470,U
E01028471,E01028471,U
E01028472,E01028472,U
E01028473,E01028473,U
E01028463,E01028463,U
E01028464,E01028464,U
E01028465,E01028465,U
E01028468,E01035735,S
E01028468,E01035736,S
E01028424,E01035737,S
E01028424,E01035738,S
E01028424,E01035739,S
E01028497,E01028497,U
E01028498,E01028498,U
E01028500,E01028500,U
E01028501,E01028501,U
E01028441,E01028441,U
E01022102,E01022102,U
E01033139,E01033139,U
E01025674,E01025674,U
E01028443,E01028443,U
E01022140,E01022140,U
E01021574,E01034091,S
E01025675,E01025675,U
E01028444,E01028444,U
E01022141,E01022141,U
E01021574,E01034089,S
E01025676,E01025676,U
W01000550,W01000550,U
E01032943,E01032943,U
E01022142,E01022142,U
E01021578,E01021578,U
E01025677,E01025677,U
E01025732,E01025732,U
E01025733,E01025733,U
E01025734,E01025734,U
E01025735,E01025735,U
E01025748,E01025748,U
E01025749,E01025749,U
E01025750,E01025750,U
E01025751,E01025751,U
E01025726,E01025726,U
E01025727,E01025727,U
E01025728,E01025728,U
E01025729,E01025729,U
E01025737,E01025737,U
E01025739,E01025739,U
E01025685,E01025685,U
E01025686,E01025686,U
E01025730,E01025730,U
E01025731,E01025731,U
E01025687,E01025687,U
E01025688,E01025688,U
E01025736,E01025736,U
E01025738,E01025738,U
E01025756,E01025756,U
E01025757,E01025757,U
E01025758,E01025758,U
E01025759,E01025759,U
E01032944,E01032944,U
E01025692,E01025692,U
E01022116,E01022116,U
E01028445,E01028445,U
E01025693,E01025693,U
E01022117,E01022117,U
E01028446,E01028446,U
E01033386,E01033386,U
E01022119,E01022119,U
E01028447,E01028447,U
E01021582,E01021582,U
E01025699,E01025699,U
E01022124,E01022124,U
E01028448,E01028448,U
E01021627,E01021627,U
E01025700,E01025700,U
E01022125,E01022125,U
E01028435,E01028435,U
E01025701,E01025701,U
E01033140,E01033140,U
E01022126,E01022126,U
E01028437,E01028437,U
E01025703,E01025703,U
E01022127,E01022127,U
E01033141,E01034092,S
E01028438,E01035725,S
E01025704,E01025704,U
E01022106,E01022106,U
E01033141,E01034090,S
E01028438,E01035726,S
E01025705,E01025705,U
E01022107,E01022107,U
E01021551,E01021551,U
E01028439,E01028439,U
E01025706,E01025706,U
E01022108,E01022108,U
E01021632,E01021632,U
E01028440,E01028440,U
E01025720,E01025720,U
E01022123,E01022123,U
E01021633,E01021633,U
E01032941,E01032941,U
E01025721,E01025721,U
E01022135,E01022135,U
E01021634,E01021634,U
E01032942,E01032942,U
E01025722,E01025722,U
E01022136,E01022136,U
E01021635,E01021635,U
E01028449,E01028449,U
E01025723,E01025723,U
E01022137,E01022137,U
E01021636,E01021636,U
E01028450,E01028450,U
E01025724,E01025724,U
E01022138,E01022138,U
E01021556,E01021556,U
E01028451,E01028451,U
E01025725,E01025725,U
E01022174,E01022174,U
E01021577,E01021577,U
E01028452,E01028452,U
E01025695,E01025695,U
E01022103,E01034779,S
E01028453,E01028453,U
E01021579,E01021579,U
E01025696,E01025696,U
E01022103,E01034780,S
E01025697,E01025697,U
E01028454,E01028454,U
E01021580,E01021580,U
E01022104,E01022104,U
E01025698,E01025698,U
E01028430,E01028430,U
E01021584,E01021584,U
E01022105,E01022105,U
E01025744,E01025744,U
E01028431,E01028431,U
E01021548,E01021548,U
E01022109,E01022109,U
E01025745,E01025745,U
E01028432,E01028432,U
E01021560,E01021560,U
E01022110,E01022110,U
E01025746,E01025746,U
E01028433,E01028433,U
E01021561,E01021561,U
E01022111,E01022111,U
E01025747,E01025747,U
E01028434,E01028434,U
E01021564,E01021564,U
E01022112,E01022112,U
E01025740,E01025740,U
E01028426,E01028426,U
E01021571,E01021571,U
E01022167,E01022167,U
E01025741,E01025741,U
E01028427,E01028427,U
E01021562,E01021562,U
E01022168,E01022168,U
E01025742,E01025742,U
E01028428,E01028428,U
E01021563,E01021563,U
E01025743,E01025743,U
E01028429,E01028429,U
E01021565,E01021565,U
E01025689,E01025689,U
E01028422,E01028422,U
E01021566,E01021566,U
E01025690,E01025690,U
E01033137,E01033137,U
E01018589,E01018589,U
E01018590,E01018590,U
E01018653,E01018653,U
E01018605,E01018605,U
E01018609,E01018609,U
E01018610,E01018610,U
E01018611,E01018611,U
E01018603,E01018603,U
E01018604,E01018604,U
E01018606,E01018606,U
E01018607,E01018607,U
E01018608,E01018608,U
E01018666,E01018666,U
E01018667,E01018667,U
E01028502,E01028502,U
E01018668,E01018668,U
E01018572,E01018572,U
E01028487,E01028487,U
E01018573,E01018573,U
E01028489,E01028489,U
E01018574,E01018574,U
E01028490,E01028490,U
E01018580,E01018580,U
E01028491,E01028491,U
E01018581,E01018581,U
E01028494,E01028494,U
E01018575,E01018575,U
E01028492,E01028492,U
E01018576,E01018576,U
E01028493,E01028493,U
E01018577,E01018577,U
E01028495,E01028495,U
E01018578,E01018578,U
E01028496,E01028496,U
E01018579,E01018579,U
E01028488,E01028488,U
E01018641,E01018641,U
E01028510,E01028510,U
E01018642,E01018642,U
E01028511,E01028511,U
E01018643,E01018643,U
E01018644,E01018644,U
E01018614,E01018614,U
E01018618,E01018618,U
E01018619,E01018619,U
E01018620,E01018620,U
E01018621,E01018621,U
E01018626,E01034659,S
E01018626,E01034660,S
E01018628,E01018628,U
E01018629,E01018629,U
E01018630,E01018630,U
E01018631,E01018631,U
E01018615,E01018615,U
E01018616,E01018616,U
E01018617,E01018617,U
E01018632,E01018632,U
E01018633,E01018633,U
E01018622,E01018622,U
E01018623,E01018623,U
E01018624,E01018624,U
E01018625,E01018625,U
E01018627,E01018627,U
E01018635,E01018635,U
E01018390,E01018390,U
E01018560,E01018560,U
E01018711,E01018711,U
E01018503,E01018503,U
E01018438,E01018438,U
E01018712,E01018712,U
E01028512,E01028512,U
E01018439,E01018439,U
E01018504,E01018504,U
E01018465,E01034671,S
E01018699,E01018699,U
E01018561,E01018561,U
E01018636,E01018636,U
E01018585,E01018585,U
E01018440,E01018440,U
E01033372,E01033372,U
E01018465,E01034672,S
E01018701,E01018701,U
E01018562,E01018562,U
E01018634,E01018634,U
E01018586,E01018586,U
E01018587,E01018587,U
E01018661,E01018661,U
E01018657,E01018657,U
E01018662,E01018662,U
E01018663,E01018663,U
E01018664,E01018664,U
E01018665,E01018665,U
E01018655,E01018655,U
E01018656,E01034658,M
E01018658,E01018658,U
E01018659,E01018659,U
E01018660,E01034658,M
E01018582,E01018582,U
E01018592,E01018592,U
E01018593,E01018593,U
E01018594,E01018594,U
E01018595,E01018595,U
E01018596,E01018596,U
E01018583,E01018583,U
E01018584,E01018584,U
E01018612,E01018612,U
E01018613,E01018613,U
E01018600,E01018600,U
E01018601,E01018601,U
E01018602,E01018602,U
E01018652,E01018652,U
E01018598,E01018598,U
E01018599,E01018599,U
E01018648,E01018648,U
E01018649,E01018649,U
E01018650,E01018650,U
E01018651,E01018651,U
E01018654,E01018654,U
E01018588,E01018588,U
E01018645,E01018645,U
E01018465,E01034673,S
E01033373,E01033373,U
E01018441,E01018441,U
E01018646,E01018646,U
E01018468,E01018468,U
E01018647,E01018647,U
E01018449,E01018449,U
E01018442,E01034665,S
E01018716,E01018716,U
E01018522,E01018522,U
E01018538,E01018538,U
E01018442,E01034666,S
E01018539,E01018539,U
E01018450,E01018450,U
E01018717,E01018717,U
E01018443,E01018443,U
E01018591,E01018591,U
E01018469,E01018469,U
E01018540,E01018540,U
E01018458,E01018458,U
E01018719,E01018719,U
E01018432,E01018432,U
E01018597,E01034661,S
E01018470,E01018470,U
E01018521,E01018521,U
E01018550,E01018550,U
E01018551,E01018551,U
E01018552,E01018552,U
E01018553,E01018553,U
E01018671,E01018671,U
E01018672,E01018672,U
E01018673,E01018673,U
E01018674,E01018674,U
E01018556,E01018556,U
E01018557,E01018557,U
E01018558,E01018558,U
E01018559,E01018559,U
E01018565,E01018565,U
E01018566,E01018566,U
E01018567,E01018567,U
E01018568,E01018568,U
E01018684,E01018684,U
E01018695,E01018695,U
E01018696,E01018696,U
E01018697,E01018697,U
E01018698,E01018698,U
E01018526,E01018526,U
E01018527,E01018527,U
E01018554,E01018554,U
E01018555,E01018555,U
E01018704,E01018704,U
E01018705,E01018705,U
E01018706,E01018706,U
E01018718,E01018718,U
E01018722,E01018722,U
E01018713,E01035369,S
E01018713,E01035370,S
E01018713,E01035371,S
E01018713,E01035372,S
E01018714,E01018714,U
E01018715,E01018715,U
E01018726,E01018726,U
E01018727,E01018727,U
E01018728,E01018728,U
E01018729,E01018729,U
E01018709,E01018709,U
E01018710,E01018710,U
E01018471,E01018471,U
E01018386,E01018386,U
E01018391,E01018391,U
E01018392,E01018392,U
E01018486,E01018486,U
E01018487,E01018487,U
E01018488,E01018488,U
E01018489,E01018489,U
E01018510,E01018510,U
E01018511,E01018511,U
E01018512,E01018512,U
E01018513,E01018513,U
E01018720,E01018720,U
E01018481,E01018481,U
E01018308,E01018308,U
E01018336,E01018336,U
E01018445,E01018445,U
E01018337,E01018337,U
E01018338,E01018338,U
E01018446,E01018446,U
E01018433,E01018433,U
E01018597,E01034662,S
E01018514,E01018514,U
E01018358,E01018358,U
E01018534,E01018534,U
E01018359,E01018359,U
E01018691,E01018691,U
E01018535,E01018535,U
E01018693,E01018693,U
E01018536,E01018536,U
E01018669,E01018669,U
E01018447,E01018447,U
E01018670,E01018670,U
E01018694,E01018694,U
E01018537,E01018537,U
E01018434,E01018434,U
E01018637,E01018637,U
E01018435,E01018435,U
E01018638,E01018638,U
E01018394,E01034667,S
E01018639,E01018639,U
E01018394,E01034668,S
E01018417,E01018417,U
E01018418,E01018418,U
E01018428,E01018428,U
E01018429,E01018429,U
E01018430,E01018430,U
E01018431,E01018431,U
E01018472,E01018472,U
E01018473,E01018473,U
E01018474,E01018474,U
E01018475,E01018475,U
E01018463,E01018463,U
E01018476,E01018476,U
E01018477,E01018477,U
E01018478,E01018478,U
E01018479,E01018479,U
E01018459,E01018459,U
E01018460,E01018460,U
E01018461,E01018461,U
E01018466,E01018466,U
E01018467,E01034669,S
E01018467,E01034670,S
E01018482,E01018482,U
E01018483,E01018483,U
E01018484,E01018484,U
E01018485,E01018485,U
E01018499,E01018499,U
E01018500,E01018500,U
E01018501,E01018501,U
E01018502,E01018502,U
E01018462,E01018462,U
E01018464,E01018464,U
E01018496,E01018496,U
E01018497,E01018497,U
E01018498,E01018498,U
E01018387,E01018387,U
E01018388,E01018388,U
E01018389,E01018389,U
E01018700,E01018700,U
E01018448,E01018448,U
E01018685,E01018685,U
E01018702,E01018702,U
E01018703,E01018703,U
E01018676,E01018676,U
E01018677,E01018677,U
E01018678,E01018678,U
E01018679,E01018679,U
E01018692,E01018692,U
E01018360,E01018360,U
E01018366,E01018366,U
E01018367,E01018367,U
E01018680,E01018680,U
E01018681,E01018681,U
E01018682,E01018682,U
E01018683,E01018683,U
E01018364,E01018364,U
E01018365,E01018365,U
E01018378,E01018378,U
E01018379,E01018379,U
E01018380,E01018380,U
E01018362,E01018362,U
E01018363,E01018363,U
E01018374,E01018374,U
E01018375,E01018375,U
E01018376,E01018376,U
E01018490,E01018490,U
E01018377,E01018377,U
E01018686,E01018686,U
E01018491,E01018491,U
E01018687,E01018687,U
E01018640,E01018640,U
E01018309,E01018309,U
E01018492,E01018492,U
E01018688,E01018688,U
E01018393,E01034663,S
E01018505,E01018505,U
E01018310,E01018310,U
E01018506,E01018506,U
E01018311,E01018311,U
E01018393,E01034664,S
E01018507,E01018507,U
E01018312,E01018312,U
E01018689,E01018689,U
E01018349,E01018349,U
E01018411,E01018411,U
E01018690,E01018690,U
E01018451,E01018451,U
E01018350,E01018350,U
E01018412,E01018412,U
E01018675,E01018675,U
E01018454,E01018454,U
E01018368,E01018368,U
E01018413,E01018413,U
E01018708,E01018708,U
E01018455,E01018455,U
E01018414,E01018414,U
E01018721,E01018721,U
E01018456,E01018456,U
E01018415,E01018415,U
E01018518,E01018518,U
E01018457,E01018457,U
E01018416,E01018416,U
E01018569,E01018569,U
E01018493,E01018493,U
E01018424,E01018424,U
E01018570,E01018570,U
E01018494,E01018494,U
E01018425,E01018425,U
E01018571,E01018571,U
E01018546,E01018546,U
E01018547,E01018547,U
E01018548,E01018548,U
E01018549,E01018549,U
E01018532,E01018532,U
E01018533,E01018533,U
E01018544,E01018544,U
E01018545,E01018545,U
E01018519,E01018519,U
E01018520,E01018520,U
E01018525,E01018525,U
E01018563,E01035366,S
E01018563,E01035368,S
E01018564,E01035365,S
E01018564,E01035367,S
E01018523,E01018523,U
E01018524,E01018524,U
E01018541,E01018541,U
E01018542,E01018542,U
E01018543,E01018543,U
E01018528,E01018528,U
E01018529,E01018529,U
E01018530,E01018530,U
E01018531,E01018531,U
E01018426,E01018426,U
E01018427,E01018427,U
E01018419,E01018419,U
E01018420,E01018420,U
E01018421,E01018421,U
E01018422,E01018422,U
E01018423,E01018423,U
E01018395,E01018395,U
E01018396,E01018396,U
E01018400,E01018400,U
E01018401,E01018401,U
E01018398,E01018398,U
E01018399,E01018399,U
E01018402,E01018402,U
E01018403,E01018403,U
E01018397,E01018397,U
E01018408,E01018408,U
E01018409,E01018409,U
E01018410,E01018410,U
E01018404,E01018404,U
E01018405,E01018405,U
E01018406,E01018406,U
E01018407,E01018407,U
E01018436,E01018436,U
E01018437,E01018437,U
E01018495,E01018495,U
E01018508,E01018508,U
E01018509,E01018509,U
E01018444,E01034676,S
E01018444,E01034677,S
E01018444,E01034678,S
E01018480,E01034674,S
E01018480,E01034675,S
E01018515,E01018515,U
E01018516,E01018516,U
E01033375,E01033375,U
E01033376,E01033376,U
E01033378,E01033378,U
E01018452,E01018452,U
E01018370,E01018370,U
E01018313,E01018313,U
E01018314,E01018314,U
E01018315,E01018315,U
E01018316,E01018316,U
E01031474,E01031474,U
E01017742,E01017742,U
E01018317,E01018317,U
E01018345,E01018345,U
E01018346,E01018346,U
E01018347,E01018347,U
E01018383,E01018383,U
E01018384,E01018384,U
E01018327,E01035373,S
E01018327,E01035374,S
E01018343,E01018343,U
E01018361,E01018361,U
E01032930,E01032930,U
E01032931,E01032931,U
E01018326,E01035376,S
E01018326,E01035378,S
E01018328,E01018328,U
E01018329,E01035375,S
E01018329,E01035377,S
E01018330,E01018330,U
E01018331,E01018331,U
E01018733,E01018733,U
E01018734,E01018734,U
E01018748,E01018748,U
E01018749,E01018749,U
E01018319,E01018319,U
E01018344,E01018344,U
E01018381,E01018381,U
E01018382,E01018382,U
E01018736,E01018736,U
E01018737,E01018737,U
E01031502,E01031502,U
E01018743,E01018743,U
E01018744,E01018744,U
E01018732,E01018732,U
E01018745,E01018745,U
E01018746,E01018746,U
E01018747,E01018747,U
E01018323,E01018323,U
E01018324,E01018324,U
E01018325,E01018325,U
E01018385,E01018385,U
E01018730,E01018730,U
E01018738,E01018738,U
E01018739,E01018739,U
E01018741,E01018741,U
E01018320,E01018320,U
E01018321,E01018321,U
E01024917,E01024917,U
E01019571,E01019571,U
E01018322,E01018322,U
E01024977,E01024977,U
E01019532,E01019532,U
E01017743,E01017743,U
E01024918,E01024918,U
E01019533,E01019533,U
E01031503,E01031503,U
E01024973,E01024973,U
E01017763,E01017763,U
E01019534,E01019534,U
E01031504,E01031504,U
E01031493,E01031493,U
E01020343,E01020343,U
E01017764,E01017764,U
E01018348,E01035379,S
E01024967,E01024967,U
E01031496,E01031496,U
E01020344,E01020344,U
E01031519,E01031519,U
E01017765,E01017765,U
E01019535,E01019535,U
E01024968,E01024968,U
E01018348,E01035380,S
E01024969,E01024969,U
E01019536,E01019536,U
E01031517,E01031517,U
E01020345,E01020345,U
E01031505,E01031505,U
E01024970,E01024970,U
E01031518,E01031518,U
E01018348,E01035381,S
E01019549,E01019549,U
E01017739,E01017739,U
E01020365,E01020365,U
E01018731,E01018731,U
E01024971,E01024971,U
E01031544,E01031544,U
E01031489,E01031489,U
E01019550,E01019550,U
E01017740,E01017740,U
E01020351,E01020351,U
E01018735,E01018735,U
E01024972,E01024972,U
E01031545,E01031545,U
E01031492,E01031492,U
E01019551,E01019551,U
E01017744,E01017744,U
E01020352,E01020352,U
E01018740,E01018740,U
E01024929,E01034339,M
E01031508,E01031508,U
E01031513,E01035326,S
E01019552,E01019552,U
E01017745,E01017745,U
E01020353,E01020353,U
E01018742,E01018742,U
E01024930,E01024930,U
E01031520,E01031520,U
E01031513,E01035327,S
E01019567,E01019567,U
E01019537,E01019537,U
E01019569,E01019569,U
E01019570,E01019570,U
E01019580,E01019580,U
E01019581,E01019581,U
E01019557,E01019557,U
E01019558,E01019558,U
E01019559,E01019559,U
E01019560,E01019560,U
E01019561,E01019561,U
E01019562,E01019562,U
E01019539,E01019539,U
E01019540,E01019540,U
E01019555,E01019555,U
E01019590,E01019590,U
E01019591,E01019591,U
E01019538,E01019538,U
E01019554,E01019554,U
E01019556,E01019556,U
E01019579,E01019579,U
E01033387,E01033387,U
E01033388,E01033388,U
E01019586,E01019586,U
E01019587,E01019587,U
E01019588,E01019588,U
E01019589,E01019589,U
E01019592,E01019592,U
E01019593,E01019593,U
E01019545,E01019545,U
E01019546,E01019546,U
E01019547,E01019547,U
E01019548,E01019548,U
E01019582,E01019582,U
E01019583,E01019583,U
E01019585,E01019585,U
E01019575,E01019575,U
E01019576,E01019576,U
E01019577,E01019577,U
E01019578,E01019578,U
E01017746,E01017746,U
E01020359,E01020359,U
E01017762,E01017762,U
E01031530,E01031530,U
E01024931,E01024931,U
E01031521,E01031521,U
E01031538,E01031538,U
E01018332,E01018332,U
E01020366,E01020366,U
E01018333,E01018333,U
E01024932,E01034339,M
E01031539,E01031539,U
E01017775,E01017775,U
E01031536,E01031536,U
E01020349,E01020349,U
E01024933,E01024933,U
E01017776,E01017776,U
E01018334,E01018334,U
E01020350,E01020350,U
E01031497,E01031497,U
E01031499,E01031499,U
E01024937,E01024937,U
E01017777,E01017777,U
E01018340,E01018340,U
E01020357,E01020357,U
E01031511,E01031511,U
E01031500,E01031500,U
E01024964,E01024964,U
E01017759,E01017759,U
E01018341,E01018341,U
E01020358,E01020358,U
E01031512,E01031512,U
E01031501,E01031501,U
E01024974,E01024974,U
E01017760,E01017760,U
E01018342,E01018342,U
E01020369,E01020369,U
E01032717,E01035320,S
E01031529,E01031529,U
E01024975,E01024975,U
E01017761,E01017761,U
E01018351,E01018351,U
E01020370,E01020370,U
E01024976,E01024976,U
E01032717,E01035321,S
E01024919,E01034340,S
E01017794,E01017794,U
E01020371,E01020371,U
E01031478,E01031478,U
E01024919,E01034341,S
E01031540,E01031540,U
E01018352,E01018352,U
E01017754,E01017754,U
E01031479,E01031479,U
E01031541,E01031541,U
E01020372,E01020372,U
E01018353,E01018353,U
E01017755,E01017755,U
E01024919,E01034342,S
E01031498,E01031498,U
E01031542,E01031542,U
E01020346,E01020346,U
E01018354,E01018354,U
E01017756,E01017756,U
E01024919,E01034343,S
E01031514,E01031514,U
E01031522,E01031522,U
E01020347,E01020347,U
E01018707,E01018707,U
E01017757,E01017757,U
E01024920,E01024920,U
E01031515,E01031515,U
E01031523,E01031523,U
E01020348,E01020348,U
E01018723,E01018723,U
E01017758,E01017758,U
E01024934,E01024934,U
E01031516,E01031516,U
E01031524,E01031524,U
E01020363,E01020363,U
E01017751,E01017751,U
E01018724,E01018724,U
E01031477,E01031477,U
E01024935,E01024935,U
E01031525,E01031525,U
E01020360,E01020360,U
E01031485,E01031485,U
E01024925,E01024925,U
E01031526,E01031526,U
E01017753,E01017753,U
E01018725,E01018725,U
E01020361,E01020361,U
E01031487,E01031487,U
E01024926,E01024926,U
E01031527,E01031527,U
E01017767,E01017767,U
E01018335,E01018335,U
E01020364,E01020364,U
E01031509,E01035322,S
E01024927,E01024927,U
E01031528,E01031528,U
E01017773,E01017773,U
E01018369,E01018369,U
E01020367,E01020367,U
E01031509,E01035323,S
E01024928,E01024928,U
E01017750,E01017750,U
E01017774,E01017774,U
E01018371,E01018371,U
E01020368,E01034279,S
E01031506,E01031506,U
E01024936,E01024936,U
E01017752,E01017752,U
E01017782,E01017782,U
E01018372,E01018372,U
E01020368,E01034280,S
E01031507,E01031507,U
E01024938,E01024938,U
E01017783,E01017783,U
E01017766,E01017766,U
E01018339,E01018339,U
E01031531,E01031531,U
E01020354,E01020354,U
E01024939,E01024939,U
E01017784,E01017784,U
E01031533,E01031533,U
E01020355,E01020355,U
E01017778,E01017778,U
E01024940,E01024940,U
E01018355,E01018355,U
E01032609,E01032609,U
E01031543,E01031543,U
E01020356,E01020356,U
E01017747,E01017747,U
E01024941,E01024941,U
E01018356,E01018356,U
E01024951,E01024951,U
E01031482,E01031482,U
E01020362,E01020362,U
E01017748,E01017748,U
E01024923,E01024923,U
E01018357,E01018357,U
E01024952,E01024952,U
E01031483,E01031483,U
E01000001,E01000001,U
E01017749,E01017749,U
E01024924,E01024924,U
E01018373,E01018373,U
E01024953,E01024953,U
E01031486,E01031486,U
E01000002,E01000002,U
E01017789,E01017789,U
E01024963,E01024963,U
E01019526,E01019526,U
E01024954,E01024954,U
E01031488,E01035324,S
E01024965,E01024965,U
E01000003,E01000003,U
E01024966,E01024966,U
E01019528,E01019528,U
E01024921,E01024921,U
E01031488,E01035325,S
E01017790,E01017790,U
E01000005,E01000005,U
E01017795,E01017795,U
E01031494,E01031494,U
E01032739,E01032739,U
E01024978,E01024978,U
E01017769,E01017769,U
E01031495,E01031495,U
E01032740,E01032740,U
E01024979,E01024979,U
E01017771,E01017771,U
E01031475,E01031475,U
E01021655,E01021655,U
E01024980,E01024980,U
E01017780,E01017780,U
E01031476,E01031476,U
E01019572,E01019572,U
E01021656,E01021656,U
E01024942,E01024942,U
E01024946,E01024946,U
E01017781,E01017781,U
E01031532,E01031532,U
E01019573,E01019573,U
E01021659,E01021659,U
E01024943,E01024943,U
E01024947,E01024947,U
E01017770,E01017770,U
E01031534,E01031534,U
E01019574,E01019574,U
E01021661,E01021661,U
E01024944,E01024944,U
E01024955,E01024955,U
E01017791,E01017791,U
E01031535,E01031535,U
E01019563,E01019563,U
E01021668,E01021668,U
E01024945,E01034344,S
E01024956,E01024956,U
E01024957,E01024957,U
E01024958,E01024958,U
E01024948,E01024948,U
E01024949,E01034337,S
E01024949,E01034338,S
E01024950,E01024950,U
E01021669,E01021669,U
E01031480,E01031480,U
E01017792,E01017792,U
E01024945,E01034345,S
E01019564,E01019564,U
E01021670,E01021670,U
E01031481,E01031481,U
E01017793,E01017793,U
E01024922,E01024922,U
E01019565,E01019565,U
E01021671,E01021671,U
E01031484,E01031484,U
E01017768,E01017768,U
E01024959,E01024959,U
E01019566,E01019566,U
E01033720,E01033720,U
E01031490,E01031490,U
E01017779,E01017779,U
E01024960,E01024960,U
E01019568,E01019568,U
E01033721,E01033721,U
E01031491,E01031491,U
E01017785,E01017785,U
E01024961,E01024961,U
E01019527,E01019527,U
E01017786,E01017786,U
E01024962,E01024962,U
E01019529,E01019529,U
E01017787,E01017787,U
E01024915,E01024915,U
E01019530,E01019530,U
E01017788,E01017788,U
E01024916,E01024916,U
E01019531,E01019531,U
E01017741,E01017741,U
E01019553,E01019553,U
E01019541,E01019541,U
E01019542,E01019542,U
E01019543,E01019543,U
E01019544,E01019544,U
E01021660,E01021660,U
E01021728,E01021728,U
E01021729,E01021729,U
E01021730,E01021730,U
E01021679,E01035175,S
E01021679,E01035176,S
E01021680,E01035169,S
E01021680,E01035170,S
E01021680,E01035171,S
E01021680,E01035174,S
E01021681,E01035172,S
E01021681,E01035177,S
E01021682,E01035167,S
E01021682,E01035168,S
E01021682,E01035173,S
E01021646,E01021646,U
E01021647,E01021647,U
E01021648,E01021648,U
E01021649,E01035157,S
E01021649,E01035158,S
E01021650,E01021650,U
E01021696,E01021696,U
E01021697,E01021697,U
E01021698,E01021698,U
E01021699,E01021699,U
E01021700,E01021700,U
E01033719,E01033719,U
E01033722,E01033722,U
E01021673,E01021673,U
E01021674,E01021674,U
E01021675,E01021675,U
E01021676,E01021676,U
E01021654,E01035159,S
E01021654,E01035160,S
E01021662,E01021662,U
E01021663,E01021663,U
E01021677,E01021677,U
E01021678,E01021678,U
E01021683,E01021683,U
E01021684,E01021684,U
E01021685,E01035163,S
E01021685,E01035164,S
E01021686,E01035161,S
E01021686,E01035162,S
E01021687,E01021687,U
E01021688,E01021688,U
E01021718,E01021718,U
E01021719,E01021719,U
E01021720,E01021720,U
E01021721,E01021721,U
E01019049,E01034855,S
E01019277,E01019277,U
E01026985,E01026985,U
E01021722,E01021722,U
E01021710,E01021710,U
E01018924,E01018924,U
E01019050,E01019050,U
E01019051,E01019051,U
E01019060,E01019060,U
E01021651,E01021651,U
E01019061,E01019061,U
E01018962,E01018962,U
E01021652,E01021652,U
E01026949,E01026949,U
E01019278,E01019278,U
E01019062,E01019062,U
E01033289,E01033289,U
W01000142,W01000142,U
E01021653,E01021653,U
E01026950,E01026950,U
E01019291,E01019291,U
E01021702,E01021702,U
E01019063,E01019063,U
E01018954,E01018954,U
W01000178,W01000178,U
E01021717,E01021717,U
E01026951,E01026951,U
E01019292,E01019292,U
E01021703,E01021703,U
E01019064,E01019064,U
E01018955,E01018955,U
W01000179,W01000179,U
E01021689,E01021689,U
E01026952,E01026952,U
E01019294,E01019294,U
E01021704,E01021704,U
E01019065,E01019065,U
E01018956,E01018956,U
W01001927,W01001927,U
W01001928,W01001928,U
W01000167,W01000167,U
W01000176,W01000176,U
W01000177,W01000177,U
W01001926,W01001926,U
W01000124,W01000124,U
W01000129,W01000129,U
W01000130,W01000130,U
W01000131,W01000131,U
W01000123,W01000123,U
W01000125,W01000125,U
W01000170,W01000170,U
W01000171,W01000171,U
W01000172,W01000172,U
W01000122,W01000122,U
W01000159,W01000159,U
W01000162,W01000162,U
W01000190,W01000190,U
W01000121,W01000121,U
W01000134,W01000134,U
W01000137,W01000137,U
W01000148,W01000148,U
W01000185,W01000185,U
W01000189,W01000189,U
E01019268,E01034075,M
E01019269,E01019269,U
E01019270,E01019270,U
E01019297,E01034075,M
E01019260,E01019260,U
E01019280,E01019280,U
E01019281,E01019281,U
E01019282,E01019282,U
E01019261,E01019261,U
E01019262,E01019262,U
E01019284,E01019284,U
E01019285,E01019285,U
E01019286,E01019286,U
E01019287,E01019287,U
E01019288,E01019288,U
E01019256,E01019256,U
E01019263,E01034076,M
E01019264,E01019264,U
E01019265,E01019265,U
E01019266,E01019266,U
E01019267,E01019267,U
E01019276,E01034076,M
E01019028,E01019028,U
E01019029,E01019029,U
E01021705,E01021705,U
E01021690,E01021690,U
E01019295,E01019295,U
E01018957,E01018957,U
E01026959,E01026959,U
E01021706,E01021706,U
E01019030,E01019030,U
E01021691,E01021691,U
E01026960,E01026960,U
E01018958,E01018958,U
E01019296,E01019296,U
E01021707,E01021707,U
E01019031,E01019031,U
E01021692,E01021692,U
E01026961,E01026961,U
E01018970,E01018970,U
E01019301,E01019301,U
W01000132,W01000132,U
E01019018,E01019018,U
E01021693,E01021693,U
E01026965,E01026965,U
E01018971,E01018971,U
E01019302,E01019302,U
W01000146,W01000146,U
E01019019,E01019019,U
E01021711,E01021711,U
E01026966,E01026966,U
E01026967,E01026967,U
E01026968,E01026968,U
E01026953,E01026953,U
E01026954,E01026954,U
E01026955,E01026955,U
E01026956,E01026956,U
E01026963,E01026963,U
E01032963,E01032963,U
E01032964,E01032964,U
E01032965,E01032965,U
E01032966,E01032966,U
E01032967,E01032967,U
E01018936,E01018936,U
E01018937,E01018937,U
E01018938,E01018938,U
E01018959,E01018959,U
E01018960,E01018960,U
E01018961,E01018961,U
E01018943,E01018943,U
E01018951,E01018951,U
E01018974,E01018974,U
E01018940,E01018940,U
E01018941,E01018941,U
E01018942,E01018942,U
E01018969,E01018969,U
E01018953,E01018953,U
E01018968,E01018968,U
E01033291,E01033291,U
E01033292,E01033292,U
E01018946,E01018946,U
E01018947,E01034847,S
E01018947,E01034848,S
E01018948,E01018948,U
E01018949,E01018949,U
E01018950,E01018950,U
E01018925,E01018925,U
E01018952,E01018952,U
E01018965,E01018965,U
E01018966,E01018966,U
E01018967,E01018967,U
E01019020,E01019020,U
E01019021,E01019021,U
E01019022,E01019022,U
E01019023,E01019023,U
E01018764,E01018764,U
E01018787,E01018787,U
E01018795,E01018795,U
E01018796,E01018796,U
E01018757,E01018757,U
E01018763,E01018763,U
E01018765,E01018765,U
E01018785,E01018785,U
E01019052,E01019052,U
E01019053,E01019053,U
E01019054,E01019054,U
E01019055,E01019055,U
E01018786,E01018786,U
E01018972,E01018972,U
E01018788,E01018788,U
E01019271,E01019271,U
E01018973,E01018973,U
W01000147,W01000147,U
E01018790,E01018790,U
E01021713,E01021713,U
W01000169,W01000169,U
E01021714,E01021714,U
W01000186,W01000186,U
E01021715,E01021715,U
W01000133,W01000133,U
E01033723,E01035165,S
W01000168,W01000168,U
E01018753,E01018753,U
E01033723,E01035166,S
E01019272,E01019272,U
W01000187,W01000187,U
E01018794,E01018794,U
E01018754,E01018754,U
E01021657,E01021657,U
E01019273,E01019273,U
W01000188,W01000188,U
E01018789,E01018789,U
E01018755,E01018755,U
E01021658,E01021658,U
E01019274,E01019274,U
W01000154,W01000154,U
E01018791,E01018791,U
E01018756,E01018756,U
E01021664,E01021664,U
E01019275,E01019275,U
W01000173,W01000173,U
E01018792,E01018792,U
E01018923,E01018923,U
E01021665,E01021665,U
E01019257,E01019257,U
E01019258,E01019258,U
E01019279,E01019279,U
E01019300,E01019300,U
E01019303,E01019303,U
E01019304,E01019304,U
E01019259,E01019259,U
E01019283,E01019283,U
E01019289,E01019289,U
E01019290,E01019290,U
E01019293,E01019293,U
E01019298,E01019298,U
E01019299,E01019299,U
E01026971,E01026971,U
E01026979,E01026979,U
E01026980,E01026980,U
E01026982,E01026982,U
E01026969,E01026969,U
E01026970,E01026970,U
E01026972,E01026972,U
E01026976,E01026976,U
E01026981,E01026981,U
E01026983,E01026983,U
E01026957,E01026957,U
E01026958,E01026958,U
E01026977,E01035397,S
E01026977,E01035398,S
E01026978,E01035396,S
E01026978,E01035393,S
E01026978,E01035394,S
E01026978,E01035395,S
E01026962,E01026962,U
E01026973,E01026973,U
E01026974,E01026974,U
E01026975,E01026975,U
E01026984,E01026984,U
E01018793,E01018793,U
E01019035,E01019035,U
E01019036,E01019036,U
E01019037,E01019037,U
E01019074,E01019074,U
E01019075,E01019075,U
E01019076,E01019076,U
E01018759,E01018759,U
E01018760,E01018760,U
E01018761,E01018761,U
E01018766,E01018766,U
E01018774,E01018774,U
W01000174,W01000174,U
E01018926,E01018926,U
W01000175,W01000175,U
W01000155,W01000155,U
E01018944,E01018944,U
W01000156,W01000156,U
E01018945,E01018945,U
W01000157,W01000157,U
E01018777,E01018777,U
W01000158,W01000158,U
E01018782,E01018782,U
W01000149,W01000149,U
E01018783,E01018783,U
W01000150,W01000150,U
E01018784,E01018784,U
W01000151,W01000151,U
E01018750,E01018750,U
W01000152,W01000152,U
E01018751,E01018751,U
W01000184,W01000184,U
E01018752,E01018752,U
W01000135,W01000135,U
E01018779,E01018779,U
W01000136,W01000136,U
E01018932,E01018932,U
W01000165,W01000165,U
E01018933,E01018933,U
W01000166,W01000166,U
E01018934,E01018934,U
W01000139,W01000139,U
E01018935,E01018935,U
W01000143,W01000143,U
E01018927,E01018927,U
W01000144,W01000144,U
E01018928,E01018928,U
W01000182,W01000182,U
E01018929,E01018929,U
W01000138,W01000138,U
E01018930,E01018930,U
W01000145,W01000145,U
E01021666,E01021666,U
E01018931,E01018931,U
W01000180,W01000180,U
W01000181,W01000181,U
W01000183,W01000183,U
W01000126,W01000126,U
E01021667,E01021667,U
W01000127,W01000127,U
E01018758,E01034851,S
E01018758,E01034852,S
E01021736,E01021736,U
E01018768,E01018768,U
W01000128,W01000128,U
E01021737,E01021737,U
E01018769,E01034849,S
W01000153,W01000153,U
E01021738,E01021738,U
E01018769,E01034850,S
W01000163,W01000163,U
E01021739,E01021739,U
E01018778,E01018778,U
W01000164,W01000164,U
E01021740,E01021740,U
E01018767,E01018767,U
W01000140,W01000140,U
E01021637,E01021637,U
E01018770,E01018770,U
W01000141,W01000141,U
E01021638,E01021638,U
E01018771,E01018771,U
E01021639,E01021639,U
E01018772,E01018772,U
E01021640,E01021640,U
E01019048,E01019048,U
E01021641,E01021641,U
E01019049,E01034853,S
E01021642,E01021642,U
E01019049,E01034854,S
E01021643,E01021643,U
E01021644,E01021644,U
E01021645,E01021645,U
E01021694,E01021694,U
E01021695,E01021695,U
E01021723,E01021723,U
E01021724,E01021724,U
E01021725,E01021725,U
E01021726,E01021726,U
E01021727,E01021727,U
E01021731,E01021731,U
E01021732,E01021732,U
E01021733,E01021733,U
E01021734,E01021734,U
E01021735,E01021735,U
E01021708,E01021708,U
E01021709,E01021709,U
E01020648,E01020648,U
E01020649,E01020649,U
E01018918,E01018918,U
E01020673,E01020673,U
E01020675,E01020675,U
E01018919,E01018919,U
E01020624,E01020624,U
E01018862,E01018862,U
E01018797,E01018797,U
E01018894,E01018894,U
E01020625,E01020625,U
E01018905,E01018905,U
E01018798,E01018798,U
E01022204,E01022204,U
E01018980,E01018980,U
E01018895,E01018895,U
E01020670,E01020670,U
E01020741,E01020741,U
E01018906,E01018906,U
E01018799,E01018799,U
E01018851,E01018851,U
E01022208,E01022208,U
E01018990,E01018990,U
E01018896,E01018896,U
E01020671,E01020671,U
E01020742,E01020742,U
E01018907,E01018907,U
E01018800,E01018800,U
E01022209,E01022209,U
E01018852,E01034859,S
E01019007,E01019007,U
E01018897,E01018897,U
E01020672,E01020672,U
E01020782,E01020782,U
E01018881,E01018881,U
E01019069,E01019069,U
E01022210,E01022210,U
E01018852,E01034860,S
E01018838,E01018838,U
E01018898,E01018898,U
E01020632,E01020632,U
E01020783,E01020783,U
E01018902,E01018902,U
E01019070,E01019070,U
E01022221,E01022221,U
E01022223,E01034787,S
E01022223,E01034788,S
E01022224,E01022224,U
E01022176,E01022176,U
E01022206,E01034789,S
E01022206,E01034790,S
E01022217,E01022217,U
E01022218,E01022218,U
E01022219,E01022219,U
E01022220,E01022220,U
E01020634,E01020634,U
E01020635,E01020635,U
E01020636,E01020636,U
E01020654,E01020654,U
E01020676,E01020676,U
E01020613,E01020613,U
E01020614,E01020614,U
E01020622,E01020622,U
E01020623,E01020623,U
E01020627,E01020627,U
E01020628,E01020628,U
E01020629,E01020629,U
E01020655,E01020655,U
E01020656,E01020656,U
E01020657,E01020657,U
E01020661,E01020661,U
E01020662,E01020662,U
E01020663,E01020663,U
E01020674,E01020674,U
E01020678,E01020678,U
E01020606,E01020606,U
E01020615,E01020615,U
E01020616,E01020616,U
E01020617,E01020617,U
E01020626,E01020626,U
E01020638,E01020638,U
E01020639,E01020639,U
E01020653,E01020653,U
E01020677,E01020677,U
E01020596,E01020596,U
E01020597,E01020597,U
E01020598,E01020598,U
E01020611,E01020611,U
E01020612,E01020612,U
E01020647,E01020647,U
E01020640,E01020640,U
E01020784,E01020784,U
E01018865,E01018865,U
E01018903,E01018903,U
E01019071,E01019071,U
E01019038,E01019038,U
E01018839,E01018839,U
E01020641,E01020641,U
E01020743,E01020743,U
E01019072,E01019072,U
E01018866,E01018866,U
E01019039,E01019039,U
E01018840,E01018840,U
E01018904,E01018904,U
E01020642,E01020642,U
E01020747,E01020747,U
E01019073,E01019073,U
E01018867,E01034866,S
E01019040,E01019040,U
E01018841,E01018841,U
E01018920,E01018920,U
E01020643,E01020643,U
E01020748,E01020748,U
E01019056,E01019056,U
E01018867,E01034867,S
E01019066,E01019066,U
E01018860,E01018860,U
E01022179,E01022179,U
E01020667,E01020667,U
E01020749,E01020749,U
E01019057,E01019057,U
E01018868,E01018868,U
E01019067,E01019067,U
E01018803,E01018803,U
E01022182,E01022182,U
E01020592,E01020592,U
E01020773,E01020773,U
E01019058,E01019058,U
E01018874,E01018874,U
E01019068,E01019068,U
E01018804,E01018804,U
E01022183,E01022183,U
E01020593,E01020593,U
E01020775,E01020775,U
E01019059,E01019059,U
E01018875,E01018875,U
E01018823,E01018823,U
E01018805,E01018805,U
E01018806,E01018806,U
E01018811,E01018811,U
E01018812,E01018812,U
E01018813,E01018813,U
E01018814,E01018814,U
E01018859,E01018859,U
E01018988,E01018988,U
E01018989,E01018989,U
E01018991,E01018991,U
E01019006,E01019006,U
E01018879,E01018879,U
E01018880,E01018880,U
E01018899,E01018899,U
E01018900,E01018900,U
E01018901,E01018901,U
E01018976,E01018976,U
E01018977,E01018977,U
E01018994,E01018994,U
E01018996,E01018996,U
E01018997,E01018997,U
E01018995,E01018995,U
E01018998,E01018998,U
E01018999,E01018999,U
E01019001,E01019001,U
E01018992,E01018992,U
E01018993,E01018993,U
E01019005,E01019005,U
E01019000,E01019000,U
E01019002,E01019002,U
E01019003,E01019003,U
E01019004,E01019004,U
E01018882,E01018882,U
E01018883,E01018883,U
E01018884,E01018884,U
E01018885,E01018885,U
E01018886,E01018886,U
E01018887,E01018887,U
E01018888,E01018888,U
E01018861,E01018861,U
E01020599,E01020599,U
E01018824,E01018824,U
E01018876,E01018876,U
E01020601,E01020601,U
E01018853,E01018853,U
E01018877,E01018877,U
E01020604,E01020604,U
E01022184,E01022184,U
E01018815,E01018815,U
E01020602,E01020602,U
E01020607,E01020607,U
E01022185,E01022185,U
E01018878,E01018878,U
E01018854,E01018854,U
E01020618,E01020618,U
E01018831,E01018831,U
E01022177,E01022177,U
E01018819,E01018819,U
E01019008,E01019008,U
E01020619,E01020619,U
E01020650,E01020650,U
E01018832,E01018832,U
E01022178,E01022178,U
E01018822,E01018822,U
E01019009,E01019009,U
E01020620,E01020620,U
E01020651,E01020651,U
E01018847,E01018847,U
E01022205,E01022205,U
E01018855,E01034862,S
E01019010,E01019010,U
E01019011,E01019011,U
E01019012,E01019012,U
E01018869,E01018869,U
E01018870,E01018870,U
E01018871,E01018871,U
E01018872,E01018872,U
E01018873,E01018873,U
E01018827,E01018827,U
E01018828,E01018828,U
E01018829,E01018829,U
E01018830,E01018830,U
E01018978,E01018978,U
E01018981,E01018981,U
E01018982,E01018982,U
E01018983,E01018983,U
E01018984,E01034868,S
E01018984,E01034869,S
E01018985,E01018985,U
E01018986,E01018986,U
E01018987,E01018987,U
E01018863,E01018863,U
E01018864,E01018864,U
E01018921,E01018921,U
E01018922,E01018922,U
E01018834,E01018834,U
E01018835,E01018835,U
E01018836,E01018836,U
E01018837,E01018837,U
E01018975,E01018975,U
E01018979,E01018979,U
E01020652,E01020652,U
E01022211,E01022211,U
E01018833,E01018833,U
E01020668,E01020668,U
E01022212,E01034781,S
E01018842,E01018842,U
E01020669,E01020669,U
E01022212,E01034782,S
E01018843,E01018843,U
E01020621,E01020621,U
E01020594,E01020594,U
E01018855,E01034863,S
E01022180,E01034783,S
E01018844,E01018844,U
E01020633,E01020633,U
E01020664,E01020664,U
E01020595,E01020595,U
E01018856,E01018856,U
E01022180,E01034784,S
E01018780,E01018780,U
E01020665,E01020665,U
E01020600,E01020600,U
E01022181,E01022181,U
E01018857,E01018857,U
E01018781,E01018781,U
E01020666,E01020666,U
E01020603,E01020603,U
E01022214,E01034785,S
E01018858,E01018858,U
E01033294,E01033294,U
E01020776,E01020776,U
E01020605,E01020605,U
E01022214,E01034786,S
E01018807,E01018807,U
E01019024,E01019024,U
E01033161,E01033161,U
E01020630,E01020630,U
E01022222,E01022222,U
E01018808,E01018808,U
E01019025,E01019025,U
E01033198,E01033198,U
E01020631,E01020631,U
E01022186,E01022186,U
E01018809,E01034864,S
E01019026,E01019026,U
E01033205,E01033205,U
E01020637,E01020637,U
E01022187,E01022187,U
E01018809,E01034865,S
E01019027,E01019027,U
E01033206,E01033206,U
E01020644,E01034489,S
E01022201,E01022201,U
E01018810,E01018810,U
E01019013,E01019013,U
E01020709,E01020709,U
E01020644,E01034490,S
E01022216,E01022216,U
E01018889,E01018889,U
E01019014,E01019014,U
E01019015,E01019015,U
E01019016,E01019016,U
E01019017,E01034856,S
E01019017,E01034857,S
E01018762,E01018762,U
E01018773,E01018773,U
E01018775,E01034858,M
E01018776,E01034858,M
E01019032,E01019032,U
E01019034,E01019034,U
E01019045,E01019045,U
E01019047,E01019047,U
E01019033,E01019033,U
E01019041,E01019041,U
E01019042,E01019042,U
E01019043,E01019043,U
E01019044,E01019044,U
E01019046,E01019046,U
E01018825,E01018825,U
E01018826,E01018826,U
E01020644,E01034491,S
E01018890,E01018890,U
E01022175,E01022175,U
E01020717,E01020717,U
E01020645,E01020645,U
E01018891,E01018891,U
E01022207,E01022207,U
E01020718,E01020718,U
E01020590,E01020590,U
E01018892,E01018892,U
E01022213,E01022213,U
E01020719,E01020719,U
E01020591,E01020591,U
E01018893,E01018893,U
E01022215,E01022215,U
E01020721,E01020721,U
E01020608,E01020608,U
E01018908,E01018908,U
E01022188,E01022188,U
E01020708,E01020708,U
E01020609,E01020609,U
E01018909,E01018909,U
E01022189,E01022189,U
E01020710,E01020710,U
E01020610,E01020610,U
E01020711,E01020711,U
E01018910,E01018910,U
E01022190,E01022190,U
E01018911,E01018911,U
E01020750,E01020750,U
E01020720,E01020720,U
E01022196,E01022196,U
E01018816,E01018816,U
E01020781,E01034492,M
E01020646,E01020646,U
E01022197,E01022197,U
E01018817,E01018817,U
E01020786,E01020786,U
E01020658,E01020658,U
E01022194,E01022194,U
E01018818,E01018818,U
E01020787,E01020787,U
E01020659,E01020659,U
E01022195,E01022195,U
E01018820,E01018820,U
E01033163,E01033163,U
E01020660,E01020660,U
E01022199,E01022199,U
E01018821,E01018821,U
E01033202,E01034492,M
E01020751,E01020751,U
E01022200,E01022200,U
E01018845,E01018845,U
E01020740,E01020740,U
E01020752,E01020752,U
E01022191,E01022191,U
E01018846,E01018846,U
E01020754,E01020754,U
E01022192,E01022192,U
E01018848,E01018848,U
E01020756,E01020756,U
E01022193,E01022193,U
E01018849,E01018849,U
E01020679,E01020679,U
E01022198,E01022198,U
E01018850,E01018850,U
E01020680,E01020680,U
E01022225,E01022225,U
E01022202,E01022202,U
E01022203,E01022203,U
E01020681,E01020681,U
E01020714,E01020714,U
E01020716,E01020716,U
E01020725,E01020725,U
E01020726,E01020726,U
E01020727,E01020727,U
E01018912,E01018912,U
E01018913,E01018913,U
E01018914,E01018914,U
E01018915,E01018915,U
E01018916,E01018916,U
E01018917,E01018917,U
E01032536,E01032536,U
E01032537,E01032537,U
E01032538,E01032538,U
E01009590,E01009590,U
E01009591,E01009591,U
E01009593,E01009593,U
E01009598,E01009598,U
E01009604,E01009604,U
E01009605,E01009605,U
E01009607,E01009607,U
E01009608,E01009608,U
E01009610,E01009610,U
E01009564,E01009564,U
E01009575,E01009575,U
E01009606,E01009606,U
E01009609,E01009609,U
E01009524,E01009524,U
E01009525,E01009525,U
E01009527,E01009527,U
E01009594,E01009594,U
E01009577,E01009577,U
E01009579,E01009579,U
E01009581,E01009581,U
E01009584,E01009584,U
E01009585,E01009585,U
E01009709,E01009709,U
E01009576,E01009576,U
E01009578,E01009578,U
E01009582,E01009582,U
E01020819,E01020819,U
E01009705,E01009705,U
E01020777,E01020777,U
E01009583,E01009583,U
E01009586,E01009586,U
E01009565,E01009565,U
E01009566,E01009566,U
E01009567,E01009567,U
E01009568,E01009568,U
E01009523,E01009523,U
E01009526,E01009526,U
E01009528,E01009528,U
E01009531,E01009531,U
E01009587,E01009587,U
E01009624,E01009624,U
E01009625,E01009625,U
E01009626,E01009626,U
E01009622,E01009622,U
E01009623,E01009623,U
E01009627,E01009627,U
E01009628,E01009628,U
E01009599,E01009599,U
E01009663,E01009663,U
E01009710,E01009710,U
E01009707,E01009707,U
E01009711,E01009711,U
E01020729,E01020729,U
E01020896,E01020896,U
E01020837,E01020837,U
E01020778,E01020778,U
E01009522,E01009522,U
E01009708,E01009708,U
E01009636,E01009636,U
E01020843,E01020843,U
E01020779,E01020779,U
E01009529,E01009529,U
E01009554,E01009554,U
E01009637,E01009637,U
E01020809,E01020809,U
E01020897,E01034509,S
E01020685,E01020685,U
E01020730,E01020730,U
E01009530,E01009530,U
E01009555,E01009555,U
E01009638,E01009638,U
E01020810,E01020810,U
E01020897,E01034510,S
E01020686,E01020686,U
E01020731,E01020731,U
E01009645,E01009645,U
E01009556,E01009556,U
E01009639,E01009639,U
E01020811,E01020811,U
E01020812,E01020812,U
E01020827,E01020827,U
E01020806,E01020806,U
E01020807,E01020807,U
E01020820,E01020820,U
E01020842,E01034501,S
E01020842,E01034502,S
E01020797,E01020797,U
E01020798,E01020798,U
E01020799,E01020799,U
E01020808,E01020808,U
E01020873,E01020873,U
E01020875,E01020875,U
E01020900,E01020900,U
E01020901,E01020901,U
E01020902,E01020902,U
E01020821,E01020821,U
E01020822,E01020822,U
E01020823,E01020823,U
E01020835,E01020835,U
E01020836,E01034503,S
E01020836,E01034504,S
E01020803,E01034507,S
E01020803,E01034508,S
E01020805,E01020805,U
E01033203,E01034505,S
E01033203,E01034506,S
E01020796,E01020796,U
E01020828,E01020828,U
E01020829,E01020829,U
E01020830,E01020830,U
E01020868,E01020868,U
E01020869,E01020869,U
E01020874,E01020874,U
E01020880,E01020880,U
E01020881,E01020881,U
E01020870,E01020870,U
E01020871,E01020871,U
E01020872,E01020872,U
E01020883,E01020883,U
E01020886,E01020886,U
E01020882,E01020882,U
E01020888,E01020888,U
E01020895,E01020895,U
E01020682,E01020682,U
E01009569,E01009569,U
E01009557,E01009557,U
E01009640,E01009640,U
E01020687,E01020687,U
E01020683,E01020683,U
E01020690,E01020690,U
E01020688,E01020688,U
E01009641,E01009641,U
E01020691,E01020691,U
E01009558,E01009558,U
E01009570,E01009570,U
E01020884,E01020884,U
E01009559,E01009559,U
E01020689,E01020689,U
E01020885,E01020885,U
E01009537,E01009537,U
E01009571,E01009571,U
E01020692,E01020692,U
E01020736,E01034500,M
E01009697,E01009697,U
E01020907,E01020907,U
E01009538,E01009538,U
E01009572,E01034735,S
E01020693,E01020693,U
E01020737,E01020737,U
E01009698,E01009698,U
E01020908,E01020908,U
E01009611,E01034745,S
E01009572,E01034736,S
E01020722,E01020722,U
E01020738,E01034500,M
E01009703,E01034739,S
E01020909,E01020909,U
E01009611,E01034746,S
E01009573,E01009573,U
E01020723,E01020723,U
E01020739,E01020739,U
E01009703,E01034740,S
E01020801,E01020801,U
E01009612,E01009612,U
E01009574,E01009574,U
E01020724,E01020724,U
E01020744,E01020744,U
E01020788,E01020788,U
E01020789,E01020789,U
E01020790,E01020790,U
E01020791,E01020791,U
E01020792,E01020792,U
E01020694,E01020694,U
E01020696,E01020696,U
E01020697,E01020697,U
E01020732,E01020732,U
E01020889,E01020889,U
E01020890,E01020890,U
E01020891,E01020891,U
E01020905,E01020905,U
E01020906,E01020906,U
E01020772,E01020772,U
E01020793,E01020793,U
E01020794,E01020794,U
E01020795,E01020795,U
E01020695,E01020695,U
E01020698,E01020698,U
E01020699,E01020699,U
E01020700,E01020700,U
E01020701,E01020701,U
E01020876,E01020876,U
E01020878,E01020878,U
E01020887,E01020887,U
E01020892,E01020892,U
E01020894,E01020894,U
E01020898,E01020898,U
E01020877,E01020877,U
E01020879,E01020879,U
E01020893,E01020893,U
E01020899,E01020899,U
E01020903,E01020903,U
E01020904,E01020904,U
E01020817,E01020817,U
E01020818,E01020818,U
E01020703,E01020703,U
E01032527,E01032527,U
E01009706,E01009706,U
E01033164,E01034493,M
E01020802,E01020802,U
E01032528,E01032528,U
E01009679,E01009679,U
E01032531,E01034747,S
E01032531,E01034748,S
E01032532,E01032532,U
E01032533,E01032533,U
E01009549,E01009549,U
E01009550,E01009550,U
E01009552,E01009552,U
E01032534,E01032534,U
E01032535,E01032535,U
E01009544,E01009544,U
E01009619,E01034749,S
E01009619,E01034750,S
E01032529,E01032529,U
E01032530,E01032530,U
E01009539,E01009539,U
E01009540,E01009540,U
E01009541,E01009541,U
E01009542,E01009542,U
E01009560,E01009560,U
E01009561,E01009561,U
E01009562,E01009562,U
E01009563,E01009563,U
E01009672,E01009672,U
E01009666,E01009666,U
E01009667,E01009667,U
E01009668,E01009668,U
E01009670,E01009670,U
E01009665,E01009665,U
E01009669,E01009669,U
E01009671,E01009671,U
E01033058,E01033058,U
E01009588,E01009588,U
E01009592,E01009592,U
E01009596,E01009596,U
E01009655,E01009655,U
E01033195,E01033195,U
E01033197,E01033197,U
E01033221,E01034493,M
E01020705,E01020705,U
E01020706,E01020706,U
E01020715,E01034494,S
E01020715,E01034495,S
E01020745,E01020745,U
E01020753,E01020753,U
E01020757,E01020757,U
E01020758,E01020758,U
E01020759,E01020759,U
E01020765,E01020765,U
E01020684,E01034497,S
E01020684,E01034499,S
E01020702,E01020702,U
E01020704,E01020704,U
E01020712,E01020712,U
E01020713,E01034496,S
E01020713,E01034498,S
E01020760,E01020760,U
E01020761,E01020761,U
E01020762,E01020762,U
E01020763,E01020763,U
E01020733,E01020733,U
E01009649,E01009649,U
E01009684,E01009684,U
E01009685,E01009685,U
E01009686,E01009686,U
E01009687,E01009687,U
E01009615,E01009615,U
E01009616,E01009616,U
E01009617,E01009617,U
E01009618,E01009618,U
E01009620,E01009620,U
E01009621,E01009621,U
E01009633,E01009633,U
E01009634,E01009634,U
E01009635,E01034741,S
E01009635,E01034742,S
E01020838,E01020838,U
E01009661,E01009661,U
E01009674,E01009674,U
E01020839,E01020839,U
E01009699,E01009699,U
E01009656,E01009656,U
E01020840,E01020840,U
E01009700,E01009700,U
E01009659,E01009659,U
E01020841,E01020841,U
E01020734,E01020734,U
E01009701,E01009701,U
E01009662,E01009662,U
E01020813,E01020813,U
E01020735,E01020735,U
E01009702,E01009702,U
E01009664,E01009664,U
E01020814,E01020814,U
E01020770,E01020770,U
E01009643,E01009643,U
E01020815,E01020815,U
E01009688,E01009688,U
E01020848,E01020848,U
E01009689,E01009689,U
E01020850,E01020850,U
E01009690,E01009690,U
E01020851,E01020851,U
E01009691,E01009691,U
E01020816,E01020816,U
E01009548,E01009548,U
E01020844,E01020844,U
E01009553,E01009553,U
E01020847,E01020847,U
E01020771,E01020771,U
E01020849,E01020849,U
E01009642,E01034743,S
E01020780,E01020780,U
E01009644,E01009644,U
E01020825,E01020825,U
E01009642,E01034744,S
E01020764,E01020764,U
E01009647,E01009647,U
E01020831,E01020831,U
E01009651,E01009651,U
E01020766,E01020766,U
E01009648,E01009648,U
E01020833,E01020833,U
E01009676,E01009676,U
E01020767,E01020767,U
E01009652,E01009652,U
E01020834,E01020834,U
E01009681,E01009681,U
E01020768,E01020768,U
E01009653,E01009653,U
E01020824,E01020824,U
E01009682,E01009682,U
E01020746,E01020746,U
E01009613,E01009613,U
E01020826,E01020826,U
E01009683,E01009683,U
E01020769,E01020769,U
E01009657,E01009657,U
E01009532,E01009532,U
E01009712,E01009712,U
E01020832,E01020832,U
E01009714,E01009714,U
E01020845,E01020845,U
E01020846,E01020846,U
E01009716,E01009716,U
E01020856,E01020856,U
E01009535,E01009535,U
E01009580,E01009580,U
E01020858,E01020858,U
E01009536,E01009536,U
E01009713,E01009713,U
E01020859,E01020859,U
E01009543,E01009543,U
E01009715,E01009715,U
E01020860,E01020860,U
E01009717,E01009717,U
E01020861,E01020861,U
E01009718,E01009718,U
E01020862,E01020862,U
E01009629,E01034737,S
E01020864,E01020864,U
E01009629,E01034738,S
E01020867,E01020867,U
E01009630,E01009630,U
E01020857,E01020857,U
E01009631,E01009631,U
E01020863,E01020863,U
E01009632,E01009632,U
E01020865,E01034511,M
E01009650,E01009650,U
E01020866,E01034511,M
E01009614,E01009614,U
E01020852,E01020852,U
E01009654,E01009654,U
E01009658,E01009658,U
E01020853,E01020853,U
E01009660,E01009660,U
E01020854,E01020854,U
E01009646,E01009646,U
E01020855,E01020855,U
E01009692,E01009692,U
E01009589,E01009589,U
E01009693,E01009693,U
E01009694,E01009694,U
E01009695,E01009695,U
E01009696,E01009696,U
E01009704,E01009704,U
E01001040,E01001040,U
E01001051,E01001051,U
E01001052,E01001052,U
E01001054,E01001054,U
E01001056,E01001056,U
E01001057,E01001057,U
E01001033,E01001033,U
E01001034,E01001034,U
E01001041,E01001041,U
E01001095,E01001095,U
E01001100,E01001100,U
E01001053,E01001053,U
E01001055,E01001055,U
E01001077,E01001077,U
E01001078,E01001078,U
E01001082,E01001082,U
E01001120,E01001120,U
E01001122,E01001122,U
E01001123,E01001123,U
E01001111,E01001111,U
E01001124,E01001124,U
E01001125,E01001125,U
E01001058,E01001058,U
E01001155,E01001155,U
E01001059,E01001059,U
E01001174,E01001174,U
E01001060,E01001060,U
E01001175,E01001175,U
E01001061,E01001061,U
E01001176,E01001176,U
E01001065,E01001065,U
E01001182,E01001182,U
E01001066,E01001066,U
E01001183,E01001183,U
E01001119,E01001119,U
E01001184,E01001184,U
E01001126,E01001126,U
E01001001,E01001001,U
E01001032,E01001032,U
E01001109,E01001109,U
E01031610,E01031610,U
E01001101,E01001101,U
E01001102,E01001102,U
E01001107,E01001107,U
E01001108,E01001108,U
E01001076,E01001076,U
E01001079,E01001079,U
E01001080,E01001080,U
E01001081,E01001081,U
E01001073,E01001073,U
E01001092,E01001092,U
E01001093,E01001093,U
E01001096,E01001096,U
E01001097,E01001097,U
E01001098,E01001098,U
E01001028,E01001028,U
E01001029,E01001029,U
E01001030,E01001030,U
E01001031,E01001031,U
E01001094,E01001094,U
E01001103,E01001103,U
E01001110,E01001110,U
E01001105,E01001105,U
E01023356,E01023356,U
E01031558,E01031558,U
E01009597,E01009597,U
E01001112,E01001112,U
E01031583,E01031583,U
E01001118,E01001118,U
E01032587,E01032587,U
E01001106,E01001106,U
E01031559,E01031559,U
E01023416,E01023416,U
E01001113,E01001113,U
E01031584,E01031584,U
E01000985,E01000985,U
E01027558,E01027558,U
E01001121,E01001121,U
E01001137,E01001137,U
E01023417,E01023417,U
E01001114,E01001114,U
E01031585,E01031585,U
E01000986,E01000986,U
E01027559,E01027559,U
E01001069,E01001069,U
E01001138,E01001138,U
E01023393,E01023393,U
E01001116,E01001116,U
E01031601,E01031601,U
E01000987,E01000987,U
E01027569,E01027569,U
E01001070,E01001070,U
E01001156,E01001156,U
E01023394,E01023394,U
E01027570,E01027570,U
E01000992,E01000992,U
E01027562,E01027562,U
E01001162,E01001162,U
E01032835,E01032835,U
E01000993,E01000993,U
E01032836,E01032836,U
E01001185,E01001185,U
E01027567,E01027567,U
E01001164,E01001164,U
E01001075,E01001075,U
E01023395,E01023395,U
E01027585,E01027585,U
E01001084,E01001084,U
E01001186,E01001186,U
E01023396,E01023396,U
E01027568,E01027568,U
E01001099,E01001099,U
E01000975,E01000975,U
E01001157,E01001157,U
E01031589,E01031589,U
E01001188,E01001188,U
E01023397,E01023397,U
E01027571,E01027571,U
E01001015,E01001015,U
E01000976,E01000976,U
E01001159,E01001159,U
E01031591,E01031591,U
E01001193,E01001193,U
E01023401,E01023401,U
E01027572,E01027572,U
E01001016,E01001016,U
E01000977,E01000977,U
E01001160,E01001160,U
E01031594,E01031594,U
E01001004,E01001004,U
E01023402,E01023402,U
E01027573,E01027573,U
E01001023,E01001023,U
E01000978,E01000978,U
E01001163,E01001163,U
E01031600,E01031600,U
E01001115,E01001115,U
E01023403,E01023403,U
E01027557,E01027557,U
E01001067,E01001067,U
E01000979,E01000979,U
E01001083,E01001083,U
E01031603,E01031603,U
E01001117,E01034139,S
E01001074,E01001074,U
E01023404,E01023404,U
E01000984,E01000984,U
E01027561,E01027561,U
E01001086,E01001086,U
E01001117,E01034140,S
E01001044,E01001044,U
E01027576,E01027576,U
E01023405,E01023405,U
E01001068,E01001068,U
E01031564,E01031564,U
E01001178,E01001178,U
E01001071,E01001071,U
E01023361,E01023361,U
E01001046,E01001046,U
E01031565,E01031565,U
E01027574,E01027574,U
E01001087,E01001087,U
E01001181,E01001181,U
E01001072,E01001072,U
E01023362,E01023362,U
E01001049,E01001049,U
E01031566,E01031566,U
E01027575,E01027575,U
E01001161,E01001161,U
E01001006,E01001006,U
E01001104,E01001104,U
E01023363,E01023363,U
E01001050,E01001050,U
E01031567,E01031567,U
E01027577,E01027577,U
E01001085,E01001085,U
E01001007,E01001007,U
E01001017,E01001017,U
E01023364,E01023364,U
E01001014,E01034145,S
E01031568,E01031568,U
E01027579,E01027579,U
E01001088,E01001088,U
E01001177,E01001177,U
E01001024,E01001024,U
E01023390,E01023390,U
E01001014,E01034146,S
E01031596,E01031596,U
E01027578,E01027578,U
E01001089,E01001089,U
E01001179,E01001179,U
E01001025,E01001025,U
E01023391,E01023391,U
E01001014,E01034144,S
E01001042,E01001042,U
E01001165,E01001165,U
E01001166,E01001166,U
E01001168,E01001168,U
E01001127,E01001127,U
E01001128,E01001128,U
E01001130,E01001130,U
E01001135,E01001135,U
E01001062,E01001062,U
E01001063,E01001063,U
E01001064,E01001064,U
E01001129,E01001129,U
E01001133,E01001133,U
E01001035,E01001035,U
E01001043,E01034150,S
E01001043,E01034151,S
E01001043,E01034152,S
E01001045,E01034147,S
E01001045,E01034148,S
E01001045,E01034149,S
E01001047,E01001047,U
E01001170,E01001170,U
E01001167,E01001167,U
E01001169,E01001169,U
E01001171,E01001171,U
E01001172,E01001172,U
E01001173,E01001173,U
E01001036,E01001036,U
E01001037,E01001037,U
E01001038,E01001038,U
E01001039,E01001039,U
E01001090,E01001090,U
E01001180,E01001180,U
E01001091,E01001091,U
E01000980,E01000980,U
E01001147,E01001147,U
E01000981,E01000981,U
E01027580,E01027580,U
E01001148,E01001148,U
E01031597,E01031597,U
E01000982,E01000982,U
E01027581,E01034956,S
E01001026,E01001026,U
E01023399,E01023399,U
E01001151,E01001151,U
E01031598,E01031598,U
E01000983,E01000983,U
E01027581,E01034957,S
E01001027,E01001027,U
E01001018,E01001018,U
E01001019,E01001019,U
E01001020,E01001020,U
E01001021,E01001021,U
E01001022,E01001022,U
E01000990,E01000990,U
E01001189,E01001189,U
E01001190,E01001190,U
E01001194,E01001194,U
E01032569,E01032569,U
E01023430,E01023430,U
E01023431,E01023431,U
E01023432,E01023432,U
E01023433,E01023433,U
E01023423,E01023423,U
E01023424,E01023424,U
E01023425,E01023425,U
E01023426,E01023426,U
E01023418,E01023418,U
E01023419,E01023419,U
E01023420,E01023420,U
E01023352,E01023352,U
E01023421,E01023421,U
E01023422,E01023422,U
E01023434,E01023434,U
E01023435,E01023435,U
E01023436,E01023436,U
E01023437,E01023437,U
E01023355,E01023355,U
E01031599,E01031599,U
E01031608,E01031608,U
E01031578,E01031578,U
E01031580,E01031580,U
E01031581,E01031581,U
E01031592,E01031592,U
E01031560,E01031560,U
E01031561,E01031561,U
E01031562,E01031562,U
E01031563,E01031563,U
E01031579,E01031579,U
E01023392,E01023392,U
E01031582,E01031582,U
E01001152,E01001152,U
E01001187,E01001187,U
E01023427,E01023427,U
E01031547,E01031547,U
E01001158,E01001158,U
E01027582,E01027582,U
E01000989,E01000989,U
E01023428,E01023428,U
E01031548,E01031548,U
E01001146,E01001146,U
E01000991,E01000991,U
E01023429,E01023429,U
E01031549,E01031549,U
E01027556,E01027556,U
E01001131,E01001131,U
E01023369,E01023369,U
E01027560,E01027560,U
E01031550,E01031550,U
E01001149,E01001149,U
E01001132,E01001132,U
E01023370,E01023370,U
E01027563,E01027563,U
E01031569,E01031569,U
E01001150,E01001150,U
E01001134,E01001134,U
E01023371,E01023371,U
E01027586,E01027586,U
E01031595,E01031595,U
E01001153,E01001153,U
E01001005,E01001005,U
E01023372,E01023372,U
E01027555,E01027555,U
E01027564,E01027564,U
E01027565,E01027565,U
E01027566,E01027566,U
E01027583,E01027583,U
E01027584,E01027584,U
E01031573,E01031573,U
E01031574,E01031574,U
E01031575,E01031575,U
E01031576,E01031576,U
E01031577,E01031577,U
E01031586,E01031586,U
E01031587,E01035328,S
E01031587,E01035329,S
E01031588,E01031588,U
E01031590,E01031590,U
E01031593,E01031593,U
E01031570,E01031570,U
E01031571,E01031571,U
E01031572,E01031572,U
E01031609,E01031609,U
E01001008,E01001008,U
E01001009,E01001009,U
E01001010,E01001010,U
E01001011,E01001011,U
E01001012,E01001012,U
E01001013,E01001013,U
E01001048,E01034143,S
E01001048,E01034141,S
E01001048,E01034142,S
E01023345,E01023345,U
E01023346,E01023346,U
E01023347,E01023347,U
E01023348,E01023348,U
E01023365,E01023365,U
E01023366,E01023366,U
E01023367,E01023367,U
E01023368,E01023368,U
E01023349,E01023349,U
E01023350,E01023350,U
E01023351,E01023351,U
E01023398,E01035563,S
E01023398,E01035564,S
E01023398,E01035562,S
E01023400,E01023400,U
E01023383,E01023383,U
E01023384,E01023384,U
E01023385,E01023385,U
E01023409,E01023409,U
E01023410,E01023410,U
E01023411,E01023411,U
E01023412,E01023412,U
E01001154,E01001154,U
E01031604,E01031604,U
E01031605,E01031605,U
E01031606,E01031606,U
E01031607,E01031607,U
E01031546,E01031546,U
E01031551,E01031551,U
E01031553,E01031553,U
E01031554,E01031554,U
E01031555,E01031555,U
E01031552,E01031552,U
E01031556,E01031556,U
E01031557,E01031557,U
E01001136,E01001136,U
E01001139,E01001139,U
E01001140,E01001140,U
E01001142,E01001142,U
E01001144,E01001144,U
E01001141,E01001141,U
E01001143,E01001143,U
E01001145,E01001145,U
E01001191,E01001191,U
E01001192,E01001192,U
E01000994,E01000994,U
E01000995,E01000995,U
E01000996,E01000996,U
E01000997,E01000997,U
E01000999,E01000999,U
E01001002,E01001002,U
E01000998,E01000998,U
E01001000,E01001000,U
E01001003,E01001003,U
E01013538,E01013538,U
E01023413,E01023413,U
E01023354,E01023354,U
E01013522,E01013522,U
E01013484,E01013484,U
E01012311,E01012311,U
W01000243,W01000243,U
E01023379,E01023379,U
E01013523,E01013523,U
E01013486,E01013486,U
E01012312,E01012312,U
W01000244,W01000244,U
E01024188,E01024188,U
E01023380,E01023380,U
E01013524,E01013524,U
E01024149,E01035273,S
E01013487,E01013487,U
E01012313,E01012313,U
E01027013,E01027013,U
W01000193,W01000193,U
E01024189,E01024189,U
E01024132,E01024132,U
E01024134,E01024134,U
E01024135,E01024135,U
E01024174,E01024174,U
E01024175,E01024175,U
E01024157,E01024157,U
E01024158,E01024158,U
E01024159,E01024159,U
E01024160,E01024160,U
E01027005,E01027005,U
E01027026,E01027026,U
E01027030,E01027030,U
E01027000,E01027000,U
E01027001,E01027001,U
E01027002,E01027002,U
E01027003,E01027003,U
E01027022,E01027022,U
E01026994,E01026994,U
E01026999,E01026999,U
E01027006,E01027006,U
E01032968,E01035399,S
E01032968,E01035400,S
E01026998,E01026998,U
E01027015,E01027015,U
E01027016,E01027016,U
E01027021,E01027021,U
E01027027,E01027027,U
E01026997,E01035401,S
E01026997,E01035402,S
E01027018,E01027018,U
E01027019,E01027019,U
E01027020,E01027020,U
E01027023,E01027023,U
E01026987,E01026987,U
E01026989,E01026989,U
E01026990,E01035406,S
E01026990,E01035403,S
E01027012,E01027012,U
E01027014,E01035405,S
E01027014,E01035404,S
E01026986,E01026986,U
E01026988,E01026988,U
E01026991,E01026991,U
E01026992,E01026992,U
E01027010,E01027010,U
E01027007,E01027007,U
E01027008,E01027008,U
E01027009,E01027009,U
E01013525,E01013525,U
E01027011,E01027011,U
E01013548,E01013548,U
E01033166,E01033166,U
W01000202,W01000202,U
E01012314,E01012314,U
E01013549,E01013549,U
E01033167,E01033167,U
E01027017,E01027017,U
W01000207,W01000207,U
E01023381,E01023381,U
E01024154,E01024154,U
E01013552,E01013552,U
W01000192,W01000192,U
E01013540,E01013540,U
E01012362,E01012362,U
E01024155,E01024155,U
E01023382,E01023382,U
E01013553,E01013553,U
E01027024,E01027024,U
W01000205,W01000205,U
E01013560,E01013560,U
E01012363,E01012363,U
E01024140,E01035277,S
E01033022,E01033022,U
E01013555,E01013555,U
E01027025,E01027025,U
W01000208,W01000208,U
E01013561,E01013561,U
E01012364,E01012364,U
E01024140,E01035279,S
E01033023,E01033023,U
E01013592,E01013592,U
E01026993,E01026993,U
W01000209,W01000209,U
E01013562,E01013562,U
E01012365,E01012365,U
E01024141,E01035278,S
E01023386,E01023386,U
E01024141,E01035280,S
E01013594,E01013594,U
E01023387,E01023387,U
W01000210,W01000210,U
E01027004,E01027004,U
E01012353,E01012353,U
E01013563,E01013563,U
E01027028,E01027028,U
E01013596,E01013596,U
E01012354,E01012354,U
W01000231,W01000231,U
E01013459,E01013459,U
E01023388,E01023388,U
E01027029,E01027029,U
E01024141,E01035281,S
E01013599,E01013599,U
E01012355,E01012355,U
W01000232,W01000232,U
E01013567,E01013567,U
E01023389,E01023389,U
W01000218,W01000218,U
E01024143,E01024143,U
E01013547,E01013547,U
E01033483,E01035187,M
W01000233,W01000233,U
E01013568,E01013568,U
E01023357,E01023357,U
W01000219,W01000219,U
E01024179,E01024179,U
E01013550,E01013550,U
E01033484,E01035187,M
W01000235,W01000235,U
E01013569,E01013569,U
E01023358,E01023358,U
W01000220,W01000220,U
E01024180,E01024180,U
E01013551,E01013551,U
E01012307,E01012307,U
W01000229,W01000229,U
E01013539,E01013539,U
E01023359,E01023359,U
W01000213,W01000213,U
E01024181,E01024181,U
E01013554,E01013554,U
E01012327,E01012327,U
W01000230,W01000230,U
W01000234,W01000234,U
E01013461,E01013461,U
E01013462,E01013462,U
E01013463,E01013463,U
E01013464,E01013464,U
E01013465,E01013465,U
E01013466,E01013466,U
E01013467,E01013467,U
E01013468,E01013468,U
E01013469,E01013469,U
E01013574,E01013574,U
E01013575,E01013575,U
E01013576,E01013576,U
E01013577,E01013577,U
E01013578,E01013578,U
E01013579,E01013579,U
E01013580,E01013580,U
E01013530,E01013530,U
E01013531,E01013531,U
E01013532,E01013532,U
E01013581,E01013581,U
E01013526,E01013526,U
E01013527,E01013527,U
E01013528,E01013528,U
E01013529,E01013529,U
E01013505,E01013505,U
E01013506,E01013506,U
E01013513,E01013513,U
E01013534,E01013534,U
E01013582,E01013582,U
E01013533,E01013533,U
E01013535,E01013535,U
E01013536,E01013536,U
E01013537,E01013537,U
E01013541,E01013541,U
E01013507,E01013507,U
E01024182,E01024182,U
W01000214,W01000214,U
E01013543,E01013543,U
E01023360,E01023360,U
E01013508,E01013508,U
E01024183,E01024183,U
W01000215,W01000215,U
E01013544,E01013544,U
E01023414,E01023414,U
E01013509,E01013509,U
E01012342,E01012342,U
E01024184,E01024184,U
W01000216,W01000216,U
W01000212,W01000212,U
W01000221,W01000221,U
W01000222,W01000222,U
W01000226,W01000226,U
W01000227,W01000227,U
W01000228,W01000228,U
W01000239,W01000239,U
W01000240,W01000240,U
W01000241,W01000241,U
W01000236,W01000236,U
W01000237,W01000237,U
W01000238,W01000238,U
W01000200,W01000200,U
W01000201,W01000201,U
W01000217,W01000217,U
W01000248,W01000248,U
W01000191,W01000191,U
W01000223,W01000223,U
W01000224,W01000224,U
W01000225,W01000225,U
W01000245,W01000245,U
W01000246,W01000246,U
W01000247,W01000247,U
W01000194,W01000194,U
W01000198,W01000198,U
W01000199,W01000199,U
W01000195,W01000195,U
W01000196,W01000196,U
W01000197,W01000197,U
W01000211,W01000211,U
W01000203,W01000203,U
W01000204,W01000204,U
W01000206,W01000206,U
W01000242,W01000242,U
E01013545,E01013545,U
E01013510,E01013510,U
E01013488,E01013488,U
E01012343,E01035183,S
E01013511,E01013511,U
E01023415,E01023415,U
E01013489,E01013489,U
E01024185,E01024185,U
E01012343,E01035184,S
E01012315,E01012315,U
E01012316,E01035185,S
E01012316,E01035186,S
E01012360,E01012360,U
E01012336,E01012336,U
E01012337,E01012337,U
E01012347,E01012347,U
E01012348,E01012348,U
E01012361,E01012361,U
E01012304,E01012304,U
E01012305,E01012305,U
E01012306,E01012306,U
E01012340,E01012340,U
E01012341,E01012341,U
E01012317,E01012317,U
E01012318,E01012318,U
E01012319,E01012319,U
E01012356,E01012356,U
E01012357,E01012357,U
E01012358,E01012358,U
E01012359,E01012359,U
E01012338,E01012338,U
E01012339,E01012339,U
E01012344,E01012344,U
E01012345,E01012345,U
E01012346,E01012346,U
E01024148,E01035274,S
E01024148,E01035275,S
E01024148,E01035276,S
E01024149,E01035270,S
E01024149,E01035271,S
E01024149,E01035272,S
E01024142,E01035282,S
E01013512,E01013512,U
E01013490,E01013490,U
E01024142,E01035283,S
E01023373,E01023373,U
E01013453,E01013453,U
E01013491,E01013491,U
E01024176,E01024176,U
E01023374,E01023374,U
E01013454,E01013454,U
E01013570,E01013570,U
E01024177,E01024177,U
E01013456,E01013456,U
E01023375,E01023375,U
E01013457,E01013457,U
E01013571,E01013571,U
E01023376,E01023376,U
E01013460,E01013460,U
E01024178,E01024178,U
E01013479,E01034256,S
E01024156,E01024156,U
E01013572,E01013572,U
E01023377,E01023377,U
E01013479,E01034257,S
E01024161,E01024161,U
E01013573,E01013573,U
E01023378,E01023378,U
E01013593,E01013593,U
E01024162,E01024162,U
E01013470,E01013470,U
E01023406,E01023406,U
E01013595,E01013595,U
E01024163,E01024163,U
E01013474,E01013474,U
E01023407,E01023407,U
E01013597,E01013597,U
E01024164,E01024164,U
E01013476,E01013476,U
E01023408,E01023408,U
E01013598,E01013598,U
E01024169,E01024169,U
E01033171,E01033171,U
E01012334,E01012334,U
E01013556,E01013556,U
E01024170,E01024170,U
E01033172,E01033172,U
E01012335,E01012335,U
E01013557,E01013557,U
E01024171,E01024171,U
E01013471,E01013471,U
E01012366,E01012366,U
E01013558,E01013558,U
E01024172,E01024172,U
E01013473,E01013473,U
E01033481,E01033481,U
E01013559,E01013559,U
E01024144,E01024144,U
E01013475,E01013475,U
E01033482,E01033482,U
E01013564,E01013564,U
E01024145,E01024145,U
E01013477,E01013477,U
E01013502,E01013502,U
E01013503,E01013503,U
E01013472,E01013472,U
E01013497,E01013497,U
E01013504,E01013504,U
E01013583,E01013583,U
E01013590,E01013590,U
E01013591,E01013591,U
E01013492,E01013492,U
E01013493,E01013493,U
E01013494,E01013494,U
E01013495,E01013495,U
E01013496,E01013496,U
E01013498,E01013498,U
E01012323,E01012323,U
E01013480,E01013480,U
E01012324,E01012324,U
E01013483,E01013483,U
E01032545,E01032545,U
E01013485,E01013485,U
E01024146,E01024146,U
E01032546,E01032546,U
E01013565,E01013565,U
E01024147,E01024147,U
E01012328,E01012328,U
E01013566,E01013566,U
E01024186,E01024186,U
E01012329,E01012329,U
E01013455,E01013455,U
E01024133,E01024133,U
E01012330,E01012330,U
E01013458,E01013458,U
E01024136,E01024136,U
E01012331,E01012331,U
E01013542,E01013542,U
E01024137,E01024137,U
E01012349,E01012349,U
E01013546,E01013546,U
E01024138,E01024138,U
E01012350,E01012350,U
E01013481,E01013481,U
E01024139,E01024139,U
E01012351,E01012351,U
E01024165,E01024165,U
E01012352,E01012352,U
E01024166,E01024166,U
E01012325,E01012325,U
E01024167,E01024167,U
E01024168,E01024168,U
E01024150,E01024150,U
E01024151,E01024151,U
E01024152,E01024152,U
E01024153,E01024153,U
E01024173,E01024173,U
E01024187,E01024187,U
E01012326,E01012326,U
E01012332,E01012332,U
E01012333,E01012333,U
E01012309,E01012309,U
E01012310,E01012310,U
E01024236,E01024236,U
E01007527,E01034240,S
E01007527,E01034241,S
E01019595,E01019595,U
E01024237,E01024237,U
E01007605,E01007605,U
E01024253,E01024253,U
E01019605,E01019605,U
E01007606,E01007606,U
E01024233,E01024233,U
E01019611,E01019611,U
E01007595,E01007595,U
E01007495,E01007495,U
E01009758,E01009758,U
E01024235,E01024235,U
E01019616,E01019616,U
E01007597,E01007597,U
E01007500,E01007500,U
E01009760,E01009760,U
E01024254,E01024254,U
E01019594,E01019594,U
E01007608,E01034244,S
E01007502,E01034242,S
E01009772,E01009772,U
E01024256,E01024256,U
E01019596,E01019596,U
E01007608,E01034245,S
E01007502,E01034243,S
E01009774,E01009774,U
E01033210,E01033210,U
E01019597,E01019597,U
E01007609,E01007609,U
E01007534,E01007534,U
E01009788,E01009788,U
E01013499,E01013499,U
E01024193,E01024193,U
E01019598,E01019598,U
E01007610,E01007610,U
E01007611,E01007611,U
E01007612,E01007612,U
E01007614,E01007614,U
E01007615,E01007615,U
E01007616,E01007616,U
E01024206,E01024206,U
E01024207,E01024207,U
E01024208,E01024208,U
E01024209,E01024209,U
E01024202,E01024202,U
E01024242,E01024242,U
E01024243,E01024243,U
E01024244,E01024244,U
E01024245,E01024245,U
E01024219,E01024219,U
E01024220,E01024220,U
E01024221,E01024221,U
E01024227,E01024227,U
E01024229,E01024229,U
E01024228,E01024228,U
E01024230,E01024230,U
E01024231,E01024231,U
E01024252,E01024252,U
E01024201,E01024201,U
E01024217,E01035312,S
E01024217,E01035313,S
E01024223,E01024223,U
E01024225,E01024225,U
E01024226,E01024226,U
E01024190,E01024190,U
E01024191,E01035314,S
E01024191,E01035315,S
E01024192,E01024192,U
E01024204,E01024204,U
E01024218,E01024218,U
E01024222,E01024222,U
E01024224,E01024224,U
E01024250,E01024250,U
E01024251,E01024251,U
E01024200,E01024200,U
E01024203,E01024203,U
E01024205,E01024205,U
E01024255,E01024255,U
E01024232,E01024232,U
E01007485,E01007485,U
E01007624,E01007624,U
E01007496,E01007496,U
E01024194,E01024194,U
E01007486,E01007486,U
E01007630,E01007630,U
E01007497,E01007497,U
E01013500,E01013500,U
E01024195,E01024195,U
E01009756,E01009756,U
E01019603,E01019603,U
E01007498,E01007498,U
E01007564,E01007564,U
E01007631,E01007631,U
E01019607,E01019607,U
E01007499,E01007499,U
E01024196,E01024196,U
E01009757,E01009757,U
E01007565,E01007565,U
E01013501,E01013501,U
E01019612,E01019612,U
E01007501,E01007501,U
E01024197,E01024197,U
E01009759,E01009759,U
E01013584,E01013584,U
E01007566,E01007566,U
E01007553,E01007553,U
E01019629,E01019629,U
E01007503,E01007503,U
E01024240,E01024240,U
E01009762,E01009762,U
E01013585,E01013585,U
E01007567,E01007567,U
E01007557,E01007557,U
E01007632,E01007632,U
E01007633,E01007633,U
E01007634,E01007634,U
E01007635,E01007635,U
E01007487,E01007487,U
E01007488,E01007488,U
E01007489,E01007489,U
E01007490,E01007490,U
E01007491,E01007491,U
E01007492,E01007492,U
E01007493,E01007493,U
E01007636,E01007636,U
E01007637,E01007637,U
E01007638,E01007638,U
E01007639,E01007639,U
E01007640,E01007640,U
E01007641,E01007641,U
E01007642,E01007642,U
E01007625,E01007625,U
E01007626,E01007626,U
E01007627,E01007627,U
E01007628,E01007628,U
E01007629,E01007629,U
E01007468,E01007468,U
E01007469,E01007469,U
E01007470,E01007470,U
E01007472,E01007472,U
E01007473,E01007473,U
E01007474,E01007474,U
E01007554,E01007554,U
E01007555,E01007555,U
E01007556,E01007556,U
E01007561,E01007561,U
E01007562,E01007562,U
E01007563,E01007563,U
E01007621,E01007621,U
E01007622,E01007622,U
E01007623,E01007623,U
E01007575,E01007575,U
E01024241,E01024241,U
E01007558,E01007558,U
E01007568,E01007568,U
E01013586,E01013586,U
E01007578,E01007578,U
E01024248,E01024248,U
E01007559,E01007559,U
E01007560,E01007560,U
E01007464,E01007464,U
E01007465,E01007465,U
E01007466,E01007466,U
E01007467,E01007467,U
E01007471,E01007471,U
E01007504,E01007504,U
E01007507,E01007507,U
E01007506,E01007506,U
E01007508,E01007508,U
E01007509,E01007509,U
E01007510,E01007510,U
E01007511,E01007511,U
E01007475,E01007475,U
E01007476,E01007476,U
E01007477,E01007477,U
E01007478,E01007478,U
E01007512,E01007512,U
E01007513,E01007513,U
E01007515,E01007515,U
E01007518,E01007518,U
E01007519,E01007519,U
E01007505,E01007505,U
E01007514,E01007514,U
E01007516,E01007516,U
E01007517,E01007517,U
E01007479,E01007479,U
E01007480,E01007480,U
E01007482,E01007482,U
E01033259,E01033259,U
E01033260,E01033260,U
E01007570,E01007570,U
E01007650,E01007650,U
E01007651,E01007651,U
E01007652,E01007652,U
E01007653,E01007653,U
E01007656,E01007656,U
E01007581,E01007581,U
E01007582,E01007582,U
E01007588,E01007588,U
E01007589,E01007589,U
E01007483,E01007483,U
E01007484,E01007484,U
E01033187,E01034306,S
E01007579,E01007579,U
E01024238,E01024238,U
E01033187,E01034307,S
E01024239,E01024239,U
E01007569,E01007569,U
E01007580,E01007580,U
E01013587,E01013587,U
E01009781,E01009781,U
E01024247,E01024247,U
E01007571,E01007571,U
E01013588,E01013588,U
E01007644,E01007644,U
E01009786,E01009786,U
E01033209,E01033209,U
E01007572,E01007572,U
E01013589,E01013589,U
E01007646,E01007646,U
E01009789,E01009789,U
E01033211,E01033211,U
E01007573,E01007573,U
E01013517,E01013517,U
E01007647,E01007647,U
E01009790,E01009790,U
E01024214,E01024214,U
E01007574,E01007574,U
E01013518,E01013518,U
E01007648,E01034236,S
E01009779,E01009779,U
E01024215,E01024215,U
E01007576,E01007576,U
E01013521,E01013521,U
E01007648,E01034237,S
E01009782,E01009782,U
E01024216,E01024216,U
E01007577,E01007577,U
E01033168,E01033168,U
E01007649,E01007649,U
E01009783,E01009783,U
E01024246,E01024246,U
E01007536,E01007536,U
E01033169,E01033169,U
E01007654,E01007654,U
E01009785,E01009785,U
E01024249,E01024249,U
E01007542,E01007542,U
E01033170,E01033170,U
E01007583,E01007583,U
E01009899,E01009899,U
E01024198,E01024198,U
E01007543,E01007543,U
E01013514,E01013514,U
E01007586,E01007586,U
E01009900,E01009900,U
E01024212,E01024212,U
E01013515,E01013515,U
E01007544,E01007544,U
E01007587,E01007587,U
E01009780,E01009780,U
E01024213,E01024213,U
E01007620,E01007620,U
E01007546,E01007546,U
E01009784,E01009784,U
E01013519,E01013519,U
E01024234,E01024234,U
E01007584,E01007584,U
E01007551,E01007551,U
E01009787,E01009787,U
E01013520,E01013520,U
E01009763,E01009763,U
E01007585,E01007585,U
E01007552,E01007552,U
E01009880,E01009880,U
E01019602,E01019602,U
E01009764,E01009764,U
E01007617,E01007617,U
E01007613,E01007613,U
E01009882,E01009882,U
E01019614,E01019614,U
E01009767,E01009767,U
E01007618,E01007618,U
E01007545,E01007545,U
E01009891,E01009891,U
E01019615,E01019615,U
E01009769,E01009769,U
E01007619,E01007619,U
E01007547,E01007547,U
E01009892,E01009892,U
E01019631,E01019631,U
E01009770,E01009770,U
E01007529,E01007529,U
E01007548,E01007548,U
E01009893,E01009893,U
E01019600,E01019600,U
E01009773,E01009773,U
E01007530,E01007530,U
E01007549,E01007549,U
E01009894,E01009894,U
E01019604,E01019604,U
E01009777,E01009777,U
E01007531,E01007531,U
E01007550,E01007550,U
E01009844,E01009844,U
E01019606,E01019606,U
E01009778,E01009778,U
E01007643,E01007643,U
E01007537,E01007537,U
E01019618,E01019618,U
E01009895,E01009895,U
E01007645,E01034238,S
E01009879,E01009879,U
E01007538,E01007538,U
E01019599,E01019599,U
E01009896,E01009896,U
E01007645,E01034239,S
E01009881,E01034308,S
E01007539,E01007539,U
E01019601,E01019601,U
E01009897,E01009897,U
E01007655,E01007655,U
E01009881,E01034309,S
E01007540,E01007540,U
E01019613,E01019613,U
E01009898,E01009898,U
E01007494,E01007494,U
E01009885,E01009885,U
E01007541,E01007541,U
E01019617,E01019617,U
E01009901,E01009901,U
E01007532,E01007532,U
E01009816,E01009816,U
E01007591,E01007591,U
E01019608,E01019608,U
E01009902,E01009902,U
E01007533,E01007533,U
E01009817,E01009817,U
E01007594,E01007594,U
E01019610,E01019610,U
E01009765,E01009765,U
E01007535,E01007535,U
E01009819,E01009819,U
E01007596,E01007596,U
E01019630,E01019630,U
E01009766,E01009766,U
E01007522,E01007522,U
E01009820,E01009820,U
E01007598,E01007598,U
E01009768,E01009768,U
E01019609,E01019609,U
E01009771,E01009771,U
E01007590,E01007590,U
E01009748,E01009748,U
E01019621,E01019621,U
E01009775,E01009775,U
E01007525,E01007525,U
E01009839,E01009839,U
E01007592,E01007592,U
E01009776,E01009776,U
E01007528,E01007528,U
E01019622,E01019622,U
E01009883,E01009883,U
E01007593,E01007593,U
E01007604,E01007604,U
E01019624,E01019624,U
E01009884,E01009884,U
E01007521,E01007521,U
E01019627,E01019627,U
E01009886,E01009886,U
E01007523,E01007523,U
E01019628,E01019628,U
E01009814,E01009814,U
E01007524,E01007524,U
E01019619,E01019619,U
E01009815,E01009815,U
E01007526,E01007526,U
E01019620,E01019620,U
E01009818,E01009818,U
E01007607,E01007607,U
E01019623,E01019623,U
E01009821,E01009821,U
E01007599,E01007599,U
E01019625,E01019625,U
E01009822,E01009822,U
E01007600,E01007600,U
E01019626,E01019626,U
E01009887,E01009887,U
E01007601,E01007601,U
E01019632,E01019632,U
E01007602,E01007602,U
E01007603,E01007603,U
E01007520,E01007520,U
E01019633,E01019633,U
E01019634,E01019634,U
E01019635,E01019635,U
E01019636,E01019636,U
E01009803,E01009803,U
E01009804,E01009804,U
E01009831,E01009831,U
E01009836,E01009836,U
E01009837,E01009837,U
E01009838,E01009838,U
E01001353,E01001353,U
E01009867,E01009867,U
E01009847,E01009847,U
E01009848,E01009848,U
E01009849,E01009849,U
E01009878,E01009878,U
E01001355,E01001355,U
E01001240,E01001240,U
E01009851,E01009851,U
E01009791,E01009791,U
E01001356,E01001356,U
E01001241,E01001241,U
E01001238,E01034026,S
E01018024,E01018024,U
E01009732,E01009732,U
E01009888,E01009888,U
E01009792,E01009792,U
E01001357,E01001357,U
E01001319,E01001319,U
E01001242,E01001242,U
E01001238,E01034027,S
E01018025,E01018025,U
E01009733,E01009733,U
E01009795,E01009795,U
E01009889,E01009889,U
E01001358,E01001358,U
E01001322,E01001322,U
E01001243,E01001243,U
E01001239,E01001239,U
E01018026,E01018026,U
E01009739,E01009739,U
E01009796,E01009796,U
E01009890,E01009890,U
E01001375,E01001375,U
E01001323,E01001323,U
E01001244,E01001244,U
E01001246,E01001246,U
E01018030,E01035535,M
E01009799,E01009799,U
E01009798,E01009798,U
E01009749,E01009749,U
E01001377,E01001377,U
E01001379,E01001379,U
E01001381,E01001381,U
E01001248,E01001248,U
E01001299,E01001299,U
E01001305,E01001305,U
E01001306,E01001306,U
E01001366,E01001366,U
E01001367,E01001367,U
E01001368,E01001368,U
E01001370,E01001370,U
E01001371,E01001371,U
E01001372,E01001372,U
E01001373,E01001373,U
E01001333,E01001333,U
E01001335,E01001335,U
E01001336,E01001336,U
E01001369,E01001369,U
E01001300,E01001300,U
E01001301,E01001301,U
E01001302,E01001302,U
E01001304,E01001304,U
E01001374,E01001374,U
E01001376,E01001376,U
E01001380,E01001380,U
E01032572,E01032572,U
E01018042,E01018042,U
E01018043,E01018043,U
E01018044,E01018044,U
E01018045,E01018045,U
E01018046,E01035531,S
E01018046,E01035532,S
E01018020,E01018020,U
E01018021,E01018021,U
E01018022,E01018022,U
E01018055,E01018055,U
E01018056,E01018056,U
E01018027,E01018027,U
E01018029,E01035533,S
E01018029,E01035534,S
E01018032,E01018032,U
E01018033,E01018033,U
E01033426,E01033426,U
E01033430,E01033430,U
E01009750,E01009750,U
E01009823,E01009823,U
E01033425,E01033425,U
E01009719,E01009719,U
E01009805,E01009805,U
E01001341,E01001341,U
E01033428,E01035535,M
E01009722,E01009722,U
E01009806,E01009806,U
E01009824,E01009824,U
E01001245,E01001245,U
E01001247,E01001247,U
E01001342,E01001342,U
E01009727,E01009727,U
E01001343,E01001343,U
E01001210,E01001210,U
E01009751,E01009751,U
E01001200,E01001200,U
E01009728,E01009728,U
E01001345,E01001345,U
E01018036,E01018036,U
E01009854,E01009854,U
E01001282,E01001282,U
E01009752,E01009752,U
E01001201,E01001201,U
E01009729,E01009729,U
E01001265,E01001265,U
E01018037,E01018037,U
E01009857,E01009857,U
E01001283,E01001283,U
E01009753,E01009753,U
E01001202,E01001202,U
E01009720,E01009720,U
E01001266,E01001266,U
E01018038,E01018038,U
E01009858,E01009858,U
E01001285,E01001285,U
E01009754,E01009754,U
E01001203,E01001203,U
E01009723,E01009723,U
E01001267,E01001267,U
E01018039,E01018039,U
E01009859,E01009859,U
E01001286,E01001286,U
E01009841,E01009841,U
E01001351,E01001351,U
E01009724,E01009724,U
E01001272,E01001272,U
E01018053,E01018053,U
E01009845,E01009845,U
E01001287,E01001287,U
E01009840,E01009840,U
E01001359,E01001359,U
E01001360,E01001360,U
E01001362,E01001362,U
E01001363,E01001363,U
E01001364,E01001364,U
E01001365,E01001365,U
E01001231,E01001231,U
E01001234,E01001234,U
E01001350,E01001350,U
E01001352,E01001352,U
E01001354,E01001354,U
E01001249,E01001249,U
E01001250,E01001250,U
E01001255,E01001255,U
E01001383,E01001383,U
E01001388,E01001388,U
E01001389,E01001389,U
E01001219,E01001219,U
E01001220,E01001220,U
E01001334,E01001334,U
E01001337,E01001337,U
E01001338,E01001338,U
E01001339,E01001339,U
E01001340,E01001340,U
E01001251,E01001251,U
E01001252,E01001252,U
E01001253,E01001253,U
E01001254,E01001254,U
E01001229,E01001229,U
E01001230,E01001230,U
E01001232,E01001232,U
E01001233,E01001233,U
E01001237,E01001237,U
E01001386,E01001386,U
E01001303,E01001303,U
E01001382,E01001382,U
E01001384,E01001384,U
E01001385,E01001385,U
E01001387,E01001387,U
E01009842,E01009842,U
E01009843,E01009843,U
E01009871,E01009871,U
E01009875,E01009875,U
E01009825,E01009825,U
E01009826,E01009826,U
E01009827,E01009827,U
E01009828,E01009828,U
E01009829,E01009829,U
E01009830,E01009830,U
E01009872,E01009872,U
E01009873,E01009873,U
E01009874,E01009874,U
E01009730,E01009730,U
E01009846,E01009846,U
E01001349,E01001349,U
E01001344,E01001344,U
E01001294,E01001294,U
E01009850,E01009850,U
E01009876,E01009876,U
E01009903,E01009903,U
E01018054,E01018054,U
E01001346,E01001346,U
E01009904,E01009904,U
E01001347,E01001347,U
E01018047,E01018047,U
E01001295,E01001295,U
E01001348,E01001348,U
E01009852,E01009852,U
E01009877,E01009877,U
E01009909,E01009909,U
E01018049,E01018049,U
E01001296,E01001296,U
E01001257,E01001257,U
E01009832,E01009832,U
E01009911,E01009911,U
E01009910,E01009910,U
E01018050,E01018050,U
E01001297,E01001297,U
E01001324,E01001324,U
E01009853,E01009853,U
E01009912,E01009912,U
E01009793,E01009793,U
E01018051,E01018051,U
E01001298,E01001298,U
E01001326,E01001326,U
E01009855,E01009855,U
E01009913,E01009913,U
E01009794,E01009794,U
E01018052,E01018052,U
E01001204,E01001204,U
E01001330,E01001330,U
E01009860,E01009860,U
E01009914,E01009914,U
E01009797,E01009797,U
E01033427,E01033427,U
E01001205,E01001205,U
E01001332,E01001332,U
E01009807,E01009807,U
E01009915,E01009915,U
E01009801,E01009801,U
E01033429,E01033429,U
E01001206,E01001206,U
E01001325,E01001325,U
E01009808,E01009808,U
E01009810,E01009810,U
E01009811,E01009811,U
E01009812,E01009812,U
E01001269,E01001269,U
E01001271,E01001271,U
E01001309,E01001309,U
E01001310,E01001310,U
E01001311,E01001311,U
E01001307,E01001307,U
E01001308,E01001308,U
E01001312,E01001312,U
E01001313,E01001313,U
E01001314,E01001314,U
E01001315,E01001315,U
E01001316,E01001316,U
E01001317,E01001317,U
E01001318,E01001318,U
E01001320,E01001320,U
E01001321,E01001321,U
E01001270,E01001270,U
E01009721,E01009721,U
E01001207,E01001207,U
E01018034,E01018034,U
E01009725,E01009725,U
E01001208,E01001208,U
E01018035,E01018035,U
E01009726,E01009726,U
E01001212,E01001212,U
E01018040,E01018040,U
E01009916,E01009916,U
E01001327,E01001327,U
E01009834,E01009834,U
E01001222,E01034028,S
E01018041,E01018041,U
E01009741,E01009741,U
E01001328,E01001328,U
E01009833,E01009833,U
E01001222,E01034029,S
E01018013,E01018013,U
E01009744,E01009744,U
E01001329,E01001329,U
E01009835,E01009835,U
E01001224,E01001224,U
E01018014,E01018014,U
E01009746,E01009746,U
E01001331,E01001331,U
E01009869,E01009869,U
E01018015,E01018015,U
E01001226,E01001226,U
E01009747,E01009747,U
E01009870,E01009870,U
E01001227,E01001227,U
E01018016,E01018016,U
E01001258,E01001258,U
E01018011,E01018011,U
E01009809,E01009809,U
E01001228,E01001228,U
E01001262,E01001262,U
E01009731,E01009731,U
E01018012,E01018012,U
E01009813,E01009813,U
E01001221,E01034030,S
E01001263,E01001263,U
E01009740,E01009740,U
E01018057,E01018057,U
E01009861,E01009861,U
E01001221,E01034031,S
E01001264,E01001264,U
E01009742,E01009742,U
E01018017,E01018017,U
E01009862,E01009862,U
E01001223,E01001223,U
E01032743,E01032743,U
E01009743,E01009743,U
E01018019,E01018019,U
E01009863,E01009863,U
E01001225,E01001225,U
E01032744,E01032744,U
E01009745,E01009745,U
E01018023,E01018023,U
E01009868,E01009868,U
E01001235,E01001235,U
E01001276,E01001276,U
E01009917,E01009917,U
E01032611,E01032611,U
E01009734,E01009734,U
E01001236,E01001236,U
E01001277,E01001277,U
E01009918,E01009918,U
E01019902,E01019902,U
E01009735,E01009735,U
E01001273,E01001273,U
E01001278,E01001278,U
E01001280,E01001280,U
E01001218,E01001218,U
E01001260,E01001260,U
E01001261,E01001261,U
E01001268,E01001268,U
E01001209,E01001209,U
E01001211,E01001211,U
E01001279,E01001279,U
E01001281,E01001281,U
E01001217,E01001217,U
E01001259,E01001259,U
E01001291,E01001291,U
E01001292,E01001292,U
E01001293,E01001293,U
E01001196,E01001196,U
E01019938,E01019938,U
E01009736,E01009736,U
E01019967,E01019967,U
E01009737,E01009737,U
E01019927,E01019927,U
E01009738,E01009738,U
E01001274,E01001274,U
E01019932,E01019932,U
E01009856,E01009856,U
E01001275,E01001275,U
E01019933,E01019933,U
E01009919,E01009919,U
E01009905,E01009905,U
E01001195,E01001195,U
E01019934,E01019934,U
E01009920,E01009920,U
E01009906,E01009906,U
E01001197,E01001197,U
E01019928,E01019928,U
E01009864,E01009864,U
E01009907,E01009907,U
E01001198,E01001198,U
E01019929,E01019929,U
E01009865,E01009865,U
E01009908,E01009908,U
E01001199,E01001199,U
E01019930,E01019930,U
E01009866,E01009866,U
E01009800,E01009800,U
E01001284,E01001284,U
E01019931,E01019931,U
E01009802,E01009802,U
E01001288,E01001288,U
E01001289,E01001289,U
E01001290,E01001290,U
E01001213,E01001213,U
E01001214,E01001214,U
E01001215,E01001215,U
E01001216,E01001216,U
E01001361,E01001361,U
E01019925,E01019925,U
E01019959,E01019959,U
E01019960,E01019960,U
E01019962,E01019962,U
E01032628,E01032628,U
E01026055,E01026055,U
E01026059,E01026059,U
E01026100,E01026100,U
E01026101,E01026101,U
E01026092,E01026092,U
E01026093,E01026093,U
E01026095,E01026095,U
E01026114,E01026114,U
E01026083,E01026083,U
E01026094,E01026094,U
E01026096,E01026096,U
E01026097,E01026097,U
E01023496,E01023496,U
E01026051,E01026051,U
E01026052,E01026052,U
E01026053,E01026053,U
E01023497,E01023497,U
E01026054,E01026054,U
E01023485,E01023485,U
E01026118,E01026118,U
E01023486,E01023486,U
E01026119,E01026119,U
E01033609,E01033609,U
E01026120,E01026120,U
E01023499,E01023499,U
E01026056,E01026056,U
E01020379,E01020379,U
E01023500,E01023500,U
E01026110,E01026110,U
E01019886,E01034619,S
E01020380,E01020380,U
E01019907,E01019907,U
E01026106,E01026106,U
E01022600,E01022600,U
E01022633,E01022633,U
E01023501,E01023501,U
E01023502,E01023502,U
E01023503,E01023503,U
E01023512,E01023512,U
E01023513,E01023513,U
E01023514,E01023514,U
E01023518,E01023518,U
E01023519,E01023519,U
E01023520,E01023520,U
E01023510,E01023510,U
E01023511,E01023511,U
E01023515,E01023515,U
E01023516,E01023516,U
E01023517,E01023517,U
E01023470,E01023470,U
E01023471,E01023471,U
E01023472,E01023472,U
E01023473,E01023473,U
E01023474,E01023474,U
E01023487,E01023487,U
E01023488,E01023488,U
E01023489,E01023489,U
E01023490,E01023490,U
E01023482,E01023482,U
E01023483,E01023483,U
E01023484,E01023484,U
E01023475,E01023475,U
E01023476,E01023476,U
E01023477,E01023477,U
E01023478,E01035596,S
E01023478,E01035597,S
E01023479,E01023479,U
E01023468,E01023468,U
E01023469,E01023469,U
E01023480,E01023480,U
E01023481,E01023481,U
E01023504,E01023504,U
E01023505,E01023505,U
E01026045,E01026045,U
E01026061,E01026061,U
E01026062,E01026062,U
E01026063,E01026063,U
E01026080,E01026080,U
E01026111,E01026111,U
E01022601,E01022601,U
E01026107,E01026107,U
E01019886,E01034618,S
E01020381,E01020381,U
E01019908,E01019908,U
E01022635,E01022635,U
E01026058,E01026058,U
E01019887,E01019887,U
E01026112,E01026112,U
E01022636,E01022636,U
E01019909,E01019909,U
E01020390,E01020390,U
E01026076,E01026076,U
E01022602,E01022602,U
E01019888,E01019888,U
E01026057,E01026057,U
E01022641,E01022641,U
E01019910,E01019910,U
E01020391,E01020391,U
E01026079,E01026079,U
E01032625,E01032625,U
E01019889,E01019889,U
E01026075,E01026075,U
E01022591,E01022591,U
E01019911,E01019911,U
E01020392,E01020392,U
E01026077,E01026077,U
E01023462,E01023462,U
E01019966,E01019966,U
E01026098,E01026098,U
E01022593,E01022593,U
E01019894,E01019894,U
E01020393,E01020393,U
E01026078,E01026078,U
E01023464,E01035587,S
E01019891,E01019891,U
E01026102,E01026102,U
E01022594,E01022594,U
E01019895,E01019895,U
E01019896,E01019896,U
E01019897,E01019897,U
E01019920,E01019920,U
E01019921,E01019921,U
E01019922,E01019922,U
E01019923,E01019923,U
E01019924,E01019924,U
E01019916,E01019916,U
E01019917,E01019917,U
E01019918,E01019918,U
E01019919,E01019919,U
E01019912,E01019912,U
E01019913,E01019913,U
E01019914,E01019914,U
E01019915,E01019915,U
E01020373,E01020373,U
E01020374,E01020374,U
E01020389,E01020389,U
E01020397,E01020397,U
E01020416,E01020416,U
E01020417,E01020417,U
E01020418,E01020418,U
E01020419,E01020419,U
E01020420,E01020420,U
E01020411,E01020411,U
E01020412,E01020412,U
E01020413,E01020413,U
E01020414,E01020414,U
E01020415,E01020415,U
E01020403,E01020403,U
E01020404,E01020404,U
E01020405,E01020405,U
E01020406,E01020406,U
E01020396,E01020396,U
E01020398,E01020398,U
E01020409,E01020409,U
E01020410,E01020410,U
E01020421,E01020421,U
E01020422,E01020422,U
E01020423,E01020423,U
E01020424,E01020424,U
E01020425,E01020425,U
E01020377,E01020377,U
E01019892,E01034625,S
E01027033,E01027033,U
E01026087,E01026087,U
E01022595,E01022595,U
E01020394,E01020394,U
E01019892,E01034620,S
E01027043,E01027043,U
E01020375,E01020375,U
E01026088,E01026088,U
E01022596,E01022596,U
E01023464,E01035588,S
E01022627,E01022627,U
E01019892,E01034627,S
E01027050,E01027050,U
E01023464,E01035589,S
E01026090,E01026090,U
E01022630,E01022630,U
E01020376,E01020376,U
E01019892,E01034626,S
E01027031,E01027031,U
E01023465,E01023465,U
E01026091,E01026091,U
E01022642,E01022642,U
E01020378,E01020378,U
E01019893,E01034621,S
E01023466,E01023466,U
E01027044,E01027044,U
E01026108,E01026108,U
E01019893,E01034622,S
E01032663,E01034721,S
E01020407,E01020407,U
E01027046,E01027046,U
E01023467,E01023467,U
E01026081,E01026081,U
E01020408,E01020408,U
E01019893,E01034623,S
E01032663,E01034722,S
E01027047,E01027047,U
E01023494,E01023494,U
E01026089,E01026089,U
E01020426,E01020426,U
E01019893,E01034624,S
E01022583,E01022583,U
E01027048,E01027048,U
E01023495,E01023495,U
E01032986,E01032986,U
E01020427,E01020427,U
E01019903,E01019903,U
E01022584,E01022584,U
E01027049,E01027049,U
E01023508,E01035582,X
E01032987,E01032987,U
E01020428,E01020428,U
E01019899,E01019899,U
E01022585,E01022585,U
E01027032,E01027032,U
E01023508,E01035609,X
E01026072,E01026072,U
E01020429,E01020429,U
E01019900,E01019900,U
E01022586,E01022586,U
E01027045,E01027045,U
E01023509,E01023509,U
E01026073,E01026073,U
E01020395,E01020395,U
E01020399,E01034372,S
E01020399,E01034373,S
E01020400,E01020400,U
E01020401,E01020401,U
E01020402,E01020402,U
E01020382,E01020382,U
E01020383,E01020383,U
E01020384,E01020384,U
E01020385,E01020385,U
E01020386,E01020386,U
E01020387,E01020387,U
E01020388,E01020388,U
E01022581,E01022581,U
E01022582,E01022582,U
E01022604,E01022604,U
E01022605,E01022605,U
E01022574,E01022574,U
E01022575,E01022575,U
E01022576,E01022576,U
E01022579,E01022579,U
E01022571,E01022571,U
E01022572,E01022572,U
E01022573,E01022573,U
E01022577,E01022577,U
E01022578,E01034719,S
E01022578,E01034720,S
E01022580,E01022580,U
E01022603,E01022603,U
E01022634,E01022634,U
E01022639,E01022639,U
E01022640,E01022640,U
E01022615,E01022615,U
E01019935,E01019935,U
E01019936,E01019936,U
E01019961,E01019961,U
E01019939,E01019939,U
E01019940,E01019940,U
E01019942,E01019942,U
E01019943,E01019943,U
E01019944,E01019944,U
E01019890,E01019890,U
E01019901,E01019901,U
E01019951,E01019951,U
E01019946,E01019946,U
E01019947,E01019947,U
E01019948,E01019948,U
E01019949,E01019949,U
E01019950,E01019950,U
E01019952,E01019952,U
E01019953,E01019953,U
E01019954,E01019954,U
E01019955,E01019955,U
E01019956,E01019956,U
E01019957,E01019957,U
E01019958,E01019958,U
E01019937,E01019937,U
E01019945,E01019945,U
E01019963,E01019963,U
E01019898,E01019898,U
E01019964,E01019964,U
E01019965,E01019965,U
E01019904,E01019904,U
E01019905,E01019905,U
E01019906,E01019906,U
E01022587,E01022587,U
E01027075,E01027075,U
E01023452,E01023452,U
E01026074,E01026074,U
E01022616,E01022616,U
E01022617,E01022617,U
E01022618,E01022618,U
E01022631,E01022631,U
E01022632,E01022632,U
E01022592,E01022592,U
E01022597,E01022597,U
E01022619,E01022619,U
E01022624,E01022624,U
E01022625,E01022625,U
E01022620,E01022620,U
E01022621,E01022621,U
E01022622,E01022622,U
E01022623,E01022623,U
E01032664,E01032664,U
E01032665,E01032665,U
E01022588,E01022588,U
E01022589,E01022589,U
E01022590,E01022590,U
E01027076,E01027076,U
E01027077,E01035408,S
E01027077,E01035407,S
E01027057,E01027057,U
E01027074,E01027074,U
E01027078,E01027078,U
E01027051,E01027051,U
E01027052,E01027052,U
E01027053,E01027053,U
E01022607,E01022607,U
E01023453,E01023453,U
E01027054,E01027054,U
E01026099,E01026099,U
E01026103,E01026103,U
E01022608,E01022608,U
E01026104,E01026104,U
E01023454,E01023454,U
E01022606,E01022606,U
E01026109,E01026109,U
E01027055,E01027055,U
E01023455,E01023455,U
E01022611,E01022611,U
E01026071,E01026071,U
E01023463,E01023463,U
E01022613,E01022613,U
E01026082,E01026082,U
E01023493,E01023493,U
E01022614,E01022614,U
E01026121,E01026121,U
E01023449,E01023449,U
E01022610,E01022610,U
E01026042,E01026042,U
E01023450,E01035590,S
E01022628,E01022628,U
E01026043,E01026043,U
E01023450,E01035591,S
E01022629,E01022629,U
E01026044,E01026044,U
E01032615,E01032615,U
E01026113,E01026113,U
E01023451,E01023451,U
E01032616,E01032616,U
E01023438,E01023438,U
E01023439,E01023439,U
E01022599,E01022599,U
E01023440,E01023440,U
E01023441,E01023441,U
E01023442,E01023442,U
E01023498,E01035592,S
E01023498,E01035593,S
E01023506,E01023506,U
E01023507,E01023507,U
E01023443,E01023443,U
E01023444,E01023444,U
E01023445,E01023445,U
E01023446,E01035594,S
E01023446,E01035595,S
E01023447,E01023447,U
E01023448,E01023448,U
E01023456,E01023456,U
E01023457,E01023457,U
E01023458,E01023458,U
E01023459,E01023459,U
E01023460,E01023460,U
E01026117,E01026117,U
E01023461,E01023461,U
E01026060,E01026060,U
E01023491,E01023491,U
E01026068,E01026068,U
E01023492,E01023492,U
E01026070,E01026070,U
E01026105,E01026105,U
E01026048,E01026048,U
E01026049,E01026049,U
E01026050,E01026050,U
E01026069,E01026069,U
E01026064,E01026064,U
E01026065,E01026065,U
E01026066,E01026066,U
E01026067,E01026067,U
E01026084,E01026084,U
E01026085,E01034685,S
E01026085,E01034686,S
E01026115,E01026115,U
E01026116,E01026116,U
E01026046,E01026046,U
E01026047,E01026047,U
E01013068,E01013068,U
E01013070,E01013070,U
E01013038,E01013038,U
E01013045,E01013045,U
E01013069,E01013069,U
E01013071,E01013071,U
E01013022,E01013022,U
E01013023,E01013023,U
E01013024,E01013024,U
E01013122,E01013122,U
E01013127,E01013127,U
E01013036,E01013036,U
E01013037,E01013037,U
E01013040,E01013040,U
E01013041,E01013041,U
E01013062,E01013062,U
E01013063,E01013063,U
E01012919,E01012919,U
E01012921,E01012921,U
E01013039,E01013039,U
E01013042,E01013042,U
E01013043,E01013043,U
E01029413,E01029413,U
E01013044,E01013044,U
E01013029,E01013029,U
E01013030,E01013030,U
E01013031,E01013031,U
E01013032,E01013032,U
E01013035,E01013035,U
E01012954,E01012954,U
E01012956,E01012956,U
E01012958,E01012958,U
E01012961,E01012961,U
E01012966,E01012966,U
E01013025,E01013025,U
E01012953,E01012953,U
E01012955,E01012955,U
E01012959,E01012959,U
E01012962,E01012962,U
E01012964,E01012964,U
E01012920,E01034756,M
E01012965,E01034756,M
E01012967,E01012967,U
E01012968,E01012968,U
E01012969,E01012969,U
E01012957,E01012957,U
E01012960,E01012960,U
E01012963,E01012963,U
E01013112,E01013112,U
E01013018,E01013018,U
E01013019,E01013019,U
E01013021,E01013021,U
E01012947,E01012947,U
E01020943,E01020943,U
E01029433,E01029433,U
E01012998,E01012998,U
E01027056,E01027056,U
E01029459,E01029459,U
E01013015,E01013015,U
E01020964,E01020964,U
E01013026,E01013026,U
E01013016,E01013016,U
E01029414,E01029414,U
E01012948,E01012948,U
E01020967,E01020967,U
E01027038,E01027038,U
E01013003,E01013003,U
E01029415,E01029415,U
E01012951,E01012951,U
E01013105,E01013105,U
E01020910,E01020910,U
E01029460,E01029460,U
E01027039,E01027039,U
E01013017,E01013017,U
E01029416,E01029416,U
E01012950,E01012950,U
E01013110,E01013110,U
E01020911,E01020911,U
E01029461,E01029461,U
E01027040,E01027040,U
E01013020,E01013020,U
E01029417,E01029417,U
E01012990,E01012990,U
E01013111,E01013111,U
E01020912,E01020912,U
E01029462,E01029462,U
E01027041,E01027041,U
E01013076,E01013076,U
E01029449,E01029449,U
E01012991,E01012991,U
E01013115,E01013115,U
E01020916,E01020916,U
E01020935,E01020935,U
E01020936,E01020936,U
E01020937,E01020937,U
E01020968,E01020968,U
E01020931,E01020931,U
E01020932,E01020932,U
E01020933,E01034298,M
E01020934,E01034298,M
E01020944,E01020944,U
E01020913,E01020913,U
E01020951,E01020951,U
E01020959,E01020959,U
E01020961,E01020961,U
E01020962,E01020962,U
E01020960,E01020960,U
E01032831,E01032831,U
E01032832,E01032832,U
E01032833,E01032833,U
E01022705,E01022705,U
E01022706,E01022706,U
E01022707,E01022707,U
E01022708,E01022708,U
E01022709,E01022709,U
E01022659,E01022659,U
E01022660,E01022660,U
E01022675,E01022675,U
E01022676,E01022676,U
E01022704,E01022704,U
E01022661,E01022661,U
E01022662,E01022662,U
E01022663,E01022663,U
E01022664,E01022664,U
E01022665,E01022665,U
E01022648,E01022648,U
E01022667,E01022667,U
E01022672,E01022672,U
E01022673,E01022673,U
E01022674,E01022674,U
E01022643,E01022643,U
E01022644,E01022644,U
E01022646,E01022646,U
E01022647,E01022647,U
E01022649,E01022649,U
E01027042,E01027042,U
E01013079,E01013079,U
E01029450,E01029450,U
E01013117,E01013117,U
E01013108,E01013108,U
E01029443,E01029443,U
E01013080,E01013080,U
E01027034,E01027034,U
E01029451,E01029451,U
E01012992,E01012992,U
E01013113,E01013113,U
E01029444,E01029444,U
E01013083,E01013083,U
E01029452,E01029452,U
E01012978,E01012978,U
E01013114,E01013114,U
E01027035,E01027035,U
E01029463,E01029463,U
E01013084,E01013084,U
E01029453,E01029453,U
E01012981,E01012981,U
E01027037,E01027037,U
E01013116,E01013116,U
E01012983,E01012983,U
E01029464,E01029464,U
E01013086,E01013086,U
E01029439,E01029439,U
E01012989,E01012989,U
E01013118,E01013118,U
E01033244,E01033244,U
E01013087,E01013087,U
E01029440,E01029440,U
E01029465,E01029465,U
E01013125,E01013125,U
E01013094,E01013094,U
E01033245,E01033245,U
E01012993,E01012993,U
E01029441,E01029441,U
E01029466,E01029466,U
E01013057,E01013057,U
E01013095,E01013095,U
E01027061,E01027061,U
E01012997,E01012997,U
E01029442,E01029442,U
E01029454,E01029454,U
E01013059,E01013059,U
E01013096,E01013096,U
E01027062,E01027062,U
E01012999,E01012999,U
E01020924,E01020924,U
E01029455,E01029455,U
E01013060,E01013060,U
E01013097,E01013097,U
E01013001,E01013001,U
E01027063,E01027063,U
E01020925,E01020925,U
E01013061,E01013061,U
E01013102,E01013102,U
E01029456,E01029456,U
E01013126,E01013126,U
E01013074,E01013074,U
E01027064,E01027064,U
E01013028,E01013028,U
E01029457,E01029457,U
E01020927,E01020927,U
E01012986,E01012986,U
E01012994,E01012994,U
E01012987,E01012987,U
E01012988,E01012988,U
E01020928,E01020928,U
E01027072,E01027072,U
E01029458,E01029458,U
E01012995,E01012995,U
E01013048,E01013048,U
E01020930,E01020930,U
E01027073,E01027073,U
E01013078,E01013078,U
E01029411,E01029411,U
E01013000,E01013000,U
E01013052,E01034754,S
E01020917,E01020917,U
E01027058,E01027058,U
E01013081,E01013081,U
E01029412,E01029412,U
E01013002,E01013002,U
E01013052,E01034755,S
E01020918,E01020918,U
E01020919,E01020919,U
E01020923,E01020923,U
E01020949,E01020949,U
E01020926,E01020926,U
E01020929,E01020929,U
E01020955,E01020955,U
E01020956,E01020956,U
E01020957,E01020957,U
E01020920,E01020920,U
E01020921,E01020921,U
E01020922,E01020922,U
E01020945,E01020945,U
E01020950,E01020950,U
E01020940,E01020940,U
E01020941,E01020941,U
E01020942,E01020942,U
E01020946,E01020946,U
E01020947,E01020947,U
E01020914,E01020914,U
E01020915,E01020915,U
E01020952,E01020952,U
E01020953,E01020953,U
E01020954,E01020954,U
E01020948,E01020948,U
E01020963,E01020963,U
E01020965,E01020965,U
E01020966,E01020966,U
E01020938,E01020938,U
E01020939,E01020939,U
E01027059,E01027059,U
E01013004,E01013004,U
E01013082,E01013082,U
E01027060,E01027060,U
E01013053,E01013053,U
E01013072,E01013072,U
E01013085,E01013085,U
E01027065,E01027065,U
E01013054,E01013054,U
E01013073,E01013073,U
E01013075,E01013075,U
E01013077,E01013077,U
E01013006,E01013006,U
E01013010,E01013010,U
E01013103,E01013103,U
E01013104,E01013104,U
E01013106,E01013106,U
E01032596,E01032596,U
E01012975,E01012975,U
E01012977,E01034759,S
E01012977,E01034760,S
E01012984,E01012984,U
E01012985,E01012985,U
E01012976,E01012976,U
E01012979,E01012979,U
E01012980,E01012980,U
E01012982,E01012982,U
E01029405,E01029405,U
E01029406,E01029406,U
E01029422,E01029422,U
E01029423,E01029423,U
E01029467,E01029467,U
E01029430,E01029430,U
E01029431,E01029431,U
E01029432,E01029432,U
E01029424,E01029424,U
E01013055,E01013055,U
E01012970,E01012970,U
E01029425,E01029425,U
E01013056,E01013056,U
E01029473,E01029473,U
E01027069,E01027069,U
E01029474,E01029474,U
E01012972,E01012972,U
E01027066,E01027066,U
E01029434,E01029434,U
E01013058,E01013058,U
E01029435,E01029435,U
E01012973,E01034757,S
E01013119,E01013119,U
E01027067,E01027067,U
E01029436,E01029436,U
E01012973,E01034758,S
E01013046,E01013046,U
E01027068,E01035409,S
E01029437,E01029437,U
E01029438,E01029438,U
E01012974,E01012974,U
E01029426,E01029426,U
E01013047,E01013047,U
E01027068,E01035410,S
E01013092,E01013092,U
E01029427,E01029427,U
E01027070,E01027070,U
E01013049,E01013049,U
E01033495,E01033495,U
E01029428,E01029428,U
E01027071,E01027071,U
E01013050,E01013050,U
E01033496,E01033496,U
E01029429,E01029429,U
E01012933,E01012933,U
E01013051,E01013051,U
E01013033,E01013033,U
E01029445,E01029445,U
E01012934,E01012934,U
E01012922,E01012922,U
E01013098,E01013098,U
E01029446,E01029446,U
E01012938,E01034752,S
E01012923,E01012923,U
E01013099,E01013099,U
E01029447,E01029447,U
E01012938,E01034753,S
E01012925,E01012925,U
E01013100,E01013100,U
E01029448,E01029448,U
E01012939,E01012939,U
E01013101,E01013101,U
E01029468,E01029468,U
E01012940,E01012940,U
E01012927,E01012927,U
E01013008,E01013008,U
E01012924,E01012924,U
E01013009,E01013009,U
E01012926,E01012926,U
E01012941,E01012941,U
E01013013,E01013013,U
E01029469,E01029469,U
E01013027,E01013027,U
E01012929,E01012929,U
E01013014,E01013014,U
E01029470,E01029470,U
E01013034,E01013034,U
E01012930,E01012930,U
E01013107,E01013107,U
E01029471,E01029471,U
E01013120,E01013120,U
E01012935,E01012935,U
E01013088,E01013088,U
E01029472,E01029472,U
E01013121,E01013121,U
E01012937,E01012937,U
E01013089,E01013089,U
E01029407,E01029407,U
E01013123,E01013123,U
E01012942,E01012942,U
E01013090,E01013090,U
E01029408,E01029408,U
E01013124,E01013124,U
E01012928,E01012928,U
E01013091,E01013091,U
E01029409,E01029409,U
E01012931,E01012931,U
E01013064,E01013064,U
E01013093,E01013093,U
E01029410,E01029410,U
E01012932,E01012932,U
E01013065,E01013065,U
E01013005,E01013005,U
E01032896,E01032896,U
E01012946,E01012946,U
E01013066,E01013066,U
E01013007,E01013007,U
E01032897,E01032897,U
E01012949,E01012949,U
E01013067,E01013067,U
E01013011,E01013011,U
E01032898,E01032898,U
E01012936,E01012936,U
E01013012,E01013012,U
E01029418,E01029418,U
E01012943,E01012943,U
E01012996,E01012996,U
E01029419,E01029419,U
E01012945,E01012945,U
E01029420,E01029420,U
E01012952,E01012952,U
E01012944,E01012944,U
E01030311,E01030311,U
E01030312,E01030312,U
E01030315,E01030315,U
E01030316,E01030316,U
E01030317,E01030317,U
E01030318,E01030318,U
E01030296,E01030296,U
E01030297,E01030297,U
E01030298,E01030298,U
E01030299,E01030299,U
E01030346,E01030346,U
E01030347,E01030347,U
E01030348,E01030348,U
E01030349,E01030349,U
E01030300,E01030300,U
E01030301,E01030301,U
E01030302,E01030302,U
E01030304,E01030304,U
E01030305,E01030305,U
E01030306,E01030306,U
E01030303,E01030303,U
E01030342,E01030342,U
E01030343,E01030343,U
E01030344,E01030344,U
E01030345,E01030345,U
E01001444,E01001444,U
E01001446,E01001446,U
E01001546,E01001546,U
E01001552,E01001552,U
E01001442,E01001442,U
E01001545,E01001545,U
E01001547,E01001547,U
E01001548,E01001548,U
E01001551,E01001551,U
E01001445,E01001445,U
E01001447,E01001447,U
E01001448,E01001448,U
E01001449,E01001449,U
E01033148,E01033148,U
E01033150,E01033150,U
E01001511,E01001511,U
E01001408,E01001408,U
E01001411,E01001411,U
E01001412,E01001412,U
E01001413,E01001413,U
E01001414,E01001414,U
E01001407,E01001407,U
E01001409,E01001409,U
E01001410,E01001410,U
E01001516,E01001516,U
E01001537,E01001537,U
E01030329,E01030329,U
E01022650,E01022650,U
E01022658,E01022658,U
E01001393,E01001393,U
E01001514,E01001514,U
E01001439,E01001439,U
E01001404,E01001404,U
E01030334,E01030334,U
E01022668,E01035433,S
E01001493,E01001493,U
E01022710,E01022710,U
E01001441,E01001441,U
E01001396,E01001396,U
E01001518,E01001518,U
E01030335,E01030335,U
E01022668,E01035434,S
E01001494,E01001494,U
E01022711,E01022711,U
E01001517,E01001517,U
E01001501,E01001501,U
E01001451,E01001451,U
E01030336,E01030336,U
E01022677,E01035435,S
E01001496,E01001496,U
E01022712,E01022712,U
E01001549,E01001549,U
E01001527,E01001527,U
E01001452,E01001452,U
E01030337,E01030337,U
E01022677,E01035436,S
E01001570,E01001570,U
E01022688,E01022688,U
E01001550,E01001550,U
E01001458,E01001458,U
E01001453,E01001453,U
E01030361,E01030361,U
E01022677,E01035437,S
E01001423,E01001423,U
E01022689,E01022689,U
E01001433,E01001433,U
E01001553,E01001553,U
E01001454,E01001454,U
E01030362,E01030362,U
E01022678,E01022678,U
E01001425,E01001425,U
E01022690,E01022690,U
E01019305,E01019305,U
E01019314,E01019314,U
E01019320,E01019320,U
E01019321,E01019321,U
E01019315,E01019315,U
E01019316,E01019316,U
E01019322,E01019322,U
E01019338,E01019338,U
E01019327,E01019327,U
E01019332,E01019332,U
E01019333,E01019333,U
E01019335,E01019335,U
E01019336,E01019336,U
E01019312,E01019312,U
E01019326,E01019326,U
E01019328,E01019328,U
E01019329,E01019329,U
E01019330,E01019330,U
E01019331,E01019331,U
E01019334,E01019334,U
E01019308,E01019308,U
E01019311,E01019311,U
E01019313,E01019313,U
E01019339,E01019339,U
E01019306,E01019306,U
E01019307,E01019307,U
E01019310,E01019310,U
E01019319,E01019319,U
E01019323,E01019323,U
E01019324,E01019324,U
E01019337,E01019337,U
E01019309,E01019309,U
E01019317,E01019317,U
E01019318,E01019318,U
E01019325,E01019325,U
E01019340,E01019340,U
E01030330,E01030330,U
E01030331,E01030331,U
E01030332,E01030332,U
E01030333,E01030333,U
E01030326,E01030326,U
E01030327,E01030327,U
E01030328,E01030328,U
E01030363,E01030363,U
E01001476,E01001476,U
E01001434,E01001434,U
E01030364,E01030364,U
E01001477,E01001477,U
E01001435,E01001435,U
E01001428,E01001428,U
E01001554,E01001554,U
E01022680,E01022680,U
E01030350,E01030350,U
E01001481,E01001481,U
E01001436,E01001436,U
E01022681,E01022681,U
E01030351,E01030351,U
E01001502,E01001502,U
E01001461,E01001461,U
E01001562,E01001562,U
E01030352,E01030352,U
E01001438,E01001438,U
E01001464,E01001464,U
E01001503,E01001503,U
E01032574,E01032574,U
E01030353,E01030353,U
E01022666,E01022666,U
E01001469,E01001469,U
E01001521,E01001521,U
E01001520,E01001520,U
E01021768,E01021768,U
E01030322,E01030322,U
E01022669,E01022669,U
E01001536,E01001536,U
E01001531,E01001531,U
E01001522,E01001522,U
E01022670,E01022670,U
E01021795,E01021795,U
E01030323,E01030323,U
E01021797,E01021797,U
E01001523,E01001523,U
E01022671,E01022671,U
E01001532,E01001532,U
E01001540,E01001540,U
E01030324,E01030324,U
E01022679,E01022679,U
E01001541,E01001541,U
E01001533,E01001533,U
E01021798,E01021798,U
E01030325,E01030325,U
E01001524,E01001524,U
E01022645,E01022645,U
E01001542,E01001542,U
E01001535,E01001535,U
E01021799,E01021799,U
E01030357,E01030357,U
E01001526,E01001526,U
E01022682,E01022682,U
E01001538,E01001538,U
E01001495,E01001495,U
E01021741,E01021741,U
E01030358,E01030358,U
E01001419,E01001419,U
E01022683,E01022683,U
E01001539,E01001539,U
E01001498,E01001498,U
E01021792,E01021792,U
E01030359,E01034285,S
E01001420,E01001420,U
E01022684,E01022684,U
E01001543,E01001543,U
E01001563,E01001563,U
E01021793,E01021793,U
E01030359,E01034286,S
E01001421,E01001421,U
E01022685,E01022685,U
E01001544,E01001544,U
E01001565,E01001565,U
E01021794,E01021794,U
E01030360,E01030360,U
E01001519,E01033927,S
E01001457,E01001457,U
E01022686,E01022686,U
E01001468,E01001468,U
E01030354,E01030354,U
E01022687,E01022687,U
E01001471,E01001471,U
E01001519,E01033928,S
E01021801,E01021801,U
E01001566,E01001566,U
E01030355,E01030355,U
E01021769,E01021769,U
E01022713,E01022713,U
E01001424,E01001424,U
E01001525,E01001525,U
E01001472,E01001472,U
E01030356,E01030356,U
E01021796,E01021796,U
E01022714,E01022714,U
E01001426,E01001426,U
E01001398,E01001398,U
E01001474,E01001474,U
E01030365,E01030365,U
E01021800,E01021800,U
E01022715,E01022715,U
E01001427,E01001427,U
E01001399,E01001399,U
E01001415,E01001415,U
E01030368,E01030368,U
E01021753,E01021753,U
E01022716,E01022716,U
E01001429,E01001429,U
E01001400,E01001400,U
E01001417,E01001417,U
E01030319,E01030319,U
E01021754,E01021754,U
E01022717,E01022717,U
E01001430,E01001430,U
E01001402,E01001402,U
E01001418,E01001418,U
E01030320,E01030320,U
E01021755,E01021755,U
E01022718,E01022718,U
E01001463,E01001463,U
E01001403,E01001403,U
E01001422,E01001422,U
E01030321,E01030321,U
E01021802,E01021802,U
E01021760,E01021760,U
E01021761,E01021761,U
E01021762,E01021762,U
E01021763,E01021763,U
E01021756,E01021756,U
E01021757,E01021757,U
E01021758,E01021758,U
E01021759,E01021759,U
E01021811,E01021811,U
E01021813,E01021813,U
E01021814,E01021814,U
E01021815,E01021815,U
E01021816,E01021816,U
E01021807,E01021807,U
E01021808,E01021808,U
E01021809,E01021809,U
E01021810,E01021810,U
E01021817,E01021817,U
E01021806,E01021806,U
E01021812,E01021812,U
E01021818,E01021818,U
E01021770,E01021770,U
E01021803,E01021803,U
E01021804,E01021804,U
E01001440,E01001440,U
E01030369,E01030369,U
E01001504,E01001504,U
E01001465,E01001465,U
E01030370,E01030370,U
E01001505,E01001505,U
E01001466,E01001466,U
E01001455,E01001455,U
E01030313,E01030313,U
E01001507,E01001507,U
E01001467,E01001467,U
E01022719,E01022719,U
E01001456,E01001456,U
E01030314,E01030314,U
E01001508,E01001508,U
E01001497,E01001497,U
E01022653,E01035441,S
E01001564,E01001564,U
E01030366,E01030366,U
E01022653,E01035438,S
E01001567,E01001567,U
E01001499,E01001499,U
E01001513,E01001513,U
E01030367,E01030367,U
E01022691,E01022691,U
E01001416,E01001416,U
E01001392,E01001392,U
E01001568,E01001568,U
E01030338,E01030338,U
E01022692,E01035439,S
E01001470,E01001470,U
E01001528,E01001528,U
E01001569,E01001569,U
E01030339,E01030339,U
E01022692,E01035440,S
E01001473,E01001473,U
E01001529,E01001529,U
E01001479,E01001479,U
E01030340,E01030340,U
E01022693,E01022693,U
E01001475,E01001475,U
E01001530,E01001530,U
E01001482,E01001482,U
E01030341,E01030341,U
E01022694,E01022694,U
E01001437,E01001437,U
E01001534,E01001534,U
E01001487,E01001487,U
E01030371,E01030371,U
E01022652,E01022652,U
E01001506,E01033926,M
E01001431,E01001431,U
E01001489,E01001489,U
E01030372,E01030372,U
E01022695,E01022695,U
E01001509,E01001509,U
E01001432,E01001432,U
E01001491,E01001491,U
E01030373,E01030373,U
E01022700,E01022700,U
E01001510,E01033926,M
E01001555,E01001555,U
E01001459,E01001459,U
E01030374,E01030374,U
E01022701,E01022701,U
E01001405,E01001405,U
E01001406,E01001406,U
E01001450,E01001450,U
E01001512,E01001512,U
E01001515,E01001515,U
E01001401,E01001401,U
E01001478,E01001478,U
E01001484,E01001484,U
E01022703,E01022703,U
E01022651,E01022651,U
E01022696,E01022696,U
E01022697,E01022697,U
E01022698,E01022698,U
E01022699,E01022699,U
E01022702,E01022702,U
E01030375,E01030375,U
E01022654,E01022654,U
E01030376,E01030376,U
E01022655,E01022655,U
E01030307,E01030307,U
E01022656,E01022656,U
E01030308,E01030308,U
E01022657,E01022657,U
E01001557,E01001557,U
E01030309,E01030309,U
E01001460,E01001460,U
E01001558,E01001558,U
E01030310,E01030310,U
E01001462,E01001462,U
E01001559,E01001559,U
E01001480,E01001480,U
E01001394,E01001394,U
E01001488,E01001488,U
E01001395,E01001395,U
E01001483,E01001483,U
E01001397,E01001397,U
E01001485,E01001485,U
E01001500,E01001500,U
E01001486,E01001486,U
E01001556,E01001556,U
E01001492,E01001492,U
E01001560,E01001560,U
E01033146,E01033146,U
E01001390,E01001390,U
E01033151,E01033151,U
E01001391,E01001391,U
E01019704,E01019704,U
E01019658,E01019658,U
E01019659,E01019659,U
E01019674,E01019674,U
E01019688,E01019688,U
E01019689,E01019689,U
E01019666,E01019666,U
E01019667,E01019667,U
E01019668,E01019668,U
E01019669,E01019669,U
E01019656,E01019656,U
E01019691,E01019691,U
E01019692,E01019692,U
E01019693,E01019693,U
E01019694,E01019694,U
E01019696,E01019696,U
E01019683,E01019683,U
E01019684,E01019684,U
E01019685,E01019685,U
E01019686,E01019686,U
E01019687,E01019687,U
E01019648,E01019648,U
E01019649,E01019649,U
E01019650,E01019650,U
E01019651,E01019651,U
E01018085,E01018085,U
E01019695,E01019695,U
E01019641,E01019641,U
E01019652,E01019652,U
E01018086,E01018086,U
E01019653,E01019653,U
E01018087,E01018087,U
E01019707,E01019707,U
E01018088,E01018088,U
E01019708,E01019708,U
E01018065,E01018065,U
E01030408,E01030408,U
E01019647,E01019647,U
E01018076,E01018076,U
E01019675,E01019675,U
E01018111,E01018111,U
E01019679,E01019679,U
E01018062,E01018062,U
E01030395,E01030395,U
E01022778,E01022778,U
E01019682,E01019682,U
E01018102,E01035536,S
E01030413,E01030413,U
E01032877,E01032877,U
E01021805,E01021805,U
E01019642,E01019642,U
E01022720,E01022720,U
E01020025,E01020025,U
E01019709,E01019709,U
E01018102,E01035537,S
E01018105,E01018105,U
E01018106,E01018106,U
E01018110,E01018110,U
W01000287,W01000287,U
W01000298,W01000298,U
W01000338,W01000338,U
W01000306,W01000306,U
W01000320,W01000320,U
W01000340,W01000340,U
W01000253,W01000253,U
W01000254,W01000254,U
W01000296,W01000296,U
W01000297,W01000297,U
W01000304,W01000304,U
W01000305,W01000305,U
W01000288,W01000288,U
W01000290,W01000290,U
W01000292,W01000292,U
W01000293,W01000293,U
W01000289,W01000289,U
W01000291,W01000291,U
W01000294,W01000294,U
W01000295,W01000295,U
W01000258,W01000258,U
W01000270,W01000270,U
W01000271,W01000271,U
W01000272,W01000272,U
W01000301,W01000301,U
W01000273,W01000273,U
W01000274,W01000274,U
W01000275,W01000275,U
W01000278,W01000278,U
W01000276,W01000276,U
W01000277,W01000277,U
W01000279,W01000279,U
W01000281,W01000281,U
W01000283,W01000283,U
W01000332,W01000332,U
W01000333,W01000333,U
W01000334,W01000334,U
E01021774,E01021774,U
E01022725,E01022725,U
E01019975,E01019975,U
E01030415,E01030415,U
E01019643,E01019643,U
E01030416,E01030416,U
E01019638,E01019638,U
E01020029,E01020029,U
E01021775,E01021775,U
E01022726,E01022726,U
E01020030,E01020030,U
E01022744,E01022744,U
E01030383,E01034287,S
E01020031,E01020031,U
E01019654,E01019654,U
E01022745,E01022745,U
E01022727,E01022727,U
E01021776,E01021776,U
E01020032,E01020032,U
E01019639,E01019639,U
E01030383,E01034288,S
E01019655,E01019655,U
E01022746,E01022746,U
E01022729,E01022729,U
E01021777,E01021777,U
E01020026,E01020026,U
E01019640,E01019640,U
E01030384,E01030384,U
E01019676,E01019676,U
E01022747,E01022747,U
E01022743,E01022743,U
E01021778,E01021778,U
E01020027,E01020027,U
E01019645,E01019645,U
E01030401,E01030401,U
E01019677,E01019677,U
E01022748,E01022748,U
E01022750,E01022750,U
E01021779,E01021779,U
E01020035,E01034632,S
E01032614,E01032614,U
E01030402,E01030402,U
E01019678,E01019678,U
E01018094,E01018094,U
E01022751,E01022751,U
E01021786,E01021786,U
E01020035,E01034633,S
E01019998,E01019998,U
E01030385,E01030385,U
E01019680,E01019680,U
E01018095,E01018095,U
E01022752,E01022752,U
E01022757,E01022757,U
E01022790,E01022790,U
E01022755,E01022755,U
E01022756,E01022756,U
E01022791,E01022791,U
E01022792,E01022792,U
E01022793,E01022793,U
E01022781,E01022781,U
E01022782,E01022782,U
E01022785,E01022785,U
E01022786,E01022786,U
E01022789,E01022789,U
E01022721,E01022721,U
E01022722,E01022722,U
E01022723,E01022723,U
E01022724,E01022724,U
E01022737,E01022737,U
E01022766,E01022766,U
E01022769,E01022769,U
E01022740,E01022740,U
E01022741,E01022741,U
E01022742,E01022742,U
E01022783,E01022783,U
E01022784,E01022784,U
E01022759,E01022759,U
E01022763,E01022763,U
E01022765,E01022765,U
E01022768,E01022768,U
E01022770,E01022770,U
E01022728,E01022728,U
E01022735,E01022735,U
E01022736,E01022736,U
E01022738,E01022738,U
E01022739,E01022739,U
E01022760,E01022760,U
E01022761,E01022761,U
E01022762,E01022762,U
E01022764,E01022764,U
E01022767,E01022767,U
E01022776,E01022776,U
E01022777,E01022777,U
E01030391,E01030391,U
E01018096,E01018096,U
E01019999,E01019999,U
E01021787,E01021787,U
E01030403,E01030403,U
E01018097,E01018097,U
E01020001,E01020001,U
E01033233,E01034628,S
E01033233,E01034629,S
E01019990,E01019990,U
E01019991,E01019991,U
E01019993,E01019993,U
E01020000,E01020000,U
E01020007,E01020007,U
E01019992,E01019992,U
E01020002,E01020002,U
E01020003,E01020003,U
E01020004,E01020004,U
E01020005,E01020005,U
E01019997,E01019997,U
E01020019,E01020019,U
E01020020,E01020020,U
E01020021,E01020021,U
E01020022,E01020022,U
E01019980,E01019980,U
E01019982,E01019982,U
E01019983,E01019983,U
E01019984,E01019984,U
E01019985,E01019985,U
E01019987,E01019987,U
E01019989,E01019989,U
E01020006,E01020006,U
E01020008,E01020008,U
E01020009,E01020009,U
E01019986,E01019986,U
E01020036,E01020036,U
E01020037,E01020037,U
E01020039,E01020039,U
E01020040,E01020040,U
E01019994,E01019994,U
E01019995,E01019995,U
E01020016,E01034630,S
E01020016,E01034631,S
E01020017,E01020017,U
E01020018,E01020018,U
E01019996,E01019996,U
E01020023,E01020023,U
E01020024,E01020024,U
E01020038,E01020038,U
E01019681,E01019681,U
E01030404,E01030404,U
E01019698,E01019698,U
E01033232,E01033232,U
E01030409,E01030409,U
E01019697,E01019697,U
E01033234,E01033234,U
E01030410,E01030410,U
E01019699,E01019699,U
E01019700,E01019700,U
E01019705,E01019705,U
E01019706,E01019706,U
E01021788,E01021788,U
E01018063,E01018063,U
E01030381,E01030381,U
E01021789,E01021789,U
E01018073,E01018073,U
E01030411,E01034289,S
E01021790,E01021790,U
E01018107,E01018107,U
E01030411,E01034290,S
E01021791,E01021791,U
E01018108,E01018108,U
E01030412,E01030412,U
E01021771,E01021771,U
E01018109,E01018109,U
E01030419,E01030419,U
E01019973,E01019973,U
E01021772,E01021772,U
E01018069,E01018069,U
E01030379,E01030379,U
E01019974,E01019974,U
E01021773,E01021773,U
E01018070,E01018070,U
E01030380,E01030380,U
E01019976,E01019976,U
E01021783,E01021783,U
E01018071,E01018071,U
E01030405,E01030405,U
E01019977,E01019977,U
E01021784,E01021784,U
E01018093,E01018093,U
E01030417,E01030417,U
E01019981,E01019981,U
E01021780,E01021780,U
E01018103,E01018103,U
E01030418,E01030418,U
E01019988,E01019988,U
E01021781,E01021781,U
E01018104,E01018104,U
E01030420,E01030420,U
E01020010,E01020010,U
E01021782,E01021782,U
E01033111,E01033111,U
E01033112,E01033112,U
E01018066,E01018066,U
E01018067,E01018067,U
E01018068,E01018068,U
E01018090,E01018090,U
E01018091,E01018091,U
E01018092,E01018092,U
E01018081,E01018081,U
E01018082,E01018082,U
E01018083,E01018083,U
E01018084,E01018084,U
E01018064,E01018064,U
E01018072,E01018072,U
E01018074,E01018074,U
E01018075,E01018075,U
E01018098,E01018098,U
E01018099,E01018099,U
E01018100,E01018100,U
E01018101,E01018101,U
E01018077,E01018077,U
E01018078,E01018078,U
E01018079,E01018079,U
E01018080,E01018080,U
E01018058,E01018058,U
E01018059,E01018059,U
E01018060,E01018060,U
E01018061,E01018061,U
E01020013,E01020013,U
E01030382,E01030382,U
E01020014,E01020014,U
E01030390,E01030390,U
E01020015,E01020015,U
E01030392,E01030392,U
E01019968,E01019968,U
E01030396,E01030396,U
E01019969,E01019969,U
E01030398,E01030398,U
E01019970,E01019970,U
E01032624,E01032624,U
E01019971,E01019971,U
E01019644,E01019644,U
E01019972,E01019972,U
E01019646,E01019646,U
E01020011,E01020011,U
E01019663,E01019663,U
E01020012,E01020012,U
E01019664,E01019664,U
E01019665,E01019665,U
E01019657,E01019657,U
E01019660,E01019660,U
E01019661,E01019661,U
E01019662,E01019662,U
E01019672,E01019672,U
E01019690,E01019690,U
E01019670,E01019670,U
E01019671,E01019671,U
E01019701,E01019701,U
E01019673,E01019673,U
E01019702,E01019702,U
E01019703,E01019703,U
E01021785,E01021785,U
E01021742,E01021742,U
E01020033,E01034635,S
E01021743,E01021743,U
E01021744,E01021744,U
E01020033,E01034634,S
E01021745,E01021745,U
E01033235,E01033235,U
E01021746,E01021746,U
E01033236,E01033236,U
E01021747,E01021747,U
E01022758,E01022758,U
E01021748,E01021748,U
E01022771,E01022771,U
E01021749,E01021749,U
E01022772,E01022772,U
E01021750,E01021750,U
E01022773,E01022773,U
E01021751,E01021751,U
E01022774,E01022774,U
E01021752,E01021752,U
E01022749,E01022749,U
E01021764,E01021764,U
E01022753,E01022753,U
E01021765,E01021765,U
E01022754,E01022754,U
E01021766,E01021766,U
E01022780,E01022780,U
E01021767,E01021767,U
E01022787,E01022787,U
E01030386,E01030386,U
E01022788,E01022788,U
E01030387,E01030387,U
E01022730,E01022730,U
E01030388,E01030388,U
E01030389,E01030389,U
E01022731,E01022731,U
E01030393,E01030393,U
E01022732,E01022732,U
E01030394,E01030394,U
E01022733,E01022733,U
E01030399,E01030399,U
E01022734,E01022734,U
E01030400,E01030400,U
E01030414,E01030414,U
E01030377,E01030377,U
E01030378,E01030378,U
E01030406,E01030406,U
E01030407,E01030407,U
E01025008,E01025008,U
E01025009,E01025009,U
E01025011,E01025011,U
E01025012,E01025012,U
E01025013,E01025013,U
E01025019,E01025019,U
E01024998,E01024998,U
E01025010,E01025010,U
E01025014,E01025014,U
E01025015,E01025015,U
E01025004,E01025004,U
E01025006,E01025006,U
E01025023,E01025023,U
E01025024,E01025024,U
E01025025,E01025025,U
E01025001,E01025001,U
E01025002,E01025002,U
E01025005,E01025005,U
E01025016,E01025016,U
E01025018,E01025018,U
E01024984,E01024984,U
E01024985,E01024985,U
E01024986,E01024986,U
E01024987,E01024987,U
E01024988,E01024988,U
E01024989,E01024989,U
E01024996,E01024996,U
E01024997,E01024997,U
E01024999,E01024999,U
E01025000,E01025000,U
E01025029,E01025029,U
E01025030,E01025030,U
E01024981,E01024981,U
E01024982,E01024982,U
E01024983,E01024983,U
E01024994,E01024994,U
E01024995,E01024995,U
E01025003,E01025003,U
E01025017,E01025017,U
E01024990,E01024990,U
E01024991,E01024991,U
E01024992,E01024992,U
E01025020,E01025020,U
E01025021,E01025021,U
E01025022,E01025022,U
E01008246,E01008246,U
E01008247,E01008247,U
E01008248,E01008248,U
E01008249,E01008249,U
E01008250,E01008250,U
E01022262,E01022262,U
E01008195,E01008195,U
E01028182,E01028182,U
W01000339,W01000339,U
E01008217,E01008217,U
E01008211,E01008211,U
W01000335,W01000335,U
E01008197,E01008197,U
W01000336,W01000336,U
E01008183,E01008183,U
E01028183,E01028183,U
E01008283,E01008283,U
E01022267,E01022267,U
W01000269,W01000269,U
E01008198,E01008198,U
W01000337,W01000337,U
E01008186,E01008186,U
E01028148,E01028148,U
E01008284,E01008284,U
E01022251,E01022251,U
W01000307,W01000307,U
E01008199,E01008199,U
W01000252,W01000252,U
E01008187,E01035637,X
E01028149,E01028149,U
E01008286,E01008286,U
E01022252,E01022252,U
W01000308,W01000308,U
E01008200,E01008200,U
W01000280,W01000280,U
E01008187,E01035624,X
E01028178,E01028178,U
E01008287,E01008287,U
E01022258,E01022258,U
E01022259,E01022259,U
E01022260,E01022260,U
E01022236,E01022236,U
E01022237,E01022237,U
E01022238,E01022238,U
E01022239,E01022239,U
E01022240,E01022240,U
E01022249,E01022249,U
E01022250,E01022250,U
E01022228,E01022228,U
E01022230,E01022230,U
E01022265,E01022265,U
E01022266,E01022266,U
E01022234,E01022234,U
E01022253,E01022253,U
E01022263,E01022263,U
E01022229,E01022229,U
E01022241,E01022241,U
E01022242,E01022242,U
E01022243,E01022243,U
E01022244,E01022244,U
E01022245,E01022245,U
E01022246,E01022246,U
E01022231,E01022231,U
E01022232,E01022232,U
E01022264,E01022264,U
E01022268,E01022268,U
E01022269,E01022269,U
E01022226,E01022226,U
E01022227,E01022227,U
E01022254,E01022254,U
E01022255,E01022255,U
E01022256,E01022256,U
E01022257,E01022257,U
E01022248,E01022248,U
E01022272,E01022272,U
E01022273,E01022273,U
E01022274,E01022274,U
E01022275,E01022275,U
E01024993,E01024993,U
E01025026,E01025026,U
E01025027,E01025027,U
E01025028,E01025028,U
E01025031,E01025031,U
E01025007,E01025007,U
W01000310,W01000310,U
E01008245,E01008245,U
E01028176,E01028176,U
E01029926,E01029926,U
E01008196,E01008196,U
E01008214,E01008214,U
E01028177,E01028177,U
W01000282,W01000282,U
E01008231,E01008231,U
E01008222,E01008222,U
E01008215,E01008215,U
E01008240,E01008240,U
E01008223,E01008223,U
E01028214,E01028214,U
W01000325,W01000325,U
E01008243,E01008243,U
E01008241,E01008241,U
E01029927,E01029927,U
E01008224,E01008224,U
E01028215,E01028215,U
W01000311,W01000311,U
E01008244,E01008244,U
E01008242,E01008242,U
E01029928,E01029928,U
E01008226,E01008226,U
E01028216,E01028216,U
W01000312,W01000312,U
E01008178,E01008178,U
E01008281,E01008281,U
E01029929,E01029929,U
E01008172,E01008172,U
E01028217,E01028217,U
W01000328,W01000328,U
E01008180,E01008180,U
E01008282,E01008282,U
E01029930,E01029930,U
E01008173,E01008173,U
E01028218,E01028218,U
W01000264,W01000264,U
E01008182,E01008182,U
E01008219,E01008219,U
E01029942,E01029942,U
E01008174,E01008174,U
E01028193,E01028193,U
E01028194,E01028194,U
E01028195,E01028195,U
E01028196,E01028196,U
E01028197,E01028197,U
E01028204,E01028204,U
E01028172,E01028172,U
E01028190,E01028190,U
E01028202,E01028202,U
E01028203,E01028203,U
E01028212,E01028212,U
E01028168,E01028168,U
E01028169,E01028169,U
E01028170,E01028170,U
E01028171,E01028171,U
E01028191,E01028191,U
E01028192,E01028192,U
E01028160,E01028160,U
E01028161,E01028161,U
E01028162,E01028162,U
E01028163,E01028163,U
E01028211,E01028211,U
E01028155,E01028155,U
E01028156,E01028156,U
E01028157,E01028157,U
E01028158,E01028158,U
E01028159,E01028159,U
E01028164,E01028164,U
E01028210,E01028210,U
E01028184,E01028184,U
E01028185,E01028185,U
E01028186,E01028186,U
E01028187,E01028187,U
E01028188,E01028188,U
E01028142,E01028142,U
E01028146,E01028146,U
E01028147,E01028147,U
E01032622,E01032622,U
W01000265,W01000265,U
E01008277,E01008277,U
W01000323,W01000323,U
W01000324,W01000324,U
E01008280,E01008280,U
W01000251,W01000251,U
E01008177,E01008177,U
W01000268,W01000268,U
E01008179,E01008179,U
W01000284,W01000284,U
W01000285,W01000285,U
W01000286,W01000286,U
W01000302,W01000302,U
W01000249,W01000249,U
W01000250,W01000250,U
W01000261,W01000261,U
W01000321,W01000321,U
W01000322,W01000322,U
W01000255,W01000255,U
W01000256,W01000256,U
W01000257,W01000257,U
W01000329,W01000329,U
W01000330,W01000330,U
W01000331,W01000331,U
W01000313,W01000313,U
W01000314,W01000314,U
W01000315,W01000315,U
W01000316,W01000316,U
W01000317,W01000317,U
W01000318,W01000318,U
W01000319,W01000319,U
W01000259,W01000259,U
W01000260,W01000260,U
W01000262,W01000262,U
W01000263,W01000263,U
W01000266,W01000266,U
W01000267,W01000267,U
W01000303,W01000303,U
W01000326,W01000326,U
W01000327,W01000327,U
W01000299,W01000299,U
W01000300,W01000300,U
W01000309,W01000309,U
E01008175,E01008175,U
E01008235,E01008235,U
E01029944,E01029944,U
E01008181,E01008181,U
E01008176,E01008176,U
E01008276,E01008276,U
E01008279,E01008279,U
E01008162,E01008162,U
E01008209,E01008209,U
E01008164,E01008164,U
E01008236,E01008236,U
E01008210,E01008210,U
E01033453,E01034561,S
E01008166,E01008166,U
E01008237,E01008237,U
E01008258,E01008258,U
E01033453,E01034562,S
E01008168,E01035611,S
E01008238,E01008238,U
E01008259,E01008259,U
E01033453,E01034563,S
E01008168,E01035612,S
E01008267,E01008267,U
E01008167,E01008167,U
E01029945,E01029945,U
E01008163,E01008163,U
E01008269,E01008269,U
E01008169,E01035610,M
E01032523,E01032523,U
E01008203,E01008203,U
E01008270,E01008270,U
E01008170,E01008170,U
E01008271,E01008271,U
E01032524,E01032524,U
E01008205,E01008205,U
E01008171,E01035610,M
E01032525,E01034564,S
E01008275,E01008275,U
E01028189,E01028189,U
E01008257,E01008257,U
E01032525,E01034565,S
E01008229,E01008229,U
E01028198,E01028198,U
E01008262,E01008262,U
E01032526,E01032526,U
E01008230,E01008230,U
E01028199,E01028199,U
E01008263,E01008263,U
E01029938,E01029938,U
E01008232,E01008232,U
E01028200,E01028200,U
E01008264,E01008264,U
E01029939,E01029939,U
E01008233,E01008233,U
E01028201,E01028201,U
E01008265,E01008265,U
E01029940,E01029940,U
E01008285,E01008285,U
E01028150,E01028150,U
E01008266,E01008266,U
E01029946,E01029946,U
E01008256,E01008256,U
E01028151,E01028151,U
E01008251,E01008251,U
E01029947,E01029947,U
E01008260,E01008260,U
E01028152,E01028152,U
E01008252,E01008252,U
E01029941,E01029941,U
E01008261,E01008261,U
E01028153,E01028153,U
E01008253,E01008253,U
E01029957,E01029957,U
E01008268,E01008268,U
E01028154,E01028154,U
E01008254,E01008254,U
E01008272,E01008272,U
E01033451,E01034566,S
E01008273,E01008273,U
E01028213,E01028213,U
E01008255,E01008255,U
E01008274,E01008274,U
E01033451,E01034567,S
E01028143,E01028143,U
E01008165,E01008165,U
E01008193,E01008193,U
E01033452,E01033452,U
E01028205,E01028205,U
E01008201,E01008201,U
E01008194,E01008194,U
E01033454,E01033454,U
E01028206,E01028206,U
E01008202,E01008202,U
E01008234,E01008234,U
E01029937,E01029937,U
E01028207,E01028207,U
E01008204,E01008204,U
E01008239,E01008239,U
E01029953,E01029953,U
E01028208,E01028208,U
E01008212,E01008212,U
E01008218,E01008218,U
E01029954,E01034568,S
E01028173,E01028173,U
E01008213,E01008213,U
E01008220,E01008220,U
E01029954,E01034569,S
E01028174,E01028174,U
E01008216,E01008216,U
E01008221,E01008221,U
E01029955,E01029955,U
E01028175,E01028175,U
E01008228,E01008228,U
E01008225,E01008225,U
E01029956,E01029956,U
E01028209,E01028209,U
E01008206,E01008206,U
E01008227,E01008227,U
E01029925,E01029925,U
E01028144,E01028144,U
E01008207,E01008207,U
E01008184,E01008184,U
E01008185,E01008185,U
E01008188,E01008188,U
E01008278,E01008278,U
E01008189,E01008189,U
E01008190,E01008190,U
E01008191,E01008191,U
E01008192,E01008192,U
E01028165,E01028165,U
E01008208,E01008208,U
E01028166,E01028166,U
E01028167,E01028167,U
E01028179,E01028179,U
E01028180,E01028180,U
E01028181,E01028181,U
E01029949,E01029949,U
E01029950,E01029950,U
E01029951,E01029951,U
E01029952,E01029952,U
E01032612,E01032612,U
E01022233,E01022233,U
E01022235,E01022235,U
E01022247,E01022247,U
E01022270,E01022270,U
E01022271,E01022271,U
E01022261,E01022261,U
E01001583,E01001583,U
E01001584,E01001584,U
E01001645,E01001645,U
E01001647,E01001647,U
E01001648,E01001648,U
E01001649,E01001649,U
E01001605,E01001605,U
E01001606,E01001606,U
E01001610,E01001610,U
E01001611,E01001611,U
E01001620,E01001620,U
E01001621,E01001621,U
E01001623,E01001623,U
E01001624,E01001624,U
E01001625,E01001625,U
E01001604,E01001604,U
E01001632,E01001632,U
E01022313,E01022313,U
E01022842,E01022842,U
E01001607,E01001607,U
E01001608,E01001608,U
E01001609,E01001609,U
E01001613,E01001613,U
E01001614,E01001614,U
E01001615,E01001615,U
E01001617,E01001617,U
E01001653,E01001653,U
E01001654,E01001654,U
E01001655,E01001655,U
E01001660,E01001660,U
E01001661,E01001661,U
E01001618,E01001618,U
E01001619,E01001619,U
E01033729,E01033729,U
E01001597,E01001597,U
E01001598,E01001598,U
E01001602,E01001602,U
E01001603,E01001603,U
E01001596,E01001596,U
E01001599,E01001599,U
E01001600,E01001600,U
E01001601,E01001601,U
E01001669,E01001669,U
E01001671,E01001671,U
E01001676,E01001676,U
E01032567,E01032567,U
E01001656,E01001656,U
E01001657,E01001657,U
E01001658,E01001658,U
E01001659,E01001659,U
E01033726,E01034174,S
E01033726,E01034175,S
E01033726,E01034176,S
E01024274,E01024274,U
E01022277,E01022277,U
E01032882,E01034060,S
E01032882,E01034061,S
E01022807,E01022807,U
E01022816,E01022816,U
E01022817,E01022817,U
E01022818,E01022818,U
E01022280,E01022280,U
E01026631,E01026631,U
E01022315,E01022315,U
E01022824,E01034062,S
E01024275,E01024275,U
E01024293,E01024293,U
E01001635,E01001635,U
E01022824,E01034063,S
E01022281,E01022281,U
E01022826,E01022826,U
E01024302,E01024302,U
E01001636,E01001636,U
E01022306,E01022306,U
E01022828,E01022828,U
E01026605,E01026605,U
E01026617,E01026617,U
E01024294,E01024294,U
E01022316,E01022316,U
E01026606,E01026606,U
E01026618,E01026618,U
E01022829,E01022829,U
E01022317,E01022317,U
E01024296,E01024296,U
E01026607,E01026607,U
E01022307,E01022307,U
E01026619,E01026619,U
E01033742,E01033742,U
E01022830,E01022830,U
E01022318,E01022318,U
E01024262,E01024262,U
E01026627,E01026627,U
E01022319,E01022319,U
E01026620,E01026620,U
E01033744,E01033744,U
E01032880,E01032880,U
E01022309,E01022309,U
E01024263,E01024263,U
E01026628,E01026628,U
E01022320,E01022320,U
E01026621,E01026621,U
E01001571,E01001571,U
E01032881,E01032881,U
E01022310,E01022310,U
E01024282,E01024282,U
E01026629,E01026629,U
E01022321,E01022321,U
E01026613,E01026613,U
E01001572,E01001572,U
E01032883,E01032883,U
E01022311,E01022311,U
E01024283,E01024283,U
E01024284,E01024284,U
E01024259,E01024259,U
E01024260,E01024260,U
E01024292,E01024292,U
E01024313,E01024313,U
E01024317,E01024317,U
E01024318,E01024318,U
E01024280,E01035284,S
E01024280,E01035285,S
E01024281,E01024281,U
E01024285,E01024285,U
E01024287,E01024287,U
E01024288,E01024288,U
E01024308,E01024308,U
E01024310,E01024310,U
E01024311,E01024311,U
E01024314,E01024314,U
E01024315,E01024315,U
E01024297,E01024297,U
E01024298,E01024298,U
E01024299,E01024299,U
E01024309,E01024309,U
E01024312,E01024312,U
E01024264,E01024264,U
E01024286,E01024286,U
E01024316,E01024316,U
E01024319,E01024319,U
E01024265,E01024265,U
E01024266,E01024266,U
E01024267,E01024267,U
E01024300,E01024300,U
E01024301,E01024301,U
E01024303,E01024303,U
E01024304,E01024304,U
E01024305,E01024305,U
E01024306,E01024306,U
E01024307,E01024307,U
E01024268,E01024268,U
E01024269,E01024269,U
E01024270,E01024270,U
E01024271,E01024271,U
E01024272,E01024272,U
E01024273,E01024273,U
E01022322,E01022322,U
E01001573,E01001573,U
E01022312,E01022312,U
E01001574,E01001574,U
E01001629,E01001629,U
E01026608,E01026608,U
E01022806,E01022806,U
E01026614,E01026614,U
E01022314,E01022314,U
E01022832,E01022832,U
E01026609,E01026609,U
E01026615,E01026615,U
E01022839,E01022839,U
E01022324,E01022324,U
E01022295,E01022295,U
E01026616,E01026616,U
E01026636,E01026636,U
E01001633,E01001633,U
E01001634,E01001634,U
E01001637,E01001637,U
E01001695,E01001695,U
E01001696,E01001696,U
E01001697,E01001697,U
E01001700,E01001700,U
E01001703,E01001703,U
E01001704,E01001704,U
E01001588,E01001588,U
E01001589,E01001589,U
E01001591,E01001591,U
E01001595,E01001595,U
E01001590,E01001590,U
E01032884,E01032884,U
E01001592,E01001592,U
E01026637,E01026637,U
E01022810,E01022810,U
E01001593,E01001593,U
E01022296,E01022296,U
E01022325,E01022325,U
E01026638,E01026638,U
E01026585,E01034767,M
E01022811,E01034064,S
E01001594,E01001594,U
E01022297,E01022297,U
E01022343,E01022343,U
E01026589,E01026589,U
E01026586,E01034767,M
E01022811,E01034065,S
E01001698,E01001698,U
E01022298,E01022298,U
E01022344,E01022344,U
E01026590,E01026590,U
E01022833,E01022833,U
E01026587,E01026587,U
E01022843,E01022843,U
E01026588,E01026588,U
E01026591,E01026591,U
E01032878,E01032878,U
E01001690,E01001690,U
E01001699,E01001699,U
E01022332,E01022332,U
E01022345,E01022345,U
E01022346,E01022346,U
E01022299,E01022299,U
E01022300,E01022300,U
E01022301,E01022301,U
E01001701,E01001701,U
E01022302,E01022302,U
E01032879,E01032879,U
E01022347,E01034792,S
E01001692,E01001692,U
E01001702,E01001702,U
E01022339,E01022339,U
E01026592,E01026592,U
E01022794,E01022794,U
E01022347,E01034793,S
E01001693,E01001693,U
E01001581,E01001581,U
E01022340,E01022340,U
E01026593,E01026593,U
E01022795,E01022795,U
E01022348,E01034791,S
E01001694,E01001694,U
E01001585,E01001585,U
E01022341,E01022341,U
E01026594,E01026594,U
E01022796,E01022796,U
E01022348,E01034794,S
E01001687,E01001687,U
E01001586,E01001586,U
E01022342,E01022342,U
E01026599,E01026599,U
E01022837,E01022837,U
E01032932,E01032932,U
E01001688,E01001688,U
E01022838,E01022838,U
E01001587,E01001587,U
E01022797,E01022797,U
E01032937,E01032937,U
E01022335,E01022335,U
E01001678,E01001678,U
E01022798,E01022798,U
E01022288,E01022288,U
E01033739,E01033739,U
E01026639,E01026639,U
E01022289,E01022289,U
E01022799,E01022799,U
E01026640,E01026640,U
E01033740,E01033740,U
E01001683,E01001683,U
E01022290,E01022290,U
E01022336,E01022336,U
E01022812,E01022812,U
E01026641,E01026641,U
E01033741,E01033741,U
E01001684,E01001684,U
E01022291,E01022291,U
E01022338,E01022338,U
E01022831,E01022831,U
E01026595,E01026595,U
E01033743,E01033743,U
E01001685,E01001685,U
E01022292,E01022292,U
E01032933,E01032933,U
E01022845,E01022845,U
E01026596,E01026596,U
E01033745,E01033745,U
E01001646,E01001646,U
E01022283,E01022283,U
E01032934,E01034797,S
E01024276,E01024276,U
E01026597,E01026597,U
E01001575,E01001575,U
E01001650,E01001650,U
E01022303,E01022303,U
E01032934,E01034798,S
E01024277,E01024277,U
E01026598,E01026598,U
E01001576,E01001576,U
E01001651,E01001651,U
E01022304,E01022304,U
E01024278,E01024278,U
E01032935,E01032935,U
E01022305,E01022305,U
E01001652,E01001652,U
E01001577,E01001577,U
E01026622,E01026622,U
E01024279,E01024279,U
E01026623,E01026623,U
E01001578,E01001578,U
E01001679,E01001679,U
E01024257,E01024257,U
E01026624,E01026624,U
E01001579,E01001579,U
E01001680,E01001680,U
E01024290,E01024290,U
E01026625,E01026625,U
E01001709,E01034198,M
E01022308,E01022308,U
E01032936,E01034795,S
E01001681,E01001681,U
E01024291,E01024291,U
E01026626,E01026626,U
E01001711,E01034198,M
E01022278,E01022278,U
E01032936,E01034796,S
E01001682,E01001682,U
E01024295,E01024295,U
E01026600,E01026600,U
E01001712,E01001712,U
E01022279,E01022279,U
E01022800,E01022800,U
E01001686,E01001686,U
E01032799,E01032799,U
E01026633,E01026633,U
E01033731,E01034186,S
E01022282,E01022282,U
E01022801,E01022801,U
E01001580,E01001580,U
E01032800,E01032800,U
E01026634,E01026634,U
E01033731,E01034187,S
E01022284,E01022284,U
E01022802,E01022802,U
E01001582,E01001582,U
E01024258,E01024258,U
E01026635,E01026635,U
E01033734,E01033734,U
E01026581,E01026581,U
E01024261,E01024261,U
E01022803,E01022803,U
E01022285,E01022285,U
E01022286,E01022286,U
E01022836,E01022836,U
E01022287,E01022287,U
E01022804,E01022804,U
E01022293,E01022293,U
E01022805,E01022805,U
E01022294,E01022294,U
E01022834,E01022834,U
E01026582,E01026582,U
E01033735,E01033735,U
E01022323,E01022323,U
E01022835,E01022835,U
E01026583,E01026583,U
E01033736,E01033736,U
E01022328,E01022328,U
E01022840,E01022840,U
E01026584,E01026584,U
E01033737,E01033737,U
E01022329,E01022329,U
E01022813,E01022813,U
E01026601,E01026601,U
E01001705,E01001705,U
E01022326,E01022326,U
E01022814,E01022814,U
E01026602,E01026602,U
E01001706,E01034173,M
E01022327,E01022327,U
E01022815,E01022815,U
E01026603,E01026603,U
E01001708,E01001708,U
E01022330,E01022330,U
E01022823,E01022823,U
E01026604,E01026604,U
E01001710,E01001710,U
E01022331,E01022331,U
E01026632,E01026632,U
E01001713,E01034173,M
E01022333,E01022333,U
E01026610,E01026610,U
E01022825,E01022825,U
E01022819,E01022819,U
E01026611,E01026611,U
E01022820,E01022820,U
E01022334,E01022334,U
E01026612,E01026612,U
E01022841,E01022841,U
E01001672,E01001672,U
E01022276,E01022276,U
E01026630,E01026630,U
E01001673,E01001673,U
E01001674,E01001674,U
E01001675,E01001675,U
E01001677,E01001677,U
E01001631,E01001631,U
W01000065,W01000065,U
W01000113,W01000113,U
W01000114,W01000114,U
W01000066,W01000066,U
W01000100,W01000100,U
W01000105,W01000105,U
W01000106,W01000106,U
W01000107,W01000107,U
W01000047,W01000047,U
E01001834,E01001834,U
W01000061,W01000061,U
W01000078,W01000078,U
W01000089,W01000089,U
W01000070,W01000070,U
E01001835,E01001835,U
W01000094,W01000094,U
E01001807,E01001807,U
E01001733,E01001733,U
W01000095,W01000095,U
E01001785,E01001785,U
W01000108,W01000108,U
E01001812,E01001812,U
E01001789,E01001789,U
W01000109,W01000109,U
E01033726,E01034177,S
E01012414,E01012414,U
E01030468,E01030468,U
E01001725,E01001725,U
E01001726,E01001726,U
E01001800,E01001800,U
E01001824,E01001824,U
E01001826,E01001826,U
E01001723,E01001723,U
E01001724,E01001724,U
E01001727,E01001727,U
E01001768,E01001768,U
E01001769,E01001769,U
E01001715,E01001715,U
E01001716,E01001716,U
E01001717,E01001717,U
E01001718,E01001718,U
E01001719,E01001719,U
E01001720,E01001720,U
E01001742,E01001742,U
E01001801,E01001801,U
E01001803,E01001803,U
E01001806,E01001806,U
E01001741,E01001741,U
E01001805,E01001805,U
E01001829,E01001829,U
E01001831,E01001831,U
E01001832,E01001832,U
E01001764,E01001764,U
E01001765,E01001765,U
E01001767,E01001767,U
E01001770,E01001770,U
E01033703,E01033703,U
E01033713,E01033713,U
E01001792,E01001792,U
E01001793,E01001793,U
E01001794,E01001794,U
E01001795,E01001795,U
E01001796,E01001796,U
E01001736,E01001736,U
E01001737,E01001737,U
E01001738,E01001738,U
E01001739,E01001739,U
E01001786,E01001786,U
E01001787,E01001787,U
E01001788,E01001788,U
E01001790,E01001790,U
E01001740,E01001740,U
E01001747,E01001747,U
E01001830,E01001830,U
E01001833,E01001833,U
E01030429,E01030429,U
E01033712,E01033712,U
W01000069,W01002003,M
E01001791,E01001791,U
E01030430,E01030430,U
E01012377,E01012377,U
E01001640,E01034178,S
E01001772,E01001772,U
W01000074,W01000074,U
E01030469,E01030469,U
E01001774,E01001774,U
W01000079,W01002003,M
E01001745,E01001745,U
E01030448,E01030448,U
E01001775,E01001775,U
E01001640,E01034179,S
E01030499,E01030499,U
W01000101,W01000101,U
E01012390,E01012390,U
E01001746,E01001746,U
E01030449,E01030449,U
E01001815,E01001815,U
E01001640,E01034180,S
E01030500,E01030500,U
W01000080,W01000080,U
E01012419,E01012419,U
E01001757,E01001757,U
E01030454,E01030454,U
E01001820,E01001820,U
E01012420,E01012420,U
E01033727,E01033727,U
E01012422,E01012422,U
E01001821,E01001821,U
E01030501,E01030501,U
E01001758,E01001758,U
W01000084,W01000084,U
E01012369,E01012369,U
E01033728,E01033728,U
E01030502,E01030502,U
E01001752,E01035643,S
E01030456,E01030456,U
E01001759,E01001759,U
W01001932,W01001932,U
E01030471,E01030471,U
E01033730,E01034181,S
E01001761,E01001761,U
E01012394,E01012394,U
W01000051,W01000051,U
E01001752,E01035644,S
E01030472,E01030472,U
E01030503,E01030503,U
E01033730,E01034182,S
E01001731,E01001731,U
E01012425,E01012425,U
W01000060,W01000060,U
E01001753,E01001753,U
E01030478,E01030478,U
E01030504,E01030504,U
E01001666,E01001666,U
E01001734,E01001734,U
E01012426,E01012426,U
W01000082,W01000082,U
E01001754,E01035642,S
E01030479,E01030479,U
E01030485,E01030485,U
E01001667,E01034188,S
E01001760,E01001760,U
E01012427,E01012427,U
W01000083,W01000083,U
E01001754,E01035645,S
E01030480,E01030480,U
E01030487,E01030487,U
E01001667,E01034190,S
E01001762,E01001762,U
E01012378,E01012378,U
W01000048,W01002004,M
E01001755,E01001755,U
E01001773,E01001773,U
E01001776,E01001776,U
E01001779,E01035648,S
E01001779,E01035649,S
E01001781,E01001781,U
E01001782,E01035646,S
E01001782,E01035647,S
E01001783,E01001783,U
E01001777,E01001777,U
E01001780,E01001780,U
E01001784,E01001784,U
E01033706,E01033706,U
E01033708,E01033708,U
E01033709,E01033709,U
E01033711,E01033711,U
E01001798,E01001798,U
E01001828,E01001828,U
E01033702,E01033702,U
E01033705,E01033705,U
E01033710,E01033710,U
E01001722,E01001722,U
E01001728,E01001728,U
E01001822,E01001822,U
E01001827,E01001827,U
E01012392,E01012392,U
E01012393,E01012393,U
E01012395,E01012395,U
E01012411,E01012411,U
E01012374,E01012374,U
E01012375,E01012375,U
E01012376,E01012376,U
E01012421,E01012421,U
E01012423,E01012423,U
E01012368,E01012368,U
E01012410,E01012410,U
E01012412,E01012412,U
E01012413,E01012413,U
E01001667,E01034193,S
W01000049,W01002004,M
E01001846,E01001846,U
E01001668,E01034191,S
E01012379,E01012379,U
E01030490,E01030490,U
W01000057,W01000057,U
E01001847,E01001847,U
E01001668,E01034192,S
E01012380,E01012380,U
E01001848,E01001848,U
E01030491,E01030491,U
E01001849,E01001849,U
E01030488,E01030488,U
W01000067,W01000067,U
E01030492,E01030492,U
E01012388,E01012388,U
E01033732,E01033732,U
E01001729,E01001729,U
E01030489,E01030489,U
W01000068,W01000068,U
E01033733,E01034194,S
E01012442,E01012442,U
W01000062,W01000062,U
E01001730,E01001730,U
E01030481,E01030481,U
W01000085,W01000085,U
E01033733,E01034195,S
E01012367,E01012367,U
W01000076,W01000076,U
E01001732,E01001732,U
E01030482,E01030482,U
W01000116,W01000116,U
E01033733,E01034196,S
E01012370,E01012370,U
W01000077,W01000077,U
E01001735,E01001735,U
E01030483,E01030483,U
W01000117,W01000117,U
E01033733,E01034189,S
E01012424,E01012424,U
W01000091,W01000091,U
E01001838,E01001838,U
E01030484,E01030484,U
W01001933,W01001933,U
E01001662,E01034183,S
E01012441,E01012441,U
W01000092,W01000092,U
E01001850,E01001850,U
E01030434,E01030434,U
E01001808,E01001808,U
E01001662,E01034184,S
E01012389,E01012389,U
W01000064,W01000064,U
E01001748,E01035640,S
E01030435,E01030435,U
E01001809,E01001809,U
E01001748,E01035641,S
E01001662,E01034185,S
E01030462,E01030462,U
W01000072,W01000072,U
E01001814,E01001814,U
E01012391,E01012391,U
E01001823,E01001823,U
E01030463,E01030463,U
E01012401,E01012401,U
E01001749,E01001749,U
W01000075,W01000075,U
E01001664,E01001664,U
E01001825,E01001825,U
E01030464,E01030464,U
E01012443,E01012443,U
E01001763,E01001763,U
W01000090,W01000090,U
E01001665,E01001665,U
E01001714,E01001714,U
E01030486,E01030486,U
E01012385,E01012385,U
E01001816,E01001816,U
W01000102,W01000102,U
E01033738,E01033738,U
E01001811,E01001811,U
E01030493,E01030493,U
E01012386,E01012386,U
E01001819,E01001819,U
W01000050,W01000050,U
E01001638,E01001638,U
E01001813,E01001813,U
E01030495,E01030495,U
E01012387,E01012387,U
E01001744,E01001744,U
W01000071,W01000071,U
E01001641,E01001641,U
E01033701,E01035638,S
E01030498,E01030498,U
E01012434,E01012434,U
E01001750,E01001750,U
W01000096,W01000096,U
E01001642,E01001642,U
E01033701,E01035639,S
E01030424,E01030424,U
E01012435,E01012435,U
E01001751,E01001751,U
W01000097,W01000097,U
E01001644,E01001644,U
E01030431,E01030431,U
E01001799,E01001799,U
E01012381,E01012381,U
E01001756,E01001756,U
W01000115,W01000115,U
E01033746,E01033746,U
E01001802,E01001802,U
E01030432,E01030432,U
E01033698,E01035650,M
E01030440,E01030440,U
W01000052,W01000052,U
E01012382,E01012382,U
E01001804,E01001804,U
E01030433,E01030433,U
E01033699,E01033699,U
E01030458,E01030458,U
W01000053,W01000053,U
E01012384,E01012384,U
E01030436,E01030436,U
E01033700,E01033700,U
E01030459,E01030459,U
W01000087,W01000087,U
E01012444,E01012444,U
E01030437,E01030437,U
E01033707,E01035650,M
E01030475,E01030475,U
W01000119,W01000119,U
E01012445,E01012445,U
E01030439,E01030439,U
E01001836,E01001836,U
E01030476,E01030476,U
W01000063,W01000063,U
E01012398,E01012398,U
E01030460,E01030460,U
E01001840,E01001840,U
E01030477,E01030477,U
W01000081,W01000081,U
E01012400,E01012400,U
E01030461,E01030461,U
E01001841,E01001841,U
E01030465,E01030465,U
W01000099,W01000099,U
E01012402,E01012402,U
E01030470,E01030470,U
E01001844,E01001844,U
E01030466,E01030466,U
W01000103,W01000103,U
E01012404,E01012404,U
E01012405,E01012405,U
E01012416,E01012416,U
E01012417,E01012417,U
E01012428,E01035382,S
E01012428,E01035383,S
E01012429,E01012429,U
E01012430,E01012430,U
E01012431,E01012431,U
E01012383,E01012383,U
E01012396,E01012396,U
E01012397,E01012397,U
E01012399,E01012399,U
E01001845,E01001845,U
E01030494,E01030494,U
E01001837,E01001837,U
E01030496,E01030496,U
E01001839,E01001839,U
E01030497,E01030497,U
E01001842,E01001842,U
E01030438,E01030438,U
E01001843,E01001843,U
E01030450,E01030450,U
E01033704,E01033704,U
E01030451,E01030451,U
E01030473,E01030473,U
W01000059,W01000059,U
E01030453,E01030453,U
E01030474,E01030474,U
W01000093,W01000093,U
E01030455,E01030455,U
E01030441,E01030441,U
W01000098,W01000098,U
E01030457,E01030457,U
E01030442,E01030442,U
W01000110,W01000110,U
E01030421,E01030421,U
E01030443,E01030443,U
W01000054,W01000054,U
E01030422,E01030422,U
E01030444,E01030444,U
W01000088,W01000088,U
E01030423,E01030423,U
E01030445,E01030445,U
W01000111,W01000111,U
E01030425,E01030425,U
E01030446,E01030446,U
E01030452,E01030452,U
E01030447,E01030447,U
W01000118,W01000118,U
E01030467,E01030467,U
W01000073,W01000073,U
E01030426,E01030426,U
W01000086,W01000086,U
E01030427,E01030427,U
W01000104,W01000104,U
E01030428,E01030428,U
W01000112,W01000112,U
W01000056,W01000056,U
E01027633,E01027633,U
E01033065,E01034958,M
E01033066,E01034958,M
E01027620,E01027620,U
E01027630,E01027630,U
E01027631,E01027631,U
E01027632,E01027632,U
E01027637,E01027637,U
E01027621,E01034959,S
E01027621,E01034960,S
E01027629,E01027629,U
E01027635,E01027635,U
E01027636,E01027636,U
E01027594,E01027594,U
E01027595,E01027595,U
E01002090,E01002090,U
E01027596,E01027596,U
E01027601,E01027601,U
E01027622,E01027622,U
E01027600,E01027600,U
E01002093,E01002093,U
E01027619,E01027619,U
E01002096,E01002096,U
E01027634,E01027634,U
E01002097,E01002097,U
E01001874,E01035484,S
E01002091,E01002091,U
E01001874,E01035485,S
E01002092,E01002092,U
E01001875,E01001875,U
E01002094,E01002094,U
E01001876,E01001876,U
E01001877,E01001877,U
E01001878,E01001878,U
E01001955,E01001955,U
E01001957,E01001957,U
E01001958,E01001958,U
E01001961,E01001961,U
E01001954,E01001954,U
E01001956,E01001956,U
E01001959,E01001959,U
E01001960,E01001960,U
E01001943,E01001943,U
E01001944,E01001944,U
E01001945,E01001945,U
E01001946,E01001946,U
E01001862,E01001862,U
E01001940,E01001940,U
E01001941,E01001941,U
E01001942,E01001942,U
E01001858,E01001858,U
E01001860,E01001860,U
E01001861,E01001861,U
E01001863,E01001863,U
E01001864,E01001864,U
E01001852,E01001852,U
E01001992,E01001992,U
E01001853,E01001853,U
E01001854,E01001854,U
E01012403,E01012403,U
E01002051,E01002051,U
E01001917,E01001917,U
E01025776,E01025776,U
E01002095,E01002095,U
E01025771,E01035086,S
E01002052,E01002052,U
E01001918,E01001918,U
E01012408,E01012408,U
E01001993,E01001993,U
E01002098,E01002098,U
E01001857,E01001857,U
E01025771,E01035087,S
E01001919,E01001919,U
E01001859,E01001859,U
E01025778,E01025778,U
E01012432,E01012432,U
E01001995,E01001995,U
E01002055,E01002055,U
E01002101,E01002101,U
E01001994,E01001994,U
E01012433,E01012433,U
E01001980,E01001980,U
E01025779,E01025779,U
E01002102,E01002102,U
E01001879,E01001879,U
E01002008,E01002008,U
E01012436,E01012436,U
E01001981,E01001981,U
E01001865,E01001865,U
E01025780,E01025780,U
E01002105,E01002105,U
E01001901,E01001901,U
E01001902,E01001902,U
E01001903,E01001903,U
E01001920,E01001920,U
E01001921,E01001921,U
E01001922,E01001922,U
E01001923,E01001923,U
E01001924,E01001924,U
E01001947,E01001947,U
E01001948,E01001948,U
E01001949,E01001949,U
E01001950,E01001950,U
E01001951,E01001951,U
E01001953,E01001953,U
E01001904,E01001904,U
E01001905,E01001905,U
E01001906,E01001906,U
E01001907,E01001907,U
E01001935,E01001935,U
E01001939,E01035487,S
E01001939,E01035486,S
E01032788,E01032788,U
E01032789,E01032789,U
E01032790,E01032790,U
E01001915,E01001915,U
E01001916,E01001916,U
E01001926,E01001926,U
E01001952,E01001952,U
E01001925,E01001925,U
E01001934,E01001934,U
E01001937,E01001937,U
E01001938,E01001938,U
E01025770,E01025770,U
E01025809,E01025809,U
E01025815,E01025815,U
E01025781,E01025781,U
E01025782,E01025782,U
E01025783,E01025783,U
E01025785,E01035084,S
E01025785,E01035085,S
E01025786,E01025786,U
E01025787,E01025787,U
E01025772,E01025772,U
E01025773,E01025773,U
E01025774,E01025774,U
E01025775,E01025775,U
E01001982,E01001982,U
E01002099,E01002099,U
E01025784,E01025784,U
E01002100,E01002100,U
E01001983,E01001983,U
E01012438,E01012438,U
E01002103,E01002103,U
E01025788,E01025788,U
E01002010,E01002010,U
E01001927,E01001927,U
E01012440,E01012440,U
E01002104,E01002104,U
E01001930,E01001930,U
E01002011,E01002011,U
E01012406,E01012406,U
E01002083,E01002083,U
E01025777,E01025777,U
E01001963,E01001963,U
E01001895,E01001895,U
E01002000,E01002000,U
E01012407,E01012407,U
E01002084,E01002084,U
E01025808,E01025808,U
E01001964,E01001964,U
E01001896,E01001896,U
E01002001,E01002001,U
E01012409,E01012409,U
E01002085,E01002085,U
E01025810,E01025810,U
E01001965,E01001965,U
E01001897,E01001897,U
E01002002,E01002002,U
E01012437,E01012437,U
E01002087,E01002087,U
E01025816,E01025816,U
E01001966,E01001966,U
E01002027,E01002027,U
E01002028,E01002028,U
E01002032,E01002032,U
E01002033,E01002033,U
E01001976,E01001976,U
E01001977,E01001977,U
E01001978,E01001978,U
E01001979,E01001979,U
E01002074,E01002074,U
E01002077,E01002077,U
E01002079,E01002079,U
E01002081,E01002081,U
E01002082,E01002082,U
E01002086,E01002086,U
E01002088,E01002088,U
E01002089,E01002089,U
E01001967,E01001967,U
E01001968,E01001968,U
E01001996,E01001996,U
E01001997,E01001997,U
E01002075,E01002075,U
E01002076,E01002076,U
E01002078,E01002078,U
E01002080,E01033943,S
E01002080,E01033944,S
E01002026,E01002026,U
E01002029,E01002029,U
E01002030,E01002030,U
E01002031,E01002031,U
E01001991,E01001991,U
E01025789,E01025789,U
E01002058,E01002058,U
E01002014,E01002014,U
E01001929,E01001929,U
E01025794,E01025794,U
E01002053,E01002053,U
E01012439,E01012439,U
E01002015,E01002015,U
E01001851,E01001851,U
E01025797,E01025797,U
E01002054,E01002054,U
E01012371,E01012371,U
E01002018,E01002018,U
E01001855,E01001855,U
E01025802,E01025802,U
E01025803,E01025803,U
E01025805,E01035088,S
E01025805,E01035089,S
E01025795,E01025795,U
E01025796,E01025796,U
E01025801,E01025801,U
E01025806,E01025806,U
E01025798,E01025798,U
E01025799,E01025799,U
E01025800,E01025800,U
E01025804,E01025804,U
E01025807,E01025807,U
E01025790,E01025790,U
E01025791,E01025791,U
E01025792,E01025792,U
E01025793,E01035090,S
E01025793,E01035091,S
E01025812,E01025812,U
E01025813,E01025813,U
E01025814,E01025814,U
E01032598,E01035092,S
E01032598,E01035093,S
E01001969,E01001969,U
E01001971,E01001971,U
E01001974,E01001974,U
E01001975,E01001975,U
E01002036,E01002036,U
E01002037,E01002037,U
E01002039,E01002039,U
E01002040,E01002040,U
E01001962,E01001962,U
E01001970,E01001970,U
E01001972,E01001972,U
E01001973,E01001973,U
E01001856,E01001856,U
E01001869,E01001869,U
E01001873,E01001873,U
E01001928,E01001928,U
E01001931,E01001931,U
E01001932,E01001932,U
E01001933,E01001933,U
E01001866,E01001866,U
E01001867,E01001867,U
E01001868,E01001868,U
E01001870,E01001870,U
E01001871,E01001871,U
E01001872,E01001872,U
E01001893,E01001893,U
E01001894,E01001894,U
E01001898,E01001898,U
E01001899,E01001899,U
E01001900,E01001900,U
E01001889,E01001889,U
E01012372,E01012372,U
E01001910,E01001910,U
E01001913,E01001913,U
E01012373,E01012373,U
E01001914,E01001914,U
E01012415,E01012415,U
E01001885,E01001885,U
E01012418,E01012418,U
E01033085,E01033945,S
E01027591,E01027591,U
E01033085,E01033946,S
E01027597,E01027597,U
E01033086,E01033086,U
E01027599,E01027599,U
E01002020,E01002020,U
E01027623,E01027623,U
E01002022,E01002022,U
E01027625,E01027625,U
E01002023,E01002023,U
E01027598,E01027598,U
E01002025,E01002025,U
E01027618,E01027618,U
E01002013,E01002013,U
E01027624,E01027624,U
E01002019,E01002019,U
E01027626,E01027626,U
E01002021,E01002021,U
E01027627,E01027627,U
E01002056,E01002056,U
E01002024,E01002024,U
E01002057,E01002057,U
E01027590,E01027590,U
E01001984,E01001984,U
E01001998,E01001998,U
E01001908,E01001908,U
E01027592,E01027592,U
E01001909,E01001909,U
E01027613,E01027613,U
E01001911,E01001911,U
E01027617,E01027617,U
E01001912,E01001912,U
E01027605,E01027605,U
E01001886,E01001886,U
E01027606,E01027606,U
E01001999,E01001999,U
E01001887,E01001887,U
E01001985,E01001985,U
E01027608,E01027608,U
E01002003,E01002003,U
E01001890,E01001890,U
E01001987,E01001987,U
E01027609,E01027609,U
E01002004,E01002004,U
E01001892,E01001892,U
E01001989,E01001989,U
E01027610,E01027610,U
E01002067,E01002067,U
E01001880,E01001880,U
E01001986,E01001986,U
E01027611,E01034962,S
E01002069,E01002069,U
E01001881,E01001881,U
E01001988,E01001988,U
E01027611,E01034961,S
E01002070,E01002070,U
E01001882,E01001882,U
E01001990,E01001990,U
E01027612,E01027612,U
E01002073,E01002073,U
E01001883,E01001883,U
E01002062,E01002062,U
E01027616,E01027616,U
E01002066,E01002066,U
E01027603,E01027603,U
E01002068,E01002068,U
E01002005,E01002005,U
E01001884,E01001884,U
E01001888,E01001888,U
E01027604,E01027604,U
E01001891,E01001891,U
E01002006,E01002006,U
E01027607,E01027607,U
E01002007,E01002007,U
E01002071,E01002071,U
E01027614,E01027614,U
E01002009,E01002009,U
E01002072,E01002072,U
E01027615,E01027615,U
E01002061,E01002061,U
E01002043,E01002043,U
E01027587,E01027587,U
E01002063,E01002063,U
E01002045,E01002045,U
E01027588,E01027588,U
E01002064,E01002064,U
E01002046,E01002046,U
E01027589,E01027589,U
E01002065,E01002065,U
E01002049,E01002049,U
E01027593,E01027593,U
E01002034,E01002034,U
E01002042,E01002042,U
E01027628,E01027628,U
E01002038,E01002038,U
E01002044,E01002044,U
E01002041,E01002041,U
E01002047,E01002047,U
E01032575,E01032575,U
E01002048,E01002048,U
E01021854,E01021854,U
E01002016,E01002016,U
E01021855,E01021855,U
E01002017,E01002017,U
E01021856,E01021856,U
E01002059,E01002059,U
E01021857,E01034362,S
E01002060,E01002060,U
E01002050,E01002050,U
E01021857,E01034363,S
E01021857,E01034364,S
E01021857,E01034365,S
E01021844,E01021844,U
E01021845,E01021845,U
E01021846,E01021846,U
E01021847,E01021847,U
E01021848,E01021848,U
E01021849,E01021849,U
E01021850,E01021850,U
E01021851,E01021851,U
E01032856,E01032856,U
E01011954,E01011954,U
E01011969,E01011969,U
E01011970,E01011970,U
E01011971,E01011971,U
E01033465,E01033465,U
E01033467,E01033467,U
E01011952,E01011952,U
E01011953,E01011953,U
E01011991,E01011991,U
E01011992,E01011992,U
E01011993,E01011993,U
E01011994,E01011994,U
E01011955,E01011955,U
E01011957,E01011957,U
E01032540,E01032540,U
E01032541,E01032541,U
E01027715,E01027715,U
E01033466,E01033466,U
E01011973,E01035188,M
E01011974,E01011974,U
E01027643,E01027643,U
E01011975,E01011975,U
E01022897,E01022897,U
E01027688,E01027688,U
E01011976,E01035188,M
E01022898,E01022898,U
E01027736,E01027736,U
E01011965,E01011965,U
E01002240,E01002240,U
E01002107,E01002107,U
E01022846,E01022846,U
E01027651,E01027651,U
E01027737,E01027737,U
E01011966,E01011966,U
E01002242,E01002242,U
E01021852,E01021852,U
E01002197,E01002197,U
E01022847,E01022847,U
E01027705,E01027705,U
E01027657,E01027657,U
E01011983,E01011983,U
E01002208,E01002208,U
E01002199,E01002199,U
E01027706,E01027706,U
E01027658,E01027658,U
E01012002,E01012002,U
E01002201,E01002201,U
E01002209,E01002209,U
E01022848,E01022848,U
E01021853,E01021853,U
E01002202,E01002202,U
E01002239,E01002239,U
E01011951,E01011951,U
E01021839,E01021839,U
E01002179,E01002179,U
E01022874,E01022874,U
E01027692,E01027692,U
E01002241,E01002241,U
E01027707,E01027707,U
E01011964,E01011964,U
E01021840,E01021840,U
E01002180,E01034591,S
E01022875,E01022875,U
E01027740,E01027740,U
E01002133,E01002133,U
E01027708,E01027708,U
E01011967,E01011967,U
E01021841,E01021841,U
E01002180,E01034592,S
E01022876,E01022876,U
E01027648,E01027648,U
E01002136,E01002136,U
E01027709,E01027709,U
E01011999,E01011999,U
E01021842,E01021842,U
E01002183,E01002183,U
E01022877,E01022877,U
E01027650,E01027650,U
E01002138,E01002138,U
E01027710,E01027710,U
E01012000,E01012000,U
E01021843,E01021843,U
E01002184,E01002184,U
E01022858,E01022858,U
E01027726,E01027726,U
E01002213,E01034599,S
E01027711,E01027711,U
E01027644,E01027644,U
E01027645,E01027645,U
E01027647,E01027647,U
E01027687,E01027687,U
E01027681,E01027681,U
E01027693,E01027693,U
E01027701,E01027701,U
E01027702,E01027702,U
E01027642,E01027642,U
E01027646,E01027646,U
E01027674,E01027674,U
E01027675,E01027675,U
E01027641,E01027641,U
E01027664,E01034964,S
E01027664,E01034963,S
E01027665,E01027665,U
E01027722,E01027722,U
E01027668,E01027668,U
E01027669,E01027669,U
E01027673,E01027673,U
E01027676,E01027676,U
E01027638,E01027638,U
E01027639,E01027639,U
E01027640,E01027640,U
E01027690,E01027690,U
E01027738,E01027738,U
E01027739,E01027739,U
E01027741,E01027741,U
E01027689,E01027689,U
E01027691,E01027691,U
E01027720,E01027720,U
E01027721,E01027721,U
E01027723,E01027723,U
E01027670,E01027670,U
E01027671,E01027671,U
E01027672,E01027672,U
E01027704,E01027704,U
E01027649,E01027649,U
E01011950,E01011950,U
E01027727,E01027727,U
E01022878,E01022878,U
E01011986,E01011986,U
E01027728,E01027728,U
E01022879,E01022879,U
E01011987,E01011987,U
E01012001,E01012001,U
E01011949,E01011949,U
E01011980,E01011980,U
E01011981,E01011981,U
E01011984,E01011984,U
E01011985,E01011985,U
E01011988,E01011988,U
E01011989,E01011989,U
E01011990,E01011990,U
E01011995,E01011995,U
E01011996,E01011996,U
E01011997,E01011997,U
E01011998,E01011998,U
E01011961,E01011961,U
E01011962,E01011962,U
E01011977,E01011977,U
E01021824,E01021824,U
E01002231,E01002231,U
E01002213,E01034600,S
E01002154,E01034593,S
E01021825,E01021825,U
E01022880,E01022880,U
E01027729,E01027729,U
E01002154,E01034594,S
E01021826,E01021826,U
E01002211,E01002211,U
E01022860,E01022860,U
E01027652,E01027652,U
E01002156,E01002156,U
E01021827,E01021827,U
E01002212,E01002212,U
E01022862,E01022862,U
E01027655,E01027655,U
E01002162,E01002162,U
E01021828,E01021828,U
E01002216,E01002216,U
E01022867,E01022867,U
E01027659,E01027659,U
E01002163,E01002163,U
E01021819,E01021819,U
E01002217,E01002217,U
E01032852,E01032852,U
E01027677,E01027677,U
E01002188,E01002188,U
E01021820,E01021820,U
E01002132,E01002132,U
E01032853,E01032853,U
E01027678,E01027678,U
E01002189,E01002189,U
E01021822,E01021822,U
E01002134,E01002134,U
E01002192,E01002192,U
E01021823,E01021823,U
E01002135,E01002135,U
E01027680,E01027680,U
E01032854,E01032854,U
E01002137,E01002137,U
E01032857,E01032857,U
E01027683,E01027683,U
E01002218,E01002218,U
E01022881,E01022881,U
E01002193,E01002193,U
E01027684,E01027684,U
E01021870,E01021870,U
E01002219,E01002219,U
E01022882,E01022882,U
E01002165,E01002165,U
E01027695,E01027695,U
E01021831,E01021831,U
E01002221,E01002221,U
E01022883,E01022883,U
E01002166,E01002166,U
E01027696,E01027696,U
E01021868,E01021868,U
E01002222,E01002222,U
E01022884,E01022884,U
E01002167,E01002167,U
E01027703,E01027703,U
E01021869,E01021869,U
E01002214,E01002214,U
E01022885,E01022885,U
E01002168,E01002168,U
E01027660,E01027660,U
E01021871,E01021871,U
E01002215,E01002215,U
E01022861,E01022861,U
E01002169,E01002169,U
E01027661,E01027661,U
E01021872,E01034366,S
E01002220,E01002220,U
E01022863,E01022863,U
E01002153,E01002153,U
E01027662,E01027662,U
E01021872,E01034367,S
E01002223,E01002223,U
E01022865,E01022865,U
E01002155,E01002155,U
E01027663,E01027663,U
E01021821,E01021821,U
E01002224,E01002224,U
E01022868,E01022868,U
E01022870,E01022870,U
E01022864,E01022864,U
E01022871,E01022871,U
E01022872,E01022872,U
E01022873,E01034723,S
E01022873,E01034724,S
E01022887,E01022887,U
E01022849,E01022849,U
E01022850,E01022850,U
E01022851,E01022851,U
E01022853,E01022853,U
E01022869,E01022869,U
E01022852,E01022852,U
E01022854,E01022854,U
E01022855,E01022855,U
E01022856,E01022856,U
E01022857,E01034725,S
E01022857,E01034726,S
E01022888,E01022888,U
E01022889,E01022889,U
E01032855,E01032855,U
E01002225,E01002225,U
E01002226,E01002226,U
E01002113,E01002113,U
E01002115,E01002115,U
E01002116,E01002116,U
E01002117,E01034589,S
E01002117,E01034590,S
E01002118,E01002118,U
E01002227,E01002227,U
E01002228,E01002228,U
E01002229,E01002229,U
E01002204,E01002204,U
E01002230,E01002230,U
E01002206,E01002206,U
E01002144,E01002144,U
E01002207,E01002207,U
E01002146,E01002146,U
E01002210,E01002210,U
E01002147,E01002147,U
E01032576,E01032576,U
E01002149,E01002149,U
E01002170,E01002170,U
E01002157,E01002157,U
E01027697,E01027697,U
E01002140,E01002140,U
E01021834,E01021834,U
E01002171,E01002171,U
E01002158,E01002158,U
E01027733,E01027733,U
E01002141,E01002141,U
E01021835,E01021835,U
E01002172,E01002172,U
E01002173,E01002173,U
E01002174,E01002174,U
E01002175,E01002175,U
E01002176,E01002176,U
E01002177,E01002177,U
E01002178,E01002178,U
E01022890,E01022890,U
E01022891,E01022891,U
E01022892,E01022892,U
E01022893,E01022893,U
E01022894,E01022894,U
E01022859,E01022859,U
E01022895,E01022895,U
E01022896,E01022896,U
E01002142,E01002142,U
E01021836,E01021836,U
E01027682,E01027682,U
E01002143,E01002143,U
E01021837,E01021837,U
E01027694,E01027694,U
E01002145,E01002145,U
E01021829,E01021829,U
E01027734,E01027734,U
E01002128,E01002128,U
E01002139,E01002139,U
E01021830,E01021830,U
E01027735,E01027735,U
E01002130,E01002130,U
E01002148,E01002148,U
E01021832,E01021832,U
E01027656,E01027656,U
E01002181,E01002181,U
E01002150,E01002150,U
E01021833,E01021833,U
E01027679,E01027679,U
E01002182,E01002182,U
E01002151,E01002151,U
E01021865,E01021865,U
E01027730,E01027730,U
E01002159,E01002159,U
E01002152,E01002152,U
E01021838,E01021838,U
E01027731,E01027731,U
E01002160,E01002160,U
E01002119,E01002119,U
E01021858,E01021858,U
E01027732,E01027732,U
E01002161,E01002161,U
E01002120,E01002120,U
E01021859,E01021859,U
E01002164,E01002164,U
E01002121,E01002121,U
E01021860,E01021860,U
E01027653,E01027653,U
E01002191,E01002191,U
E01002122,E01002122,U
E01027654,E01027654,U
E01021861,E01021861,U
E01002194,E01002194,U
E01002123,E01002123,U
E01027698,E01027698,U
E01021862,E01021862,U
E01002195,E01002195,U
E01002106,E01002106,U
E01027716,E01027716,U
E01021863,E01021863,U
E01002196,E01002196,U
E01002108,E01002108,U
E01027717,E01027717,U
E01021864,E01021864,U
E01002126,E01034595,S
E01002109,E01002109,U
E01027718,E01027718,U
E01021866,E01021866,U
E01002126,E01034596,S
E01002110,E01002110,U
E01027719,E01027719,U
E01021867,E01021867,U
E01002126,E01034597,S
E01002111,E01002111,U
E01027699,E01027699,U
E01027666,E01027666,U
E01002126,E01034598,S
E01002185,E01002185,U
E01027700,E01027700,U
E01027667,E01027667,U
E01002127,E01002127,U
E01002186,E01002186,U
E01027724,E01027724,U
E01027685,E01027685,U
E01002129,E01002129,U
E01002187,E01002187,U
E01027725,E01027725,U
E01027686,E01027686,U
E01002131,E01002131,U
E01002190,E01002190,U
E01002112,E01002112,U
E01027712,E01027712,U
E01002237,E01002237,U
E01002124,E01002124,U
E01002125,E01002125,U
E01002198,E01002198,U
E01002200,E01002200,U
E01002203,E01002203,U
E01002232,E01002232,U
E01002233,E01002233,U
E01002234,E01002234,U
E01002235,E01002235,U
E01002236,E01002236,U
E01027713,E01027713,U
E01027714,E01027714,U
E01002238,E01002238,U
E01002114,E01002114,U
E01011978,E01011978,U
E01011979,E01011979,U
E01011959,E01011959,U
E01011960,E01011960,U
E01011963,E01011963,U
E01011968,E01011968,U
E01011982,E01011982,U
E01012003,E01012003,U
E01012005,E01012005,U
E01020969,E01020969,U
E01020970,E01020970,U
E01020971,E01020971,U
E01020987,E01020987,U
E01020974,E01020974,U
E01020986,E01020986,U
E01020988,E01020988,U
E01021007,E01021007,U
E01021008,E01021008,U
E01021009,E01021009,U
E01020993,E01020993,U
E01020994,E01020994,U
E01020995,E01020995,U
E01020996,E01020996,U
E01021019,E01021019,U
E01021004,E01021004,U
E01021005,E01021005,U
E01021006,E01021006,U
E01021013,E01021013,U
E01020972,E01020972,U
E01020973,E01020973,U
E01020977,E01020977,U
E01021015,E01021015,U
E01021010,E01021010,U
E01021011,E01021011,U
E01021012,E01021012,U
E01021020,E01021020,U
E01021021,E01021021,U
E01021000,E01021000,U
E01021001,E01021001,U
E01021002,E01021002,U
E01021003,E01021003,U
E01021014,E01021014,U
E01020975,E01020975,U
E01020976,E01020976,U
E01020990,E01020990,U
E01020991,E01020991,U
E01020992,E01020992,U
E01020978,E01020978,U
E01020979,E01020979,U
E01020980,E01020980,U
E01002376,E01002376,U
E01002301,E01002301,U
E01002303,E01002303,U
E01002304,E01002304,U
E01002306,E01002306,U
E01002307,E01002307,U
E01002280,E01002280,U
E01002282,E01002282,U
E01002284,E01002284,U
E01002297,E01002297,U
E01002314,E01002314,U
E01002316,E01002316,U
E01002302,E01002302,U
E01002305,E01002305,U
E01002308,E01002308,U
E01002326,E01002326,U
E01002331,E01002331,U
E01002309,E01002309,U
E01002310,E01002310,U
E01002311,E01002311,U
E01002315,E01002315,U
E01002293,E01033784,S
E01002293,E01033785,S
E01002294,E01002294,U
E01002296,E01002296,U
E01002298,E01002298,U
E01002300,E01002300,U
E01002333,E01002333,U
E01002334,E01002334,U
E01002336,E01002336,U
E01002339,E01002339,U
E01002341,E01002341,U
E01002327,E01002327,U
E01002328,E01002328,U
E01002332,E01002332,U
E01002335,E01002335,U
E01002338,E01002338,U
E01002340,E01002340,U
E01002268,E01002268,U
E01002269,E01002269,U
E01002295,E01002295,U
E01002377,E01002377,U
E01002378,E01002378,U
E01002383,E01002383,U
E01002244,E01002244,U
E01002245,E01002245,U
E01002325,E01002325,U
E01002329,E01002329,U
E01002330,E01002330,U
E01002337,E01002337,U
E01002354,E01002354,U
E01002379,E01002379,U
E01002380,E01002380,U
E01002381,E01002381,U
E01002243,E01002243,U
E01002353,E01002353,U
E01002356,E01002356,U
E01032741,E01032741,U
E01032742,E01032742,U
E01002272,E01002272,U
E01002274,E01002274,U
E01002317,E01002317,U
E01002318,E01002318,U
E01002355,E01002355,U
E01002382,E01002382,U
E01002270,E01002270,U
E01002271,E01002271,U
E01002273,E01002273,U
E01002275,E01002275,U
E01002319,E01002319,U
E01002350,E01002350,U
E01002351,E01002351,U
E01002352,E01002352,U
E01002358,E01002358,U
E01002246,E01002246,U
E01002247,E01002247,U
E01002248,E01002248,U
E01002249,E01033786,S
E01002249,E01033787,S
E01002249,E01033788,S
E01002250,E01002250,U
E01002251,E01002251,U
E01002252,E01002252,U
E01002256,E01002256,U
E01002258,E01002258,U
E01002259,E01002259,U
E01002391,E01002391,U
E01002253,E01002253,U
E01002254,E01002254,U
E01002257,E01002257,U
E01002384,E01002384,U
E01002359,E01002359,U
E01002360,E01002360,U
E01002361,E01002361,U
E01002363,E01002363,U
E01002367,E01002367,U
E01002320,E01002320,U
E01002321,E01002321,U
E01002322,E01002322,U
E01002323,E01002323,U
E01013989,E01013989,U
E01014010,E01014010,U
E01014011,E01014011,U
E01014086,E01014086,U
E01014092,E01014092,U
E01014075,E01014075,U
E01014076,E01014076,U
E01014077,E01014077,U
E01014078,E01014078,U
E01014090,E01014090,U
E01014091,E01014091,U
E01014093,E01014093,U
E01014094,E01014094,U
E01014068,E01014068,U
E01014070,E01014070,U
E01014072,E01014072,U
E01014073,E01014073,U
E01014074,E01014074,U
E01013996,E01013996,U
E01013997,E01013997,U
E01014079,E01014079,U
E01014080,E01014080,U
E01013992,E01013992,U
E01013993,E01013993,U
E01013994,E01013994,U
E01013995,E01013995,U
E01014071,E01014071,U
E01013990,E01013990,U
E01013991,E01013991,U
E01014014,E01014014,U
E01014054,E01014054,U
E01014035,E01014035,U
E01014036,E01014036,U
E01014037,E01014037,U
E01014038,E01014038,U
E01014039,E01014039,U
E01014040,E01014040,U
E01014018,E01014018,U
E01014019,E01014019,U
E01014020,E01014020,U
E01014021,E01014021,U
E01014026,E01014026,U
E01014059,E01014059,U
E01014060,E01014060,U
E01014069,E01014069,U
E01014098,E01014098,U
E01014099,E01014099,U
E01014061,E01014061,U
E01014062,E01014062,U
E01014063,E01014063,U
E01020981,E01020981,U
E01002324,E01002324,U
E01014043,E01014043,U
E01022950,E01022950,U
E01022951,E01022951,U
E01020997,E01020997,U
E01022952,E01022952,U
E01014044,E01014044,U
E01002255,E01002255,U
E01020998,E01020998,U
E01022924,E01022924,U
E01014045,E01014045,U
E01014046,E01014046,U
E01014047,E01014047,U
E01014048,E01014048,U
E01013999,E01013999,U
E01014017,E01014017,U
E01014024,E01014024,U
E01014025,E01014025,U
E01014055,E01014055,U
E01014097,E01014097,U
E01014000,E01014000,U
E01014001,E01014001,U
E01014002,E01014002,U
E01014003,E01014003,U
E01014004,E01014004,U
E01014005,E01014005,U
E01014015,E01014015,U
E01014008,E01014008,U
E01014009,E01014009,U
E01014033,E01014033,U
E01014034,E01014034,U
E01014056,E01014056,U
E01014006,E01014006,U
E01014012,E01014012,U
E01014013,E01014013,U
E01014016,E01014016,U
E01014100,E01014100,U
E01014101,E01014101,U
E01014022,E01014022,U
E01014023,E01014023,U
E01014081,E01014081,U
E01014082,E01014082,U
E01014027,E01014027,U
E01014028,E01014028,U
E01014029,E01014029,U
E01014030,E01014030,U
E01014083,E01014083,U
E01014084,E01014084,U
E01014085,E01014085,U
E01014087,E01014087,U
E01014088,E01014088,U
E01014089,E01014089,U
E01013987,E01013987,U
E01013988,E01013988,U
E01014007,E01035055,S
E01014007,E01035056,S
E01014095,E01014095,U
E01013986,E01013986,U
E01020999,E01020999,U
E01021016,E01021016,U
E01021017,E01021017,U
E01021018,E01021018,U
E01020982,E01020982,U
E01020983,E01020983,U
E01020984,E01020984,U
E01020985,E01020985,U
E01020989,E01020989,U
E01022930,E01022930,U
E01022931,E01022931,U
E01022935,E01022935,U
E01022975,E01022975,U
E01022976,E01022976,U
E01022922,E01022922,U
E01022971,E01022971,U
E01022972,E01022972,U
E01022974,E01022974,U
E01022959,E01022959,U
E01022962,E01022962,U
E01022965,E01022965,U
E01022973,E01022973,U
E01022901,E01022901,U
E01022902,E01022902,U
E01022966,E01022966,U
E01022967,E01022967,U
E01022960,E01022960,U
E01002289,E01002289,U
E01002292,E01002292,U
E01002362,E01002362,U
E01002386,E01002386,U
E01002287,E01002287,U
E01002291,E01002291,U
E01002364,E01002364,U
E01002365,E01002365,U
E01022925,E01022925,U
E01022961,E01022961,U
E01002366,E01002366,U
E01022963,E01022963,U
E01002385,E01002385,U
E01022926,E01022926,U
E01022964,E01022964,U
E01002387,E01002387,U
E01022927,E01022927,U
E01022903,E01022903,U
E01002388,E01002388,U
E01022928,E01022928,U
E01022906,E01022906,U
E01002389,E01002389,U
E01022929,E01022929,U
E01022968,E01022968,U
E01002390,E01002390,U
E01022953,E01034066,S
E01022969,E01022969,U
E01002265,E01002265,U
E01022953,E01034067,S
E01022913,E01022913,U
E01002285,E01002285,U
E01022954,E01022954,U
E01022914,E01022914,U
E01002286,E01002286,U
E01022955,E01022955,U
E01022915,E01022915,U
E01002288,E01002288,U
E01022956,E01022956,U
E01022916,E01022916,U
E01002290,E01002290,U
E01022957,E01022957,U
E01022917,E01022917,U
E01002260,E01002260,U
E01022958,E01022958,U
E01022900,E01022900,U
E01002261,E01002261,U
E01022937,E01022937,U
E01022904,E01022904,U
E01002262,E01002262,U
E01022943,E01022943,U
E01022905,E01022905,U
E01002263,E01002263,U
E01022944,E01022944,U
E01022908,E01022908,U
E01002264,E01002264,U
E01022946,E01022946,U
E01022970,E01022970,U
E01002266,E01002266,U
E01022940,E01022940,U
E01022947,E01022947,U
E01002267,E01002267,U
E01022942,E01022942,U
E01022945,E01022945,U
E01022948,E01022948,U
E01022936,E01022936,U
E01002372,E01002372,U
E01022949,E01022949,U
E01022938,E01022938,U
E01002373,E01002373,U
E01022939,E01022939,U
E01002374,E01002374,U
E01022941,E01022941,U
E01002368,E01002368,U
E01022899,E01022899,U
E01002369,E01002369,U
E01022907,E01022907,U
E01002370,E01002370,U
E01022909,E01022909,U
E01002371,E01002371,U
E01022910,E01022910,U
E01002375,E01002375,U
E01022911,E01022911,U
E01002343,E01002343,U
E01032605,E01032605,U
E01002344,E01002344,U
E01022919,E01022919,U
E01002348,E01002348,U
E01022933,E01022933,U
E01002349,E01002349,U
E01022934,E01022934,U
E01002342,E01002342,U
E01032618,E01032618,U
E01002345,E01002345,U
E01022918,E01022918,U
E01002346,E01002346,U
E01022920,E01022920,U
E01002347,E01002347,U
E01022921,E01022921,U
E01013998,E01013998,U
E01032617,E01032617,U
E01014051,E01014051,U
E01002276,E01002276,U
E01014052,E01014052,U
E01002278,E01002278,U
E01014096,E01014096,U
E01002312,E01002312,U
E01002313,E01002313,U
E01014041,E01014041,U
E01014042,E01014042,U
E01002277,E01002277,U
E01002279,E01002279,U
E01002281,E01002281,U
E01002283,E01002283,U
E01002299,E01002299,U
E01002498,E01002498,U
E01002499,E01002499,U
E01014064,E01014064,U
E01032577,E01032577,U
E01025868,E01025868,U
E01025869,E01025869,U
E01019711,E01019711,U
E01014065,E01014065,U
E01025870,E01025870,U
E01019734,E01019734,U
E01014066,E01014066,U
E01025871,E01025871,U
E01019743,E01019743,U
E01014067,E01014067,U
E01025878,E01035094,S
E01019744,E01019744,U
E01014031,E01014031,U
E01025878,E01035095,S
E01002515,E01034601,S
E01019745,E01019745,U
E01014032,E01014032,U
E01025846,E01025846,U
E01023546,E01023546,U
E01019712,E01019712,U
E01002515,E01034602,S
E01014049,E01014049,U
E01025847,E01025847,U
E01019713,E01019713,U
E01023547,E01023547,U
E01033725,E01034603,S
E01014050,E01014050,U
E01025848,E01025848,U
E01019764,E01019764,U
E01023528,E01023528,U
E01002436,E01002436,U
E01002401,E01002401,U
E01025865,E01025865,U
E01033725,E01034604,S
E01033725,E01034605,S
E01002520,E01002520,U
E01002521,E01002521,U
E01002523,E01002523,U
E01033724,E01034606,S
E01033724,E01034607,S
E01002410,E01002410,U
E01002412,E01002412,U
E01002456,E01002456,U
E01002509,E01002509,U
E01002511,E01002511,U
E01002422,E01002422,U
E01002423,E01002423,U
E01002424,E01002424,U
E01002425,E01002425,U
E01002427,E01002427,U
E01002428,E01002428,U
E01002408,E01002408,U
E01002409,E01002409,U
E01002429,E01002429,U
E01002455,E01002455,U
E01002457,E01002457,U
E01002392,E01002392,U
E01002393,E01002393,U
E01002540,E01002540,U
E01002542,E01002542,U
E01002543,E01002543,U
E01002394,E01002394,U
E01002395,E01002395,U
E01002397,E01002397,U
E01002398,E01002398,U
E01002399,E01002399,U
E01002426,E01002426,U
E01002411,E01002411,U
E01002413,E01002413,U
E01002518,E01002518,U
E01002519,E01002519,U
E01002550,E01002550,U
E01002554,E01034608,S
E01002554,E01034609,S
E01002541,E01002541,U
E01002544,E01002544,U
E01002545,E01002545,U
E01002546,E01002546,U
E01002547,E01002547,U
E01002400,E01002400,U
E01019765,E01019765,U
E01025845,E01025845,U
E01019767,E01019767,U
E01002402,E01002402,U
E01025853,E01035096,S
E01025877,E01025877,U
E01019710,E01019710,U
E01002403,E01002403,U
E01002479,E01002479,U
E01014053,E01014053,U
E01023564,E01023564,U
E01025879,E01025879,U
E01025853,E01035097,S
E01019715,E01019715,U
E01002480,E01002480,U
E01023565,E01023565,U
E01025880,E01025880,U
E01014057,E01014057,U
E01025854,E01025854,U
E01002404,E01002404,U
E01019717,E01019717,U
E01002481,E01002481,U
E01023566,E01023566,U
E01025819,E01025819,U
E01014058,E01014058,U
E01025855,E01025855,U
E01002548,E01002548,U
E01019722,E01019722,U
E01002533,E01002533,U
E01023539,E01035598,S
E01025820,E01025820,U
E01023576,E01023576,U
E01025866,E01025866,U
E01002549,E01002549,U
E01019723,E01019723,U
E01002534,E01002534,U
E01023539,E01035599,S
E01025837,E01025837,U
E01023577,E01023577,U
E01025867,E01025867,U
E01002551,E01002551,U
E01019716,E01019716,U
E01002538,E01002538,U
E01023540,E01023540,U
E01023541,E01023541,U
E01023542,E01023542,U
E01023543,E01023543,U
E01023558,E01023558,U
E01023559,E01023559,U
E01023560,E01023560,U
E01023561,E01023561,U
E01023562,E01023562,U
E01023563,E01023563,U
E01023548,E01023548,U
E01023549,E01023549,U
E01023550,E01023550,U
E01023551,E01023551,U
E01023556,E01023556,U
E01023557,E01023557,U
E01019733,E01019733,U
E01019752,E01019752,U
E01019753,E01019753,U
E01019763,E01019763,U
E01019728,E01019728,U
E01019729,E01019729,U
E01019730,E01019730,U
E01019731,E01019731,U
E01019732,E01019732,U
E01019738,E01019738,U
E01019739,E01019739,U
E01019740,E01019740,U
E01019750,E01019750,U
E01019751,E01019751,U
E01019768,E01019768,U
E01019727,E01019727,U
E01019749,E01019749,U
E01019754,E01019754,U
E01019756,E01019756,U
E01019757,E01019757,U
E01019758,E01019758,U
E01019746,E01019746,U
E01019747,E01019747,U
E01019748,E01019748,U
E01019755,E01019755,U
E01019766,E01019766,U
E01025838,E01025838,U
E01019724,E01019724,U
E01002539,E01002539,U
E01002552,E01002552,U
E01023578,E01023578,U
E01025882,E01025882,U
E01019759,E01019759,U
E01002553,E01002553,U
E01023579,E01023579,U
E01002418,E01002418,U
E01025849,E01025849,U
E01019760,E01019760,U
E01025872,E01025872,U
E01023580,E01023580,U
E01025851,E01025851,U
E01002419,E01002419,U
E01019761,E01019761,U
E01002396,E01002396,U
E01025873,E01025873,U
E01023567,E01023567,U
E01025856,E01025856,U
E01002431,E01002431,U
E01019714,E01019714,U
E01002501,E01002501,U
E01025874,E01025874,U
E01023568,E01023568,U
E01023569,E01023569,U
E01023570,E01023570,U
E01023571,E01023571,U
E01023572,E01023572,U
E01023573,E01023573,U
E01023574,E01023574,U
E01023575,E01023575,U
E01023581,E01023581,U
E01023582,E01023582,U
E01023583,E01023583,U
E01023584,E01023584,U
E01023523,E01023523,U
E01023524,E01023524,U
E01023525,E01023525,U
E01023526,E01023526,U
E01023527,E01023527,U
E01023534,E01023534,U
E01023535,E01023535,U
E01023536,E01023536,U
E01023537,E01023537,U
E01023538,E01023538,U
E01023529,E01023529,U
E01023530,E01023530,U
E01023531,E01023531,U
E01023532,E01023532,U
E01023533,E01023533,U
E01023552,E01023552,U
E01023553,E01023553,U
E01023554,E01023554,U
E01023555,E01023555,U
E01023544,E01023544,U
E01023545,E01023545,U
E01019725,E01019725,U
E01025875,E01025875,U
E01002502,E01002502,U
E01025857,E01025857,U
E01002432,E01002432,U
E01019726,E01019726,U
E01025876,E01025876,U
E01002505,E01002505,U
E01025827,E01025827,U
E01002437,E01002437,U
E01019762,E01019762,U
E01019735,E01019735,U
E01019736,E01019736,U
E01019737,E01019737,U
E01019742,E01019742,U
E01019718,E01019718,U
E01019719,E01019719,U
E01019720,E01019720,U
E01019721,E01019721,U
E01019741,E01019741,U
E01002473,E01002473,U
E01002475,E01002475,U
E01002476,E01002476,U
E01002477,E01002477,U
E01002482,E01002482,U
E01002472,E01002472,U
E01002474,E01002474,U
E01002478,E01002478,U
E01002483,E01002483,U
E01002484,E01002484,U
E01002485,E01002485,U
E01002438,E01002438,U
E01002439,E01002439,U
E01002440,E01002440,U
E01002441,E01002441,U
E01002442,E01002442,U
E01002433,E01002433,U
E01025839,E01025839,U
E01025840,E01025840,U
E01002430,E01002430,U
E01025841,E01025841,U
E01025842,E01025842,U
E01025843,E01025843,U
E01002434,E01002434,U
E01025844,E01025844,U
E01002435,E01002435,U
E01025821,E01025821,U
E01025828,E01025828,U
E01002470,E01002470,U
E01002508,E01002508,U
E01025822,E01025822,U
E01025829,E01025829,U
E01025823,E01025823,U
E01025830,E01025830,U
E01002405,E01002405,U
E01002535,E01002535,U
E01025824,E01025824,U
E01002416,E01002416,U
E01002406,E01034612,S
E01025825,E01025825,U
E01002417,E01002417,U
E01002406,E01034613,S
E01025831,E01025831,U
E01025826,E01025826,U
E01002420,E01002420,U
E01002503,E01002503,U
E01025832,E01025832,U
E01025817,E01025817,U
E01002421,E01002421,U
E01002504,E01034610,S
E01025833,E01025833,U
E01025818,E01025818,U
E01002471,E01002471,U
E01002504,E01034611,S
E01025834,E01025834,U
E01025864,E01025864,U
E01002465,E01002465,U
E01002506,E01002506,U
E01025835,E01025835,U
E01025881,E01025881,U
E01002467,E01002467,U
E01002507,E01002507,U
E01025836,E01025836,U
E01025859,E01025859,U
E01002494,E01002494,U
E01002486,E01002486,U
E01031670,E01031670,U
E01025860,E01025860,U
E01002536,E01002536,U
E01002487,E01002487,U
E01025861,E01025861,U
E01002526,E01002526,U
E01002537,E01002537,U
E01031671,E01031671,U
E01025862,E01025862,U
E01031673,E01031673,U
E01002415,E01002415,U
E01025850,E01025850,U
E01031676,E01035330,S
E01002466,E01002466,U
E01002528,E01002528,U
E01025852,E01025852,U
E01031676,E01035331,S
E01002468,E01002468,U
E01002532,E01034614,S
E01025858,E01025858,U
E01031676,E01035332,S
E01002469,E01002469,U
E01002532,E01034615,S
E01025863,E01025863,U
E01031676,E01035333,S
E01002495,E01002495,U
E01002445,E01002445,U
E01031644,E01031644,U
E01002458,E01002458,U
E01002525,E01002525,U
E01031645,E01031645,U
E01002459,E01002459,U
E01002529,E01002529,U
E01031646,E01031646,U
E01002460,E01002460,U
E01002530,E01002530,U
E01031647,E01031647,U
E01002462,E01002462,U
E01002531,E01002531,U
E01031649,E01031649,U
E01002464,E01002464,U
E01002407,E01034616,S
E01031650,E01031650,U
E01002461,E01002461,U
E01002407,E01034617,S
E01031666,E01031666,U
E01031668,E01031668,U
E01031620,E01031620,U
E01031648,E01031648,U
E01031651,E01031651,U
E01031658,E01031658,U
E01031689,E01031689,U
E01031654,E01031654,U
E01031655,E01031655,U
E01031667,E01031667,U
E01031669,E01031669,U
E01031672,E01031672,U
E01031657,E01031657,U
E01031659,E01031659,U
E01031674,E01031674,U
E01031675,E01031675,U
E01002488,E01002488,U
E01002463,E01002463,U
E01002512,E01002512,U
E01002513,E01002513,U
E01002516,E01002516,U
E01002450,E01002450,U
E01002451,E01002451,U
E01002452,E01002452,U
E01002453,E01002453,U
E01002454,E01002454,U
E01002414,E01002414,U
E01002514,E01002514,U
E01002489,E01002489,U
E01002490,E01002490,U
E01002492,E01002492,U
E01002444,E01002444,U
E01002446,E01002446,U
E01002447,E01002447,U
E01002527,E01002527,U
E01002443,E01002443,U
E01002448,E01002448,U
E01002449,E01002449,U
E01002491,E01002491,U
E01002493,E01002493,U
E01002496,E01002496,U
E01002497,E01002497,U
E01002616,E01002616,U
E01002608,E01002608,U
E01002649,E01002649,U
E01002675,E01002675,U
E01002609,E01002609,U
E01002610,E01002610,U
E01002617,E01002617,U
E01002687,E01002687,U
E01002691,E01002691,U
E01002692,E01002692,U
E01002693,E01002693,U
E01032573,E01032573,U
E01018212,E01018212,U
E01018213,E01018213,U
E01018214,E01018214,U
E01018215,E01018215,U
E01018216,E01018216,U
E01018217,E01018217,U
E01018127,E01018127,U
E01018128,E01018128,U
E01018200,E01018200,U
E01018201,E01018201,U
E01018156,E01018156,U
E01018157,E01018157,U
E01018158,E01018158,U
E01018159,E01018159,U
E01018160,E01018160,U
E01018191,E01018191,U
E01018192,E01018192,U
E01018193,E01018193,U
E01018194,E01018194,U
E01018195,E01018195,U
E01018208,E01018208,U
E01018209,E01018209,U
E01018210,E01018210,U
E01018211,E01018211,U
E01018196,E01018196,U
E01018197,E01018197,U
E01018198,E01018198,U
E01018199,E01018199,U
E01018206,E01018206,U
E01018207,E01018207,U
E01018121,E01018121,U
E01018122,E01018122,U
E01018123,E01018123,U
E01018124,E01018124,U
E01018143,E01018143,U
E01018144,E01018144,U
E01018145,E01018145,U
E01018146,E01018146,U
E01018147,E01018147,U
E01018139,E01018139,U
E01031622,E01031622,U
E01025046,E01025046,U
E01031636,E01035334,S
E01025081,E01025081,U
E01031624,E01031624,U
E01002657,E01002657,U
E01025041,E01025041,U
E01031625,E01031625,U
E01002678,E01002678,U
E01031636,E01035335,S
E01033083,E01033083,U
E01025042,E01025042,U
E01031628,E01031628,U
E01002679,E01002679,U
E01031652,E01031652,U
E01033084,E01033084,U
E01025082,E01025082,U
E01031629,E01031629,U
E01002680,E01002680,U
E01031653,E01031653,U
E01002653,E01002653,U
E01025083,E01025083,U
E01031616,E01031616,U
E01002619,E01002619,U
E01031656,E01031656,U
E01002654,E01002654,U
E01025084,E01025084,U
E01031617,E01031617,U
E01002622,E01002622,U
E01031688,E01031688,U
E01002655,E01002655,U
E01033231,E01034335,S
E01031684,E01031684,U
E01002632,E01002632,U
E01031691,E01031691,U
E01002656,E01002656,U
E01033231,E01034336,S
E01031685,E01031685,U
E01002635,E01002635,U
E01031619,E01035339,S
E01002659,E01002659,U
E01025055,E01025055,U
E01018140,E01018140,U
E01018155,E01018155,U
E01031686,E01031686,U
E01002569,E01002569,U
E01002570,E01002570,U
E01002573,E01002573,U
E01002574,E01002574,U
E01002575,E01002575,U
E01002562,E01002562,U
E01002564,E01002564,U
E01002566,E01034042,S
E01002566,E01034043,S
E01002566,E01034044,S
E01002568,E01034045,S
E01002568,E01034046,S
E01033081,E01033081,U
E01033082,E01033082,U
E01002620,E01002620,U
E01002625,E01002625,U
E01002626,E01002626,U
E01002627,E01002627,U
E01002631,E01002631,U
E01002633,E01002633,U
E01002634,E01002634,U
E01002637,E01002637,U
E01002638,E01002638,U
E01002563,E01002563,U
E01002565,E01002565,U
E01002567,E01002567,U
E01002684,E01034032,S
E01002684,E01034033,S
E01002686,E01002686,U
E01002571,E01002571,U
E01002572,E01002572,U
E01002577,E01002577,U
E01002578,E01002578,U
E01002689,E01002689,U
E01002690,E01002690,U
E01002576,E01002576,U
E01002579,E01002579,U
E01002580,E01002580,U
E01002581,E01002581,U
E01002582,E01002582,U
E01018187,E01018187,U
E01025075,E01025075,U
E01002667,E01002667,U
E01002636,E01002636,U
E01018188,E01018188,U
E01031619,E01035336,S
E01025076,E01025076,U
E01018141,E01018141,U
E01002670,E01002670,U
E01002618,E01002618,U
E01031619,E01035337,S
E01018142,E01018142,U
E01025077,E01025077,U
E01018189,E01018189,U
E01002621,E01002621,U
E01002671,E01002671,U
E01025078,E01025078,U
E01018190,E01018190,U
E01031637,E01035340,S
E01002623,E01002623,U
E01018113,E01018113,U
E01002672,E01002672,U
E01025035,E01025035,U
E01018172,E01018172,U
E01031637,E01035338,S
E01002628,E01002628,U
E01018116,E01018116,U
E01002673,E01002673,U
E01025036,E01025036,U
E01018173,E01018173,U
E01018174,E01018174,U
E01018175,E01018175,U
E01018176,E01018176,U
E01018181,E01034444,S
E01018181,E01034445,S
E01018182,E01018182,U
E01018183,E01018183,U
E01018184,E01018184,U
E01018185,E01018185,U
E01018186,E01018186,U
E01018177,E01018177,U
E01018178,E01018178,U
E01018179,E01018179,U
E01018180,E01018180,U
E01025060,E01025060,U
E01025061,E01025061,U
E01025062,E01025062,U
E01025063,E01025063,U
E01025064,E01025064,U
E01025065,E01025065,U
E01025066,E01025066,U
E01025032,E01025032,U
E01025033,E01025033,U
E01025034,E01025034,U
E01025048,E01025048,U
E01025049,E01025049,U
E01025050,E01025050,U
E01025053,E01025053,U
E01025070,E01025070,U
E01025071,E01025071,U
E01025072,E01025072,U
E01025073,E01025073,U
E01025074,E01025074,U
E01025051,E01025051,U
E01025052,E01025052,U
E01025057,E01025057,U
E01025058,E01025058,U
E01025059,E01025059,U
E01025067,E01025067,U
E01025068,E01025068,U
E01025069,E01025069,U
E01025044,E01025044,U
E01025045,E01025045,U
E01018117,E01018117,U
E01002647,E01002647,U
E01018118,E01018118,U
E01025037,E01025037,U
E01002629,E01002629,U
E01031638,E01031638,U
E01025038,E01025038,U
E01002650,E01002650,U
E01031690,E01031690,U
E01025039,E01025039,U
E01002630,E01002630,U
E01033433,E01034435,S
E01002651,E01002651,U
E01031639,E01031639,U
E01025040,E01025040,U
E01002639,E01002639,U
E01033433,E01034436,S
E01002652,E01002652,U
E01031640,E01031640,U
E01025054,E01025054,U
E01002640,E01002640,U
E01018161,E01018161,U
E01002666,E01002666,U
E01031660,E01031660,U
E01025056,E01025056,U
E01002674,E01002674,U
E01018162,E01018162,U
E01002555,E01002555,U
E01031661,E01031661,U
E01025079,E01025079,U
E01002676,E01002676,U
E01018163,E01018163,U
E01002556,E01002556,U
E01031679,E01031679,U
E01025080,E01025080,U
E01002583,E01002583,U
E01018164,E01018164,U
E01002590,E01002590,U
E01031677,E01031677,U
E01030032,E01030032,U
E01002584,E01002584,U
E01018165,E01018165,U
E01002592,E01002592,U
E01031678,E01031678,U
E01030033,E01030033,U
E01002585,E01002585,U
E01018170,E01018170,U
E01002595,E01002595,U
E01031680,E01031680,U
E01030034,E01030034,U
E01002586,E01002586,U
E01002589,E01002589,U
E01002668,E01002668,U
E01002669,E01002669,U
E01002681,E01002681,U
E01002682,E01002682,U
E01002683,E01034034,S
E01002683,E01034035,S
E01002642,E01034036,S
E01002642,E01034037,S
E01002643,E01002643,U
E01002645,E01002645,U
E01002658,E01002658,U
E01002677,E01002677,U
E01002587,E01002587,U
E01002588,E01002588,U
E01002660,E01002660,U
E01002661,E01002661,U
E01002665,E01002665,U
E01002624,E01002624,U
E01002646,E01002646,U
E01002662,E01002662,U
E01002663,E01002663,U
E01002664,E01034038,S
E01002664,E01034039,S
E01002641,E01002641,U
E01002648,E01034040,S
E01002648,E01034041,S
E01002557,E01002557,U
E01031681,E01031681,U
E01002558,E01002558,U
E01002559,E01002559,U
E01031682,E01031682,U
E01002560,E01002560,U
E01031683,E01031683,U
E01002561,E01002561,U
E01031611,E01031611,U
E01018171,E01018171,U
E01030035,E01030035,U
E01002591,E01002591,U
E01031612,E01031612,U
E01018138,E01018138,U
E01030036,E01030036,U
E01002593,E01002593,U
E01031613,E01035341,S
E01018148,E01018148,U
E01029973,E01029973,U
E01029974,E01029974,U
E01029975,E01029975,U
E01029976,E01029976,U
E01029977,E01029977,U
E01030027,E01030027,U
E01030028,E01030028,U
E01030029,E01030029,U
E01030030,E01030030,U
E01030031,E01030031,U
E01029997,E01029997,U
E01029998,E01029998,U
E01029999,E01029999,U
E01030000,E01030000,U
E01030001,E01030001,U
E01030007,E01030007,U
E01030008,E01030008,U
E01030009,E01030009,U
E01030010,E01030010,U
E01030011,E01030011,U
E01030022,E01030022,U
E01002594,E01002594,U
E01031613,E01035342,S
E01031614,E01031614,U
E01002611,E01002611,U
E01031615,E01031615,U
E01002612,E01002612,U
E01031632,E01031632,U
E01002613,E01002613,U
E01031633,E01031633,U
E01002598,E01002598,U
E01031634,E01031634,U
E01002599,E01002599,U
E01031635,E01031635,U
E01002600,E01002600,U
E01031621,E01031621,U
E01002603,E01002603,U
E01018149,E01018149,U
E01031623,E01031623,U
E01033000,E01033000,U
E01018150,E01018150,U
E01031627,E01031627,U
E01033030,E01033030,U
E01018151,E01034437,S
E01031664,E01031664,U
E01002604,E01002604,U
E01018151,E01034438,S
E01031626,E01031626,U
E01002605,E01002605,U
E01018166,E01018166,U
E01031630,E01031630,U
E01002606,E01002606,U
E01018167,E01018167,U
E01031631,E01031631,U
E01002607,E01002607,U
E01018168,E01018168,U
E01031662,E01031662,U
E01002615,E01002615,U
E01018169,E01018169,U
E01031663,E01031663,U
E01002596,E01002596,U
E01018131,E01018131,U
E01031665,E01031665,U
E01002601,E01002601,U
E01018132,E01034439,S
E01031618,E01031618,U
E01002602,E01002602,U
E01018132,E01034440,S
E01031641,E01031641,U
E01002614,E01002614,U
E01018133,E01018133,U
E01031642,E01031642,U
E01018134,E01018134,U
E01031643,E01031643,U
E01018125,E01018125,U
E01031687,E01031687,U
E01018126,E01018126,U
E01018152,E01018152,U
E01018153,E01018153,U
E01018129,E01018129,U
E01018130,E01018130,U
E01018202,E01018202,U
E01018203,E01018203,U
E01018204,E01018204,U
E01018205,E01018205,U
E01018115,E01018115,U
E01018119,E01018119,U
E01018120,E01018120,U
E01018137,E01018137,U
E01018135,E01034441,S
E01018135,E01034442,S
E01018135,E01034443,S
E01018136,E01018136,U
E01018154,E01018154,U
E01002873,E01002873,U
E01002874,E01002874,U
E01002875,E01002875,U
E01002824,E01002824,U
E01002825,E01002825,U
E01002826,E01002826,U
E01002827,E01002827,U
E01002828,E01002828,U
E01002864,E01002864,U
E01002866,E01002866,U
E01002867,E01002867,U
E01002868,E01002868,U
E01002869,E01002869,U
E01002887,E01002887,U
E01002889,E01002889,U
E01002890,E01002890,U
E01002891,E01002891,U
E01002892,E01002892,U
E01002813,E01002813,U
E01002815,E01002815,U
E01002816,E01002816,U
E01002817,E01002817,U
E01002865,E01002865,U
E01002818,E01002818,U
E01002819,E01002819,U
E01002859,E01002859,U
E01002860,E01002860,U
E01002863,E01002863,U
E01002812,E01002812,U
E01002834,E01002834,U
E01002839,E01002839,U
E01002850,E01002850,U
E01002888,E01002888,U
E01002821,E01002821,U
E01002823,E01002823,U
E01002858,E01002858,U
E01002861,E01002861,U
E01002862,E01002862,U
E01002814,E01002814,U
E01002847,E01002847,U
E01002848,E01002848,U
E01002851,E01002851,U
E01002820,E01035713,M
E01002822,E01035713,M
E01002835,E01002835,U
E01002836,E01002836,U
E01002837,E01002837,U
E01002846,E01002846,U
E01002849,E01002849,U
E01002893,E01002893,U
E01033488,E01033488,U
E01017292,E01017292,U
E01002754,E01002754,U
E01002757,E01002757,U
E01002759,E01002759,U
E01002760,E01002760,U
E01002772,E01002772,U
E01002735,E01002735,U
E01002805,E01002805,U
E01002806,E01002806,U
E01002808,E01002808,U
E01002809,E01002809,U
E01002810,E01002810,U
E01002768,E01002768,U
E01030023,E01030023,U
E01002770,E01002770,U
E01002771,E01002771,U
E01002773,E01002773,U
E01002774,E01002774,U
E01002732,E01002732,U
E01002734,E01002734,U
E01002736,E01002736,U
E01002737,E01002737,U
E01002751,E01002751,U
E01002742,E01002742,U
E01002747,E01002747,U
E01002748,E01002748,U
E01002749,E01002749,U
E01033493,E01033493,U
E01033494,E01033494,U
E01002730,E01002730,U
E01002731,E01035651,S
E01002731,E01035652,S
E01002733,E01002733,U
E01002763,E01002763,U
E01002769,E01002769,U
E01002785,E01002785,U
E01002788,E01002788,U
E01002789,E01002789,U
E01002738,E01002738,U
E01002741,E01002741,U
E01002743,E01002743,U
E01002744,E01002744,U
E01002752,E01002752,U
E01002764,E01002764,U
E01002783,E01002783,U
E01002784,E01002784,U
E01002786,E01002786,U
E01002787,E01002787,U
E01002762,E01002762,U
E01002767,E01002767,U
E01033486,E01033486,U
E01033487,E01033487,U
W01000025,W01000025,U
E01030019,E01030019,U
E01002803,E01035655,S
E01033491,E01033491,U
E01017293,E01017293,U
E01030024,E01030024,U
E01030025,E01030025,U
E01030026,E01030026,U
E01029958,E01029958,U
E01029960,E01029960,U
E01029961,E01029961,U
E01029962,E01029962,U
E01033124,E01033124,U
E01033125,E01033125,U
E01033129,E01033129,U
E01030002,E01030002,U
E01030003,E01030003,U
E01030004,E01030004,U
E01030005,E01030005,U
E01030006,E01030006,U
E01029963,E01029963,U
E01029964,E01029964,U
E01029965,E01029965,U
E01029966,E01029966,U
E01029967,E01029967,U
E01029984,E01029984,U
E01029985,E01029985,U
E01029986,E01029986,U
E01029987,E01029987,U
E01029988,E01029988,U
E01029990,E01029990,U
E01029991,E01029991,U
E01029992,E01029992,U
E01033123,E01033123,U
E01033126,E01033126,U
E01029968,E01029968,U
E01029969,E01029969,U
E01029970,E01029970,U
E01029971,E01029971,U
E01033122,E01033122,U
E01033130,E01033130,U
E01030012,E01030012,U
E01030013,E01030013,U
E01030014,E01030014,U
E01030015,E01030015,U
E01030016,E01030016,U
E01029994,E01029994,U
E01029995,E01029995,U
E01029996,E01029996,U
E01033127,E01033127,U
E01033128,E01033128,U
E01033131,E01033131,U
E01030017,E01030017,U
E01030018,E01030018,U
E01033492,E01035653,S
E01017296,E01017296,U
E01002803,E01035656,S
E01030020,E01030020,U
W01000027,W01000027,U
E01002695,E01002695,U
E01002711,E01002711,U
E01002727,E01002727,U
E01002728,E01002728,U
E01002729,E01002729,U
E01002707,E01002707,U
E01002723,E01002723,U
E01002724,E01002724,U
E01002725,E01002725,U
E01002726,E01002726,U
E01033489,E01033489,U
E01033490,E01033490,U
E01002701,E01002701,U
E01002702,E01002702,U
E01002703,E01002703,U
E01002704,E01002704,U
E01002706,E01002706,U
E01002852,E01002852,U
E01002853,E01002853,U
E01002854,E01002854,U
E01002855,E01002855,U
E01002857,E01002857,U
E01002904,E01002904,U
E01002905,E01002905,U
E01002906,E01002906,U
E01002907,E01002907,U
E01002876,E01002876,U
E01002877,E01002877,U
E01002878,E01002878,U
E01002908,E01002908,U
E01002909,E01002909,U
E01002829,E01002829,U
E01002830,E01002830,U
E01002831,E01002831,U
E01002832,E01002832,U
E01002856,E01002856,U
E01002870,E01002870,U
E01002872,E01002872,U
E01002879,E01002879,U
E01002880,E01002880,U
E01002881,E01002881,U
E01002882,E01002882,U
E01033492,E01035654,S
W01000038,W01000038,U
E01030021,E01030021,U
E01017321,E01017321,U
E01002883,E01002883,U
E01002884,E01002884,U
E01002885,E01002885,U
E01002886,E01002886,U
E01002833,E01002833,U
E01002871,E01002871,U
E01017322,E01017322,U
E01017327,E01017327,U
E01017300,E01017300,U
E01029978,E01029978,U
E01017312,E01017312,U
E01002777,E01002777,U
E01017303,E01017303,U
E01029979,E01029979,U
E01017315,E01017315,U
E01002778,E01002778,U
E01017305,E01017305,U
E01029980,E01029980,U
E01017354,E01017354,U
E01002779,E01002779,U
E01017306,E01017306,U
E01029981,E01029981,U
E01017361,E01017361,U
E01002781,E01002781,U
E01017309,E01017309,U
E01029982,E01029982,U
E01017362,E01017362,U
E01002782,E01002782,U
E01017301,E01017301,U
E01029983,E01029983,U
E01033239,E01033239,U
E01002739,E01002739,U
E01017302,E01017302,U
W01000003,W01000003,U
E01017290,E01017290,U
E01002740,E01002740,U
E01017304,E01017304,U
W01000004,W01000004,U
E01017291,E01017291,U
E01002745,E01002745,U
E01017316,E01017316,U
W01000018,W01000018,U
E01002795,E01002795,U
E01017329,E01017329,U
E01017294,E01017294,U
E01017307,E01017307,U
E01017353,E01017353,U
E01017308,E01017308,U
W01000028,W01000028,U
E01017289,E01017289,U
E01002796,E01002796,U
E01033229,E01033229,U
W01000031,W01000031,U
E01017347,E01017347,U
E01002716,E01002716,U
E01033237,E01033237,U
W01000010,W01000010,U
E01017348,E01017348,U
E01002718,E01002718,U
E01017335,E01017335,U
W01000020,W01002005,M
E01017349,E01017349,U
E01002721,E01002721,U
E01017336,E01017336,U
W01000021,W01000021,U
E01017350,E01017350,U
E01002775,E01002775,U
E01017337,E01017337,U
W01000032,W01002005,M
E01017317,E01017317,U
E01002776,E01002776,U
E01017346,E01017346,U
W01000016,W01000016,U
E01017320,E01017320,U
E01002780,E01002780,U
E01017286,E01017286,U
W01000017,W01000017,U
E01017323,E01017323,U
E01002708,E01002708,U
E01017287,E01017287,U
E01017367,E01017367,U
E01017368,E01017368,U
E01017282,E01017282,U
E01017283,E01017283,U
E01017338,E01017338,U
E01017341,E01017341,U
E01017342,E01017342,U
E01017339,E01017339,U
E01017340,E01017340,U
E01017343,E01017343,U
E01017344,E01017344,U
E01017345,E01017345,U
E01017310,E01017310,U
E01017311,E01017311,U
E01017331,E01017331,U
E01017332,E01017332,U
E01017334,E01017334,U
E01017295,E01017295,U
E01017325,E01017325,U
E01017326,E01017326,U
E01017328,E01017328,U
E01017333,E01017333,U
E01017284,E01017284,U
E01017285,E01017285,U
E01017288,E01017288,U
E01017351,E01017351,U
E01017352,E01017352,U
E01002712,E01002712,U
E01002713,E01002713,U
E01002765,E01002765,U
E01002766,E01002766,U
E01002717,E01002717,U
E01002719,E01002719,U
E01002720,E01002720,U
E01002790,E01002790,U
E01002791,E01002791,U
E01002793,E01002793,U
E01002698,E01002698,U
E01002699,E01002699,U
E01002700,E01002700,U
E01002714,E01002714,U
E01002792,E01002792,U
E01002722,E01002722,U
E01002797,E01002797,U
E01002798,E01002798,U
E01002799,E01002799,U
E01002800,E01002800,U
E01002694,E01002694,U
E01002697,E01002697,U
E01002709,E01002709,U
E01002710,E01002710,U
E01002715,E01002715,U
E01002696,E01002696,U
E01002794,E01002794,U
E01002801,E01002801,U
W01000029,W01000029,U
E01017324,E01017324,U
W01000030,W01000030,U
W01000033,W01000033,U
E01017355,E01017355,U
W01000036,W01000036,U
E01002802,E01002802,U
E01017358,E01017358,U
W01000037,W01000037,U
E01017318,E01017318,U
W01000022,W01000022,U
E01017319,E01017319,U
W01000034,W01000034,U
E01017356,E01017356,U
W01000039,W01002007,M
E01017357,E01017357,U
W01000040,W01000040,U
E01017359,E01017359,U
W01000043,W01002007,M
E01017360,E01017360,U
W01000044,W01000044,U
E01017297,E01017297,U
W01000005,W01000005,U
E01017298,E01017298,U
W01000013,W01000013,U
E01017299,E01017299,U
W01000019,W01000019,U
E01017369,E01017369,U
W01000026,W01000026,U
W01000035,W01000035,U
E01017363,E01017363,U
W01000006,W01000006,U
E01017364,E01017364,U
W01000012,W01000012,U
E01017365,E01017365,U
W01000014,W01000014,U
E01017366,E01017366,U
W01000041,W01000041,U
E01017370,E01017370,U
W01000001,W01002008,M
E01019077,E01019077,U
W01000002,W01002008,M
E01002755,E01002755,U
W01000009,W01000009,U
E01002756,E01002756,U
W01000023,W01000023,U
E01002758,E01002758,U
W01000024,W01000024,U
E01002804,E01002804,U
W01000008,W01000008,U
E01002807,E01002807,U
W01000011,W01000011,U
E01002811,E01002811,U
W01000015,W01000015,U
E01002753,E01002753,U
W01000042,W01000042,U
W01000007,W01000007,U
E01002953,E01002953,U
E01002955,E01002955,U
E01002956,E01002956,U
E01002959,E01002959,U
E01002935,E01002935,U
E01012857,E01012857,U
E01002938,E01002938,U
E01002951,E01002951,U
E01002954,E01002954,U
E01002957,E01002957,U
E01002933,E01002933,U
E01002934,E01002934,U
E01002937,E01002937,U
E01003011,E01003011,U
E01033568,E01034576,S
E01033568,E01034577,S
E01033569,E01033569,U
E01002964,E01002964,U
E01002969,E01002969,U
E01002971,E01002971,U
E01002972,E01002972,U
E01002974,E01002974,U
E01002932,E01002932,U
E01002960,E01002960,U
E01002962,E01002962,U
E01026722,E01026722,U
E01002970,E01002970,U
E01002973,E01002973,U
E01002929,E01002929,U
E01002930,E01002930,U
E01002931,E01002931,U
E01002963,E01002963,U
E01002985,E01002985,U
E01002927,E01002927,U
E01002928,E01002928,U
E01002958,E01002958,U
E01002961,E01002961,U
E01002986,E01002986,U
E01002965,E01002965,U
E01002967,E01002967,U
E01012908,E01012908,U
E01002894,E01002894,U
E01002968,E01002968,U
E01002990,E01002990,U
E01002991,E01002991,U
E01002922,E01002922,U
E01002926,E01002926,U
E01002966,E01002966,U
E01002992,E01002992,U
E01002921,E01002921,U
E01002987,E01002987,U
E01002988,E01002988,U
E01002989,E01002989,U
E01002975,E01002975,U
E01027111,E01027111,U
E01012913,E01012913,U
E01026691,E01026691,U
E01027112,E01027112,U
E01026692,E01026692,U
E01012761,E01012761,U
E01026726,E01026726,U
E01026708,E01026708,U
E01012867,E01012867,U
E01027104,E01027104,U
E01026659,E01026659,U
E01012764,E01012764,U
E01026709,E01026709,U
E01012756,E01012756,U
E01012868,E01012868,U
E01027110,E01035413,S
E01002898,E01002898,U
E01026660,E01026660,U
E01012765,E01012765,U
E01026710,E01026710,U
E01012757,E01012757,U
E01012869,E01012869,U
E01027110,E01035414,S
E01002899,E01002899,U
E01027113,E01027113,U
E01026661,E01026661,U
E01002900,E01002900,U
E01012768,E01012768,U
E01026669,E01026669,U
E01012759,E01012759,U
E01012871,E01012871,U
E01012872,E01012872,U
E01012804,E01012804,U
E01012806,E01012806,U
E01012807,E01012807,U
E01012769,E01012769,U
E01012817,E01012817,U
E01012760,E01012760,U
E01026670,E01026670,U
E01012829,E01012829,U
E01012819,E01012819,U
E01002901,E01002901,U
E01012862,E01012862,U
E01026715,E01026715,U
E01027115,E01027115,U
E01026671,E01026671,U
E01012830,E01012830,U
E01012841,E01012841,U
E01002902,E01002902,U
E01012805,E01012805,U
E01026716,E01026716,U
E01027116,E01027116,U
E01026672,E01026672,U
E01012905,E01012905,U
E01012844,E01012844,U
E01002903,E01002903,U
E01002844,E01002844,U
E01002845,E01002845,U
E01002910,E01002910,U
E01002911,E01002911,U
E01002914,E01002914,U
E01002838,E01035714,M
E01002895,E01035714,M
E01002896,E01002896,U
E01002897,E01002897,U
E01002912,E01002912,U
E01002840,E01002840,U
E01002841,E01002841,U
E01002842,E01002842,U
E01002843,E01002843,U
E01002913,E01002913,U
E01027090,E01027090,U
E01027103,E01027103,U
E01027129,E01027129,U
E01027094,E01027094,U
E01027095,E01027095,U
E01027107,E01027107,U
E01027108,E01027108,U
E01027109,E01027109,U
E01032969,E01032969,U
E01032970,E01032970,U
E01032971,E01032971,U
E01027123,E01027123,U
E01027124,E01035411,S
E01027124,E01035412,S
E01027125,E01027125,U
E01027126,E01027126,U
E01027079,E01027079,U
E01027080,E01027080,U
E01027087,E01027087,U
E01027088,E01027088,U
E01027089,E01027089,U
E01027081,E01027081,U
E01027082,E01027082,U
E01027083,E01027083,U
E01027127,E01027127,U
E01027128,E01027128,U
E01027105,E01027105,U
E01027106,E01027106,U
E01026717,E01026717,U
E01026673,E01026673,U
E01012849,E01012849,U
E01012808,E01012808,U
E01026686,E01034770,S
E01012895,E01035464,M
E01026687,E01026687,U
E01026688,E01026688,U
E01027117,E01027117,U
E01026686,E01034771,S
E01012897,E01035464,M
E01012809,E01012809,U
E01012898,E01012898,U
E01012910,E01012910,U
E01012758,E01012758,U
E01026707,E01034772,S
E01012762,E01012762,U
E01012912,E01012912,U
E01012810,E01012810,U
E01026689,E01026689,U
E01027096,E01027096,U
E01026707,E01034773,S
E01012763,E01012763,U
E01012822,E01012822,U
E01012811,E01012811,U
E01026690,E01026690,U
E01027097,E01027097,U
E01027098,E01027098,U
E01027099,E01027099,U
E01027122,E01027122,U
E01027100,E01027100,U
E01027114,E01027114,U
E01027130,E01027130,U
E01027131,E01027131,U
E01027084,E01027084,U
E01027085,E01027085,U
E01027086,E01027086,U
E01027120,E01027120,U
E01027121,E01027121,U
E01027091,E01027091,U
E01027092,E01027092,U
E01027101,E01035415,S
E01027101,E01035416,S
E01027102,E01027102,U
E01027119,E01027119,U
E01032972,E01032972,U
E01032973,E01032973,U
E01032974,E01032974,U
E01026680,E01026680,U
E01026681,E01026681,U
E01026682,E01026682,U
E01026683,E01026683,U
E01026645,E01026645,U
E01026646,E01026646,U
E01026656,E01026656,U
E01026695,E01026695,U
E01026676,E01026676,U
E01026677,E01026677,U
E01026678,E01026678,U
E01026701,E01026701,U
E01026702,E01026702,U
E01026703,E01026703,U
E01026653,E01026653,U
E01026654,E01026654,U
E01026655,E01026655,U
E01026718,E01026718,U
E01033036,E01033036,U
E01033037,E01033037,U
E01033038,E01033038,U
E01033039,E01033039,U
E01026679,E01026679,U
E01026727,E01026727,U
E01026728,E01026728,U
E01026648,E01026648,U
E01012866,E01012866,U
E01012773,E01012773,U
E01026647,E01026647,U
E01012904,E01012904,U
E01026649,E01026649,U
E01026711,E01026711,U
E01012907,E01012907,U
E01012776,E01012776,U
E01026650,E01026650,U
E01026712,E01026712,U
E01012870,E01012870,U
E01012909,E01012909,U
E01012863,E01012863,U
E01026651,E01026651,U
E01026713,E01026713,U
E01012774,E01012774,U
E01012911,E01012911,U
E01012864,E01012864,U
E01026652,E01026652,U
E01026666,E01026666,U
E01012795,E01012795,U
E01012865,E01012865,U
E01012873,E01012873,U
E01012770,E01012770,U
E01012779,E01012779,U
E01012797,E01012797,U
E01012874,E01012874,U
E01012771,E01012771,U
E01026667,E01026667,U
E01012780,E01012780,U
E01012798,E01012798,U
E01012880,E01012880,U
E01012772,E01012772,U
E01026668,E01026668,U
E01012781,E01012781,U
E01012801,E01012801,U
E01012881,E01012881,U
E01012775,E01012775,U
E01026693,E01026693,U
E01012832,E01012832,U
E01012816,E01012816,U
E01012915,E01012915,U
E01012777,E01012777,U
E01026662,E01026662,U
E01033105,E01033105,U
E01012848,E01012848,U
E01012851,E01035465,S
E01012917,E01012917,U
E01026663,E01026663,U
E01033106,E01035471,S
E01026664,E01026664,U
E01012894,E01012894,U
E01012851,E01035466,S
E01012918,E01012918,U
E01033106,E01035472,S
E01012833,E01012833,U
E01033107,E01033107,U
E01012835,E01012835,U
E01033108,E01035469,S
E01012854,E01012854,U
E01012896,E01012896,U
E01026714,E01026714,U
E01012836,E01012836,U
E01033108,E01035470,S
E01012855,E01012855,U
E01012901,E01012901,U
E01026698,E01034768,S
E01012839,E01012839,U
E01012782,E01012782,U
E01033104,E01033104,U
E01012842,E01012842,U
E01026698,E01034769,S
E01012840,E01012840,U
E01012785,E01012785,U
E01033109,E01033109,U
E01012843,E01012843,U
E01026699,E01026699,U
E01012824,E01012824,U
E01012786,E01012786,U
E01012859,E01012859,U
E01012845,E01012845,U
E01026700,E01026700,U
E01026704,E01026704,U
E01026705,E01026705,U
E01026706,E01026706,U
E01026665,E01026665,U
E01026674,E01026674,U
E01026675,E01026675,U
E01026694,E01026694,U
E01026684,E01026684,U
E01026685,E01026685,U
E01026719,E01026719,U
E01026720,E01026720,U
E01026721,E01026721,U
E01026642,E01026642,U
E01026643,E01026643,U
E01026644,E01026644,U
E01026723,E01026723,U
E01026724,E01026724,U
E01026725,E01026725,U
E01026696,E01026696,U
E01026697,E01026697,U
E01012825,E01012825,U
E01012787,E01012787,U
E01012834,E01012834,U
E01012837,E01012837,U
E01012788,E01012788,U
E01012838,E01012838,U
E01012789,E01012789,U
E01012821,E01012821,U
E01012823,E01035463,M
E01012826,E01035463,M
E01012827,E01012827,U
E01012828,E01012828,U
E01012766,E01012766,U
E01012767,E01012767,U
E01012914,E01012914,U
E01012916,E01012916,U
E01012812,E01012812,U
E01012813,E01012813,U
E01012814,E01012814,U
E01012815,E01012815,U
E01012818,E01012818,U
E01012791,E01012791,U
E01012792,E01012792,U
E01012793,E01012793,U
E01012794,E01012794,U
E01012846,E01012846,U
E01012889,E01012889,U
E01012891,E01012891,U
E01012875,E01012875,U
E01012892,E01012892,U
E01012847,E01012847,U
E01012876,E01012876,U
E01012893,E01012893,U
E01012820,E01012820,U
E01012858,E01012858,U
E01012877,E01012877,U
E01012899,E01012899,U
E01012860,E01012860,U
E01012878,E01012878,U
E01012900,E01012900,U
E01012886,E01012886,U
E01012888,E01012888,U
E01033110,E01035467,S
E01033110,E01035468,S
E01012882,E01012882,U
E01012883,E01012883,U
E01012884,E01012884,U
E01012887,E01012887,U
E01032595,E01032595,U
E01003006,E01003006,U
E01003007,E01003007,U
E01003008,E01003008,U
E01003009,E01003009,U
E01003010,E01003010,U
E01002952,E01002952,U
E01012879,E01012879,U
E01012778,E01012778,U
E01012783,E01012783,U
E01012784,E01012784,U
E01012790,E01012790,U
E01012906,E01012906,U
E01012902,E01012902,U
E01012903,E01012903,U
E01012796,E01012796,U
E01012799,E01012799,U
E01012800,E01012800,U
E01012802,E01012802,U
E01012803,E01012803,U
E01012850,E01012850,U
E01012852,E01012852,U
E01012856,E01012856,U
E01011017,E01011017,U
E01011018,E01011018,U
E01011019,E01011019,U
E01011020,E01011020,U
E01011021,E01011021,U
E01011050,E01011050,U
E01011022,E01011022,U
E01011126,E01011126,U
E01011127,E01011127,U
E01011052,E01011052,U
E01011156,E01011156,U
E01011053,E01011053,U
E01011158,E01011158,U
E01011059,E01011059,U
E01011159,E01011159,U
E01011062,E01011062,U
E01011160,E01011160,U
E01006496,E01006496,U
E01002977,E01002977,U
E01011064,E01011064,U
E01011162,E01011162,U
E01006498,E01006498,U
E01002980,E01002980,U
E01011068,E01011068,U
E01011025,E01011025,U
E01011227,E01011227,U
E01006499,E01006499,U
E01011259,E01011259,U
E01002981,E01002981,U
E01011069,E01011069,U
E01011184,E01011184,U
E01011026,E01011026,U
E01011228,E01011228,U
E01011146,E01011146,U
E01006440,E01006440,U
E01011261,E01011261,U
E01002984,E01002984,U
E01011241,E01011241,U
E01011136,E01011136,U
E01011185,E01011185,U
E01011071,E01011071,U
E01011151,E01011151,U
E01006442,E01006442,U
E01011262,E01011262,U
E01002923,E01002923,U
E01011242,E01011242,U
E01011137,E01011137,U
E01011187,E01011187,U
E01011072,E01011072,U
E01011202,E01011202,U
E01006443,E01006443,U
E01011263,E01011263,U
E01011243,E01011243,U
E01002925,E01002925,U
E01011244,E01011244,U
E01011101,E01011101,U
E01011128,E01011128,U
E01006444,E01006444,U
E01002993,E01002993,U
E01011103,E01011103,U
E01011060,E01011060,U
E01011205,E01011205,U
E01011189,E01011189,U
E01011073,E01011073,U
E01006445,E01006445,U
E01006448,E01006448,U
E01011130,E01011130,U
E01011090,E01011090,U
E01002995,E01002995,U
E01011078,E01011078,U
E01011061,E01011061,U
E01011104,E01011104,U
E01006465,E01006465,U
E01006492,E01006492,U
E01033542,E01034584,S
E01011095,E01011095,U
E01002999,E01002999,U
E01011086,E01011086,U
E01011063,E01011063,U
E01011105,E01011105,U
E01006482,E01006482,U
E01006493,E01006493,U
E01033542,E01034585,S
E01011097,E01011097,U
E01002915,E01002915,U
E01011087,E01011087,U
E01011065,E01011065,U
E01011212,E01011212,U
E01006483,E01006483,U
E01006494,E01006494,U
E01011121,E01011121,U
E01011099,E01011099,U
E01002916,E01002916,U
E01011088,E01011088,U
E01011066,E01011066,U
E01011213,E01011213,U
E01006484,E01006484,U
E01006449,E01006449,U
E01006450,E01006450,U
E01006451,E01006451,U
E01006452,E01006452,U
E01006497,E01006497,U
E01006500,E01006500,U
E01006501,E01006501,U
E01006504,E01006504,U
E01006505,E01006505,U
E01006472,E01006472,U
E01006485,E01006485,U
E01006486,E01006486,U
E01006487,E01006487,U
E01006488,E01006488,U
E01006489,E01006489,U
E01006477,E01006477,U
E01006478,E01006478,U
E01006479,E01006479,U
E01006480,E01006480,U
E01006481,E01006481,U
E01006471,E01006471,U
E01006473,E01006473,U
E01006474,E01006474,U
E01006475,E01006475,U
E01006476,E01006476,U
E01006420,E01006420,U
E01006424,E01006424,U
E01006502,E01006502,U
E01006503,E01006503,U
E01006421,E01006421,U
E01006425,E01006425,U
E01006430,E01006430,U
E01006433,E01006433,U
E01006419,E01006419,U
E01006422,E01006422,U
E01006423,E01006423,U
E01006427,E01006427,U
E01006426,E01006426,U
E01006495,E01006495,U
E01011214,E01011214,U
E01011122,E01011122,U
E01011027,E01011027,U
E01011222,E01011222,U
E01006454,E01006454,U
E01002917,E01002917,U
E01011150,E01011150,U
E01011215,E01011215,U
E01011123,E01011123,U
E01011124,E01011124,U
E01011125,E01011125,U
E01011129,E01011129,U
E01011138,E01011138,U
E01011139,E01011139,U
E01011140,E01011140,U
E01011141,E01011141,U
E01011132,E01011132,U
E01011142,E01011142,U
E01011217,E01011217,U
E01011218,E01011218,U
E01011216,E01011216,U
E01011219,E01011219,U
E01011220,E01011220,U
E01011221,E01011221,U
E01011046,E01011046,U
E01011100,E01011100,U
E01011102,E01011102,U
E01011108,E01011108,U
E01011133,E01011133,U
E01011134,E01011134,U
E01011143,E01011143,U
E01011144,E01011144,U
E01011260,E01011260,U
E01011257,E01011257,U
E01011258,E01011258,U
E01011190,E01011190,U
E01006456,E01006456,U
E01002920,E01002920,U
E01011155,E01011155,U
E01011195,E01011195,U
E01006457,E01006457,U
E01011039,E01011039,U
E01011028,E01011028,U
E01002924,E01002924,U
E01011207,E01011207,U
E01011196,E01011196,U
E01006458,E01006458,U
E01011042,E01011042,U
E01011030,E01011030,U
E01002976,E01002976,U
E01011234,E01011234,U
E01011197,E01011197,U
E01006490,E01006490,U
E01011047,E01011047,U
E01011210,E01011210,U
E01011252,E01011252,U
E01011253,E01011253,U
E01011254,E01011254,U
E01011255,E01011255,U
E01011256,E01011256,U
E01011038,E01011038,U
E01011041,E01011041,U
E01011106,E01011106,U
E01011107,E01011107,U
E01011201,E01011201,U
E01011203,E01011203,U
E01011209,E01034586,S
E01011209,E01034587,S
E01011211,E01011211,U
E01011040,E01011040,U
E01011043,E01011043,U
E01011044,E01011044,U
E01011045,E01011045,U
E01011089,E01011089,U
E01011091,E01011091,U
E01011092,E01011092,U
E01011200,E01011200,U
E01011204,E01011204,U
E01011206,E01011206,U
E01011208,E01011208,U
E01011240,E01011240,U
E01011231,E01011231,U
E01011236,E01011236,U
E01011238,E01011238,U
E01011239,E01011239,U
E01011093,E01011093,U
E01011094,E01011094,U
E01011096,E01011096,U
E01011098,E01011098,U
E01006491,E01006491,U
E01006415,E01006415,U
E01006417,E01006417,U
E01006436,E01006436,U
E01006437,E01006437,U
E01006447,E01006447,U
E01006455,E01006455,U
E01006506,E01006506,U
E01006507,E01006507,U
E01006508,E01006508,U
E01006509,E01006509,U
E01006510,E01006510,U
E01006416,E01006416,U
E01006418,E01006418,U
E01006434,E01006434,U
E01006435,E01006435,U
E01006438,E01006438,U
E01006439,E01006439,U
E01006446,E01006446,U
E01006412,E01006412,U
E01006413,E01006413,U
E01006414,E01006414,U
E01006441,E01034832,S
E01006441,E01034833,S
E01006460,E01006460,U
E01006461,E01006461,U
E01006463,E01034834,S
E01006463,E01034835,S
E01006464,E01006464,U
E01006466,E01006466,U
E01006453,E01006453,U
E01006467,E01006467,U
E01006470,E01006470,U
E01033228,E01033228,U
E01006459,E01006459,U
E01006462,E01006462,U
E01011070,E01011070,U
E01002978,E01002978,U
E01011232,E01011232,U
E01011031,E01011031,U
E01011054,E01011054,U
E01011013,E01011013,U
E01011014,E01011014,U
E01011023,E01011023,U
E01011024,E01011024,U
E01011067,E01011067,U
E01011247,E01011247,U
E01011249,E01011249,U
E01011251,E01011251,U
E01011245,E01011245,U
E01011246,E01011246,U
E01011248,E01011248,U
E01011250,E01011250,U
E01011015,E01011015,U
E01011029,E01011029,U
E01011032,E01011032,U
E01011034,E01011034,U
E01011157,E01011157,U
E01011161,E01011161,U
E01011163,E01011163,U
E01011164,E01011164,U
E01011165,E01011165,U
E01002979,E01002979,U
E01011074,E01011074,U
E01002982,E01002982,U
E01011075,E01011075,U
E01002983,E01002983,U
E01011076,E01011076,U
E01002994,E01002994,U
E01011169,E01011169,U
E01002996,E01002996,U
E01011170,E01011170,U
E01002997,E01002997,U
E01011171,E01034588,M
E01002998,E01002998,U
E01011172,E01034588,M
E01003002,E01003002,U
E01011173,E01011173,U
E01002918,E01002918,U
E01011176,E01011176,U
E01002919,E01002919,U
E01003000,E01003000,U
E01011166,E01011166,U
E01003001,E01003001,U
E01011109,E01011109,U
E01011233,E01011233,U
E01011113,E01011113,U
E01011114,E01011114,U
E01011235,E01011235,U
E01003003,E01003003,U
E01011119,E01011119,U
E01011167,E01011167,U
E01011237,E01011237,U
E01002939,E01002939,U
E01011168,E01011168,U
E01011033,E01011033,U
E01011004,E01011004,U
E01002941,E01002941,U
E01011174,E01011174,U
E01011035,E01011035,U
E01011006,E01011006,U
E01002942,E01002942,U
E01011175,E01011175,U
E01011036,E01011036,U
E01011008,E01011008,U
E01003004,E01003004,U
E01011177,E01011177,U
E01011037,E01011037,U
E01011012,E01011012,U
E01003005,E01003005,U
E01011178,E01011178,U
E01011016,E01011016,U
E01011145,E01011145,U
E01002944,E01002944,U
E01011118,E01011118,U
E01011147,E01011147,U
E01002945,E01002945,U
E01011120,E01011120,U
E01011148,E01011148,U
E01002946,E01002946,U
E01011198,E01011198,U
E01011152,E01011152,U
E01011199,E01011199,U
E01002947,E01002947,U
E01011007,E01011007,U
E01011110,E01011110,U
E01002940,E01002940,U
E01011223,E01011223,U
E01011225,E01011225,U
E01011111,E01011111,U
E01011229,E01011229,U
E01002943,E01002943,U
E01011112,E01011112,U
E01011080,E01011080,U
E01002948,E01002948,U
E01011115,E01011115,U
E01011081,E01011081,U
E01002949,E01002949,U
E01011116,E01011116,U
E01011082,E01011082,U
E01002950,E01002950,U
E01011117,E01011117,U
E01011230,E01011230,U
E01011051,E01011051,U
E01011180,E01011180,U
E01011005,E01011005,U
E01011055,E01011055,U
E01011182,E01011182,U
E01011009,E01011009,U
E01011056,E01011056,U
E01011186,E01011186,U
E01011010,E01011010,U
E01011057,E01011057,U
E01011188,E01011188,U
E01011011,E01011011,U
E01011058,E01011058,U
E01011179,E01011179,U
E01011077,E01011077,U
E01011048,E01011048,U
E01011181,E01011181,U
E01011149,E01011149,U
E01011049,E01011049,U
E01011183,E01011183,U
E01011153,E01011153,U
E01011154,E01011154,U
E01011191,E01011191,U
E01011192,E01011192,U
E01011193,E01011193,U
E01011194,E01011194,U
E01011079,E01011079,U
E01011083,E01011083,U
E01011084,E01011084,U
E01011085,E01011085,U
E01011224,E01011224,U
E01011226,E01011226,U
E01003094,E01003094,U
E01003173,E01003173,U
E01011559,E01011559,U
E01003096,E01003096,U
E01011560,E01011560,U
E01003177,E01003177,U
E01003127,E01003127,U
E01011383,E01011383,U
E01003178,E01003178,U
E01006428,E01006428,U
E01003045,E01003045,U
E01011388,E01011388,U
E01003021,E01003021,U
E01006429,E01006429,U
E01033072,E01033072,U
E01003084,E01003084,U
E01011708,E01011708,U
E01003047,E01003047,U
E01011684,E01011684,U
E01025160,E01025160,U
E01003022,E01003022,U
E01006431,E01006431,U
E01003085,E01003085,U
E01025100,E01025100,U
E01011713,E01011713,U
E01003049,E01003049,U
E01011695,E01011695,U
E01025085,E01025085,U
E01003023,E01003023,U
E01006432,E01006432,U
E01003149,E01003149,U
E01025101,E01025101,U
E01011570,E01011570,U
E01003059,E01003059,U
E01011650,E01011650,U
E01025086,E01025086,U
E01003024,E01003024,U
E01003015,E01003015,U
E01003154,E01003154,U
E01025102,E01025102,U
E01011576,E01011576,U
E01003060,E01003060,U
E01011651,E01011651,U
E01025087,E01025087,U
E01003025,E01003025,U
E01003108,E01003108,U
E01003065,E01003065,U
E01025103,E01025103,U
E01032503,E01032503,U
E01003061,E01003061,U
E01003034,E01003034,U
E01003035,E01003035,U
E01003036,E01003036,U
E01003090,E01003090,U
E01003095,E01003095,U
E01003037,E01003037,U
E01003038,E01003038,U
E01003039,E01003039,U
E01003040,E01003040,U
E01003042,E01003042,U
E01003072,E01003072,U
E01003073,E01003073,U
E01003076,E01003076,U
E01003077,E01003077,U
E01003078,E01003078,U
E01003019,E01003019,U
E01003053,E01003053,U
E01003054,E01003054,U
E01003056,E01003056,U
E01003058,E01003058,U
E01003020,E01003020,U
E01003050,E01003050,U
E01003052,E01003052,U
E01003055,E01003055,U
E01003176,E01003176,U
E01003029,E01003029,U
E01003032,E01003032,U
E01003041,E01003041,U
E01003057,E01003057,U
E01003043,E01003043,U
E01003044,E01003044,U
E01003051,E01003051,U
E01003071,E01003071,U
E01003074,E01003074,U
E01003026,E01003026,U
E01003027,E01003027,U
E01003028,E01003028,U
E01003030,E01003030,U
E01003033,E01003033,U
E01003018,E01003018,U
E01003171,E01003171,U
E01011653,E01011653,U
E01003136,E01003136,U
E01032504,E01032504,U
E01003068,E01003068,U
E01003110,E01003110,U
E01011655,E01011655,U
E01003137,E01003137,U
E01011266,E01011266,U
E01011270,E01011270,U
E01011279,E01011279,U
E01011280,E01011280,U
E01011265,E01011265,U
E01011267,E01011267,U
E01011271,E01011271,U
E01011272,E01011272,U
E01011268,E01011268,U
E01011273,E01011273,U
E01011274,E01011274,U
E01011275,E01011275,U
E01011264,E01011264,U
E01011269,E01011269,U
E01011276,E01011276,U
E01011578,E01011578,U
E01011554,E01011554,U
E01011562,E01011562,U
E01011563,E01011563,U
E01011564,E01011564,U
E01011567,E01011567,U
E01011376,E01011376,U
E01011377,E01011377,U
E01011378,E01011378,U
E01011382,E01011382,U
E01011277,E01011277,U
E01011278,E01011278,U
E01011579,E01011579,U
E01011580,E01011580,U
E01011556,E01011556,U
E01011557,E01011557,U
E01011565,E01011565,U
E01011566,E01011566,U
E01011568,E01011568,U
E01011380,E01011380,U
E01011381,E01011381,U
E01011385,E01011385,U
E01011386,E01011386,U
E01011379,E01011379,U
E01011384,E01011384,U
E01032501,E01032501,U
E01032502,E01032502,U
E01011555,E01011555,U
E01011558,E01011558,U
E01025144,E01025144,U
E01025161,E01025161,U
E01003159,E01003159,U
E01011455,E01011455,U
E01025108,E01025108,U
E01025146,E01025146,U
E01003160,E01003160,U
E01011456,E01011456,U
E01025109,E01025109,U
E01025127,E01025127,U
E01003162,E01003162,U
E01003031,E01003031,U
E01003156,E01003156,U
E01003157,E01003157,U
E01003158,E01003158,U
E01003161,E01003161,U
E01003163,E01003163,U
E01003132,E01003132,U
E01003172,E01003172,U
E01003174,E01003174,U
E01003175,E01003175,U
E01003179,E01003179,U
E01003164,E01003164,U
E01003165,E01003165,U
E01003168,E01003168,U
E01003169,E01003169,U
E01003170,E01003170,U
E01003130,E01003130,U
E01003131,E01003131,U
E01003135,E01003135,U
E01003138,E01003138,U
E01003151,E01003151,U
E01003079,E01003079,U
E01003080,E01003080,U
E01003133,E01003133,U
E01003134,E01003134,U
E01003152,E01003152,U
E01003064,E01003064,U
E01003066,E01003066,U
E01003081,E01003081,U
E01003166,E01003166,U
E01003167,E01003167,U
E01003116,E01003116,U
E01003117,E01003117,U
E01003118,E01003118,U
E01003153,E01003153,U
E01003155,E01003155,U
E01003083,E01003083,U
E01003082,E01003082,U
E01003111,E01003111,U
E01011459,E01011459,U
E01025141,E01025141,U
E01025131,E01025131,U
E01011461,E01011461,U
E01003112,E01003112,U
E01025143,E01025143,U
E01003086,E01003086,U
E01025133,E01025133,U
E01011311,E01011311,U
E01003101,E01003101,U
E01025145,E01025145,U
E01003087,E01003087,U
E01011649,E01011649,U
E01003105,E01003105,U
E01025105,E01025105,U
E01011715,E01011715,U
E01003113,E01003113,U
E01025112,E01025112,U
E01003106,E01003106,U
E01011719,E01011719,U
E01003114,E01003114,U
E01025136,E01025136,U
E01025106,E01025106,U
E01003107,E01003107,U
E01011509,E01011509,U
E01003119,E01003119,U
E01025138,E01025138,U
E01025107,E01025107,U
E01003109,E01033863,S
E01011511,E01011511,U
E01003120,E01003120,U
E01025139,E01025139,U
E01025142,E01025142,U
E01003109,E01033862,S
E01011512,E01011512,U
E01003148,E01003148,U
E01025140,E01025140,U
E01025137,E01025137,U
E01003102,E01003102,U
E01011515,E01011515,U
E01003150,E01003150,U
E01025111,E01025111,U
E01025162,E01025162,U
E01003104,E01003104,U
E01011516,E01011516,U
E01003062,E01003062,U
E01025113,E01025113,U
E01025163,E01025163,U
E01003122,E01003122,U
E01011508,E01011508,U
E01003063,E01003063,U
E01025118,E01025118,U
E01025164,E01025164,U
E01003129,E01003129,U
E01011517,E01011517,U
E01003067,E01003067,U
E01025119,E01025119,U
E01025165,E01025165,U
E01033207,E01033864,S
E01011652,E01011652,U
E01011654,E01011654,U
E01011505,E01011505,U
E01011506,E01011506,U
E01011507,E01011507,U
E01011510,E01011510,U
E01011514,E01011514,U
E01011452,E01011452,U
E01011454,E01011454,U
E01011457,E01011457,U
E01011458,E01011458,U
E01011465,E01011465,U
E01011453,E01011453,U
E01011460,E01011460,U
E01011462,E01011462,U
E01011463,E01011463,U
E01011464,E01011464,U
E01011714,E01011714,U
E01011716,E01011716,U
E01011717,E01011717,U
E01011718,E01011718,U
E01011720,E01011720,U
E01011296,E01011296,U
E01011297,E01011297,U
E01011309,E01011309,U
E01025153,E01025153,U
E01003069,E01003069,U
E01033207,E01033865,S
E01025155,E01025155,U
E01025110,E01025110,U
E01003070,E01003070,U
E01033207,E01033866,S
E01025156,E01025156,U
E01025116,E01025116,U
E01003115,E01003115,U
E01033208,E01033208,U
E01025157,E01025157,U
E01025117,E01025117,U
E01003141,E01003141,U
E01003098,E01003098,U
E01011698,E01011698,U
E01025120,E01025120,U
E01003144,E01003144,U
E01003099,E01003099,U
E01011699,E01011699,U
E01025170,E01025170,U
E01003145,E01003145,U
E01003100,E01003100,U
E01011701,E01011701,U
E01025171,E01025171,U
E01003147,E01003147,U
E01011702,E01011702,U
E01025172,E01025172,U
E01011703,E01011703,U
E01003139,E01003139,U
E01003180,E01003180,U
E01011697,E01011697,U
E01003183,E01003183,U
E01003140,E01003140,U
E01011700,E01011700,U
E01003097,E01003097,U
E01025173,E01025173,U
E01003142,E01003142,U
E01011704,E01011704,U
E01003121,E01003121,U
E01025149,E01025149,U
E01003143,E01003143,U
E01011705,E01011705,U
E01003123,E01003123,U
E01025150,E01025150,U
E01003146,E01003146,U
E01011581,E01011581,U
E01003124,E01003124,U
E01025151,E01025151,U
E01003013,E01003013,U
E01011582,E01011582,U
E01003125,E01003125,U
E01025152,E01025152,U
E01003014,E01003014,U
E01011583,E01011583,U
E01003181,E01003181,U
E01025154,E01025154,U
E01003016,E01003016,U
E01011584,E01011584,U
E01003184,E01003184,U
E01025091,E01025091,U
E01003017,E01003017,U
E01011569,E01011569,U
E01003185,E01003185,U
E01025092,E01025092,U
E01032582,E01032582,U
E01011571,E01011571,U
E01003186,E01003186,U
E01025095,E01025095,U
E01025088,E01025088,U
E01011572,E01011572,U
E01003187,E01003187,U
E01025126,E01025126,U
E01025096,E01025096,U
E01011573,E01011573,U
E01003089,E01003089,U
E01003091,E01003091,U
E01003092,E01003092,U
E01003126,E01003126,U
E01003128,E01003128,U
E01003046,E01003046,U
E01003048,E01003048,U
E01003075,E01003075,U
E01003182,E01003182,U
E01003188,E01003188,U
E01003088,E01003088,U
E01003093,E01003093,U
E01011574,E01011574,U
E01011707,E01011707,U
E01011709,E01011709,U
E01011710,E01011710,U
E01011711,E01011711,U
E01011712,E01011712,U
E01011561,E01011561,U
E01011696,E01011696,U
E01011706,E01011706,U
E01025097,E01025097,U
E01025098,E01025098,U
E01025148,E01025148,U
E01025168,E01025168,U
E01025169,E01025169,U
E01025130,E01025130,U
E01025132,E01025132,U
E01025166,E01025166,U
E01025167,E01025167,U
E01025089,E01025089,U
E01025090,E01025090,U
E01025158,E01025158,U
E01025159,E01025159,U
E01025093,E01025093,U
E01025094,E01025094,U
E01025099,E01025099,U
E01033071,E01033071,U
E01033073,E01033073,U
E01025125,E01034763,M
E01025128,E01025128,U
E01025129,E01034763,M
E01025147,E01025147,U
E01025114,E01025114,U
E01025115,E01025115,U
E01025121,E01025121,U
E01025122,E01025122,U
E01025123,E01025123,U
E01025124,E01025124,U
E01032500,E01032500,U
E01032606,E01032606,U
E01011317,E01011317,U
E01032607,E01032607,U
E01032608,E01032608,U
E01011318,E01011318,U
E01011608,E01011608,U
E01011321,E01011321,U
E01011609,E01011609,U
E01011369,E01011369,U
E01011610,E01011610,U
E01011313,E01011313,U
E01011611,E01011611,U
E01011314,E01011314,U
E01011614,E01011614,U
E01011319,E01011319,U
E01011413,E01011413,U
E01011320,E01011320,U
E01011415,E01011415,U
E01011322,E01011322,U
E01011416,E01011416,U
E01011471,E01011471,U
E01011417,E01011417,U
E01011472,E01011472,U
E01011420,E01011420,U
E01011473,E01011473,U
E01011615,E01011615,U
E01011474,E01011474,U
E01011617,E01011617,U
E01011518,E01011518,U
E01011618,E01011618,U
E01011524,E01011524,U
E01011621,E01011621,U
E01011526,E01011526,U
E01011284,E01011284,U
E01011531,E01011531,U
E01011292,E01011292,U
E01011466,E01011466,U
E01011293,E01011293,U
E01011469,E01011469,U
E01011294,E01011294,U
E01011475,E01011475,U
E01011363,E01011363,U
E01011476,E01011476,U
E01011616,E01011616,U
E01011519,E01011519,U
E01011620,E01011620,U
E01011522,E01011522,U
E01011622,E01011622,U
E01011525,E01011525,U
E01011624,E01011624,U
E01011411,E01011411,U
E01011414,E01011414,U
E01011418,E01011418,U
E01011419,E01011419,U
E01011396,E01011396,U
E01011399,E01011399,U
E01011400,E01011400,U
E01011403,E01011403,U
E01011623,E01011623,U
E01011625,E01011625,U
E01011626,E01011626,U
E01033021,E01033021,U
E01033033,E01033033,U
E01033034,E01033034,U
E01011602,E01011602,U
E01011603,E01011603,U
E01011605,E01011605,U
E01011606,E01011606,U
E01011613,E01011613,U
E01011397,E01011397,U
E01011398,E01011398,U
E01011401,E01011401,U
E01011404,E01011404,U
E01011405,E01011405,U
E01011481,E01011481,U
E01011310,E01011310,U
E01011639,E01011639,U
E01011435,E01011435,U
E01011668,E01011668,U
E01011528,E01011528,U
E01011513,E01011513,U
E01011482,E01011482,U
E01011725,E01011725,U
E01011669,E01011669,U
E01011532,E01011532,U
E01011440,E01011440,U
E01011491,E01011491,U
E01011688,E01011688,U
E01011483,E01011483,U
E01011729,E01011729,U
E01032946,E01032946,U
E01011520,E01011520,U
E01011441,E01011441,U
E01011492,E01011492,U
E01011689,E01011689,U
E01011406,E01011406,U
E01011730,E01011730,U
E01033008,E01033008,U
E01011521,E01011521,U
E01032945,E01035040,S
E01011493,E01011493,U
E01011691,E01011691,U
E01011407,E01011407,U
E01011735,E01011735,U
E01033010,E01033010,U
E01011523,E01011523,U
E01032945,E01035041,S
E01011494,E01011494,U
E01011497,E01011497,U
E01011540,E01011540,U
E01032489,E01032489,U
E01032490,E01032490,U
E01032491,E01032491,U
E01032492,E01032492,U
E01011307,E01011307,U
E01011308,E01011308,U
E01011393,E01011393,U
E01011394,E01011394,U
E01011395,E01011395,U
E01011533,E01011533,U
E01011541,E01011541,U
E01011545,E01011545,U
E01011547,E01011547,U
E01011499,E01035052,S
E01011499,E01035053,S
E01011500,E01011500,U
E01032495,E01035051,S
E01032495,E01035050,S
E01032496,E01032496,U
E01011530,E01011530,U
E01011534,E01011534,U
E01011546,E01011546,U
E01011548,E01011548,U
E01011550,E01011550,U
E01011537,E01011537,U
E01011538,E01011538,U
E01011551,E01011551,U
E01011552,E01011552,U
E01011535,E01011535,U
E01011536,E01011536,U
E01011549,E01011549,U
E01011553,E01011553,U
E01011685,E01011685,U
E01011687,E01011687,U
E01011690,E01011690,U
E01011692,E01011692,U
E01011693,E01011693,U
E01011694,E01011694,U
E01032876,E01032876,U
E01011442,E01011442,U
E01011443,E01011443,U
E01011444,E01011444,U
E01011451,E01011451,U
E01011600,E01011600,U
E01011527,E01011527,U
E01011601,E01011601,U
E01011408,E01011408,U
E01011604,E01011604,U
E01011529,E01011529,U
E01011409,E01011409,U
E01033011,E01033011,U
E01011477,E01011477,U
E01011635,E01011635,U
E01011410,E01011410,U
E01033015,E01033015,U
E01011504,E01011504,U
E01011607,E01011607,U
E01033016,E01033016,U
E01011637,E01011637,U
E01011612,E01011612,U
E01011641,E01011641,U
E01011412,E01011412,U
E01011467,E01011467,U
E01011480,E01011480,U
E01011638,E01011638,U
E01011726,E01011726,U
E01011642,E01011642,U
E01011331,E01011331,U
E01011468,E01011468,U
E01011488,E01011488,U
E01032487,E01032487,U
E01011727,E01011727,U
E01011645,E01011645,U
E01011334,E01011334,U
E01011470,E01011470,U
E01011489,E01011489,U
E01032488,E01032488,U
E01011728,E01011728,U
E01011484,E01011484,U
E01011485,E01011485,U
E01011686,E01011686,U
E01032493,E01032493,U
E01032494,E01032494,U
E01011350,E01011350,U
E01011351,E01011351,U
E01011352,E01011352,U
E01011353,E01011353,U
E01011656,E01011656,U
E01011657,E01011657,U
E01011659,E01011659,U
E01011661,E01011661,U
E01011643,E01011643,U
E01011644,E01011644,U
E01011646,E01011646,U
E01011647,E01011647,U
E01011648,E01011648,U
E01011354,E01011354,U
E01011355,E01011355,U
E01011357,E01011357,U
E01011450,E01011450,U
E01011588,E01011588,U
E01011589,E01011589,U
E01011590,E01011590,U
E01011592,E01011592,U
E01011593,E01011593,U
E01011421,E01011421,U
E01011425,E01011425,U
E01011658,E01011658,U
E01011660,E01011660,U
E01011662,E01011662,U
E01011721,E01011721,U
E01011722,E01011722,U
E01011723,E01011723,U
E01011724,E01011724,U
E01011356,E01011356,U
E01011358,E01011358,U
E01011359,E01011359,U
E01011360,E01011360,U
E01011361,E01011361,U
E01011627,E01011627,U
E01011628,E01011628,U
E01011629,E01011629,U
E01011632,E01011632,U
E01011633,E01011633,U
E01011324,E01011324,U
E01011490,E01035048,S
E01011490,E01035049,S
E01011325,E01011325,U
E01011502,E01011502,U
E01033018,E01035054,M
E01011326,E01011326,U
E01011336,E01011336,U
E01032497,E01032497,U
E01011739,E01011739,U
E01011337,E01011337,U
E01011332,E01011332,U
E01033019,E01035054,M
E01032498,E01032498,U
E01011281,E01011281,U
E01011362,E01011362,U
E01013615,E01013615,U
E01011423,E01011423,U
E01011496,E01011496,U
E01011282,E01011282,U
E01011731,E01011731,U
E01013616,E01013616,U
E01011424,E01011424,U
E01011630,E01011630,U
E01011283,E01011283,U
E01011732,E01011732,U
E01013618,E01013618,U
E01011427,E01011427,U
E01011634,E01011634,U
E01011286,E01011286,U
E01011733,E01011733,U
E01013619,E01013619,U
E01011431,E01011431,U
E01011636,E01011636,U
E01011295,E01011295,U
E01013733,E01013733,U
E01011422,E01011422,U
E01011426,E01011426,U
E01011339,E01011339,U
E01013734,E01013734,U
E01011366,E01011366,U
E01013735,E01013735,U
E01011368,E01011368,U
E01011340,E01011340,U
E01013736,E01013736,U
E01011370,E01011370,U
E01011428,E01011428,U
E01011342,E01011342,U
E01013737,E01013737,U
E01033013,E01033013,U
E01011429,E01011429,U
E01011346,E01011346,U
E01013600,E01013600,U
E01033032,E01035046,S
E01011663,E01011663,U
E01011341,E01011341,U
E01013601,E01013601,U
E01033032,E01035047,S
E01011664,E01011664,U
E01011343,E01011343,U
E01013602,E01013602,U
E01011734,E01011734,U
E01011665,E01011665,U
E01011345,E01011345,U
E01013603,E01013603,U
E01011736,E01011736,U
E01011667,E01011667,U
E01011666,E01011666,U
E01013604,E01013604,U
E01011737,E01011737,U
E01011323,E01011323,U
E01011585,E01011585,U
E01013605,E01013605,U
E01011738,E01011738,U
E01011329,E01011329,U
E01011587,E01011587,U
E01013617,E01013617,U
E01011364,E01011364,U
E01011330,E01011330,U
E01011594,E01011594,U
E01013620,E01013620,U
E01011371,E01011371,U
E01011333,E01011333,U
E01011596,E01011596,U
E01013621,E01013621,U
E01013622,E01013622,U
E01013623,E01013623,U
E01013732,E01013732,U
E01013739,E01013739,U
E01013740,E01013740,U
E01013741,E01013741,U
E01013625,E01013625,U
E01013628,E01013628,U
E01013715,E01013715,U
E01013716,E01034008,S
E01013716,E01034009,S
E01013738,E01013738,U
E01013624,E01013624,U
E01013626,E01013626,U
E01013627,E01013627,U
E01013629,E01013629,U
E01013630,E01013630,U
E01013606,E01013606,U
E01013607,E01034010,S
E01011598,E01011598,U
E01011678,E01011678,U
E01011681,E01011681,U
E01033006,E01035044,S
E01033006,E01035045,S
E01011338,E01011338,U
E01011673,E01011673,U
E01011677,E01011677,U
E01033031,E01033031,U
E01033035,E01033035,U
E01011344,E01011344,U
E01011347,E01011347,U
E01011348,E01011348,U
E01011349,E01011349,U
E01011586,E01011586,U
E01011595,E01011595,U
E01011597,E01011597,U
E01011599,E01011599,U
E01011287,E01011287,U
E01032499,E01032499,U
E01011327,E01011327,U
E01011328,E01011328,U
E01011335,E01011335,U
E01011591,E01011591,U
E01011430,E01011430,U
E01011432,E01011432,U
E01011433,E01011433,U
E01011434,E01011434,U
E01011445,E01011445,U
E01011446,E01011446,U
E01011447,E01011447,U
E01011448,E01011448,U
E01011449,E01011449,U
E01011670,E01011670,U
E01011671,E01011671,U
E01033002,E01033002,U
E01033003,E01033003,U
E01033005,E01035042,S
E01033005,E01035043,S
E01011478,E01011478,U
E01011479,E01011479,U
E01011373,E01011373,U
E01011374,E01011374,U
E01011312,E01011312,U
E01011316,E01011316,U
E01011372,E01011372,U
E01011375,E01011375,U
E01011390,E01011390,U
E01011391,E01011391,U
E01011392,E01011392,U
E01011402,E01011402,U
E01011298,E01011298,U
E01011299,E01011299,U
E01011302,E01011302,U
E01011303,E01011303,U
E01011300,E01011300,U
E01011301,E01011301,U
E01011304,E01011304,U
E01011305,E01011305,U
E01011306,E01011306,U
E01011315,E01011315,U
E01013641,E01013641,U
E01013635,E01013635,U
E01013636,E01013636,U
E01013775,E01034015,S
E01013775,E01034016,S
E01013777,E01013777,U
E01013642,E01013642,U
E01013643,E01013643,U
E01013649,E01013649,U
E01013650,E01013650,U
E01013702,E01013702,U
E01013710,E01013710,U
E01013711,E01013711,U
E01013613,E01013613,U
E01013614,E01013614,U
E01013687,E01013687,U
E01013688,E01013688,U
E01013703,E01013703,U
E01013704,E01013704,U
E01013706,E01013706,U
E01013707,E01013707,U
E01013712,E01013712,U
E01013608,E01013608,U
E01013609,E01013609,U
E01013610,E01013610,U
E01013611,E01013611,U
E01013612,E01013612,U
E01013678,E01013678,U
E01013679,E01013679,U
E01013661,E01013661,U
E01013691,E01013691,U
E01013692,E01013692,U
E01013693,E01013693,U
E01013673,E01013673,U
E01013674,E01013674,U
E01013675,E01013675,U
E01013676,E01013676,U
E01013677,E01013677,U
E01013695,E01034017,S
E01013695,E01034018,S
E01013698,E01013698,U
E01013767,E01013767,U
E01013768,E01013768,U
E01013772,E01013772,U
E01032597,E01032597,U
E01013689,E01013689,U
E01013690,E01013690,U
E01013705,E01013705,U
E01013709,E01013709,U
E01032599,E01032599,U
E01013722,E01013722,U
E01003287,E01003287,U
E01013607,E01034011,S
E01021046,E01021046,U
E01003340,E01003340,U
E01013664,E01013664,U
E01003341,E01003341,U
E01021047,E01021047,U
E01013665,E01013665,U
E01003343,E01003343,U
E01021048,E01021048,U
E01003292,E01003292,U
E01013667,E01013667,U
E01003199,E01003199,U
E01021044,E01021044,U
E01003293,E01003293,U
E01013607,E01034012,S
E01013668,E01013668,U
E01003201,E01003201,U
E01021049,E01021049,U
E01021050,E01021050,U
E01021051,E01021051,U
E01021058,E01021058,U
E01021059,E01021059,U
E01021060,E01021060,U
E01021062,E01021062,U
E01021069,E01021069,U
E01021075,E01021075,U
E01021077,E01021077,U
E01021081,E01021081,U
E01021082,E01021082,U
E01021083,E01021083,U
E01021072,E01021072,U
E01021073,E01021073,U
E01021074,E01021074,U
E01021076,E01021076,U
E01021078,E01021078,U
E01021070,E01021070,U
E01021071,E01021071,U
E01021079,E01021079,U
E01021080,E01021080,U
E01003244,E01003244,U
E01003245,E01003245,U
E01003247,E01003247,U
E01003249,E01003249,U
E01003250,E01034387,S
E01003250,E01034388,S
E01003250,E01034389,S
E01003246,E01003246,U
E01003248,E01003248,U
E01003251,E01003251,U
E01003252,E01003252,U
E01003253,E01003253,U
E01003297,E01003297,U
E01003299,E01003299,U
E01003301,E01003301,U
E01003302,E01003302,U
E01003305,E01003305,U
E01003207,E01003207,U
E01003209,E01003209,U
E01003210,E01003210,U
E01003212,E01003212,U
E01003215,E01003215,U
E01003338,E01003338,U
E01003339,E01003339,U
E01003310,E01003310,U
E01013727,E01013727,U
E01013729,E01013729,U
E01013730,E01013730,U
E01013680,E01013680,U
E01013780,E01013780,U
E01003311,E01003311,U
E01003204,E01003204,U
E01003295,E01003295,U
E01013685,E01013685,U
E01013731,E01013731,U
E01003312,E01003312,U
E01013783,E01013783,U
E01033320,E01033320,U
E01003205,E01003205,U
E01032602,E01032602,U
E01003313,E01003313,U
E01013686,E01013686,U
E01013785,E01013785,U
E01033322,E01033322,U
E01003206,E01003206,U
E01013646,E01034021,S
E01003256,E01003256,U
E01013696,E01013696,U
E01013786,E01013786,U
E01003319,E01003319,U
E01003211,E01003211,U
E01013646,E01034019,S
E01003257,E01003257,U
E01013697,E01034024,S
E01003213,E01003213,U
E01013662,E01013662,U
E01013647,E01034020,M
E01003320,E01003320,U
E01003258,E01003258,U
E01013697,E01034025,S
E01013663,E01013663,U
E01003259,E01003259,U
E01003323,E01003323,U
E01003214,E01003214,U
E01013699,E01013699,U
E01013648,E01013648,U
E01013747,E01013747,U
E01003193,E01003193,U
E01003325,E01003325,U
E01033324,E01033324,U
E01032862,E01032862,U
E01032875,E01034020,M
E01013749,E01013749,U
E01003194,E01003194,U
E01003226,E01003226,U
E01033325,E01033325,U
E01032863,E01032863,U
E01032867,E01034022,S
E01013750,E01013750,U
E01003195,E01003195,U
E01003227,E01003227,U
E01003198,E01003198,U
E01032865,E01032865,U
E01032867,E01034023,S
E01013758,E01013758,U
E01003196,E01003196,U
E01003228,E01003228,U
E01003200,E01003200,U
E01013713,E01013713,U
E01032868,E01032868,U
E01013751,E01013751,U
E01003197,E01003197,U
E01003229,E01003229,U
E01003202,E01003202,U
E01013714,E01013714,U
E01032872,E01032872,U
E01013752,E01013752,U
E01003347,E01003347,U
E01003230,E01003230,U
E01003203,E01003203,U
E01013717,E01013717,U
E01032873,E01032873,U
E01021022,E01021022,U
E01021024,E01021024,U
E01021025,E01021025,U
E01021052,E01021052,U
E01021053,E01021053,U
E01021023,E01021023,U
E01021026,E01021026,U
E01021032,E01021032,U
E01021067,E01021067,U
E01021068,E01021068,U
E01021033,E01021033,U
E01021034,E01021034,U
E01021035,E01021035,U
E01021036,E01021036,U
E01021037,E01021037,U
E01021038,E01021038,U
E01021054,E01021054,U
E01021055,E01021055,U
E01021056,E01021056,U
E01021057,E01021057,U
E01021039,E01021039,U
E01021040,E01021040,U
E01021041,E01021041,U
E01021042,E01021042,U
E01021043,E01021043,U
E01021027,E01021027,U
E01021028,E01021028,U
E01021029,E01021029,U
E01021030,E01021030,U
E01021031,E01021031,U
E01021061,E01021061,U
E01021063,E01021063,U
E01021064,E01021064,U
E01021065,E01021065,U
E01021066,E01021066,U
E01021045,E01021045,U
E01013753,E01013753,U
E01003336,E01003336,U
E01003317,E01034390,S
E01003348,E01003348,U
E01013760,E01013760,U
E01003337,E01003337,U
E01003317,E01034391,S
E01003350,E01003350,U
E01013761,E01013761,U
E01003342,E01003342,U
E01013718,E01013718,U
E01003318,E01003318,U
E01003352,E01003352,U
E01003344,E01003344,U
E01013762,E01013762,U
E01003321,E01003321,U
E01013719,E01013719,U
E01003353,E01003353,U
E01003322,E01003322,U
E01013774,E01013774,U
E01003345,E01003345,U
E01013720,E01013720,U
E01003264,E01003264,U
E01003324,E01003324,U
E01013776,E01013776,U
E01003273,E01003273,U
E01013651,E01013651,U
E01003265,E01003265,U
E01003254,E01003254,U
E01013778,E01034013,S
E01003277,E01003277,U
E01013652,E01013652,U
E01003266,E01003266,U
E01003255,E01003255,U
E01013778,E01034014,S
E01003278,E01003278,U
E01013653,E01013653,U
E01003267,E01003267,U
E01003260,E01003260,U
E01013779,E01013779,U
E01003279,E01003279,U
E01013655,E01013655,U
E01003329,E01003329,U
E01003261,E01003261,U
E01013781,E01013781,U
E01003288,E01003288,U
E01013721,E01013721,U
E01003330,E01003330,U
E01003262,E01003262,U
E01013782,E01013782,U
E01003290,E01003290,U
E01013723,E01013723,U
E01003331,E01003331,U
E01003217,E01003217,U
E01013784,E01013784,U
E01003291,E01003291,U
E01013725,E01013725,U
E01003332,E01003332,U
E01003218,E01003218,U
E01013666,E01013666,U
E01003296,E01034392,S
E01003296,E01034393,S
E01003296,E01034394,S
E01003296,E01034395,S
E01033327,E01033327,U
E01033341,E01033341,U
E01003282,E01003282,U
E01003283,E01003283,U
E01003284,E01003284,U
E01003286,E01003286,U
E01003272,E01003272,U
E01003274,E01003274,U
E01003275,E01003275,U
E01003276,E01003276,U
E01003225,E01003225,U
E01003231,E01003231,U
E01003232,E01003232,U
E01003233,E01003233,U
E01003280,E01003280,U
E01003281,E01003281,U
E01003285,E01003285,U
E01013726,E01013726,U
E01013669,E01013669,U
E01003334,E01003334,U
E01013728,E01013728,U
E01013670,E01013670,U
E01003189,E01003189,U
E01013694,E01013694,U
E01013671,E01013671,U
E01003190,E01003190,U
E01013700,E01013700,U
E01003220,E01003220,U
E01013672,E01013672,U
E01003191,E01003191,U
E01013770,E01013770,U
E01003222,E01003222,U
E01013631,E01013631,U
E01003192,E01003192,U
E01013771,E01013771,U
E01003224,E01003224,U
E01013632,E01013632,U
E01003326,E01003326,U
E01013773,E01013773,U
E01003263,E01003263,U
E01013638,E01013638,U
E01003327,E01003327,U
E01013681,E01013681,U
E01013682,E01013682,U
E01013683,E01013683,U
E01013684,E01013684,U
E01013654,E01013654,U
E01013656,E01013656,U
E01013657,E01013657,U
E01013658,E01013658,U
E01013659,E01013659,U
E01013743,E01013743,U
E01013745,E01013745,U
E01013742,E01013742,U
E01013744,E01013744,U
E01013746,E01013746,U
E01013748,E01013748,U
E01013754,E01013754,U
E01013755,E01013755,U
E01013660,E01013660,U
E01003268,E01003268,U
E01013640,E01013640,U
E01003328,E01003328,U
E01003269,E01003269,U
E01013756,E01013756,U
E01003333,E01003333,U
E01003270,E01003270,U
E01013757,E01013757,U
E01003335,E01003335,U
E01003271,E01003271,U
E01013759,E01013759,U
E01003236,E01003236,U
E01003307,E01003307,U
E01013763,E01013763,U
E01003237,E01003237,U
E01003308,E01003308,U
E01013764,E01013764,U
E01003238,E01003238,U
E01003314,E01003314,U
E01013765,E01013765,U
E01003239,E01003239,U
E01003315,E01003315,U
E01013766,E01013766,U
E01032564,E01032564,U
E01003316,E01003316,U
E01013633,E01013633,U
E01003235,E01003235,U
E01003216,E01003216,U
E01013634,E01013634,U
E01003240,E01003240,U
E01003219,E01003219,U
E01013637,E01013637,U
E01003241,E01003241,U
E01003221,E01003221,U
E01013639,E01013639,U
E01003243,E01003243,U
E01003223,E01003223,U
E01032565,E01032565,U
E01003346,E01003346,U
E01003298,E01003298,U
E01003349,E01003349,U
E01003300,E01003300,U
E01003351,E01003351,U
E01003303,E01003303,U
E01003354,E01003354,U
E01003304,E01003304,U
E01003309,E01003309,U
E01026133,E01034692,S
E01032579,E01032579,U
E01026135,E01026135,U
E01026136,E01026136,U
E01029480,E01029480,U
E01026174,E01026174,U
E01029481,E01034099,S
E01026130,E01026130,U
E01029481,E01034100,S
E01026158,E01026158,U
E01029482,E01029482,U
E01026159,E01026159,U
E01029498,E01029498,U
E01026160,E01026160,U
E01029477,E01029477,U
E01026162,E01026162,U
E01029478,E01029478,U
E01026163,E01026163,U
E01029479,E01034101,S
E01026161,E01026161,U
E01029479,E01034102,S
E01026170,E01026170,U
E01029509,E01029509,U
E01026172,E01026172,U
E01029486,E01029486,U
E01026173,E01026173,U
E01029507,E01029507,U
E01026175,E01026175,U
E01006625,E01006625,U
E01006583,E01006583,U
E01029508,E01029508,U
E01029515,E01029515,U
E01029492,E01029492,U
E01029499,E01029499,U
E01029501,E01029501,U
E01029526,E01029526,U
E01032899,E01032899,U
E01032900,E01032900,U
E01029483,E01029483,U
E01029484,E01029484,U
E01029485,E01029485,U
E01029500,E01029500,U
E01029520,E01029520,U
E01029524,E01029524,U
E01029525,E01029525,U
E01029487,E01029487,U
E01029493,E01029493,U
E01029494,E01029494,U
E01029495,E01029495,U
E01029497,E01034103,S
E01029497,E01034104,S
E01029491,E01029491,U
E01029511,E01029511,U
E01029512,E01029512,U
E01029518,E01029518,U
E01029519,E01029519,U
E01029516,E01029516,U
E01029517,E01029517,U
E01029530,E01034105,S
E01029530,E01034106,S
E01029531,E01029531,U
E01029475,E01029475,U
E01029476,E01029476,U
E01029489,E01029489,U
E01029490,E01029490,U
E01029505,E01029505,U
E01029506,E01029506,U
E01006515,E01034403,S
E01006571,E01006571,U
E01006788,E01006788,U
E01029496,E01029496,U
E01006594,E01006594,U
E01006796,E01006796,U
E01006522,E01006522,U
E01006524,E01006524,U
E01026137,E01026137,U
E01006526,E01006526,U
E01029527,E01029527,U
E01026138,E01026138,U
E01006529,E01006529,U
E01006551,E01006551,U
E01006554,E01006554,U
E01006525,E01006525,U
E01006595,E01006595,U
E01006596,E01006596,U
E01006689,E01006689,U
E01006633,E01006633,U
E01032505,E01032505,U
E01032506,E01032506,U
E01032507,E01032507,U
E01033748,E01033748,U
E01033767,E01033767,U
E01006793,E01006793,U
E01006795,E01006795,U
E01006797,E01006797,U
E01006798,E01006798,U
E01006799,E01006799,U
E01006521,E01006521,U
E01006523,E01006523,U
E01006528,E01006528,U
E01006628,E01006628,U
E01006629,E01006629,U
E01006527,E01006527,U
E01006680,E01006680,U
E01006682,E01006682,U
E01006683,E01006683,U
E01006686,E01006686,U
E01006534,E01006534,U
E01006535,E01006535,U
E01006536,E01006536,U
E01006681,E01006681,U
E01006530,E01006530,U
E01006531,E01006531,U
E01006533,E01006533,U
E01006537,E01006537,U
E01006538,E01006538,U
E01006519,E01006519,U
E01006684,E01006684,U
E01006685,E01006685,U
E01006687,E01006687,U
E01006688,E01006688,U
E01006740,E01006740,U
E01006742,E01006742,U
E01006673,E01006673,U
E01006711,E01006711,U
E01006626,E01006626,U
E01006790,E01006790,U
E01026139,E01026139,U
E01033757,E01033757,U
E01026140,E01026140,U
E01033768,E01033768,U
E01026141,E01026141,U
E01006550,E01006550,U
E01026142,E01026142,U
E01006717,E01006717,U
E01026169,E01026169,U
E01029528,E01029528,U
E01006791,E01006791,U
E01006718,E01006718,U
E01026171,E01026171,U
E01006637,E01006637,U
E01006557,E01006557,U
E01029529,E01029529,U
E01006665,E01006665,U
E01006719,E01006719,U
E01006651,E01006651,U
E01006638,E01006638,U
E01006721,E01006721,U
E01029513,E01029513,U
E01006666,E01006666,U
E01032508,E01032508,U
E01006653,E01006653,U
E01006639,E01006639,U
E01006644,E01006644,U
E01006645,E01006645,U
E01006542,E01006542,U
E01006558,E01006558,U
E01006562,E01006562,U
E01033747,E01033747,U
E01006545,E01006545,U
E01006546,E01006546,U
E01006547,E01006547,U
E01006548,E01006548,U
E01006766,E01006766,U
E01006767,E01006767,U
E01006606,E01006606,U
E01006761,E01006761,U
E01006763,E01006763,U
E01006764,E01006764,U
E01006765,E01006765,U
E01006768,E01006768,U
E01006617,E01006617,U
E01006619,E01006619,U
E01006620,E01006620,U
E01006621,E01006621,U
E01006622,E01006622,U
E01006640,E01006640,U
E01006776,E01006776,U
E01006779,E01006779,U
E01033764,E01034398,S
E01033764,E01034399,S
E01033764,E01034400,S
E01006560,E01006560,U
E01006564,E01006564,U
E01006646,E01006646,U
E01006648,E01006648,U
E01006540,E01006540,U
E01006563,E01006563,U
E01006647,E01006647,U
E01006693,E01006693,U
E01006572,E01006572,U
E01006574,E01006574,U
E01006641,E01006641,U
E01006642,E01006642,U
E01006643,E01006643,U
E01006567,E01006567,U
E01006568,E01006568,U
E01006570,E01006570,U
E01006667,E01006667,U
E01006655,E01006655,U
E01032509,E01032509,U
E01006722,E01006722,U
E01006668,E01006668,U
E01006658,E01006658,U
E01006690,E01006690,U
E01006692,E01006692,U
E01029514,E01029514,U
E01006660,E01006660,U
E01006695,E01006695,U
E01006723,E01006723,U
E01029521,E01029521,U
E01006670,E01006670,U
E01006759,E01006759,U
E01006652,E01006652,U
E01006724,E01006724,U
E01029522,E01029522,U
E01006607,E01006607,U
E01006760,E01006760,U
E01006656,E01006656,U
E01006552,E01006552,U
E01029523,E01029523,U
E01006612,E01006612,U
E01006565,E01006565,U
E01006657,E01006657,U
E01006556,E01006556,U
E01029488,E01029488,U
E01006729,E01006729,U
E01006569,E01006569,U
E01006780,E01006780,U
E01006674,E01006674,U
E01029502,E01029502,U
E01032510,E01032510,U
E01006573,E01006573,U
E01006783,E01006783,U
E01006679,E01006679,U
E01029503,E01029503,U
E01032511,E01032511,U
E01006712,E01006712,U
E01006781,E01006781,U
E01006709,E01006709,U
E01029504,E01029504,U
E01006608,E01006608,U
E01006713,E01006713,U
E01006782,E01006782,U
E01006769,E01006769,U
E01026149,E01026149,U
E01006609,E01006609,U
E01006691,E01006691,U
E01006784,E01006784,U
E01006785,E01006785,U
E01006786,E01006786,U
E01006661,E01006661,U
E01006662,E01006662,U
E01006663,E01006663,U
E01006664,E01006664,U
E01006669,E01006669,U
E01006654,E01006654,U
E01006659,E01006659,U
E01006734,E01006734,U
E01006735,E01006735,U
E01006736,E01006736,U
E01006737,E01006737,U
E01006787,E01006787,U
E01006770,E01006770,U
E01006610,E01006610,U
E01026150,E01026150,U
E01006771,E01006771,U
E01006613,E01006613,U
E01006694,E01006694,U
E01026166,E01026166,U
E01006772,E01006772,U
E01006705,E01006705,U
E01006696,E01006696,U
E01026168,E01026168,U
E01006775,E01006775,U
E01006598,E01006598,U
E01006697,E01006697,U
E01026153,E01026153,U
E01006582,E01006582,U
E01006599,E01006599,U
E01006746,E01006746,U
E01026155,E01026155,U
E01006589,E01006589,U
E01006672,E01006672,U
E01006512,E01006512,U
E01026157,E01026157,U
E01006591,E01006591,U
E01033759,E01034396,S
E01006747,E01006747,U
E01026165,E01026165,U
E01006592,E01006592,U
E01033759,E01034397,S
E01006748,E01006748,U
E01026125,E01026125,U
E01006597,E01006597,U
E01006600,E01006600,U
E01026144,E01026144,U
E01006553,E01006553,U
E01006603,E01006603,U
E01006751,E01006751,U
E01033763,E01033763,U
E01006730,E01006730,U
E01026147,E01026147,U
E01006566,E01006566,U
E01006588,E01006588,U
E01006731,E01006731,U
E01026148,E01026148,U
E01006585,E01006585,U
E01006590,E01006590,U
E01006732,E01006732,U
E01026151,E01026151,U
E01006586,E01006586,U
E01006593,E01006593,U
E01006611,E01006611,U
E01026164,E01026164,U
E01006587,E01006587,U
E01033749,E01034404,M
E01006614,E01006614,U
E01026167,E01026167,U
E01006716,E01006716,U
E01033766,E01034404,M
E01006615,E01006615,U
E01026122,E01026122,U
E01006575,E01006575,U
E01006520,E01006520,U
E01006698,E01006698,U
E01026123,E01026123,U
E01006576,E01006576,U
E01006549,E01006549,U
E01006700,E01006700,U
E01026124,E01026124,U
E01006577,E01006577,U
E01006675,E01006675,U
E01006623,E01006623,U
E01026126,E01026126,U
E01006579,E01006579,U
E01006677,E01006677,U
E01006624,E01006624,U
E01026152,E01026152,U
E01006584,E01006584,U
E01006518,E01006518,U
E01006627,E01006627,U
E01006720,E01034401,M
E01006630,E01006630,U
E01006725,E01006725,U
E01006671,E01006671,U
E01026154,E01026154,U
E01006726,E01006726,U
E01026156,E01026156,U
E01006699,E01006699,U
E01006727,E01006727,U
E01026132,E01026132,U
E01006632,E01006632,U
E01006701,E01006701,U
E01006728,E01006728,U
E01026143,E01034687,S
E01006676,E01006676,U
E01006702,E01006702,U
E01006752,E01034401,M
E01026143,E01034688,S
E01006678,E01006678,U
E01006703,E01006703,U
E01006578,E01006578,U
E01026145,E01026145,U
E01006706,E01006706,U
E01006778,E01006778,U
E01006580,E01006580,U
E01026146,E01026146,U
E01006707,E01006707,U
E01006541,E01006541,U
E01006581,E01006581,U
E01026134,E01026134,U
E01006708,E01006708,U
E01006543,E01006543,U
E01006773,E01006773,U
E01026176,E01026176,U
E01006710,E01006710,U
E01006544,E01006544,U
E01006774,E01006774,U
E01026177,E01026177,U
E01006792,E01006792,U
E01006616,E01006616,U
E01006514,E01006514,U
E01026178,E01026178,U
E01006794,E01006794,U
E01006762,E01006762,U
E01006515,E01034402,S
E01026127,E01026127,U
E01006800,E01006800,U
E01006604,E01006604,U
E01026128,E01034689,S
E01006801,E01006801,U
E01006605,E01006605,U
E01006618,E01006618,U
E01006532,E01006532,U
E01026128,E01034690,S
E01006539,E01006539,U
E01026129,E01026129,U
E01026131,E01026131,U
E01026133,E01034691,S
E01005139,E01005139,U
E01005141,E01005141,U
E01005251,E01005251,U
E01005252,E01005252,U
E01033685,E01033685,U
E01033687,E01033687,U
E01005104,E01005104,U
E01005160,E01005160,U
E01005161,E01005161,U
E01005162,E01005162,U
E01005163,E01005163,U
E01005247,E01005247,U
E01005248,E01005248,U
E01005249,E01005249,U
E01005250,E01005250,U
E01005253,E01005253,U
E01005254,E01005254,U
E01005164,E01005164,U
E01005205,E01005205,U
E01005206,E01005206,U
E01005207,E01005207,U
E01005223,E01005223,U
E01005224,E01005224,U
E01005225,E01005225,U
E01005226,E01005226,U
E01005229,E01005229,U
E01005145,E01005145,U
E01005146,E01034109,S
E01005146,E01034110,S
E01005149,E01005149,U
E01024374,E01024374,U
E01005165,E01005165,U
E01005166,E01005166,U
E01005167,E01005167,U
E01005202,E01005202,U
E01005203,E01005203,U
E01005227,E01005227,U
E01005228,E01005228,U
E01033678,E01033678,U
E01033679,E01033679,U
E01005256,E01005256,U
E01005257,E01005257,U
E01005258,E01005258,U
E01005259,E01005259,U
E01005260,E01005260,U
E01005093,E01005093,U
E01005094,E01005094,U
E01005097,E01005097,U
E01005255,E01005255,U
E01005261,E01005261,U
E01005129,E01005129,U
E01015792,E01015792,U
E01032199,E01032199,U
E01015752,E01015752,U
E01015793,E01015793,U
E01015795,E01015795,U
E01024333,E01024333,U
E01024334,E01034990,M
E01024335,E01024335,U
E01024338,E01034990,M
E01024347,E01024347,U
E01024353,E01024353,U
E01024354,E01024354,U
E01024355,E01024355,U
E01024385,E01024385,U
E01024386,E01024386,U
E01024320,E01024320,U
E01024321,E01024321,U
E01024322,E01024322,U
E01024323,E01024323,U
E01024324,E01024324,U
E01024341,E01024341,U
E01024352,E01024352,U
E01024382,E01024382,U
E01024383,E01024383,U
E01024384,E01024384,U
E01033090,E01034991,S
E01033090,E01034992,S
E01032223,E01032223,U
E01033092,E01033092,U
E01024330,E01024330,U
E01032179,E01032179,U
E01024336,E01024336,U
E01015753,E01015753,U
E01032180,E01032180,U
E01015754,E01015754,U
E01024337,E01024337,U
E01024401,E01024401,U
E01032182,E01032182,U
E01015755,E01015755,U
E01024348,E01024348,U
E01024403,E01024403,U
E01032183,E01032183,U
E01015762,E01015762,U
E01015764,E01015764,U
E01024351,E01024351,U
E01006744,E01006744,U
E01024371,E01024371,U
E01032194,E01032194,U
E01024407,E01024407,U
E01015765,E01015765,U
E01015763,E01015763,U
E01024339,E01024339,U
E01024392,E01024392,U
E01006745,E01006745,U
E01032195,E01032195,U
E01015721,E01015721,U
E01006738,E01006738,U
E01024408,E01024408,U
E01006739,E01006739,U
E01015722,E01015722,U
E01032196,E01032196,U
E01015766,E01015766,U
E01024340,E01024340,U
E01024393,E01024393,U
E01015806,E01015806,U
E01032197,E01032197,U
E01024395,E01024395,U
E01024356,E01024356,U
E01015808,E01015808,U
E01015767,E01015767,U
E01006741,E01006741,U
E01032205,E01032205,U
E01024409,E01024409,U
E01024396,E01024396,U
E01024373,E01024373,U
E01015809,E01015809,U
E01015768,E01015768,U
E01006743,E01006743,U
E01032206,E01032206,U
E01015810,E01015810,U
E01006753,E01006753,U
E01024361,E01024361,U
E01021908,E01021908,U
E01033087,E01033087,U
E01032207,E01032207,U
E01021909,E01021909,U
E01024362,E01024362,U
E01006754,E01006754,U
E01015811,E01015811,U
E01015783,E01015783,U
E01015703,E01015703,U
E01032217,E01032217,U
E01006755,E01006755,U
E01015785,E01015785,U
E01015726,E01015726,U
E01024363,E01034993,S
E01021910,E01021910,U
E01033091,E01033091,U
E01032188,E01032188,U
E01006756,E01006756,U
E01015693,E01015693,U
E01015731,E01015731,U
E01024363,E01034994,S
E01021911,E01021911,U
E01024326,E01024326,U
E01032189,E01032189,U
E01006757,E01006757,U
E01015694,E01015694,U
E01015787,E01015787,U
E01024387,E01024387,U
E01021882,E01021882,U
E01024327,E01024327,U
E01032220,E01032220,U
E01006758,E01006758,U
E01015695,E01015695,U
E01015788,E01015788,U
E01024331,E01024331,U
E01021883,E01021883,U
E01024328,E01024328,U
E01032221,E01032221,U
E01006513,E01034405,S
E01015696,E01015696,U
E01015719,E01015719,U
E01024394,E01024394,U
E01021912,E01021912,U
E01024329,E01024329,U
E01032222,E01032222,U
E01006513,E01034406,S
E01015720,E01015720,U
E01021913,E01021913,U
E01032201,E01032201,U
E01015723,E01015723,U
E01033758,E01033758,U
E01024349,E01024349,U
E01024402,E01024402,U
E01015697,E01015697,U
E01033760,E01033760,U
E01032202,E01032202,U
E01015745,E01015745,U
E01024404,E01024404,U
E01024357,E01024357,U
E01033761,E01033761,U
E01015779,E01015779,U
E01021884,E01021884,U
E01032203,E01032203,U
E01015797,E01015797,U
E01024405,E01024405,U
E01024358,E01024358,U
E01033762,E01033762,U
E01015780,E01015780,U
E01021885,E01021885,U
E01032204,E01032204,U
E01015798,E01015798,U
E01024389,E01034995,S
E01024367,E01024367,U
E01033750,E01033750,U
E01015781,E01015781,U
E01021886,E01021886,U
E01032191,E01032191,U
E01015799,E01015799,U
E01024389,E01034996,S
E01024369,E01024369,U
E01033754,E01034407,S
E01015807,E01015807,U
E01021887,E01021887,U
E01032192,E01032192,U
E01015800,E01015800,U
E01024390,E01024390,U
E01033088,E01033088,U
E01033754,E01034408,S
E01015698,E01015698,U
E01021888,E01021888,U
E01032211,E01032211,U
E01015812,E01015812,U
E01015813,E01015813,U
E01015756,E01015756,U
E01015757,E01015757,U
E01015758,E01015758,U
E01015759,E01015759,U
E01015760,E01015760,U
E01015761,E01015761,U
E01015700,E01015700,U
E01015701,E01015701,U
E01015704,E01015704,U
E01015782,E01015782,U
E01015784,E01015784,U
E01015786,E01015786,U
E01015711,E01015711,U
E01015712,E01015712,U
E01015715,E01015715,U
E01015716,E01015716,U
E01015717,E01015717,U
E01015750,E01015750,U
E01015740,E01015740,U
E01015775,E01015775,U
E01015776,E01015776,U
E01015777,E01015777,U
E01015778,E01015778,U
E01015796,E01015796,U
E01015713,E01015713,U
E01015714,E01015714,U
E01015718,E01015718,U
E01021889,E01021889,U
E01032184,E01032184,U
E01021890,E01021890,U
E01015699,E01015699,U
E01032185,E01032185,U
E01021891,E01021891,U
E01015702,E01015702,U
E01033756,E01033756,U
E01032186,E01032186,U
E01021892,E01021892,U
E01015705,E01015705,U
E01033765,E01033765,U
E01032187,E01032187,U
E01024391,E01024391,U
E01033089,E01033089,U
E01021893,E01021893,U
E01015725,E01015725,U
E01033751,E01033751,U
E01032208,E01032208,U
E01024397,E01024397,U
E01024360,E01024360,U
E01021894,E01021894,U
E01021895,E01021895,U
E01021896,E01021896,U
E01021897,E01021897,U
E01021898,E01021898,U
E01021901,E01021901,U
E01021904,E01021904,U
E01021905,E01021905,U
E01021906,E01021906,U
E01021907,E01021907,U
E01021873,E01021873,U
E01021874,E01021874,U
E01021875,E01021875,U
E01021899,E01021899,U
E01021900,E01021900,U
E01021902,E01021902,U
E01021903,E01021903,U
E01021878,E01021878,U
E01021879,E01021879,U
E01021880,E01021880,U
E01021881,E01021881,U
E01033057,E01034093,S
E01033057,E01034094,S
E01032193,E01032193,U
E01032212,E01032212,U
E01032213,E01032213,U
E01032214,E01032214,U
E01032181,E01032181,U
E01032190,E01032190,U
E01024372,E01024372,U
E01032209,E01032209,U
E01032210,E01032210,U
E01032218,E01032218,U
E01032219,E01032219,U
E01032198,E01032198,U
E01032200,E01032200,U
E01032215,E01032215,U
E01032216,E01032216,U
E01005098,E01005098,U
E01005099,E01005099,U
E01005100,E01005100,U
E01005102,E01005102,U
E01005103,E01005103,U
E01005101,E01005101,U
E01005135,E01005135,U
E01033752,E01034410,S
E01005136,E01005136,U
E01033752,E01034411,S
E01024398,E01024398,U
E01005138,E01005138,U
E01033753,E01034409,M
E01005140,E01034107,S
E01024399,E01024399,U
E01015727,E01015727,U
E01024400,E01024400,U
E01005140,E01034108,S
E01015739,E01015739,U
E01033755,E01034409,M
E01024325,E01024325,U
E01015741,E01033801,S
E01015706,E01015706,U
E01024346,E01024346,U
E01015741,E01033802,S
E01015707,E01015707,U
E01024377,E01024377,U
E01015742,E01015742,U
E01015708,E01015708,U
E01024378,E01024378,U
E01015743,E01015743,U
E01015709,E01015709,U
E01024332,E01024332,U
E01015789,E01015789,U
E01015710,E01015710,U
E01024350,E01024350,U
E01015794,E01033803,S
E01015770,E01015770,U
E01024375,E01024375,U
E01015794,E01033804,S
E01015801,E01015801,U
E01024388,E01034997,S
E01015794,E01033805,S
E01015803,E01015803,U
E01024388,E01034998,S
E01015724,E01015724,U
E01015804,E01015804,U
E01024388,E01034999,S
E01015728,E01015728,U
E01015805,E01015805,U
E01024410,E01024410,U
E01015729,E01015729,U
E01015769,E01015769,U
E01024342,E01024342,U
E01015730,E01015730,U
E01015771,E01015771,U
E01024343,E01024343,U
E01015732,E01015732,U
E01015733,E01015733,U
E01015734,E01015734,U
E01015735,E01015735,U
E01015736,E01015736,U
E01015737,E01015737,U
E01015738,E01015738,U
E01015790,E01015790,U
E01015791,E01033806,S
E01015791,E01033807,S
E01024344,E01024344,U
E01024376,E01024376,U
E01024364,E01024364,U
E01024365,E01024365,U
E01024366,E01024366,U
E01024411,E01024411,U
E01024345,E01024345,U
E01024379,E01024379,U
E01024380,E01024380,U
E01024381,E01024381,U
E01024406,E01024406,U
E01015772,E01015772,U
E01015773,E01015773,U
E01015774,E01015774,U
E01015802,E01015802,U
E01015744,E01015744,U
E01015746,E01015746,U
E01015747,E01015747,U
E01015748,E01015748,U
E01015749,E01015749,U
E01015751,E01015751,U
E01028270,E01028270,U
E01033389,E01033389,U
E01033390,E01033390,U
E01016154,E01016154,U
E01033391,E01033391,U
E01016070,E01016070,U
E01016071,E01016071,U
E01016072,E01016072,U
E01016156,E01016156,U
E01005132,E01005132,U
E01016074,E01016074,U
E01016157,E01016157,U
E01005133,E01034133,S
E01016142,E01016142,U
E01005198,E01005198,U
E01016158,E01016158,U
E01005313,E01005313,U
E01005133,E01034134,S
E01016144,E01016144,U
E01005282,E01034128,M
E01005201,E01005201,U
E01016031,E01016031,U
E01005172,E01005172,U
E01028279,E01028279,U
E01005314,E01005314,U
E01005315,E01005315,U
E01005316,E01005316,U
E01005318,E01005318,U
E01005130,E01005130,U
E01033651,E01033651,U
E01033658,E01033658,U
E01033664,E01033664,U
E01033667,E01033667,U
E01005128,E01005128,U
E01033653,E01033653,U
E01033654,E01033654,U
E01033659,E01034129,S
E01033659,E01034130,S
E01033661,E01033661,U
E01005143,E01005143,U
E01033655,E01033655,U
E01033665,E01033665,U
E01033676,E01033676,U
E01005212,E01005212,U
E01033656,E01033656,U
E01033662,E01033662,U
E01005142,E01005142,U
E01005147,E01005147,U
E01033674,E01033674,U
E01033675,E01033675,U
E01005213,E01005213,U
E01033660,E01033660,U
E01033672,E01033672,U
E01033673,E01033673,U
E01033677,E01033677,U
E01033681,E01033681,U
E01033682,E01033682,U
E01033683,E01034131,S
E01033683,E01034132,S
E01028224,E01028224,U
E01028257,E01028257,U
E01028258,E01028258,U
E01028259,E01028259,U
E01028223,E01028223,U
E01028225,E01028225,U
E01028226,E01028226,U
E01028260,E01028260,U
E01028251,E01028251,U
E01028252,E01028252,U
E01028253,E01028253,U
E01028277,E01028277,U
E01028278,E01028278,U
E01028271,E01028271,U
E01016145,E01016145,U
E01016041,E01016041,U
E01005173,E01005173,U
E01028280,E01028280,U
E01005283,E01034128,M
E01005240,E01034122,S
E01016149,E01016149,U
E01005174,E01005174,U
E01016045,E01016045,U
E01028281,E01028281,U
E01033663,E01034135,S
E01028283,E01028283,U
E01016073,E01016073,U
E01016049,E01016049,U
E01033663,E01034136,S
E01028242,E01028242,U
E01005175,E01005175,U
E01005240,E01034123,S
E01005154,E01005154,U
E01016075,E01016075,U
E01016040,E01016040,U
E01033684,E01033684,U
E01028250,E01028250,U
E01005176,E01005176,U
E01005243,E01005243,U
E01005156,E01005156,U
E01016076,E01035286,S
E01016042,E01016042,U
E01033688,E01033688,U
E01028272,E01028272,U
E01005177,E01005177,U
E01005245,E01005245,U
E01005158,E01005158,U
E01016076,E01035287,S
E01016043,E01016043,U
E01005092,E01005092,U
E01028273,E01028273,U
E01005115,E01005115,U
E01005246,E01005246,U
E01005300,E01005300,U
E01016077,E01016077,U
E01016177,E01016177,U
E01005105,E01005105,U
E01028229,E01028229,U
E01005262,E01005262,U
E01005241,E01034126,S
E01005301,E01005301,U
E01016143,E01016143,U
E01016178,E01016178,U
E01005106,E01005106,U
E01005107,E01005107,U
E01033668,E01033668,U
E01033669,E01033669,U
E01005108,E01034111,S
E01005108,E01034113,S
E01005189,E01005189,U
E01005190,E01005190,U
E01033666,E01034112,S
E01033666,E01034114,S
E01005061,E01005061,U
E01005062,E01034115,S
E01005062,E01034116,S
E01005063,E01005063,U
E01005065,E01005065,U
E01005066,E01005066,U
E01005208,E01005208,U
E01005209,E01034117,S
E01005209,E01034118,S
E01005210,E01005210,U
E01005214,E01005214,U
E01005067,E01005067,U
E01005186,E01005186,U
E01005232,E01005232,U
E01005235,E01005235,U
E01005239,E01005239,U
E01005187,E01005187,U
E01005188,E01005188,U
E01005191,E01005191,U
E01005192,E01005192,U
E01005193,E01005193,U
E01005230,E01005230,U
E01005231,E01005231,U
E01005236,E01005236,U
E01005237,E01005237,U
E01033652,E01034119,M
E01033657,E01034119,M
E01005195,E01005195,U
E01005196,E01034120,S
E01005196,E01034121,S
E01005197,E01005197,U
E01016117,E01016117,U
E01016146,E01035288,S
E01028232,E01028232,U
E01005241,E01034127,S
E01005118,E01005118,U
E01005264,E01005264,U
E01016129,E01016129,U
E01016146,E01035289,S
E01028267,E01028267,U
E01028282,E01028282,U
E01033392,E01033392,U
E01028237,E01028237,U
E01028238,E01028238,U
E01028239,E01028239,U
E01028240,E01028240,U
E01028241,E01033775,S
E01028241,E01033776,S
E01028243,E01028243,U
E01028227,E01028227,U
E01028228,E01028228,U
E01028247,E01028247,U
E01028268,E01028268,U
E01028269,E01028269,U
E01028284,E01028284,U
E01028233,E01028233,U
E01028234,E01028234,U
E01028274,E01028274,U
E01028275,E01028275,U
E01028276,E01028276,U
E01028230,E01028230,U
E01028231,E01028231,U
E01028244,E01028244,U
E01028245,E01028245,U
E01028246,E01028246,U
E01028248,E01028248,U
E01028249,E01028249,U
E01028235,E01028235,U
E01028236,E01028236,U
E01028262,E01028262,U
E01028264,E01028264,U
E01028254,E01028254,U
E01028256,E01028256,U
E01028261,E01028261,U
E01028263,E01028263,U
E01028219,E01028219,U
E01028220,E01028220,U
E01028222,E01028222,U
E01028255,E01028255,U
E01016130,E01016130,U
E01005120,E01005120,U
E01005265,E01005265,U
E01016147,E01016147,U
E01016131,E01016131,U
E01005215,E01005215,U
E01005216,E01005216,U
E01005217,E01005217,U
E01005218,E01005218,U
E01005270,E01005270,U
E01005272,E01005272,U
E01005273,E01005273,U
E01005278,E01005278,U
E01005279,E01005279,U
E01005305,E01005305,U
E01005309,E01005309,U
E01005310,E01005310,U
E01005311,E01005311,U
E01005312,E01005312,U
E01005082,E01005082,U
E01005153,E01005153,U
E01005155,E01005155,U
E01005157,E01005157,U
E01005274,E01005274,U
E01005275,E01005275,U
E01005276,E01005276,U
E01005277,E01005277,U
E01005076,E01005076,U
E01005081,E01005081,U
E01005083,E01005083,U
E01033670,E01033670,U
E01033671,E01033671,U
E01005125,E01005125,U
E01005304,E01005304,U
E01005306,E01005306,U
E01005307,E01005307,U
E01005308,E01005308,U
E01005119,E01005119,U
E01005121,E01005121,U
E01005122,E01005122,U
E01005123,E01005123,U
E01005124,E01005124,U
E01005077,E01005077,U
E01005078,E01005078,U
E01005079,E01005079,U
E01005084,E01005084,U
E01005242,E01034124,S
E01016148,E01016148,U
E01016016,E01016016,U
E01005242,E01034125,S
E01016017,E01016017,U
E01016133,E01016133,U
E01005244,E01005244,U
E01016134,E01016134,U
E01005266,E01005266,U
E01016019,E01016019,U
E01005285,E01005285,U
E01016138,E01016138,U
E01005126,E01005126,U
E01016110,E01035296,S
E01005288,E01005288,U
E01016139,E01016139,U
E01005168,E01005168,U
E01016110,E01035297,S
E01005280,E01005280,U
E01016135,E01016135,U
E01005169,E01005169,U
E01016111,E01016111,U
E01005281,E01005281,U
E01016136,E01016136,U
E01005170,E01005170,U
E01016044,E01016044,U
E01005284,E01005284,U
E01016137,E01016137,U
E01005171,E01005171,U
E01016046,E01016046,U
E01005286,E01005286,U
E01016140,E01016140,U
E01005263,E01005263,U
E01016047,E01016047,U
E01005287,E01005287,U
E01016141,E01016141,U
E01005267,E01005267,U
E01016048,E01016048,U
E01005194,E01034137,S
E01016035,E01016035,U
E01005268,E01005268,U
E01016113,E01016113,U
E01005194,E01034138,S
E01016112,E01035291,S
E01005269,E01005269,U
E01016114,E01016114,U
E01005199,E01005199,U
E01016112,E01035290,S
E01005069,E01005069,U
E01016115,E01016115,U
E01005200,E01005200,U
E01032798,E01035292,S
E01005111,E01005111,U
E01016118,E01016118,U
E01016160,E01016160,U
E01016161,E01016161,U
E01016162,E01016162,U
E01016163,E01016163,U
E01016164,E01016164,U
E01016165,E01016165,U
E01016159,E01016159,U
E01016174,E01016174,U
E01016175,E01016175,U
E01016179,E01016179,U
E01016061,E01016061,U
E01016063,E01016063,U
E01016064,E01016064,U
E01016069,E01016069,U
E01016020,E01016020,U
E01016021,E01016021,U
E01016022,E01016022,U
E01016125,E01016125,U
E01016018,E01016018,U
E01032798,E01035293,S
E01005113,E01005113,U
E01005233,E01005233,U
E01016151,E01016151,U
E01005114,E01005114,U
E01005234,E01005234,U
E01016152,E01016152,U
E01005116,E01005116,U
E01005238,E01005238,U
E01016153,E01016153,U
E01005071,E01005071,U
E01005297,E01005297,U
E01016155,E01016155,U
E01005072,E01005072,U
E01005298,E01005298,U
E01016033,E01016033,U
E01005073,E01005073,U
E01005302,E01005302,U
E01016036,E01035294,S
E01005112,E01005112,U
E01033680,E01033680,U
E01016036,E01035295,S
E01005117,E01005117,U
E01033686,E01033686,U
E01016037,E01016037,U
E01005085,E01005085,U
E01005150,E01005150,U
E01016039,E01016039,U
E01005086,E01005086,U
E01005151,E01005151,U
E01016030,E01016030,U
E01005089,E01005089,U
E01005152,E01005152,U
E01016032,E01016032,U
E01005289,E01005289,U
E01005159,E01005159,U
E01016034,E01016034,U
E01005295,E01005295,U
E01005296,E01005296,U
E01016038,E01016038,U
E01005087,E01005087,U
E01005299,E01005299,U
E01016150,E01016150,U
E01005088,E01005088,U
E01005178,E01005178,U
E01005090,E01005090,U
E01005179,E01005179,U
E01005091,E01005091,U
E01005180,E01005180,U
E01005291,E01005291,U
E01005181,E01005181,U
E01005068,E01005068,U
E01005182,E01005182,U
E01005070,E01005070,U
E01005183,E01005183,U
E01005074,E01005074,U
E01005219,E01005219,U
E01005075,E01005075,U
E01005220,E01005220,U
E01005319,E01005319,U
E01005221,E01005221,U
E01005290,E01005290,U
E01005222,E01005222,U
E01005292,E01005292,U
E01005184,E01005184,U
E01005293,E01005293,U
E01005185,E01005185,U
E01005294,E01005294,U
E01005271,E01005271,U
E01005317,E01005317,U
E01025910,E01025910,U
E01003430,E01003430,U
E01025911,E01025911,U
E01025912,E01025912,U
E01029022,E01029022,U
E01029023,E01029023,U
E01029044,E01029044,U
E01029053,E01029053,U
E01029057,E01029057,U
E01029024,E01029024,U
E01029025,E01029025,U
E01029026,E01035107,M
E01029068,E01029068,U
E01029069,E01035107,M
E01029030,E01029030,U
E01029031,E01029031,U
E01029032,E01029032,U
E01029033,E01029033,U
E01029034,E01029034,U
E01029036,E01029036,U
E01029041,E01029041,U
E01029042,E01029042,U
E01029043,E01029043,U
E01029045,E01029045,U
E01029052,E01029052,U
E01029060,E01029060,U
E01029061,E01035108,S
E01029061,E01035109,S
E01029083,E01029083,U
E01029018,E01029018,U
E01029056,E01029056,U
E01029064,E01029064,U
E01029084,E01029084,U
E01029029,E01029029,U
E01029035,E01035110,S
E01029035,E01035111,S
E01029037,E01029037,U
E01029038,E01029038,U
E01029039,E01029039,U
E01029040,E01029040,U
E01029078,E01029078,U
E01029079,E01029079,U
E01029080,E01029080,U
E01029081,E01029081,U
E01029082,E01029082,U
E01029062,E01029062,U
E01029063,E01029063,U
E01029065,E01029065,U
E01029066,E01029066,U
E01029067,E01029067,U
E01029020,E01029020,U
E01016023,E01016023,U
W01001321,W01001321,U
E01016078,E01016078,U
E01029021,E01029021,U
E01003356,E01003356,U
E01020048,E01020048,U
E01020078,E01020078,U
E01003431,E01003431,U
E01016024,E01016024,U
E01003358,E01003358,U
E01016080,E01016080,U
W01001322,W01001322,U
E01003432,E01003432,U
E01016062,E01016062,U
E01016081,E01016081,U
E01003383,E01003383,U
E01020079,E01020079,U
E01029027,E01029027,U
E01003384,E01003384,U
E01003433,E01003433,U
W01001299,W01001299,U
E01029028,E01029028,U
E01020081,E01020081,U
E01016093,E01016093,U
E01003442,E01003442,U
E01016082,E01016082,U
E01003466,E01003466,U
W01001300,W01001300,U
E01029058,E01029058,U
E01020045,E01020045,U
E01016096,E01016096,U
E01003443,E01003443,U
E01003444,E01003444,U
E01003445,E01003445,U
E01003463,E01003463,U
E01003380,E01003380,U
E01003382,E01003382,U
E01003385,E01003385,U
E01003399,E01003399,U
E01003423,E01003423,U
E01003357,E01003357,U
E01003376,E01003376,U
E01003377,E01003377,U
E01003408,E01003408,U
E01003410,E01003410,U
E01003386,E01003386,U
E01003388,E01003388,U
E01003389,E01003389,U
E01003392,E01003392,U
E01003409,E01003409,U
E01003387,E01003387,U
E01003391,E01003391,U
E01003411,E01003411,U
E01003412,E01003412,U
E01003435,E01003435,U
E01003361,E01003361,U
E01003424,E01003424,U
E01003425,E01003425,U
E01003426,E01003426,U
E01003428,E01003428,U
E01003366,E01003366,U
E01003381,E01003381,U
E01003446,E01003446,U
E01003447,E01003447,U
E01003471,E01003471,U
E01003413,E01003413,U
E01003414,E01003414,U
E01003415,E01003415,U
E01003416,E01003416,U
E01003434,E01003434,U
E01003373,E01003373,U
E01003378,E01003378,U
E01003379,E01003379,U
E01003390,E01003390,U
E01003405,E01003405,U
E01003429,E01003429,U
E01003467,E01003467,U
E01003468,E01003468,U
E01003469,E01003469,U
E01003470,E01003470,U
E01003362,E01003362,U
E01003363,E01003363,U
E01003364,E01003364,U
E01016050,E01016050,U
E01003365,E01003365,U
E01003421,E01003421,U
E01016051,E01016051,U
E01029046,E01029046,U
E01003374,E01003374,U
E01016052,E01016052,U
E01003375,E01003375,U
E01020059,E01020059,U
W01001301,W01001301,U
E01029050,E01029050,U
E01016166,E01016166,U
E01016053,E01016053,U
E01003437,E01003437,U
E01020062,E01020062,U
W01001308,W01001308,U
E01029051,E01029051,U
E01016167,E01016167,U
E01016054,E01016054,U
E01003440,E01003440,U
E01020064,E01020064,U
W01001309,W01001309,U
E01032627,E01032627,U
E01016116,E01016116,U
E01016092,E01016092,U
E01003441,E01003441,U
E01020054,E01020054,U
W01001898,W01001898,U
E01029047,E01029047,U
E01016127,E01016127,U
E01016099,E01016099,U
E01003427,E01003427,U
E01020055,E01020055,U
E01003472,E01003472,U
E01029054,E01029054,U
E01016128,E01016128,U
E01016100,E01016100,U
E01003436,E01003436,U
E01020057,E01020057,U
E01003473,E01003473,U
E01029055,E01029055,U
E01016132,E01016132,U
E01016105,E01016105,U
E01003439,E01003439,U
E01020058,E01020058,U
E01003474,E01003474,U
E01029074,E01029074,U
E01016094,E01016094,U
E01016106,E01016106,U
E01003448,E01003448,U
E01020043,E01020043,U
E01003475,E01034578,S
E01029076,E01029076,U
E01029019,E01029019,U
E01029059,E01029059,U
E01029077,E01029077,U
E01029070,E01029070,U
E01029071,E01029071,U
E01029072,E01029072,U
E01029073,E01029073,U
E01029075,E01029075,U
W01001295,W01001295,U
W01001296,W01001296,U
W01001297,W01001297,U
W01001298,W01001298,U
W01001310,W01001310,U
W01001311,W01001311,U
W01001291,W01001291,U
W01001294,W01001294,U
W01001305,W01001305,U
W01001306,W01001306,U
W01001324,W01001324,U
W01001292,W01001292,U
W01001293,W01001293,U
W01001307,W01001307,U
W01001315,W01001315,U
W01001314,W01001314,U
W01001316,W01001959,S
W01001316,W01001960,S
W01001317,W01001317,U
W01001318,W01001318,U
W01001289,W01001289,U
W01001302,W01001302,U
W01001303,W01001961,M
W01001304,W01001961,M
W01001312,W01001312,U
W01001313,W01001313,U
W01001290,W01001290,U
W01001319,W01001319,U
W01001320,W01001320,U
E01016168,E01016168,U
E01003453,E01003453,U
E01003475,E01034579,S
E01003438,E01003438,U
E01003478,E01003478,U
E01003449,E01003449,U
E01016095,E01016095,U
E01003460,E01003460,U
E01003450,E01003450,U
E01003462,E01003462,U
E01020044,E01020044,U
E01016097,E01016097,U
E01003451,E01003451,U
E01003464,E01003464,U
E01020056,E01020056,U
E01016169,E01016169,U
E01016098,E01016098,U
E01003452,E01003452,U
E01003465,E01003465,U
E01020071,E01020071,U
E01016171,E01016171,U
E01016102,E01016102,U
E01003417,E01003417,U
E01003400,E01003400,U
E01020072,E01020072,U
E01016172,E01016172,U
E01016119,E01016119,U
E01003418,E01003418,U
E01003454,E01003454,U
E01020073,E01020073,U
E01016055,E01016055,U
E01016120,E01016120,U
E01003419,E01003419,U
E01003456,E01003456,U
E01020076,E01020076,U
E01016056,E01016056,U
E01016124,E01016124,U
E01003420,E01003420,U
E01003476,E01003476,U
E01020082,E01020082,U
E01016057,E01016057,U
E01016126,E01016126,U
E01003422,E01003422,U
E01003477,E01003477,U
E01020068,E01020068,U
E01016060,E01016060,U
E01016025,E01016025,U
E01020046,E01020046,U
E01003401,E01003401,U
E01020069,E01020069,U
E01016170,E01016170,U
E01016065,E01016065,U
E01020049,E01020049,U
E01025885,E01025885,U
E01003402,E01003402,U
E01020070,E01020070,U
E01020050,E01020050,U
E01003403,E01003403,U
E01025886,E01025886,U
E01016066,E01016066,U
E01020077,E01020077,U
E01025887,E01025887,U
E01003404,E01003404,U
E01016067,E01016067,U
E01020083,E01020083,U
E01020047,E01020047,U
E01025890,E01025890,U
E01003461,E01003461,U
E01016068,E01016068,U
E01020041,E01020041,U
E01020051,E01020051,U
E01025891,E01025891,U
E01003367,E01034580,S
E01016026,E01016026,U
E01020042,E01020042,U
E01020066,E01034636,S
E01025892,E01025892,U
E01003367,E01034581,S
E01016027,E01016027,U
E01020060,E01020060,U
E01020066,E01034637,S
E01025901,E01025901,U
E01003369,E01003369,U
E01016028,E01016028,U
E01020061,E01020061,U
E01020080,E01020080,U
E01025902,E01025902,U
E01003370,E01003370,U
E01016029,E01016029,U
E01030052,E01030052,U
E01020063,E01020063,U
E01025903,E01025903,U
E01003371,E01003371,U
E01016087,E01016087,U
E01030058,E01030058,U
E01020074,E01020074,U
E01025904,E01025904,U
E01003455,E01003455,U
E01016088,E01016088,U
E01030064,E01030064,U
E01020075,E01020075,U
E01025906,E01025906,U
E01016089,E01016089,U
E01030088,E01030088,U
E01020052,E01020052,U
E01030039,E01030039,U
E01016090,E01016090,U
E01025883,E01025883,U
E01003359,E01003359,U
E01020053,E01020053,U
E01016085,E01016085,U
E01003360,E01003360,U
E01030054,E01030054,U
E01020065,E01020065,U
E01025884,E01025884,U
E01016086,E01016086,U
E01003457,E01003457,U
E01030055,E01030055,U
E01020067,E01020067,U
E01025888,E01025888,U
E01016091,E01016091,U
E01003458,E01003458,U
E01030066,E01030066,U
E01025909,E01025909,U
E01016176,E01016176,U
E01003459,E01003459,U
E01030067,E01030067,U
E01025896,E01025896,U
E01016058,E01016058,U
E01003394,E01003394,U
E01030068,E01030068,U
E01025897,E01025897,U
E01016059,E01016059,U
E01003395,E01003395,U
E01030053,E01030053,U
E01025898,E01025898,U
E01016079,E01016079,U
E01003396,E01003396,U
E01030082,E01034570,S
E01025899,E01025899,U
E01016083,E01016083,U
E01003397,E01003397,U
E01030082,E01034571,S
E01025900,E01025900,U
E01016084,E01016084,U
E01003398,E01003398,U
E01030090,E01030090,U
E01025905,E01025905,U
E01016101,E01016101,U
E01003368,E01003368,U
E01003372,E01003372,U
E01003393,E01003393,U
E01003406,E01003406,U
E01003407,E01003407,U
E01003355,E01003355,U
E01016103,E01016103,U
E01016104,E01016104,U
E01016107,E01016107,U
E01016121,E01016121,U
E01016122,E01016122,U
E01016123,E01016123,U
E01016173,E01016173,U
E01030040,E01030040,U
E01025893,E01025893,U
E01030049,E01030049,U
E01030050,E01030050,U
E01025894,E01025894,U
E01030084,E01030084,U
E01025895,E01025895,U
E01030085,E01030085,U
E01025907,E01025907,U
E01030037,E01030037,U
E01025908,E01025908,U
E01030038,E01030038,U
E01025889,E01025889,U
E01030059,E01030059,U
E01016769,E01016769,U
E01016770,E01016770,U
E01016773,E01016773,U
E01016836,E01016836,U
E01016837,E01016837,U
E01016838,E01016838,U
E01016841,E01016841,U
E01016721,E01016721,U
E01016765,E01016765,U
E01016772,E01016772,U
E01016804,E01016804,U
E01016812,E01016812,U
E01016817,E01016817,U
E01016818,E01016818,U
E01016840,E01034449,S
E01016840,E01034450,S
E01012045,E01012045,U
E01031730,E01031730,U
E01016719,E01016719,U
E01016722,E01016722,U
E01016805,E01016805,U
E01016808,E01016808,U
E01016810,E01016810,U
E01016811,E01016811,U
E01016819,E01016819,U
E01016839,E01016839,U
E01016717,E01016717,U
E01016720,E01016720,U
E01016723,E01016723,U
E01016724,E01016724,U
E01016718,E01016718,U
E01016729,E01016729,U
E01016768,E01016768,U
E01033499,E01033499,U
E01033500,E01033500,U
E01016776,E01016776,U
E01016813,E01016813,U
E01016815,E01016815,U
E01016816,E01016816,U
E01016731,E01016731,U
E01016732,E01016732,U
E01016784,E01016784,U
E01033501,E01033501,U
E01033506,E01033506,U
E01016783,E01016783,U
E01016820,E01016820,U
E01016821,E01016821,U
E01016823,E01016823,U
E01033503,E01033503,U
E01033508,E01033508,U
E01033509,E01034458,S
E01033509,E01034459,S
E01030081,E01030081,U
E01033509,E01034460,S
E01012079,E01012079,U
E01031704,E01031704,U
E01031706,E01031706,U
E01031735,E01031735,U
E01031711,E01035353,S
E01012080,E01012080,U
E01031736,E01031736,U
E01031711,E01035354,S
E01016754,E01016754,U
E01012081,E01012081,U
E01012026,E01012026,U
E01012027,E01012027,U
E01033469,E01033469,U
E01012015,E01012015,U
E01012016,E01012016,U
E01012017,E01012017,U
E01012089,E01012089,U
E01012090,E01012090,U
E01012091,E01012091,U
E01012011,E01012011,U
E01012012,E01012012,U
E01012013,E01012013,U
E01012014,E01012014,U
E01012053,E01012053,U
E01012054,E01012054,U
E01012055,E01012055,U
E01012056,E01012056,U
E01012057,E01012057,U
E01012082,E01012082,U
E01012083,E01012083,U
E01012084,E01012084,U
E01012085,E01012085,U
E01012018,E01012018,U
E01012019,E01012019,U
E01012020,E01012020,U
E01012021,E01012021,U
E01012007,E01012007,U
E01012008,E01012008,U
E01012009,E01012009,U
E01012010,E01012010,U
E01012046,E01012046,U
E01012047,E01012047,U
E01012048,E01012048,U
E01012049,E01012049,U
E01012050,E01012050,U
E01012051,E01012051,U
E01012052,E01012052,U
E01012022,E01012022,U
E01012023,E01012023,U
E01030051,E01030051,U
E01033509,E01034461,S
E01032552,E01032552,U
E01012024,E01012024,U
E01012025,E01012025,U
E01012065,E01012065,U
E01012066,E01012066,U
E01012067,E01012067,U
E01012042,E01012042,U
E01012043,E01012043,U
E01012044,E01012044,U
E01031737,E01031737,U
E01016756,E01016756,U
E01032553,E01035193,S
E01030056,E01030056,U
E01033511,E01033511,U
E01031738,E01031738,U
E01031712,E01031712,U
E01033512,E01034456,S
E01030065,E01030065,U
E01031713,E01031713,U
E01031739,E01031739,U
E01032553,E01035194,S
E01033512,E01034457,S
E01030086,E01030086,U
E01016757,E01016757,U
E01031705,E01031705,U
E01031740,E01031740,U
E01012030,E01012030,U
E01016726,E01016726,U
E01030089,E01030089,U
E01016758,E01016758,U
E01031707,E01031707,U
E01031721,E01031721,U
E01012031,E01012031,U
E01016733,E01016733,U
E01030048,E01030048,U
E01016737,E01016737,U
E01031708,E01031708,U
E01031723,E01031723,U
E01012032,E01012032,U
E01016845,E01016845,U
E01030057,E01030057,U
E01016738,E01016738,U
E01031709,E01031709,U
E01031724,E01031724,U
E01012033,E01012033,U
E01016846,E01016846,U
E01016848,E01016848,U
E01016780,E01016780,U
E01016781,E01016781,U
E01016814,E01034462,S
E01016814,E01034463,S
E01016814,E01034464,S
E01033505,E01034465,S
E01033505,E01034468,S
E01033522,E01033522,U
E01033523,E01033523,U
E01033525,E01034466,S
E01033525,E01034467,S
E01016774,E01016774,U
E01016775,E01016775,U
E01016777,E01016777,U
E01016778,E01016778,U
E01016725,E01016725,U
E01016727,E01016727,U
E01016728,E01016728,U
E01016847,E01016847,U
E01016822,E01016822,U
E01016824,E01016824,U
E01016825,E01016825,U
E01016827,E01016827,U
E01016828,E01016828,U
E01016842,E01016842,U
E01016843,E01016843,U
E01016844,E01016844,U
E01033497,E01033497,U
E01033498,E01033498,U
E01016734,E01016734,U
E01016735,E01034451,S
E01016735,E01034452,S
E01016736,E01016736,U
E01016826,E01016826,U
E01016752,E01016752,U
E01016753,E01016753,U
E01016755,E01016755,U
E01033514,E01033514,U
E01033515,E01033515,U
E01033517,E01033517,U
E01031725,E01031725,U
E01031694,E01031694,U
E01031716,E01031716,U
E01031764,E01031764,U
E01031717,E01031717,U
E01031765,E01031765,U
E01031766,E01031766,U
E01030083,E01030083,U
E01031692,E01035345,S
E01031702,E01031702,U
E01012034,E01012034,U
E01031692,E01035346,S
E01030087,E01030087,U
E01031703,E01031703,U
E01016739,E01016739,U
E01031693,E01031693,U
E01031710,E01031710,U
E01012035,E01012035,U
E01016740,E01016740,U
E01031697,E01031697,U
E01030073,E01030073,U
E01031715,E01031715,U
E01012062,E01012062,U
E01016741,E01016741,U
E01031727,E01031727,U
E01030077,E01030077,U
E01031698,E01031698,U
E01012063,E01012063,U
E01016748,E01016748,U
E01031758,E01031758,U
E01030079,E01030079,U
E01031767,E01031767,U
E01012064,E01035195,S
E01016750,E01016750,U
E01031760,E01031760,U
E01030080,E01030080,U
E01031769,E01031769,U
E01012064,E01035196,S
E01016751,E01016751,U
E01031772,E01031772,U
E01030063,E01030063,U
E01031770,E01031770,U
E01012071,E01012071,U
E01033519,E01033519,U
E01031773,E01031773,U
E01030069,E01030069,U
E01031771,E01031771,U
E01012073,E01012073,U
E01031774,E01031774,U
E01032593,E01032593,U
E01031744,E01031744,U
E01030072,E01030072,U
E01033520,E01033520,U
E01031775,E01031775,U
E01031745,E01031745,U
E01016829,E01016829,U
E01030075,E01030075,U
E01016796,E01016796,U
E01031751,E01031751,U
E01031746,E01031746,U
E01016831,E01016831,U
E01030060,E01030060,U
E01016797,E01016797,U
E01031759,E01031759,U
E01031747,E01031747,U
E01016832,E01016832,U
E01030071,E01030071,U
E01016798,E01016798,U
E01031761,E01035348,S
E01031748,E01031748,U
E01016833,E01016833,U
E01030076,E01030076,U
E01016799,E01016799,U
E01031761,E01035347,S
E01031768,E01031768,U
E01016834,E01016834,U
E01030078,E01030078,U
E01016800,E01016800,U
E01032837,E01032837,U
E01012068,E01012068,U
E01016710,E01016710,U
E01033316,E01033316,U
E01016759,E01016759,U
E01032838,E01032838,U
E01012092,E01012092,U
E01016714,E01016714,U
E01033317,E01033317,U
E01016760,E01034446,S
E01016760,E01034447,S
E01016760,E01034448,S
E01016761,E01016761,U
E01016801,E01016801,U
E01016802,E01016802,U
E01016803,E01016803,U
E01016786,E01016786,U
E01016787,E01016787,U
E01016788,E01016788,U
E01016789,E01016789,U
E01016790,E01016790,U
E01016791,E01016791,U
E01016792,E01016792,U
E01016793,E01016793,U
E01016794,E01016794,U
E01016795,E01016795,U
E01016762,E01016762,U
E01016764,E01016764,U
E01016766,E01016766,U
E01016767,E01016767,U
E01016771,E01016771,U
E01016806,E01016806,U
E01016807,E01016807,U
E01016809,E01016809,U
E01016835,E01016835,U
E01016763,E01016763,U
E01032839,E01032839,U
E01033319,E01033319,U
E01016716,E01016716,U
E01031752,E01031752,U
E01030041,E01030041,U
E01016745,E01016745,U
E01031753,E01031753,U
E01030043,E01030043,U
E01016711,E01016711,U
E01031754,E01031754,U
E01012093,E01012093,U
E01030061,E01030061,U
E01016713,E01016713,U
E01031755,E01031755,U
E01012094,E01035191,S
E01030062,E01030062,U
E01031757,E01031757,U
E01016715,E01016715,U
E01012094,E01035192,S
E01031726,E01031726,U
E01016830,E01016830,U
E01030070,E01030070,U
E01033468,E01035189,S
E01031728,E01035352,S
E01016742,E01016742,U
E01030042,E01030042,U
E01033468,E01035190,S
E01031728,E01035349,S
E01016743,E01034453,S
E01030044,E01030044,U
E01012058,E01012058,U
E01031749,E01031749,U
E01016743,E01034454,S
E01030045,E01030045,U
E01012059,E01012059,U
E01031750,E01031750,U
E01016743,E01034455,S
E01030046,E01030046,U
E01012060,E01012060,U
E01031756,E01035350,S
E01016744,E01016744,U
E01030047,E01030047,U
E01012061,E01012061,U
E01031756,E01035351,S
E01016746,E01016746,U
E01031731,E01031731,U
E01012036,E01012036,U
E01031763,E01031763,U
E01030506,E01030506,U
E01031732,E01031732,U
E01012037,E01012037,U
E01031699,E01031699,U
E01030508,E01030508,U
E01031733,E01031733,U
E01012038,E01012038,U
E01031700,E01031700,U
E01030509,E01030509,U
E01031734,E01031734,U
E01012039,E01012039,U
E01031701,E01031701,U
E01031741,E01031741,U
E01030513,E01030513,U
E01012040,E01012040,U
E01031714,E01031714,U
E01031742,E01035343,S
E01030514,E01030514,U
E01012041,E01012041,U
E01031742,E01035344,S
E01030505,E01030505,U
E01012074,E01012074,U
E01031743,E01031743,U
E01030507,E01030507,U
E01012075,E01012075,U
E01031718,E01031718,U
E01030511,E01030511,U
E01012076,E01012076,U
E01031719,E01031719,U
E01030512,E01030512,U
E01012077,E01012077,U
E01031720,E01031720,U
E01030548,E01030548,U
E01012088,E01012088,U
E01031722,E01031722,U
E01030549,E01030549,U
E01012078,E01012078,U
E01031695,E01031695,U
E01030550,E01030550,U
E01031696,E01031696,U
E01030551,E01030551,U
E01031729,E01031729,U
E01030510,E01030510,U
E01030552,E01030552,U
E01030553,E01030553,U
E01030554,E01030554,U
W01000925,W01000925,U
W01000926,W01000926,U
W01000888,W01000888,U
W01000946,W01000946,U
W01000947,W01000947,U
W01000948,W01000948,U
W01000955,W01000955,U
W01000956,W01000956,U
W01000971,W01000971,U
W01000887,W01000887,U
W01000953,W01000953,U
W01000954,W01000954,U
W01000970,W01000970,U
W01000902,W01001985,M
W01000903,W01001985,M
W01000904,W01000904,U
W01000905,W01000905,U
W01000908,W01000908,U
W01000906,W01001986,M
W01000907,W01000907,U
W01000922,W01000922,U
W01000923,W01001986,M
W01000934,W01000934,U
W01000935,W01000935,U
W01000938,W01000938,U
W01000939,W01000939,U
W01000940,W01000940,U
W01000909,W01000909,U
W01000910,W01000910,U
W01000911,W01000911,U
W01000969,W01000969,U
W01000912,W01000912,U
W01000913,W01000913,U
W01000914,W01000914,U
W01000915,W01000915,U
W01000916,W01000916,U
W01000917,W01001988,S
W01000917,W01001989,S
W01000917,W01001987,S
W01000920,W01001990,M
W01000921,W01000921,U
W01000924,W01001990,M
W01000930,W01000930,U
W01000936,W01000936,U
W01000941,W01000941,U
W01000942,W01000942,U
W01000943,W01000943,U
W01000894,W01000894,U
W01000895,W01000895,U
W01000896,W01000896,U
E01030539,E01030539,U
W01000897,W01000897,U
E01023052,E01023052,U
W01001564,W01001976,S
E01023029,E01023029,U
E01023073,E01023073,U
W01000937,W01000937,U
W01000898,W01000898,U
W01000899,W01000899,U
W01000900,W01000900,U
W01000901,W01000901,U
W01000945,W01000945,U
W01000889,W01000889,U
W01000890,W01000890,U
W01000891,W01000891,U
W01000892,W01000892,U
E01023053,E01023053,U
W01000883,W01000883,U
W01000958,W01000958,U
W01000961,W01000961,U
W01000962,W01000962,U
W01000963,W01000963,U
W01000964,W01000964,U
W01000884,W01000884,U
W01000885,W01000885,U
W01000886,W01000886,U
W01000957,W01000957,U
W01000959,W01000959,U
W01000960,W01000960,U
W01000949,W01000949,U
W01000950,W01000950,U
W01000951,W01000951,U
W01000952,W01000952,U
W01000966,W01000966,U
W01000932,W01000932,U
W01000933,W01000933,U
W01000967,W01000967,U
W01000968,W01000968,U
W01000919,W01000919,U
W01000927,W01000927,U
W01000928,W01000928,U
W01000929,W01000929,U
W01000931,W01000931,U
W01000973,W01000973,U
W01001564,W01001977,S
E01023080,E01023080,U
E01030540,E01030540,U
W01001900,W01001900,U
E01023011,E01023011,U
E01023012,E01023012,U
E01023021,E01023021,U
E01023022,E01023022,U
E01023023,E01023023,U
E01023024,E01023024,U
E01023025,E01023025,U
E01023076,E01023076,U
E01023082,E01023082,U
E01023083,E01023083,U
E01023088,E01023088,U
E01023030,E01023030,U
E01023032,E01023032,U
E01023081,E01023081,U
E01023033,E01023033,U
W01001569,W01001569,U
E01023089,E01023089,U
E01023059,E01023059,U
E01023013,E01023013,U
E01030541,E01030541,U
W01001552,W01001552,U
E01023090,E01023090,U
E01028301,E01028301,U
E01023014,E01023014,U
E01030542,E01030542,U
W01001553,W01001978,S
E01023074,E01023074,U
E01028302,E01028302,U
E01023015,E01023015,U
E01030543,E01030543,U
W01001553,W01001979,S
E01023077,E01023077,U
E01028338,E01028338,U
E01023016,E01023016,U
E01030516,E01030516,U
W01001554,W01001554,U
E01023078,E01023078,U
E01028339,E01028339,U
E01023027,E01023027,U
E01030517,E01030517,U
W01001576,W01001576,U
E01023079,E01023079,U
E01023085,E01023085,U
E01023072,E01023072,U
E01023075,E01023075,U
E01023084,E01023084,U
E01023086,E01023086,U
E01023087,E01023087,U
E01022977,E01022977,U
E01022978,E01022978,U
E01022979,E01022979,U
E01022980,E01022980,U
E01022992,E01022992,U
E01022993,E01022993,U
E01023045,E01023045,U
E01023046,E01023046,U
E01023007,E01023007,U
E01023010,E01023010,U
E01023047,E01023047,U
E01023048,E01023048,U
E01023049,E01023049,U
E01023050,E01023050,U
E01023008,E01023008,U
E01023009,E01023009,U
E01023038,E01023038,U
E01023039,E01023039,U
E01023040,E01023040,U
E01023026,E01023026,U
E01023062,E01023062,U
E01023064,E01023064,U
E01023066,E01023066,U
E01023067,E01023067,U
E01023003,E01023003,U
E01023004,E01023004,U
E01023005,E01023005,U
E01023006,E01023006,U
E01023028,E01023028,U
E01023037,E01023037,U
E01023065,E01023065,U
E01023068,E01023068,U
E01023069,E01023069,U
E01023070,E01023070,U
E01023071,E01023071,U
E01028293,E01028293,U
E01028333,E01028333,U
W01001577,W01001577,U
E01028334,E01028334,U
E01030518,E01030518,U
W01001599,W01001599,U
E01028335,E01028335,U
E01030519,E01030519,U
W01001566,W01001980,M
E01028340,E01028340,U
E01023031,E01023031,U
E01028308,E01028308,U
E01030520,E01030520,U
E01022989,E01022989,U
E01028309,E01028309,U
E01028341,E01033770,S
E01030521,E01030521,U
E01022991,E01022991,U
W01001567,W01001980,M
E01028318,E01028318,U
E01028341,E01033771,S
E01030522,E01030522,U
E01022998,E01022998,U
W01001568,W01001568,U
E01028319,E01028319,U
E01028320,E01028320,U
E01028285,E01028285,U
E01028286,E01028286,U
E01028287,E01028287,U
E01028288,E01028288,U
E01028289,E01028289,U
E01028290,E01028290,U
E01028291,E01028291,U
E01028325,E01028325,U
E01028326,E01028326,U
E01028336,E01028336,U
E01028352,E01028352,U
E01033393,E01033780,S
E01033393,E01033777,S
E01033394,E01033394,U
E01028330,E01028330,U
E01028331,E01028331,U
E01028332,E01028332,U
E01028351,E01028351,U
E01008294,E01008294,U
E01008306,E01008306,U
E01008307,E01008307,U
E01008308,E01035613,S
E01008308,E01035614,S
E01008308,E01035615,S
E01008308,E01035616,S
E01008311,E01008311,U
E01008312,E01008312,U
E01008313,E01008313,U
E01008309,E01008309,U
E01008352,E01008352,U
E01008357,E01008357,U
E01008358,E01008358,U
E01033550,E01033550,U
E01033551,E01033551,U
E01008336,E01008336,U
E01008337,E01008337,U
E01008338,E01008338,U
E01008339,E01008339,U
E01008340,E01008340,U
E01008341,E01008341,U
E01008342,E01008342,U
E01030523,E01030523,U
E01030524,E01030524,U
E01028313,E01028313,U
E01030525,E01030525,U
E01030526,E01030526,U
E01028314,E01033772,S
E01030527,E01030527,U
E01028314,E01033773,S
E01030532,E01030532,U
E01028314,E01033774,S
E01030533,E01030533,U
E01028321,E01028321,U
E01030534,E01030534,U
E01028322,E01028322,U
E01030556,E01030556,U
E01028323,E01028323,U
E01030535,E01030535,U
E01028303,E01028303,U
E01030536,E01030536,U
E01028312,E01028312,U
E01030537,E01030537,U
E01028337,E01028337,U
E01030538,E01030538,U
E01028349,E01028349,U
E01030544,E01030544,U
E01028350,E01028350,U
E01023000,E01023000,U
W01001575,W01001575,U
W01001581,W01001581,U
E01030545,E01030545,U
W01001555,W01001555,U
E01022994,E01022994,U
E01030546,E01030546,U
E01022995,E01022995,U
E01028315,E01028315,U
W01001556,W01001556,U
E01030547,E01030547,U
W01001560,W01001560,U
E01028316,E01028316,U
E01030529,E01030529,U
W01001565,W01001565,U
E01028317,E01028317,U
E01022996,E01022996,U
E01030555,E01030555,U
W01001596,W01001596,U
E01028353,E01028353,U
E01022997,E01022997,U
E01030557,E01030557,U
W01001597,W01001597,U
E01028295,E01028295,U
E01023063,E01023063,U
E01030558,E01030558,U
W01001549,W01001549,U
E01028297,E01028297,U
E01022990,E01022990,U
E01022999,E01022999,U
E01030515,E01030515,U
E01023041,E01023041,U
E01028327,E01028327,U
E01030528,E01030528,U
E01023042,E01023042,U
E01028328,E01028328,U
W01001583,W01001583,U
E01030530,E01030530,U
E01023043,E01023043,U
E01028329,E01028329,U
W01001585,W01001585,U
E01030531,E01030531,U
E01022984,E01022984,U
E01028296,E01028296,U
W01001586,W01001586,U
W01001545,W01001545,U
E01022985,E01022985,U
E01028298,E01028298,U
W01001594,W01001594,U
W01001548,W01001548,U
E01023020,E01023020,U
E01028299,E01028299,U
W01001595,W01001595,U
W01001557,W01001557,U
E01023034,E01023034,U
E01028300,E01028300,U
W01001559,W01001559,U
W01001571,W01001571,U
E01023035,E01023035,U
E01028342,E01028342,U
W01001584,W01001584,U
W01001579,W01001579,U
E01023036,E01023036,U
E01028343,E01028343,U
W01001587,W01001587,U
W01001546,W01001546,U
W01001592,W01001592,U
E01028344,E01028344,U
E01023001,E01023001,U
E01023002,E01023002,U
W01001558,W01001558,U
E01023058,E01023058,U
E01028294,E01028294,U
W01001593,W01001593,U
E01023060,E01023060,U
W01001580,W01001580,U
E01028304,E01028304,U
W01001542,W01001542,U
E01023061,E01023061,U
W01001909,W01001974,S
E01028305,E01028305,U
W01001543,W01001543,U
E01023017,E01023017,U
W01001909,W01001975,S
E01028306,E01028306,U
W01001578,W01001578,U
E01023018,E01023018,U
W01001561,W01001561,U
E01028307,E01028307,U
W01001590,W01001590,U
E01023019,E01023019,U
W01001562,W01001562,U
E01028310,E01028310,U
W01001551,W01001551,U
E01023055,E01023055,U
W01001563,W01001563,U
E01028311,E01028311,U
W01001588,W01001588,U
E01022986,E01022986,U
E01028345,E01028345,U
W01001589,W01001589,U
E01022988,E01022988,U
E01023054,E01023054,U
E01023056,E01023056,U
E01023057,E01023057,U
E01022981,E01022981,U
E01022982,E01022982,U
E01022983,E01022983,U
E01022987,E01022987,U
E01023044,E01023044,U
E01023051,E01023051,U
W01001598,W01001598,U
E01028346,E01028346,U
E01028347,E01028347,U
E01028348,E01028348,U
E01028292,E01028292,U
W01001908,W01001908,U
W01001572,W01001572,U
W01001573,W01001573,U
W01001574,W01001574,U
W01001582,W01001582,U
W01001591,W01001591,U
W01000918,W01000918,U
W01000944,W01000944,U
W01000965,W01000965,U
W01000893,W01000893,U
E01008403,E01008403,U
E01008404,E01008404,U
E01008405,E01008405,U
E01008443,E01008443,U
E01008324,E01008324,U
E01008325,E01008325,U
E01008326,E01008326,U
E01008327,E01008327,U
E01008328,E01008328,U
E01008329,E01008329,U
E01008293,E01008293,U
E01003579,E01003579,U
E01008330,E01008330,U
E01008300,E01008300,U
E01008450,E01008450,U
E01008451,E01008451,U
E01008452,E01008452,U
E01008367,E01008367,U
E01008428,E01008428,U
E01008368,E01008368,U
E01008370,E01008370,U
E01008409,E01008409,U
E01008411,E01008411,U
E01008303,E01008303,U
E01008359,E01008359,U
E01008360,E01008360,U
E01008361,E01008361,U
E01008362,E01008362,U
E01008364,E01008364,U
E01008343,E01008343,U
E01008344,E01008344,U
E01008345,E01008345,U
E01008346,E01008346,U
E01008347,E01008347,U
E01008348,E01008348,U
E01008349,E01008349,U
E01008350,E01008350,U
E01008430,E01008430,U
E01008431,E01008431,U
E01008433,E01008433,U
E01008434,E01008434,U
E01008435,E01008435,U
E01008436,E01008436,U
E01008381,E01008381,U
E01008382,E01008382,U
E01008383,E01008383,U
E01008384,E01008384,U
E01008385,E01008385,U
E01008386,E01008386,U
E01008387,E01008387,U
E01008396,E01008396,U
E01008398,E01008398,U
E01008449,E01008449,U
E01008453,E01008453,U
E01029579,E01029579,U
E01033583,E01034219,S
E01003527,E01003527,U
E01029580,E01029580,U
E01003585,E01003585,U
E01008456,E01008456,U
E01033583,E01034220,S
E01008455,E01008455,U
E01003537,E01003537,U
E01029610,E01029610,U
E01008441,E01008441,U
E01003542,E01003542,U
E01033556,E01033556,U
E01003587,E01003587,U
E01029612,E01029612,U
E01008457,E01008457,U
E01008442,E01008442,U
E01003624,E01003624,U
E01033583,E01034221,S
E01008406,E01008406,U
E01003591,E01003591,U
E01029553,E01029553,U
E01008458,E01008458,U
E01008444,E01008444,U
E01003492,E01003492,U
E01033586,E01033586,U
E01008407,E01008407,U
E01003528,E01003528,U
E01029554,E01029554,U
E01008459,E01008459,U
E01008445,E01008445,U
E01003493,E01034203,S
E01003562,E01003562,U
E01008410,E01008410,U
E01003575,E01003575,U
E01029566,E01029566,U
E01008460,E01008460,U
E01003493,E01034204,S
E01008446,E01008446,U
E01003494,E01003494,U
E01003564,E01003564,U
E01008412,E01008412,U
E01029567,E01029567,U
E01008447,E01008447,U
E01003565,E01003565,U
E01008413,E01008413,U
E01003495,E01003495,U
E01008351,E01008351,U
E01003577,E01003577,U
E01008448,E01008448,U
E01003594,E01003594,U
E01033548,E01033548,U
E01029598,E01029598,U
E01003566,E01003566,U
E01008354,E01008354,U
E01003580,E01003580,U
E01029562,E01029562,U
E01003595,E01003595,U
E01033553,E01033553,U
E01029599,E01029599,U
E01003625,E01003625,U
E01008418,E01008418,U
E01003545,E01003545,U
E01029565,E01029565,U
E01003602,E01003602,U
E01008394,E01035617,M
E01029555,E01029555,U
E01003626,E01003626,U
E01008420,E01008420,U
E01003548,E01003548,U
E01029581,E01029581,U
E01003607,E01003607,U
E01008395,E01035617,M
E01029578,E01029578,U
E01003627,E01003627,U
E01008422,E01008422,U
E01029582,E01029582,U
E01003549,E01003549,U
E01003496,E01003496,U
E01008397,E01008397,U
E01003628,E01003628,U
E01029602,E01029602,U
E01008424,E01008424,U
E01003557,E01003557,U
E01003629,E01003629,U
E01029586,E01029586,U
E01008353,E01008353,U
E01029603,E01029603,U
E01003547,E01003547,U
E01003498,E01003498,U
E01008399,E01008399,U
E01003552,E01003552,U
E01029587,E01029587,U
E01008355,E01008355,U
E01029604,E01029604,U
E01003555,E01003555,U
E01003500,E01003500,U
E01008439,E01008439,U
E01003596,E01003596,U
E01029561,E01029561,U
E01008356,E01008356,U
E01029576,E01029576,U
E01003561,E01003561,U
E01003593,E01003593,U
E01033543,E01033543,U
E01003597,E01003597,U
E01029563,E01029563,U
E01008378,E01008378,U
E01029593,E01029593,U
E01003567,E01003567,U
E01003601,E01003601,U
E01033545,E01033545,U
E01003635,E01003635,U
E01029564,E01029564,U
E01008419,E01008419,U
E01003556,E01003556,U
E01029594,E01029594,U
E01003558,E01003558,U
E01003603,E01003603,U
E01029588,E01029588,U
E01003568,E01003568,U
E01003570,E01003570,U
E01029540,E01029540,U
E01029557,E01029557,U
E01003605,E01003605,U
E01008421,E01008421,U
E01033554,E01035620,S
E01003608,E01003608,U
E01003571,E01003571,U
E01003569,E01003569,U
E01029541,E01029541,U
E01033554,E01035621,S
E01008423,E01008423,U
E01029573,E01029573,U
E01003538,E01003538,U
E01003572,E01003572,U
E01003573,E01003573,U
E01029542,E01029542,U
E01008415,E01008415,U
E01008317,E01008317,U
E01029574,E01029574,U
E01003539,E01003539,U
E01003551,E01003551,U
E01003574,E01003574,U
E01029543,E01029543,U
E01008416,E01008416,U
E01008319,E01008319,U
E01029575,E01029575,U
E01003540,E01003540,U
E01003553,E01003553,U
E01003520,E01003520,U
E01029595,E01029595,U
E01033547,E01033547,U
E01008320,E01008320,U
E01003541,E01003541,U
E01029549,E01029549,U
E01003521,E01003521,U
E01003554,E01003554,U
E01008321,E01008321,U
E01029597,E01029597,U
E01008301,E01008301,U
E01003522,E01003522,U
E01003559,E01003559,U
E01003499,E01003499,U
E01029536,E01029536,U
E01008302,E01008302,U
E01008322,E01008322,U
E01029551,E01029551,U
E01003525,E01003525,U
E01003529,E01003529,U
E01003501,E01003501,U
E01029544,E01029544,U
E01008304,E01035623,S
E01008323,E01008323,U
E01029591,E01029591,U
E01003526,E01003526,U
E01003530,E01003530,U
E01003502,E01003502,U
E01029545,E01029545,U
E01008304,E01035622,S
E01008295,E01008295,U
E01029600,E01029600,U
E01003488,E01003488,U
E01003531,E01003531,U
E01003503,E01003503,U
E01029546,E01029546,U
E01008305,E01008305,U
E01008374,E01008374,U
E01029605,E01029605,U
E01003489,E01003489,U
E01003532,E01003532,U
E01003507,E01003507,U
E01029596,E01029596,U
E01008391,E01008391,U
E01008375,E01008375,U
E01008376,E01008376,U
E01008377,E01008377,U
E01008379,E01008379,U
E01008380,E01008380,U
E01008296,E01008296,U
E01008297,E01008297,U
E01008298,E01008298,U
E01008299,E01008299,U
E01008314,E01008314,U
E01008315,E01008315,U
E01008316,E01008316,U
E01008318,E01008318,U
E01008363,E01008363,U
E01008365,E01008365,U
E01008366,E01008366,U
E01008369,E01008369,U
E01008371,E01008371,U
E01008372,E01008372,U
E01008373,E01008373,U
E01008400,E01008400,U
E01008401,E01008401,U
E01008402,E01008402,U
E01029532,E01029532,U
E01003508,E01003508,U
E01003534,E01003534,U
E01003490,E01003490,U
E01029533,E01029533,U
E01003509,E01003509,U
E01003533,E01003533,U
E01003524,E01003524,U
E01029534,E01029534,U
E01003604,E01003604,U
E01003560,E01003560,U
E01029607,E01029607,U
E01008392,E01008392,U
E01003631,E01003631,U
E01029535,E01029535,U
E01029589,E01029589,U
E01003563,E01003563,U
E01008432,E01008432,U
E01029556,E01029556,U
E01003632,E01003632,U
E01003588,E01003588,U
E01029590,E01029590,U
E01003483,E01003483,U
E01029601,E01029601,U
E01008288,E01008288,U
E01029537,E01029537,U
E01003589,E01003589,U
E01003484,E01003484,U
E01003633,E01003633,U
E01029606,E01029606,U
E01008289,E01008289,U
E01029538,E01029538,U
E01003616,E01003616,U
E01003516,E01003516,U
E01003518,E01003518,U
E01003519,E01003519,U
E01003480,E01003480,U
E01003482,E01034205,S
E01003482,E01034206,S
E01003482,E01034207,S
E01003486,E01003486,U
E01003487,E01003487,U
E01003497,E01003497,U
E01003506,E01003506,U
E01033574,E01034212,M
E01033575,E01034212,M
E01033576,E01034210,S
E01033576,E01034211,S
E01029539,E01029539,U
E01003617,E01034199,S
E01008290,E01008290,U
E01029608,E01029608,U
E01029552,E01029552,U
E01003617,E01034200,S
E01008291,E01008291,U
E01033257,E01033257,U
E01029558,E01029558,U
E01003618,E01003618,U
E01003634,E01003634,U
E01008292,E01008292,U
E01029569,E01029569,U
E01029547,E01029547,U
E01003619,E01003619,U
E01003636,E01003636,U
E01008388,E01008388,U
E01029570,E01029570,U
E01029548,E01029548,U
E01003615,E01003615,U
E01003598,E01003598,U
E01008389,E01008389,U
E01029571,E01029571,U
E01029559,E01029559,U
E01033578,E01034222,S
E01003600,E01003600,U
E01033578,E01034223,S
E01008426,E01008426,U
E01033579,E01033579,U
E01029560,E01029560,U
E01003630,E01003630,U
E01008429,E01008429,U
E01033583,E01034213,S
E01029572,E01029572,U
E01029568,E01029568,U
E01033583,E01034214,S
E01003637,E01003637,U
E01003543,E01003543,U
E01008331,E01008331,U
E01029583,E01029583,U
E01033583,E01034215,S
E01003491,E01003491,U
E01003544,E01003544,U
E01008332,E01035618,S
E01029584,E01029584,U
E01033583,E01034216,S
E01003592,E01003592,U
E01003546,E01003546,U
E01008332,E01035619,S
E01029585,E01029585,U
E01033583,E01034217,S
E01003599,E01003599,U
E01003550,E01003550,U
E01008333,E01008333,U
E01029609,E01029609,U
E01033583,E01034218,S
E01003606,E01034201,S
E01003576,E01003576,U
E01008334,E01008334,U
E01029611,E01029611,U
E01003606,E01034202,S
E01003581,E01003581,U
E01008335,E01008335,U
E01029577,E01029577,U
E01003535,E01003535,U
E01003582,E01003582,U
E01008437,E01008437,U
E01003536,E01003536,U
E01008438,E01008438,U
E01003583,E01003583,U
E01003578,E01003578,U
E01003584,E01003584,U
E01003586,E01003586,U
E01003621,E01003621,U
E01003590,E01003590,U
E01008390,E01008390,U
E01003622,E01003622,U
E01008425,E01008425,U
E01003623,E01003623,U
E01008427,E01008427,U
E01003523,E01003523,U
W01001647,W01002033,S
W01001648,W01001648,U
W01001635,W01001635,U
W01001637,W01001637,U
W01001638,W01001638,U
W01001671,W01001671,U
W01001629,W01001629,U
W01001630,W01001630,U
W01001631,W01001631,U
W01001632,W01001632,U
W01001659,W01001659,U
W01001660,W01001660,U
W01001661,W01001661,U
W01001662,W01001662,U
W01001633,W01001633,U
W01001634,W01001634,U
W01001688,W01002034,S
W01001678,W01001678,U
W01001688,W01002035,S
W01001689,W01001689,U
W01001636,W01001636,U
W01001601,W01001601,U
E01013221,E01013221,U
W01001657,W01001657,U
W01001681,W01001681,U
E01013222,E01013222,U
W01001658,W01001658,U
E01033584,E01033584,U
E01020139,E01020139,U
E01019823,E01019823,U
E01020458,E01020458,U
E01013207,E01013207,U
W01001682,W01001682,U
W01001683,W01001683,U
W01001684,W01001684,U
W01001675,W01001675,U
W01001676,W01001676,U
W01001677,W01001677,U
W01001679,W01001679,U
W01001680,W01001680,U
W01001606,W01001606,U
W01001608,W01001608,U
W01001663,W01001663,U
W01001665,W01001665,U
W01001669,W01001669,U
W01001670,W01001670,U
W01001672,W01002028,S
W01001672,W01002029,S
W01001673,W01001673,U
W01001674,W01001674,U
W01001664,W01001664,U
W01001666,W01001666,U
W01001667,W01001667,U
W01001668,W01001668,U
W01001611,W01001611,U
W01001612,W01001612,U
W01001613,W01001613,U
W01001691,W01001691,U
W01001692,W01001692,U
W01001600,W01001600,U
W01001602,W01001602,U
W01001603,W01001603,U
W01001604,W01001604,U
W01001642,W01001642,U
W01001643,W01001643,U
W01001644,W01002030,S
W01001644,W01002031,S
W01001690,W01001690,U
W01001693,W01001693,U
W01001605,W01001605,U
W01001685,W01001685,U
W01001686,W01001686,U
W01001687,W01001687,U
W01001607,W01001607,U
W01001609,W01001609,U
W01001610,W01001610,U
W01001645,W01001645,U
W01001646,W01001646,U
W01001647,W01002032,S
W01001912,W01001912,U
E01020459,E01034376,S
E01033585,E01034208,S
E01020094,E01020094,U
E01013144,E01013144,U
E01020095,E01020095,U
E01020140,E01020140,U
E01013145,E01013145,U
E01019771,E01019771,U
E01020141,E01020141,U
E01013211,E01013211,U
E01033585,E01034209,S
E01013146,E01013146,U
E01019772,E01019772,U
E01020096,E01020096,U
E01013212,E01013212,U
E01003479,E01003479,U
W01001913,W01001913,U
E01020459,E01034377,S
E01013148,E01013148,U
E01019828,E01019828,U
E01020123,E01020123,U
E01013181,E01013181,U
E01003481,E01003481,U
E01020111,E01020111,U
E01020444,E01020444,U
E01013195,E01013195,U
E01019829,E01019829,U
E01020124,E01020124,U
E01013182,E01013182,U
E01003485,E01003485,U
E01020112,E01020112,U
E01020445,E01020445,U
E01013196,E01013196,U
E01019796,E01019796,U
E01020125,E01020125,U
E01013183,E01013183,U
E01003513,E01003513,U
E01020114,E01020114,U
E01020446,E01020446,U
E01013201,E01013201,U
E01019797,E01019797,U
E01020102,E01020102,U
E01020103,E01020103,U
E01020104,E01020104,U
E01020128,E01020128,U
E01020129,E01020129,U
E01020130,E01020130,U
E01020105,E01020105,U
E01020106,E01020106,U
E01020107,E01020107,U
E01020119,E01020119,U
E01020084,E01020084,U
E01020085,E01020085,U
E01020086,E01034638,S
E01020086,E01034639,S
E01020121,E01020121,U
E01020122,E01020122,U
E01020097,E01020097,U
E01020131,E01020131,U
E01020135,E01020135,U
E01020136,E01020136,U
E01020137,E01020137,U
E01020087,E01020087,U
E01020098,E01020098,U
E01020138,E01020138,U
E01020443,E01020443,U
E01020447,E01020447,U
E01020463,E01020463,U
E01020464,E01020464,U
E01020440,E01020440,U
E01020450,E01020450,U
E01020462,E01020462,U
E01033156,E01033156,U
E01033158,E01033158,U
E01020454,E01020454,U
E01020455,E01034374,S
E01020455,E01034375,S
E01020456,E01020456,U
E01020457,E01020457,U
E01020433,E01020433,U
E01020434,E01020434,U
E01020449,E01020449,U
E01020115,E01020115,U
E01013202,E01013202,U
E01020099,E01020099,U
E01003511,E01003511,U
E01020460,E01020460,U
E01013203,E01013203,U
E01020100,E01020100,U
E01020442,E01020442,U
E01003512,E01003512,U
E01019799,E01019799,U
E01013184,E01013184,U
E01013138,E01013138,U
E01003514,E01003514,U
E01013185,E01013185,U
E01013140,E01013140,U
E01019800,E01019800,U
E01003515,E01003515,U
E01020452,E01020452,U
E01013186,E01013186,U
E01020101,E01020101,U
E01013141,E01013141,U
E01019808,E01019808,U
E01003517,E01003517,U
E01020453,E01020453,U
E01013129,E01013129,U
E01020126,E01020126,U
E01013143,E01013143,U
E01003609,E01034224,S
E01033154,E01034378,M
E01020113,E01020113,U
E01013173,E01013173,U
E01003609,E01034225,S
E01013151,E01013151,U
E01019826,E01019826,U
E01033159,E01034378,M
E01003609,E01034226,S
E01013223,E01035474,S
E01019769,E01019769,U
E01020435,E01020435,U
E01013152,E01013152,U
E01020116,E01020116,U
E01003611,E01003611,U
E01013223,E01035475,S
E01019774,E01019774,U
E01020436,E01020436,U
E01013155,E01013155,U
E01020117,E01020117,U
E01033577,E01034227,S
E01013224,E01013224,U
E01019824,E01019824,U
E01020437,E01020437,U
E01013130,E01013130,U
E01020118,E01020118,U
E01033577,E01034228,S
E01013226,E01013226,U
E01019830,E01019830,U
E01020438,E01020438,U
E01013135,E01013135,U
E01020090,E01020090,U
E01033577,E01034229,S
E01013187,E01013187,U
E01019831,E01019831,U
E01020439,E01020439,U
E01013154,E01013154,U
E01013156,E01013156,U
E01013204,E01013204,U
E01013205,E01013205,U
E01013208,E01013208,U
E01013209,E01013209,U
E01013210,E01013210,U
E01013153,E01013153,U
E01013157,E01013157,U
E01013166,E01035476,M
E01013167,E01013167,U
E01013169,E01035476,M
E01013189,E01013189,U
E01013190,E01035477,S
E01013190,E01035478,S
E01013191,E01013191,U
E01013192,E01013192,U
E01013194,E01013194,U
E01013168,E01035479,S
E01013168,E01035480,S
E01013170,E01013170,U
E01013171,E01013171,U
E01013172,E01013172,U
E01013193,E01013193,U
E01013213,E01013213,U
E01013214,E01013214,U
E01013215,E01013215,U
E01013216,E01013216,U
E01013217,E01013217,U
E01013225,E01013225,U
E01023660,E01023660,U
E01023661,E01023661,U
E01023662,E01023662,U
E01023654,E01023654,U
E01023655,E01023655,U
E01013188,E01013188,U
E01013231,E01013231,U
E01033577,E01034230,S
E01019809,E01019809,U
E01013233,E01013233,U
E01033577,E01034231,S
E01020108,E01020108,U
E01020109,E01020109,U
E01020430,E01020430,U
E01013147,E01013147,U
E01020431,E01020431,U
E01020089,E01020089,U
E01013234,E01013234,U
E01019810,E01019810,U
E01020432,E01020432,U
E01033580,E01033580,U
E01020091,E01020091,U
E01033414,E01033414,U
E01019811,E01019811,U
E01020441,E01020441,U
E01033581,E01033581,U
E01020092,E01020092,U
E01013128,E01013128,U
E01019812,E01019812,U
E01020448,E01020448,U
E01033582,E01033582,U
E01020093,E01020093,U
E01013198,E01013198,U
E01019813,E01019813,U
E01019801,E01019801,U
W01001623,W01001623,U
E01020110,E01020110,U
E01013199,E01013199,U
E01019825,E01019825,U
E01019802,E01019802,U
W01001624,W01001624,U
E01020088,E01020088,U
E01013200,E01013200,U
E01019773,E01034648,S
E01019773,E01034649,S
E01019775,E01019775,U
E01019776,E01019776,U
E01019777,E01019777,U
E01019814,E01019814,U
E01019817,E01019817,U
E01019818,E01019818,U
E01019819,E01019819,U
E01019820,E01019820,U
E01019791,E01019791,U
E01019792,E01019792,U
E01019815,E01019815,U
E01032586,E01032586,U
E01013174,E01013174,U
E01013175,E01013175,U
E01013176,E01013176,U
E01013177,E01013177,U
E01013178,E01013178,U
E01013179,E01013179,U
E01013180,E01013180,U
E01013136,E01013136,U
E01013137,E01035473,M
E01013139,E01035473,M
E01013142,E01013142,U
E01013218,E01013218,U
E01013219,E01013219,U
E01013220,E01013220,U
W01001625,W01001625,U
W01001626,W01001626,U
W01001627,W01001627,U
W01001628,W01001628,U
W01001651,W01001651,U
W01001652,W01001652,U
W01001653,W01001653,U
W01001654,W01001654,U
W01001655,W01001655,U
W01001617,W01001617,U
W01001618,W01001618,U
W01001619,W01001619,U
W01001620,W01001620,U
W01001621,W01001621,U
W01001622,W01001622,U
W01001639,W01001639,U
W01001640,W01001640,U
W01001641,W01001641,U
W01001649,W01002026,S
W01001649,W01002027,S
W01001650,W01001650,U
W01001614,W01001614,U
W01001615,W01001615,U
W01001616,W01001616,U
E01013159,E01013159,U
E01019803,E01019803,U
E01020120,E01020120,U
E01013161,E01013161,U
E01020127,E01020127,U
E01013162,E01013162,U
E01020132,E01020132,U
E01019804,E01019804,U
E01013165,E01013165,U
E01020133,E01020133,U
E01019805,E01019805,U
E01013158,E01013158,U
E01020134,E01020134,U
E01019806,E01019806,U
E01013160,E01013160,U
E01019807,E01019807,U
E01013163,E01013163,U
E01019778,E01019778,U
E01013164,E01013164,U
E01019779,E01019779,U
E01013197,E01013197,U
E01019790,E01019790,U
E01013149,E01013149,U
E01013150,E01013150,U
E01019816,E01019816,U
E01013227,E01013227,U
E01019780,E01019780,U
E01013228,E01013228,U
E01019781,E01019781,U
E01013229,E01013229,U
E01019782,E01019782,U
E01013131,E01013131,U
E01019786,E01019786,U
E01013132,E01013132,U
E01019827,E01019827,U
E01013133,E01013133,U
E01019770,E01019770,U
E01013134,E01013134,U
E01019787,E01019787,U
E01013206,E01013206,U
E01019788,E01019788,U
E01019794,E01019794,U
E01019783,E01019783,U
E01019784,E01019784,U
E01019785,E01019785,U
E01019793,E01019793,U
E01019795,E01019795,U
E01019798,E01019798,U
E01019821,E01019821,U
E01019822,E01019822,U
E01023656,E01023656,U
E01014775,E01014775,U
E01026774,E01026774,U
E01023657,E01023657,U
E01023658,E01023658,U
E01023659,E01023659,U
E01026212,E01026212,U
E01023635,E01023635,U
E01023636,E01023636,U
E01023637,E01023637,U
E01023638,E01023638,U
E01023587,E01023587,U
E01023588,E01023588,U
E01023589,E01023589,U
E01023590,E01023590,U
E01023591,E01023591,U
E01023592,E01023592,U
E01023593,E01023593,U
E01023585,E01023585,U
E01023586,E01023586,U
E01023597,E01023597,U
E01023598,E01023598,U
E01023600,E01023600,U
E01023663,E01023663,U
E01033024,E01033024,U
E01033025,E01033025,U
E01033026,E01033026,U
E01033027,E01033027,U
E01023630,E01023630,U
E01023631,E01023631,U
E01023632,E01023632,U
E01023633,E01023633,U
E01023634,E01023634,U
E01023649,E01023649,U
E01023650,E01023650,U
E01023651,E01023651,U
E01023652,E01023652,U
E01023644,E01023644,U
E01023645,E01023645,U
E01023646,E01023646,U
E01023647,E01023647,U
E01023648,E01023648,U
E01023639,E01023639,U
E01023640,E01023640,U
E01023641,E01023641,U
E01023642,E01023642,U
E01023643,E01023643,U
E01023601,E01023601,U
E01023602,E01023602,U
E01023603,E01023603,U
E01023604,E01023604,U
E01023605,E01023605,U
E01023617,E01023617,U
E01023618,E01023618,U
E01026739,E01026739,U
E01013276,E01013276,U
E01013304,E01013304,U
E01013277,E01013277,U
E01014776,E01014776,U
E01026775,E01026775,U
E01023619,E01023619,U
E01026763,E01026763,U
E01013305,E01013305,U
E01013315,E01013315,U
E01013307,E01013307,U
E01026213,E01026213,U
E01026764,E01026764,U
E01013317,E01013317,U
E01014777,E01014777,U
E01026776,E01026776,U
E01013288,E01013288,U
E01026192,E01026192,U
E01023620,E01023620,U
E01026765,E01026765,U
E01013318,E01013318,U
E01014778,E01014778,U
E01026786,E01026786,U
E01013291,E01013291,U
E01026194,E01026194,U
E01023621,E01023621,U
E01026734,E01026734,U
E01026735,E01026735,U
E01026736,E01026736,U
E01026777,E01026777,U
E01026778,E01026778,U
E01026779,E01026779,U
E01026741,E01026741,U
E01026742,E01026742,U
E01026743,E01026743,U
E01026762,E01034774,S
E01026762,E01034775,S
E01026766,E01026766,U
E01026781,E01026781,U
E01026731,E01034776,M
E01026732,E01034776,M
E01026733,E01026733,U
E01026737,E01026737,U
E01026738,E01026738,U
E01026750,E01026750,U
E01026751,E01026751,U
E01026752,E01026752,U
E01026729,E01026729,U
E01026730,E01026730,U
E01026788,E01026788,U
E01026780,E01026780,U
E01026782,E01026782,U
E01026787,E01026787,U
E01026753,E01026753,U
E01026754,E01026754,U
E01026755,E01026755,U
E01026756,E01026756,U
E01026757,E01026757,U
E01026758,E01026758,U
E01026759,E01026759,U
E01026760,E01026760,U
E01026761,E01026761,U
E01026745,E01026745,U
E01026746,E01026746,U
E01026747,E01026747,U
E01026748,E01026748,U
E01026749,E01026749,U
E01026740,E01026740,U
E01026767,E01026767,U
E01026768,E01026768,U
E01026789,E01026789,U
E01026790,E01026790,U
E01014779,E01014779,U
E01013292,E01013292,U
E01023611,E01023611,U
E01026195,E01026195,U
E01013294,E01013294,U
E01014756,E01014756,U
E01023612,E01023612,U
E01013319,E01013319,U
E01023613,E01023613,U
E01014757,E01014757,U
E01026196,E01026196,U
E01023614,E01023614,U
E01013270,E01013270,U
E01013238,E01013238,U
E01014761,E01014761,U
E01026744,E01026744,U
E01026180,E01026180,U
E01013306,E01013306,U
E01026769,E01026769,U
E01023615,E01023615,U
E01013240,E01035481,S
E01014762,E01014762,U
E01013308,E01013308,U
E01026183,E01026183,U
E01026783,E01026783,U
E01023616,E01023616,U
E01013240,E01035482,S
E01014763,E01014763,U
E01013309,E01013309,U
E01026210,E01026210,U
E01026784,E01026784,U
E01023606,E01023606,U
E01013240,E01035483,S
E01014737,E01014737,U
E01013286,E01013286,U
E01026224,E01026224,U
E01026785,E01026785,U
E01014790,E01014790,U
E01014795,E01014795,U
E01014797,E01014797,U
E01032675,E01032675,U
E01032676,E01032676,U
E01032681,E01032681,U
E01014789,E01014789,U
E01014793,E01014793,U
E01014794,E01014794,U
E01014798,E01014798,U
E01014792,E01014792,U
E01014796,E01014796,U
E01032677,E01032677,U
E01032678,E01032678,U
E01032682,E01032682,U
E01014766,E01014766,U
E01014767,E01014767,U
E01014786,E01014786,U
E01014787,E01014787,U
E01014752,E01014752,U
E01014754,E01014754,U
E01014758,E01014758,U
E01014759,E01014759,U
E01014849,E01014849,U
E01014850,E01014850,U
E01014851,E01014851,U
E01014852,E01014852,U
E01032674,E01035211,S
E01032674,E01035212,S
E01032680,E01032680,U
E01014750,E01014750,U
E01014751,E01014751,U
E01014753,E01014753,U
E01014755,E01014755,U
E01014760,E01014760,U
E01014780,E01014780,U
E01014781,E01014781,U
E01014782,E01014782,U
E01014783,E01014783,U
E01014784,E01014784,U
E01014785,E01014785,U
E01013287,E01013287,U
E01014738,E01014738,U
E01013311,E01013311,U
E01013289,E01013289,U
E01026179,E01026179,U
E01014739,E01014739,U
E01013320,E01013320,U
E01026197,E01026197,U
E01023607,E01023607,U
E01014740,E01014740,U
E01013278,E01013278,U
E01026198,E01026198,U
E01023608,E01023608,U
E01013290,E01013290,U
E01014855,E01014855,U
E01013280,E01013280,U
E01026223,E01026223,U
E01023609,E01023609,U
E01013293,E01013293,U
E01014856,E01014856,U
E01013281,E01013281,U
E01026209,E01026209,U
E01023610,E01023610,U
E01013245,E01013245,U
E01014857,E01014857,U
E01013283,E01013283,U
E01026221,E01026221,U
E01023594,E01023594,U
E01013246,E01013246,U
E01014858,E01014858,U
E01013236,E01013236,U
E01026222,E01026222,U
E01023622,E01023622,U
E01013247,E01013247,U
E01014859,E01014859,U
E01013239,E01013239,U
E01026227,E01026227,U
E01023623,E01023623,U
E01014860,E01014860,U
E01013248,E01013248,U
E01013282,E01013282,U
E01023624,E01023624,U
E01026230,E01026230,U
E01013284,E01013284,U
E01023625,E01023625,U
E01014847,E01014847,U
E01013249,E01013249,U
E01026231,E01026231,U
E01013237,E01013237,U
E01023653,E01023653,U
E01014848,E01014848,U
E01013297,E01013297,U
E01026232,E01026232,U
E01013261,E01013261,U
E01023595,E01023595,U
E01014853,E01014853,U
E01013300,E01013300,U
E01026235,E01026235,U
E01013262,E01013262,U
E01023596,E01023596,U
E01014854,E01014854,U
E01013302,E01013302,U
E01026228,E01026228,U
E01013263,E01013263,U
E01023626,E01023626,U
E01014764,E01014764,U
E01013331,E01013331,U
E01026229,E01026229,U
E01033296,E01033296,U
E01023627,E01023627,U
E01014765,E01014765,U
E01013296,E01013296,U
E01026233,E01026233,U
E01033297,E01033297,U
E01023628,E01023628,U
E01023629,E01023629,U
E01026186,E01026186,U
E01026187,E01026187,U
E01026189,E01026189,U
E01026203,E01026203,U
E01026204,E01026204,U
E01026206,E01026206,U
E01026182,E01026182,U
E01026193,E01026193,U
E01026199,E01026199,U
E01026225,E01026225,U
E01026226,E01026226,U
E01032990,E01034693,S
E01032990,E01034694,S
E01032994,E01032994,U
E01026184,E01026184,U
E01026185,E01026185,U
E01026188,E01026188,U
E01026190,E01026190,U
E01026237,E01026237,U
E01026238,E01026238,U
E01026191,E01026191,U
E01026205,E01026205,U
E01026211,E01026211,U
E01014773,E01014773,U
E01026234,E01034695,S
E01013260,E01013260,U
E01014774,E01014774,U
E01026234,E01034696,S
E01013264,E01013264,U
E01014821,E01014821,U
E01026236,E01026236,U
E01013265,E01013265,U
E01013298,E01013298,U
E01014822,E01014822,U
E01026200,E01026200,U
E01013266,E01013266,U
E01013241,E01013241,U
E01013242,E01013242,U
E01013243,E01013243,U
E01013244,E01013244,U
E01013324,E01013324,U
E01013326,E01013326,U
E01013327,E01013327,U
E01013328,E01013328,U
E01013322,E01013322,U
E01013323,E01013323,U
E01013325,E01013325,U
E01013329,E01013329,U
E01013250,E01013250,U
E01013251,E01013251,U
E01013252,E01013252,U
E01013253,E01013253,U
E01026770,E01026770,U
E01026771,E01026771,U
E01026772,E01026772,U
E01026773,E01026773,U
E01013299,E01013299,U
E01014823,E01014823,U
E01026201,E01026201,U
E01013330,E01013330,U
E01014824,E01014824,U
E01026202,E01026202,U
E01013332,E01013332,U
E01014825,E01014825,U
E01026207,E01026207,U
E01013295,E01013295,U
E01014826,E01014826,U
E01026208,E01026208,U
E01013301,E01013301,U
E01014827,E01014827,U
E01026220,E01026220,U
E01013333,E01013333,U
E01014817,E01014817,U
E01032988,E01032988,U
E01014820,E01014820,U
E01013334,E01013334,U
E01032989,E01032989,U
E01014835,E01014835,U
E01013310,E01013310,U
E01032993,E01032993,U
E01014836,E01014836,U
E01013312,E01013312,U
E01026214,E01026214,U
E01014838,E01014838,U
E01013313,E01013313,U
E01026215,E01026215,U
E01014840,E01014840,U
E01013314,E01013314,U
E01026218,E01026218,U
E01014812,E01014812,U
E01013267,E01013267,U
E01026219,E01026219,U
E01014813,E01014813,U
E01013268,E01013268,U
E01032991,E01032991,U
E01014815,E01014815,U
E01013269,E01013269,U
E01032992,E01032992,U
E01014816,E01014816,U
E01013271,E01013271,U
E01013254,E01013254,U
E01014818,E01014818,U
E01013272,E01013272,U
E01013255,E01013255,U
E01014819,E01014819,U
E01013273,E01013273,U
E01013256,E01013256,U
E01014841,E01014841,U
E01014842,E01014842,U
E01013279,E01013279,U
E01014843,E01014843,U
E01013257,E01013257,U
E01013285,E01013285,U
E01013258,E01013258,U
E01013316,E01013316,U
E01013259,E01013259,U
E01013321,E01013321,U
E01013303,E01013303,U
E01013274,E01013274,U
E01013275,E01013275,U
E01031033,E01031033,U
E01031034,E01031034,U
E01031005,E01031005,U
E01031008,E01031008,U
E01031017,E01031017,U
E01031018,E01031018,U
E01031029,E01031029,U
E01031030,E01031030,U
E01031019,E01031019,U
E01031020,E01031020,U
E01031021,E01031021,U
E01031022,E01031022,U
E01031041,E01031041,U
E01031042,E01031042,U
E01031006,E01031006,U
E01027171,E01027171,U
E01031007,E01031007,U
E01031027,E01031027,U
E01027172,E01027172,U
E01031028,E01031028,U
E01027182,E01027182,U
E01008507,E01008507,U
E01025924,E01025924,U
E01025925,E01035098,S
E01025925,E01035099,S
E01025926,E01025926,U
E01025927,E01025927,U
E01025928,E01025928,U
E01025923,E01025923,U
E01025944,E01025944,U
E01025945,E01025945,U
E01025946,E01025946,U
E01025915,E01025915,U
E01025916,E01025916,U
E01025917,E01035100,S
E01025917,E01035101,S
E01025918,E01025918,U
E01025960,E01025960,U
E01025961,E01025961,U
E01025962,E01025962,U
E01025965,E01025965,U
E01025955,E01025955,U
E01025956,E01025956,U
E01025963,E01025963,U
E01014844,E01014844,U
E01025964,E01025964,U
E01025914,E01025914,U
E01025919,E01025919,U
E01025920,E01025920,U
E01025921,E01025921,U
E01025966,E01025966,U
E01008551,E01008551,U
E01025967,E01025967,U
E01025968,E01025968,U
E01008462,E01008462,U
E01025969,E01025969,U
E01025950,E01025950,U
E01027214,E01027214,U
E01025951,E01025951,U
E01008463,E01008463,U
E01027216,E01027216,U
E01008493,E01008493,U
E01014845,E01014845,U
E01025952,E01025952,U
E01008478,E01008478,U
E01008464,E01008464,U
E01027240,E01027240,U
E01027183,E01027183,U
E01008465,E01008465,U
E01027196,E01027196,U
E01008531,E01008531,U
E01008480,E01008480,U
E01027197,E01027197,U
E01027207,E01027207,U
E01008532,E01008532,U
E01025953,E01025953,U
E01008504,E01008504,U
E01014846,E01014846,U
E01027198,E01027198,U
E01027210,E01027210,U
E01008534,E01008534,U
E01025954,E01025954,U
E01008578,E01008578,U
E01014799,E01014799,U
E01027199,E01027199,U
E01027215,E01027215,U
E01008538,E01008538,U
E01025932,E01025932,U
E01008583,E01008583,U
E01008494,E01008494,U
E01014800,E01014800,U
E01027190,E01027190,U
E01027217,E01027217,U
E01008508,E01008508,U
E01025933,E01025933,U
E01008520,E01008520,U
E01008523,E01008523,U
E01008546,E01008546,U
E01008550,E01008550,U
E01008577,E01008577,U
E01008579,E01008579,U
E01008580,E01008580,U
E01008581,E01008581,U
E01008582,E01008582,U
E01008517,E01008517,U
E01008519,E01008519,U
E01008521,E01008521,U
E01008522,E01008522,U
E01008584,E01008584,U
E01008585,E01008585,U
E01008587,E01008587,U
E01008588,E01008588,U
E01008589,E01008589,U
E01008518,E01008518,U
E01008564,E01008564,U
E01008565,E01035625,S
E01008565,E01035626,S
E01008567,E01008567,U
E01008475,E01008475,U
E01008476,E01008476,U
E01008477,E01008477,U
E01008479,E01008479,U
E01008552,E01008552,U
E01008553,E01008553,U
E01008554,E01008554,U
E01008555,E01008555,U
E01008586,E01008586,U
E01008495,E01008495,U
E01008496,E01008496,U
E01008497,E01008497,U
E01008498,E01008498,U
E01008568,E01008568,U
E01008569,E01008569,U
E01008570,E01008570,U
E01032647,E01032647,U
E01032648,E01032648,U
E01008500,E01008500,U
E01008505,E01008505,U
E01008506,E01008506,U
E01008556,E01008556,U
E01027191,E01027191,U
E01027255,E01027255,U
E01008557,E01008557,U
E01027193,E01027193,U
E01025934,E01025934,U
E01008470,E01008470,U
E01027194,E01027194,U
E01027256,E01027256,U
E01008509,E01008509,U
E01014801,E01014801,U
E01027258,E01027258,U
E01008499,E01008499,U
E01014802,E01014802,U
E01027260,E01027260,U
E01027192,E01027192,U
E01008510,E01008510,U
E01025935,E01025935,U
E01008502,E01008502,U
E01014809,E01014809,U
E01027152,E01027152,U
E01027229,E01027229,U
E01008512,E01008512,U
E01025936,E01025936,U
E01008516,E01008516,U
E01014811,E01014811,U
E01027153,E01027153,U
E01027230,E01027230,U
E01008539,E01008539,U
E01025929,E01025929,U
E01008488,E01008488,U
E01014829,E01014829,U
E01027154,E01027154,U
E01027231,E01027231,U
E01008540,E01008540,U
E01025930,E01025930,U
E01008489,E01008489,U
E01014830,E01014830,U
E01014831,E01014831,U
E01014832,E01014832,U
E01014833,E01014833,U
E01014804,E01014804,U
E01014806,E01014806,U
E01014807,E01014807,U
E01014808,E01014808,U
E01014744,E01014744,U
E01014746,E01014746,U
E01014769,E01035213,S
E01014769,E01035214,S
E01014770,E01014770,U
E01014771,E01014771,U
E01014772,E01014772,U
E01014741,E01014741,U
E01014742,E01014742,U
E01014745,E01014745,U
E01014747,E01014747,U
E01014748,E01014748,U
E01014749,E01014749,U
E01014803,E01014803,U
E01014805,E01014805,U
E01014828,E01014828,U
E01014834,E01014834,U
E01014839,E01014839,U
E01032666,E01032666,U
E01032667,E01032667,U
E01032668,E01032668,U
E01032672,E01032672,U
E01032673,E01032673,U
E01014810,E01035215,S
E01014810,E01035216,S
E01032669,E01032669,U
E01032670,E01032670,U
E01032671,E01032671,U
E01032679,E01032679,U
E01008547,E01008547,U
E01008548,E01008548,U
E01008549,E01008549,U
E01025931,E01025931,U
E01025957,E01025957,U
E01025937,E01025937,U
E01025958,E01025958,U
E01025959,E01025959,U
E01033102,E01033102,U
E01033103,E01033103,U
E01025913,E01025913,U
E01025947,E01025947,U
E01025948,E01025948,U
E01025949,E01025949,U
E01025938,E01025938,U
E01025939,E01025939,U
E01025940,E01025940,U
E01025941,E01025941,U
E01025942,E01025942,U
E01025943,E01025943,U
E01027145,E01027145,U
E01027148,E01027148,U
E01027149,E01027149,U
E01027232,E01027232,U
E01027218,E01027218,U
E01027219,E01027219,U
E01008541,E01008541,U
E01027221,E01027221,U
E01027179,E01027179,U
E01032978,E01032978,U
E01008544,E01008544,U
E01008490,E01008490,U
E01008545,E01008545,U
E01008511,E01008511,U
E01008491,E01008491,U
E01008542,E01008542,U
E01008558,E01008558,U
E01008543,E01008543,U
E01008560,E01008560,U
E01008571,E01008571,U
E01008572,E01008572,U
E01008573,E01008573,U
E01008574,E01008574,U
E01008576,E01008576,U
E01008533,E01008533,U
E01008535,E01008535,U
E01008536,E01008536,U
E01008537,E01008537,U
E01008575,E01008575,U
E01031035,E01031035,U
E01031036,E01031036,U
E01031037,E01031037,U
E01031038,E01031038,U
E01031039,E01031039,U
E01031040,E01031040,U
E01031016,E01031016,U
E01031025,E01031025,U
E01031026,E01031026,U
E01031031,E01031031,U
E01031032,E01031032,U
E01031009,E01031009,U
E01031010,E01031010,U
E01031011,E01031011,U
E01031012,E01031012,U
E01031013,E01031013,U
E01031014,E01031014,U
E01031015,E01031015,U
E01031023,E01031023,U
E01031024,E01031024,U
E01032979,E01032979,U
E01027180,E01027180,U
E01027222,E01027222,U
E01027132,E01027132,U
E01027133,E01027133,U
E01027134,E01027134,U
E01027135,E01027135,U
E01027155,E01027155,U
E01027225,E01027225,U
E01027227,E01027227,U
E01027228,E01027228,U
E01027151,E01027151,U
E01027236,E01027236,U
E01027237,E01027237,U
E01027238,E01027238,U
E01027223,E01035417,S
E01027223,E01035418,S
E01027224,E01027224,U
E01027226,E01027226,U
E01027257,E01027257,U
E01027233,E01027233,U
E01027234,E01027234,U
E01027235,E01027235,U
E01027252,E01027252,U
E01027156,E01027156,U
E01008561,E01008561,U
E01008562,E01008562,U
E01008525,E01008525,U
E01008527,E01008527,U
E01008559,E01008559,U
E01008563,E01008563,U
E01008469,E01008469,U
E01008472,E01008472,U
E01008473,E01008473,U
E01008501,E01035627,S
E01008501,E01035628,S
E01008503,E01008503,U
E01008471,E01008471,U
E01008474,E01008474,U
E01008513,E01008513,U
E01008514,E01008514,U
E01032649,E01032649,U
E01032650,E01032650,U
E01008486,E01008486,U
E01008487,E01008487,U
E01008526,E01008526,U
E01027143,E01027143,U
E01027181,E01027181,U
E01027140,E01027140,U
E01027144,E01027144,U
E01027159,E01027159,U
E01008530,E01008530,U
E01027160,E01027160,U
E01027161,E01027161,U
E01008461,E01008461,U
E01027158,E01027158,U
E01008466,E01008466,U
E01027201,E01027201,U
E01008467,E01008467,U
E01027202,E01027202,U
E01008468,E01008468,U
E01032980,E01032980,U
E01008483,E01008483,U
E01032981,E01032981,U
E01008524,E01008524,U
E01027250,E01027250,U
E01008528,E01008528,U
E01027253,E01027253,U
E01008529,E01008529,U
E01027254,E01027254,U
E01027146,E01027146,U
E01032975,E01035421,S
E01027147,E01027147,U
E01008481,E01008481,U
E01027195,E01027195,U
E01008482,E01008482,U
E01027245,E01027245,U
E01027142,E01027142,U
E01008484,E01008484,U
E01027247,E01027247,U
E01027176,E01027176,U
E01008485,E01008485,U
E01027248,E01027248,U
E01027177,E01027177,U
E01008492,E01008492,U
E01027168,E01027168,U
E01027169,E01027169,U
E01027249,E01027249,U
E01027170,E01027170,U
E01027174,E01027174,U
E01027173,E01027173,U
E01027175,E01027175,U
E01027136,E01027136,U
E01027178,E01027178,U
E01027186,E01027186,U
E01027200,E01027200,U
E01027188,E01027188,U
E01027246,E01027246,U
E01027220,E01027220,U
E01027208,E01027208,U
E01027209,E01027209,U
E01027211,E01027211,U
E01027212,E01027212,U
E01027184,E01027184,U
E01027185,E01027185,U
E01027187,E01027187,U
E01027189,E01027189,U
E01027137,E01027137,U
E01027138,E01027138,U
E01027139,E01027139,U
E01027141,E01027141,U
E01027259,E01027259,U
E01027239,E01027239,U
E01027241,E01027241,U
E01027242,E01027242,U
E01027243,E01027243,U
E01027244,E01027244,U
E01027213,E01027213,U
E01013822,E01013822,U
E01013825,E01013825,U
E01013826,E01013826,U
E01013837,E01013837,U
E01013838,E01013838,U
E01013839,E01013839,U
E01013840,E01013840,U
E01013841,E01013841,U
E01013819,E01013819,U
E01013820,E01013820,U
E01013821,E01013821,U
E01013823,E01013823,U
E01013824,E01013824,U
E01013864,E01013864,U
E01026849,E01026849,U
E01013865,E01013865,U
E01013866,E01013866,U
E01026850,E01026850,U
E01013867,E01013867,U
E01013887,E01013887,U
E01013937,E01013937,U
E01027499,E01027499,U
E01013892,E01013892,U
E01013938,E01013938,U
E01027373,E01027373,U
E01027500,E01027500,U
E01027460,E01027460,U
E01013893,E01013893,U
E01013941,E01013941,U
E01027443,E01027443,U
E01027399,E01027399,U
E01026863,E01026863,U
E01027501,E01035636,M
E01027479,E01027479,U
E01013894,E01013894,U
E01032975,E01035422,S
E01013943,E01013943,U
E01027444,E01027444,U
E01027404,E01027404,U
E01026864,E01026864,U
E01027502,E01035636,M
E01027480,E01027480,U
E01013879,E01013879,U
E01032976,E01032976,U
E01013972,E01013972,U
E01027445,E01027445,U
E01027405,E01027405,U
E01026865,E01026865,U
E01027481,E01027481,U
E01027503,E01027503,U
E01013880,E01013880,U
E01013881,E01013881,U
E01013882,E01013882,U
E01013885,E01013885,U
E01013886,E01013886,U
E01013888,E01013888,U
E01013889,E01013889,U
E01013890,E01013890,U
E01013891,E01013891,U
E01013875,E01013875,U
E01013876,E01013876,U
E01013877,E01013877,U
E01013878,E01013878,U
E01013883,E01013883,U
E01013884,E01013884,U
E01013853,E01013853,U
E01013854,E01013854,U
E01013855,E01013855,U
E01013856,E01013856,U
E01033397,E01033397,U
E01033398,E01033398,U
E01013963,E01013963,U
E01013964,E01013964,U
E01013965,E01013965,U
E01013966,E01013966,U
E01013967,E01013967,U
E01013827,E01013827,U
E01013828,E01013828,U
E01013834,E01013834,U
E01013835,E01013835,U
E01013836,E01013836,U
E01013829,E01013829,U
E01013830,E01013830,U
E01013831,E01013831,U
E01013832,E01013832,U
E01013833,E01013833,U
E01013935,E01013935,U
E01013968,E01013968,U
E01013969,E01013969,U
E01013970,E01013970,U
E01013971,E01013971,U
E01013817,E01013817,U
E01013818,E01013818,U
E01013936,E01013936,U
E01027511,E01027511,U
E01027446,E01027446,U
E01027482,E01027482,U
E01032977,E01035424,S
E01026866,E01026866,U
E01027504,E01027504,U
E01027451,E01027451,U
E01013939,E01013939,U
E01027515,E01027515,U
E01027517,E01027517,U
E01027518,E01027518,U
E01027398,E01027398,U
E01027519,E01027519,U
E01027409,E01027409,U
E01027550,E01027550,U
E01027411,E01027411,U
E01027506,E01035624,X
E01027474,E01027474,U
E01026867,E01026867,U
E01013940,E01013940,U
E01027551,E01027551,U
E01032977,E01035423,S
E01027412,E01027412,U
E01027506,E01035637,X
E01027475,E01027475,U
E01026868,E01026868,U
E01027552,E01027552,U
E01027162,E01027162,U
E01027413,E01027413,U
E01027507,E01027507,U
E01027541,E01027541,U
E01026869,E01026869,U
E01027542,E01027542,U
E01027509,E01027509,U
E01013942,E01013942,U
E01027163,E01027163,U
E01027514,E01027514,U
E01026822,E01035139,S
E01027417,E01027417,U
E01027543,E01027543,U
E01027477,E01027477,U
E01013843,E01013843,U
E01027164,E01027164,U
E01027516,E01027516,U
E01026822,E01035140,S
E01027418,E01027418,U
E01027544,E01027544,U
E01027478,E01027478,U
E01013844,E01013844,U
E01027165,E01027165,U
E01027520,E01027520,U
E01026823,E01026823,U
E01027419,E01027419,U
E01027528,E01027528,U
E01027488,E01027488,U
E01013845,E01013845,U
E01027166,E01027166,U
E01027521,E01027521,U
E01026824,E01026824,U
E01027420,E01027420,U
E01027529,E01027529,U
E01027495,E01027495,U
E01013847,E01013847,U
E01027167,E01027167,U
E01027522,E01027522,U
E01026825,E01026825,U
E01026826,E01026826,U
E01027421,E01027421,U
E01027539,E01027539,U
E01027505,E01027505,U
E01013810,E01013810,U
E01027203,E01027203,U
E01027523,E01027523,U
E01027394,E01027394,U
E01027545,E01027545,U
E01026827,E01026827,U
E01027392,E01027392,U
E01013811,E01013811,U
E01027204,E01027204,U
E01027510,E01027510,U
E01027406,E01027406,U
E01027546,E01027546,U
E01026835,E01026835,U
E01027393,E01027393,U
E01013812,E01013812,U
E01027205,E01027205,U
E01026797,E01026797,U
E01027407,E01027407,U
E01027457,E01027457,U
E01026836,E01026836,U
E01027416,E01027416,U
E01013842,E01013842,U
E01027206,E01035419,S
E01026798,E01026798,U
E01027408,E01027408,U
E01027462,E01027462,U
E01026837,E01026837,U
E01027424,E01027424,U
E01013846,E01013846,U
E01027206,E01035420,S
E01026799,E01026799,U
E01027410,E01027410,U
E01027463,E01027463,U
E01026838,E01026838,U
E01027414,E01027414,U
E01013930,E01013930,U
E01027376,E01027376,U
E01027377,E01027377,U
E01027385,E01027385,U
E01027387,E01027387,U
E01027388,E01027388,U
E01027389,E01027389,U
E01027378,E01027378,U
E01027379,E01027379,U
E01027380,E01027380,U
E01027382,E01027382,U
E01027386,E01027386,U
E01027374,E01027374,U
E01027375,E01027375,U
E01027381,E01027381,U
E01027383,E01027383,U
E01027384,E01027384,U
E01027390,E01027390,U
E01027356,E01027356,U
E01027357,E01027357,U
E01027366,E01027366,U
E01027367,E01027367,U
E01027358,E01027358,U
E01027359,E01027359,U
E01033715,E01033715,U
E01033717,E01033717,U
E01027361,E01027361,U
E01027362,E01027362,U
E01027363,E01027363,U
E01027364,E01027364,U
E01027370,E01027370,U
E01027371,E01027371,U
E01027372,E01027372,U
E01027365,E01027365,U
E01027368,E01027368,U
E01027369,E01027369,U
E01026839,E01026839,U
E01027524,E01027524,U
E01013931,E01013931,U
E01026840,E01026840,U
E01027432,E01027432,U
E01027525,E01027525,U
E01013932,E01013932,U
E01026858,E01026858,U
E01026800,E01026800,U
E01013933,E01013933,U
E01027526,E01027526,U
E01027415,E01027415,U
E01026859,E01026859,U
E01027433,E01027433,U
E01026801,E01026801,U
E01013934,E01013934,U
E01027527,E01027527,U
E01027431,E01027431,U
E01026860,E01026860,U
E01027434,E01027434,U
E01026802,E01026802,U
E01013859,E01013859,U
E01027536,E01027536,U
E01027441,E01035631,S
E01026861,E01026861,U
E01027435,E01027435,U
E01026828,E01026828,U
E01026862,E01026862,U
E01013861,E01013861,U
E01027533,E01027533,U
E01027441,E01035632,S
E01013868,E01013868,U
E01026852,E01026852,U
E01027436,E01027436,U
E01026829,E01026829,U
E01027540,E01027540,U
E01027464,E01027464,U
E01013929,E01013929,U
E01026853,E01026853,U
E01026830,E01026830,U
E01027442,E01027442,U
E01027549,E01027549,U
E01027465,E01027465,U
E01013954,E01013954,U
E01026855,E01026855,U
E01026831,E01026831,U
E01027391,E01027391,U
E01033716,E01033716,U
E01027466,E01027466,U
E01013959,E01013959,U
E01026856,E01026856,U
E01026832,E01026832,U
E01027422,E01027422,U
E01027532,E01027532,U
E01033714,E01033714,U
E01013960,E01013960,U
E01026857,E01026857,U
E01026833,E01026833,U
E01027423,E01027423,U
E01027537,E01027537,U
E01027449,E01027449,U
E01013962,E01013962,U
E01033434,E01033434,U
E01026834,E01026834,U
E01027429,E01027429,U
E01027538,E01027538,U
E01027468,E01027468,U
E01013813,E01013813,U
E01033437,E01033437,U
E01026841,E01026841,U
E01026842,E01026842,U
E01026843,E01026843,U
E01026844,E01026844,U
E01026845,E01026845,U
E01026846,E01026846,U
E01026803,E01026803,U
E01026804,E01026804,U
E01026805,E01026805,U
E01026806,E01026806,U
E01026807,E01026807,U
E01026808,E01026808,U
E01026809,E01026809,U
E01026791,E01026791,U
E01026792,E01026792,U
E01026793,E01026793,U
E01026794,E01026794,U
E01026796,E01026796,U
E01033435,E01033435,U
E01033436,E01033436,U
E01027447,E01027447,U
E01026810,E01026810,U
E01027469,E01027469,U
E01013814,E01013814,U
E01027448,E01035629,S
E01026811,E01026811,U
E01027471,E01027471,U
E01027448,E01035630,S
E01026812,E01026812,U
E01027472,E01027472,U
E01027430,E01027430,U
E01027450,E01027450,U
E01026813,E01026813,U
E01027476,E01027476,U
E01027425,E01035633,S
E01027473,E01027473,U
E01026814,E01026814,U
E01027489,E01027489,U
E01027425,E01035634,S
E01027452,E01027452,U
E01026815,E01026815,U
E01027490,E01027490,U
E01027425,E01035635,S
E01027453,E01027453,U
E01027461,E01027461,U
E01033718,E01033718,U
E01027530,E01027530,U
E01027531,E01027531,U
E01027534,E01027534,U
E01027535,E01027535,U
E01027553,E01027553,U
E01027554,E01027554,U
E01027455,E01027455,U
E01027456,E01027456,U
E01027458,E01027458,U
E01027491,E01027491,U
E01027426,E01027426,U
E01027492,E01027492,U
E01026816,E01026816,U
E01027427,E01027427,U
E01027493,E01027493,U
E01026817,E01026817,U
E01027428,E01027428,U
E01027494,E01027494,U
E01026818,E01026818,U
E01027437,E01027437,U
E01027483,E01027483,U
E01026819,E01026819,U
E01027438,E01027438,U
E01027496,E01027496,U
E01026820,E01026820,U
E01027439,E01027439,U
E01027508,E01027508,U
E01026821,E01026821,U
E01027440,E01027440,U
E01027513,E01027513,U
E01033438,E01033438,U
E01027400,E01027400,U
E01027484,E01027484,U
E01033439,E01035137,S
E01027401,E01027401,U
E01027485,E01027485,U
E01033439,E01035138,S
E01027402,E01027402,U
E01027403,E01027403,U
E01027395,E01027395,U
E01027396,E01027396,U
E01027397,E01027397,U
E01033440,E01033440,U
E01033441,E01033441,U
E01026848,E01026848,U
E01027486,E01027486,U
E01027487,E01027487,U
E01027512,E01027512,U
E01027497,E01027497,U
E01027498,E01027498,U
E01028596,E01028596,U
E01013974,E01035507,M
E01028597,E01028597,U
E01013975,E01035507,M
E01028591,E01028591,U
E01013976,E01035508,M
E01028592,E01028592,U
E01032554,E01032554,U
E01013895,E01013895,U
E01005383,E01005383,U
E01032555,E01032555,U
E01013896,E01013896,U
E01005386,E01005386,U
E01031103,E01035018,S
E01028565,E01028565,U
E01013901,E01013901,U
E01032556,E01032556,U
E01031103,E01035019,S
E01028583,E01035740,M
E01013902,E01013902,U
E01005449,E01005449,U
E01032557,E01032557,U
E01031065,E01031065,U
E01031104,E01031104,U
E01028584,E01028584,U
E01013815,E01013815,U
E01013897,E01013897,U
E01025980,E01025980,U
E01005454,E01005454,U
E01005342,E01005342,U
E01031066,E01031066,U
E01031081,E01031081,U
E01028585,E01035740,M
E01013816,E01013816,U
E01013898,E01013898,U
E01005455,E01005455,U
E01025979,E01025979,U
E01005343,E01005343,U
E01031067,E01031067,U
E01031082,E01031082,U
E01028560,E01028560,U
E01013958,E01013958,U
E01013899,E01013899,U
E01005456,E01005456,U
E01028561,E01028561,U
E01005344,E01005344,U
E01031068,E01031068,U
E01013900,E01013900,U
E01005407,E01005407,U
E01013961,E01013961,U
E01031083,E01031083,U
E01028562,E01028562,U
E01025981,E01025981,U
E01005381,E01005381,U
E01031069,E01031069,U
E01013903,E01013903,U
E01005412,E01005412,U
E01033399,E01033399,U
E01031084,E01031084,U
E01028563,E01028563,U
E01025982,E01025982,U
E01005332,E01005332,U
E01031070,E01031070,U
E01013907,E01013907,U
E01005416,E01005416,U
E01033401,E01035500,M
E01031085,E01031085,U
E01028513,E01028513,U
E01025983,E01025983,U
E01005341,E01005341,U
E01031095,E01031095,U
E01013905,E01013905,U
E01005417,E01005417,U
E01033405,E01035500,M
E01031043,E01031043,U
E01028514,E01028514,U
E01005345,E01005345,U
E01031096,E01031096,U
E01013908,E01013908,U
E01005348,E01005348,U
E01033409,E01033409,U
E01031044,E01031044,U
E01028516,E01028516,U
E01005346,E01005346,U
E01013909,E01013909,U
E01031045,E01031045,U
E01033411,E01033411,U
E01028538,E01028538,U
E01005350,E01005350,U
E01031097,E01031097,U
E01025984,E01025984,U
E01005347,E01005347,U
E01013912,E01013912,U
E01031046,E01031046,U
E01013913,E01013913,U
E01028534,E01028534,U
E01005432,E01005432,U
E01031098,E01031098,U
E01005357,E01005357,U
E01005322,E01005322,U
E01013904,E01013904,U
E01031047,E01031047,U
E01013914,E01013914,U
E01028535,E01028535,U
E01005433,E01005433,U
E01031099,E01031099,U
E01005358,E01005358,U
E01005323,E01005323,U
E01013906,E01013906,U
E01031057,E01031057,U
E01013915,E01013915,U
E01028536,E01028536,U
E01005329,E01005329,U
E01031086,E01031086,U
E01005359,E01005359,U
E01005324,E01005324,U
E01013910,E01013910,U
E01031058,E01031058,U
E01028537,E01028537,U
E01013916,E01013916,U
E01028539,E01028539,U
E01005330,E01005330,U
E01031087,E01031087,U
E01005360,E01005360,U
E01005325,E01005325,U
E01013911,E01013911,U
E01031059,E01031059,U
E01031088,E01031088,U
E01005441,E01005441,U
E01028540,E01028540,U
E01013849,E01013849,U
E01005438,E01005438,U
E01031060,E01031060,U
E01005333,E01005333,U
E01031089,E01031089,U
E01013917,E01013917,U
E01005442,E01005442,U
E01028515,E01028515,U
E01013850,E01013850,U
E01005377,E01005377,U
E01031061,E01031061,U
E01005336,E01005336,U
E01031077,E01031077,U
E01013858,E01013858,U
E01005444,E01005444,U
E01028571,E01028571,U
E01013851,E01013851,U
E01005379,E01005379,U
E01031090,E01031090,U
E01005349,E01005349,U
E01031078,E01031078,U
E01013860,E01013860,U
E01005445,E01005445,U
E01028572,E01028572,U
E01013852,E01013852,U
E01005380,E01005380,U
E01031091,E01031091,U
E01005351,E01005351,U
E01031079,E01031079,U
E01013862,E01013862,U
E01028573,E01028573,U
E01032621,E01032621,U
E01005382,E01005382,U
E01031092,E01031092,U
E01005352,E01005352,U
E01031080,E01031080,U
E01013863,E01013863,U
E01028574,E01028574,U
E01013874,E01013874,U
E01032588,E01032588,U
E01005439,E01005439,U
E01005361,E01005361,U
E01013944,E01013944,U
E01005353,E01005353,U
E01031093,E01031093,U
E01028521,E01028521,U
E01033400,E01033400,U
E01025970,E01025970,U
E01005362,E01005362,U
E01005443,E01005443,U
E01013945,E01013945,U
E01005354,E01005354,U
E01031094,E01031094,U
E01028522,E01028522,U
E01033402,E01033402,U
E01025971,E01025971,U
E01005364,E01005364,U
E01005446,E01005446,U
E01013947,E01013947,U
E01005327,E01005327,U
E01031048,E01031048,U
E01033282,E01035742,S
E01033403,E01035506,M
E01025972,E01025972,U
E01005368,E01005368,U
E01005447,E01005447,U
E01013948,E01013948,U
E01005328,E01005328,U
E01031049,E01031049,U
E01033282,E01035741,S
E01033406,E01035506,M
E01025976,E01025976,U
E01005376,E01005376,U
E01005390,E01005390,U
E01005331,E01005331,U
E01031050,E01031050,U
E01028548,E01028548,U
E01033407,E01033407,U
E01025977,E01025977,U
E01005378,E01005378,U
E01005394,E01005394,U
E01031051,E01031051,U
E01013870,E01013870,U
E01005363,E01005363,U
E01005395,E01005395,U
E01025978,E01025978,U
E01028549,E01028549,U
E01031115,E01031115,U
E01005334,E01005334,U
E01013953,E01013953,U
E01013871,E01013871,U
E01005369,E01005369,U
E01005396,E01005396,U
E01025992,E01025992,U
E01028550,E01028550,U
E01031116,E01031116,U
E01005338,E01005338,U
E01033395,E01033395,U
E01013872,E01013872,U
E01005370,E01005370,U
E01005355,E01005355,U
E01025994,E01025994,U
E01028551,E01028551,U
E01031117,E01031117,U
E01005387,E01005387,U
E01033396,E01033396,U
E01013873,E01013873,U
E01005371,E01005371,U
E01005356,E01005356,U
E01025997,E01025997,U
E01028523,E01028523,U
E01031118,E01031118,U
E01005388,E01005388,U
E01013977,E01013977,U
E01031110,E01031110,U
E01005365,E01005365,U
E01005399,E01005399,U
E01025999,E01025999,U
E01028524,E01028524,U
E01028525,E01028525,U
E01028526,E01028526,U
E01028579,E01028579,U
E01028580,E01028580,U
E01028581,E01028581,U
E01028582,E01028582,U
E01028586,E01028586,U
E01028587,E01028587,U
E01028588,E01028588,U
E01028541,E01028541,U
E01028542,E01028542,U
E01013978,E01013978,U
E01013979,E01013979,U
E01013981,E01013981,U
E01032520,E01032520,U
E01032522,E01032522,U
E01033404,E01035501,S
E01033404,E01035502,S
E01013918,E01013918,U
E01013919,E01013919,U
E01013920,E01013920,U
E01013921,E01013921,U
E01013957,E01013957,U
E01013980,E01013980,U
E01013982,E01013982,U
E01013983,E01013983,U
E01013984,E01013984,U
E01013985,E01013985,U
E01013924,E01035505,M
E01013926,E01035505,M
E01013928,E01013928,U
E01033408,E01035503,S
E01033408,E01035504,S
E01033410,E01033410,U
E01013973,E01035508,M
E01026005,E01026005,U
E01025985,E01025985,U
E01025986,E01025986,U
E01025987,E01025987,U
E01025988,E01025988,U
E01025989,E01025989,U
E01025990,E01025990,U
E01025991,E01025991,U
E01025993,E01025993,U
E01025998,E01025998,U
E01026000,E01026000,U
E01026001,E01026001,U
E01025995,E01025995,U
E01026003,E01026003,U
E01026004,E01026004,U
E01032600,E01032600,U
E01032601,E01032601,U
E01025973,E01025973,U
E01025974,E01025974,U
E01025975,E01025975,U
E01005389,E01005389,U
E01031111,E01031111,U
E01005403,E01005403,U
E01005366,E01005366,U
E01031119,E01031119,U
E01031112,E01031112,U
E01005418,E01005418,U
E01005367,E01005367,U
E01031052,E01031052,U
E01031113,E01035014,S
E01005428,E01005428,U
E01005440,E01005440,U
E01031053,E01031053,U
E01031113,E01035015,S
E01005431,E01005431,U
E01005372,E01005372,U
E01031054,E01031054,U
E01031114,E01031114,U
E01005410,E01005410,U
E01005450,E01005450,U
E01005373,E01005373,U
E01031055,E01031055,U
E01031073,E01031073,U
E01005411,E01005411,U
E01005451,E01005451,U
E01005374,E01005374,U
E01031056,E01031056,U
E01031074,E01031074,U
E01005414,E01005414,U
E01005408,E01005408,U
E01005375,E01005375,U
E01005435,E01005435,U
E01005436,E01005436,U
E01005460,E01005460,U
E01005461,E01005461,U
E01005462,E01005462,U
E01005463,E01005463,U
E01032921,E01034232,S
E01032921,E01034233,S
E01028594,E01028594,U
E01028595,E01028595,U
E01031120,E01031120,U
E01031075,E01031075,U
E01005415,E01005415,U
E01031121,E01031121,U
E01005409,E01005409,U
E01032890,E01035016,S
E01005452,E01005452,U
E01031122,E01031122,U
E01032922,E01032922,U
E01032890,E01035017,S
E01005453,E01005453,U
E01031123,E01031123,U
E01005406,E01005406,U
E01031100,E01031100,U
E01032558,E01032558,U
E01031124,E01031124,U
E01005413,E01005413,U
E01031101,E01031101,U
E01032559,E01032559,U
E01031105,E01031105,U
E01005419,E01005419,U
E01031102,E01031102,U
E01005391,E01005391,U
E01031106,E01031106,U
E01005420,E01005420,U
E01005392,E01005392,U
E01031107,E01031107,U
E01005321,E01005321,U
E01005393,E01005393,U
E01005326,E01005326,U
E01031108,E01031108,U
E01005427,E01005427,U
E01005401,E01005401,U
E01005429,E01005429,U
E01005430,E01005430,U
E01005397,E01005397,U
E01005320,E01005320,U
E01005398,E01005398,U
E01005434,E01005434,U
E01005400,E01005400,U
E01005437,E01005437,U
E01005402,E01005402,U
E01005459,E01005459,U
E01005335,E01005335,U
E01005337,E01005337,U
E01031109,E01031109,U
E01005339,E01005339,U
E01031062,E01031062,U
E01005340,E01005340,U
E01031063,E01031063,U
E01005421,E01005421,U
E01031064,E01031064,U
E01005422,E01005422,U
E01032920,E01032920,U
E01005448,E01005448,U
E01015634,E01015634,U
E01015593,E01015593,U
E01015596,E01015596,U
E01015662,E01015662,U
E01015663,E01015663,U
E01015664,E01015664,U
E01015603,E01015603,U
E01015604,E01015604,U
E01015632,E01015632,U
E01015661,E01015661,U
E01015677,E01015677,U
E01015591,E01015591,U
E01015592,E01015592,U
E01015594,E01015594,U
E01015595,E01015595,U
W01000611,W01000611,U
E01015597,E01015597,U
E01015601,E01015601,U
E01015651,E01015651,U
E01015652,E01015652,U
E01015653,E01015653,U
E01015654,E01015654,U
E01015606,E01015606,U
E01015611,E01035540,S
E01015611,E01035541,S
E01015613,E01015613,U
E01015614,E01015614,U
E01015615,E01015615,U
E01015616,E01015616,U
E01015599,E01015599,U
E01015600,E01015600,U
E01015602,E01035542,S
E01015602,E01035543,S
E01015612,E01015612,U
E01015655,E01015655,U
E01015598,E01015598,U
E01015687,E01015687,U
E01015689,E01015689,U
E01015690,E01015690,U
E01015691,E01015691,U
E01015622,E01015622,U
E01015665,E01015665,U
E01015688,E01015688,U
E01015692,E01015692,U
E01033173,E01033173,U
E01033182,E01033182,U
E01015621,E01035544,S
E01015621,E01035545,S
E01015623,E01015623,U
E01015624,E01015624,U
E01015666,E01015666,U
W01000607,W01000607,U
E01015083,E01015083,U
E01015041,E01015041,U
W01000623,W01000623,U
E01015075,E01015075,U
E01015084,E01015084,U
W01000568,W01002009,S
E01015145,E01015145,U
E01015090,E01015090,U
W01000568,W01002010,S
W01000569,W01000569,U
W01000570,W01000570,U
W01000572,W01000572,U
W01000571,W01000571,U
W01000573,W01000573,U
W01000586,W01000586,U
W01000577,W01000577,U
W01000585,W01000585,U
W01000595,W01000595,U
W01000596,W01000596,U
W01000555,W01000555,U
W01000556,W01000556,U
W01000575,W01000575,U
W01000614,W01000614,U
W01000622,W01000622,U
W01000554,W01000554,U
W01000580,W01000580,U
W01000598,W01000598,U
W01000599,W01000599,U
W01000587,W01000587,U
W01000588,W01000588,U
W01000593,W01002011,S
W01000593,W01002012,S
W01000553,W01000553,U
W01000563,W01000563,U
W01000564,W01000564,U
W01000576,W01000576,U
W01000615,W01002013,M
W01000616,W01002013,M
W01000589,W01000589,U
W01000590,W01000590,U
W01000591,W01000591,U
W01000592,W01000592,U
W01000594,W01000594,U
W01000600,W01000600,U
W01000601,W01000601,U
W01000602,W01000602,U
W01000603,W01000603,U
W01000604,W01000604,U
W01000605,W01000605,U
W01000557,W01000557,U
W01000578,W01000578,U
W01000584,W01000584,U
W01000609,W01000609,U
W01000574,W01000574,U
W01000606,W01000606,U
W01000608,W01000608,U
W01000610,W01000610,U
W01000619,W01000619,U
W01000620,W01002014,M
W01000621,W01002014,M
E01025191,E01025191,U
E01025192,E01025192,U
E01025193,E01025193,U
E01025194,E01025194,U
E01025195,E01025195,U
E01025196,E01025196,U
E01025197,E01025197,U
E01025198,E01025198,U
E01025199,E01025199,U
E01025200,E01025200,U
E01025201,E01025201,U
E01025202,E01025202,U
E01025205,E01025205,U
E01025206,E01025206,U
E01025207,E01025207,U
E01025208,E01025208,U
E01025220,E01025220,U
E01025221,E01025221,U
E01025222,E01025222,U
E01025223,E01025223,U
E01025178,E01025178,U
E01025179,E01025179,U
E01025180,E01025180,U
E01025203,E01025203,U
E01025226,E01025226,U
E01025227,E01025227,U
E01025228,E01025228,U
E01025174,E01025174,U
E01025175,E01025175,U
E01025176,E01025176,U
E01025177,E01025177,U
E01025204,E01025204,U
E01025211,E01025211,U
E01025181,E01025181,U
E01025182,E01025182,U
E01025183,E01025183,U
E01025184,E01025184,U
E01025188,E01025188,U
E01025189,E01025189,U
E01025210,E01025210,U
E01025217,E01025217,U
E01025218,E01025218,U
E01025219,E01025219,U
E01025224,E01025224,U
E01015091,E01015091,U
E01015092,E01015092,U
E01015093,E01015093,U
E01015094,E01015094,U
E01015085,E01015085,U
E01015087,E01015087,U
E01015088,E01015088,U
E01015147,E01015147,U
E01015148,E01015148,U
E01015030,E01015030,U
E01015070,E01015070,U
E01015081,E01015081,U
E01015086,E01015086,U
E01015089,E01015089,U
E01015029,E01015029,U
E01015064,E01015064,U
E01015065,E01015065,U
E01015071,E01015071,U
E01015076,E01015076,U
E01015142,E01015142,U
E01015143,E01015143,U
E01015144,E01015144,U
E01015146,E01015146,U
E01015149,E01015149,U
E01015150,E01015150,U
E01015063,E01015063,U
E01015068,E01015068,U
E01015069,E01015069,U
E01015095,E01015095,U
E01015096,E01015096,U
E01015074,E01015074,U
E01015077,E01015077,U
E01015079,E01015079,U
E01015102,E01015102,U
E01015104,E01015104,U
E01015035,E01015035,U
E01015037,E01015037,U
E01015058,E01015058,U
E01015066,E01015066,U
E01015067,E01015067,U
E01015072,E01015072,U
E01015073,E01015073,U
E01015078,E01015078,U
E01015080,E01015080,U
E01015106,E01015106,U
E01015039,E01015039,U
E01015040,E01015040,U
E01015120,E01015120,U
E01015121,E01015121,U
E01015123,E01015123,U
E01015124,E01015124,U
E01015125,E01015125,U
E01015033,E01015033,U
E01015034,E01015034,U
E01015036,E01015036,U
E01015038,E01015038,U
E01015101,E01015101,U
E01015098,E01015098,U
E01015099,E01015099,U
E01015100,E01015100,U
E01015103,E01015103,U
E01015105,E01015105,U
E01015107,E01015107,U
E01015110,E01015110,U
E01015111,E01015111,U
E01015119,E01015119,U
E01015112,E01015112,U
E01015113,E01015113,U
E01015114,E01015114,U
E01015118,E01015118,U
E01015122,E01015122,U
E01015042,E01015042,U
E01015044,E01015044,U
E01015167,E01015167,U
E01015168,E01015168,U
E01015171,E01015171,U
E01015055,E01015055,U
E01015056,E01015056,U
E01015057,E01015057,U
E01015059,E01015059,U
E01015060,E01015060,U
E01015176,E01015176,U
E01015108,E01015108,U
E01015109,E01015109,U
E01015115,E01015115,U
E01015116,E01015116,U
E01015117,E01015117,U
E01015031,E01015031,U
E01015032,E01015032,U
E01015049,E01015049,U
E01015050,E01015050,U
E01015051,E01015051,U
E01015169,E01015169,U
E01015170,E01015170,U
E01025225,E01025225,U
E01025229,E01025229,U
E01025230,E01025230,U
E01025187,E01025187,U
E01025190,E01025190,U
E01025209,E01025209,U
E01025216,E01025216,U
E01025185,E01025185,U
E01025186,E01025186,U
E01025212,E01025212,U
E01025213,E01025213,U
E01025214,E01025214,U
E01025215,E01025215,U
E01015629,E01015629,U
E01015635,E01015635,U
E01015636,E01015636,U
E01015679,E01015679,U
E01015678,E01015678,U
E01015680,E01015680,U
E01015681,E01015681,U
E01015682,E01015682,U
E01015630,E01015630,U
E01015631,E01015631,U
E01015659,E01015659,U
E01015684,E01015684,U
E01015685,E01015685,U
E01015589,E01015589,U
E01015590,E01015590,U
E01015626,E01015626,U
E01015628,E01015628,U
E01015617,E01015617,U
E01015618,E01015618,U
E01015619,E01015619,U
E01015620,E01015620,U
E01015674,E01015674,U
E01015675,E01015675,U
E01015676,E01015676,U
E01015683,E01015683,U
E01015686,E01015686,U
E01015607,E01015607,U
E01015609,E01015609,U
E01015656,E01015656,U
E01015657,E01035538,S
E01015657,E01035539,S
E01015658,E01015658,U
E01015660,E01015660,U
E01015605,E01015605,U
E01015608,E01015608,U
E01015610,E01015610,U
E01015633,E01015633,U
E01015668,E01015668,U
E01028543,E01028543,U
E01028544,E01028544,U
E01028531,E01028531,U
E01028532,E01028532,U
E01028533,E01035743,S
E01028533,E01035744,S
E01028556,E01028556,U
E01028557,E01028557,U
E01028558,E01028558,U
E01028559,E01028559,U
E01028545,E01028545,U
E01028546,E01028546,U
E01028547,E01028547,U
E01028527,E01028527,U
E01028528,E01028528,U
E01028529,E01028529,U
E01028530,E01028530,U
E01028575,E01028575,U
E01028578,E01028578,U
E01028552,E01028552,U
E01028553,E01028553,U
E01028554,E01028554,U
E01028555,E01028555,U
E01028576,E01028576,U
E01028577,E01028577,U
E01028517,E01028517,U
E01028518,E01028518,U
E01028519,E01028519,U
E01028567,E01028567,U
E01028520,E01028520,U
E01028568,E01028568,U
E01028569,E01028569,U
E01028570,E01028570,U
W01000558,W01000558,U
W01000559,W01000559,U
W01000560,W01000560,U
W01000561,W01000561,U
W01000613,W01000613,U
W01000562,W01000562,U
W01000565,W01000565,U
W01000566,W01000566,U
W01000567,W01000567,U
W01000597,W01000597,U
W01000617,W01000617,U
W01000579,W01000579,U
W01000581,W01000581,U
W01000612,W01000612,U
W01000618,W01000618,U
W01000582,W01000582,U
W01000583,W01000583,U
E01015627,E01015627,U
E01015644,E01015644,U
E01015645,E01015645,U
E01015646,E01015646,U
E01015648,E01015648,U
E01015667,E01015667,U
E01015669,E01015669,U
E01015670,E01015670,U
E01015671,E01035546,S
E01015671,E01035547,S
E01015671,E01035548,S
E01015671,E01035549,S
E01015672,E01015672,U
E01015673,E01015673,U
E01015637,E01015637,U
E01015639,E01015639,U
E01015640,E01015640,U
E01015641,E01015641,U
E01015642,E01015642,U
E01015647,E01015647,U
E01015638,E01015638,U
E01015650,E01015650,U
E01033174,E01033174,U
E01033179,E01033179,U
E01033181,E01033181,U
E01015643,E01015643,U
E01033175,E01033175,U
E01033176,E01035551,S
E01033176,E01035552,S
E01033177,E01033177,U
E01033178,E01035553,S
E01033178,E01035554,S
E01033180,E01033180,U
E01015025,E01015025,U
E01015097,E01015097,U
E01015160,E01015160,U
E01015164,E01015164,U
E01015027,E01015027,U
E01015159,E01015159,U
E01015161,E01015161,U
E01015162,E01015162,U
E01015166,E01015166,U
E01015023,E01015023,U
E01015026,E01015026,U
E01015028,E01015028,U
E01015163,E01015163,U
E01015165,E01015165,U
E01015024,E01015024,U
E01015082,E01015082,U
E01025257,E01025257,U
E01025277,E01025277,U
E01025280,E01034346,S
E01025280,E01034347,S
E01025281,E01025281,U
E01025256,E01025256,U
E01025258,E01025258,U
E01025259,E01025259,U
E01025299,E01025299,U
E01025301,E01025301,U
E01025302,E01025302,U
E01025253,E01025253,U
E01025254,E01025254,U
E01025255,E01025255,U
E01025300,E01025300,U
E01025303,E01025303,U
E01025260,E01025260,U
E01017053,E01017053,U
E01015440,E01015440,U
E01025262,E01025262,U
E01025263,E01025263,U
E01025264,E01025264,U
E01025239,E01025239,U
E01025241,E01025241,U
E01025242,E01025242,U
E01025243,E01025243,U
E01025251,E01025251,U
E01025234,E01025234,U
E01025235,E01025235,U
E01025237,E01025237,U
E01025238,E01025238,U
E01025245,E01025245,U
E01025252,E01025252,U
E01025233,E01025233,U
E01025240,E01025240,U
E01025261,E01025261,U
E01025266,E01025266,U
E01025309,E01025309,U
E01025236,E01025236,U
E01025283,E01025283,U
E01025284,E01025284,U
E01025285,E01025285,U
E01025286,E01025286,U
E01025287,E01025287,U
E01025270,E01025270,U
E01025272,E01025272,U
E01025273,E01025273,U
E01025288,E01025288,U
E01025246,E01025246,U
E01025274,E01025274,U
E01025275,E01025275,U
E01025294,E01025294,U
E01015433,E01015433,U
E01017103,E01017103,U
E01017067,E01017067,U
E01015173,E01015173,U
E01017068,E01017068,U
E01015174,E01015174,U
E01017015,E01017015,U
E01017069,E01017069,U
E01015434,E01015434,U
E01015061,E01015061,U
E01017118,E01017118,U
E01017016,E01017016,U
E01015447,E01015447,U
E01017070,E01017070,U
E01015379,E01015379,U
E01015062,E01015062,U
E01017050,E01017050,U
E01017017,E01017017,U
E01017018,E01017018,U
E01017019,E01017019,U
E01017020,E01017020,U
E01017076,E01017076,U
E01017077,E01017077,U
E01017078,E01017078,U
E01017079,E01017079,U
E01017080,E01017080,U
E01017081,E01017081,U
E01017031,E01017031,U
E01017032,E01017032,U
E01017034,E01017034,U
E01017039,E01017039,U
E01017040,E01017040,U
E01033381,E01033381,U
E01033383,E01033383,U
E01017021,E01017021,U
E01017093,E01017093,U
E01017096,E01017096,U
E01017099,E01017099,U
E01017100,E01017100,U
E01017101,E01017101,U
E01017035,E01017035,U
E01017128,E01017128,U
E01017129,E01017129,U
E01017130,E01017130,U
E01017132,E01017132,U
E01017133,E01017133,U
E01017023,E01017023,U
E01017025,E01017025,U
E01017026,E01017026,U
E01017029,E01017029,U
E01017030,E01017030,U
E01017022,E01017022,U
E01017024,E01017024,U
E01017027,E01017027,U
E01017028,E01017028,U
E01017124,E01017124,U
E01017094,E01017094,U
E01017095,E01017095,U
E01017097,E01017097,U
E01017098,E01017098,U
E01017122,E01017122,U
E01017125,E01017125,U
E01017127,E01017127,U
E01017135,E01017135,U
E01017061,E01017061,U
E01015175,E01015175,U
E01015449,E01015449,U
E01017063,E01017063,U
E01015177,E01015177,U
E01015435,E01015435,U
E01017074,E01017074,U
E01015178,E01015178,U
E01017073,E01017073,U
E01015436,E01015436,U
E01015043,E01015043,U
E01015456,E01015456,U
E01017123,E01017123,U
E01015437,E01015437,U
E01017064,E01017064,U
E01015045,E01015045,U
E01015457,E01015457,U
E01017131,E01017131,U
E01015395,E01015395,U
E01017054,E01017054,U
E01015046,E01015046,U
E01015445,E01015445,U
E01033380,E01033380,U
E01015396,E01015396,U
E01017113,E01017113,U
E01015047,E01015047,U
E01015446,E01015446,U
E01033384,E01033384,U
E01015397,E01015397,U
E01017114,E01017114,U
E01015048,E01015048,U
E01015448,E01015448,U
E01017071,E01017071,U
E01015398,E01015398,U
E01017116,E01017116,U
E01015053,E01015053,U
E01015450,E01015450,U
E01017072,E01017072,U
E01015399,E01015399,U
E01017055,E01017055,U
E01015054,E01015054,U
E01015152,E01015152,U
E01015156,E01015156,U
E01032657,E01032657,U
E01032658,E01032658,U
E01015052,E01015052,U
E01015179,E01015179,U
E01015180,E01015180,U
E01015181,E01015181,U
E01015182,E01015182,U
E01015151,E01015151,U
E01015153,E01015153,U
E01015155,E01015155,U
E01015157,E01034159,S
E01015157,E01034162,S
E01015158,E01034160,S
E01015158,E01034161,S
E01015172,E01015172,U
E01015126,E01015126,U
E01015127,E01015127,U
E01015131,E01015131,U
E01015132,E01015132,U
E01015133,E01015133,U
E01015135,E01034157,S
E01015135,E01034158,S
E01015136,E01015136,U
E01015137,E01015137,U
E01015138,E01015138,U
E01015139,E01015139,U
E01015141,E01015141,U
E01015128,E01015128,U
E01015129,E01015129,U
E01015130,E01015130,U
E01015134,E01015134,U
E01015140,E01015140,U
E01015431,E01015431,U
E01015432,E01015432,U
W01000453,W01000453,U
E01017056,E01017056,U
W01000466,W01000466,U
E01017057,E01017057,U
E01015400,E01015400,U
W01000467,W01000467,U
E01017058,E01017058,U
E01015401,E01015401,U
E01017121,E01017121,U
E01015451,E01015451,U
W01000427,W01000427,U
E01017060,E01017060,U
E01015412,E01015412,U
E01015458,E01015458,U
W01000448,W01000448,U
E01015413,E01015413,U
E01017086,E01017086,U
E01017126,E01017126,U
E01015460,E01015460,U
W01000449,W01000449,U
E01015414,E01015414,U
E01017089,E01017089,U
E01017059,E01017059,U
E01015461,E01015461,U
W01000464,W01000464,U
E01015415,E01015415,U
E01017090,E01017090,U
E01017062,E01017062,U
E01015462,E01015462,U
E01015463,E01015463,U
E01015464,E01015464,U
E01015427,E01015427,U
E01015428,E01015428,U
E01015429,E01015429,U
E01015430,E01015430,U
E01015465,E01015465,U
E01015466,E01015466,U
E01015468,E01034281,S
E01015468,E01034282,S
E01032659,E01032659,U
E01032660,E01032660,U
E01032661,E01032661,U
E01032662,E01032662,U
E01015423,E01034283,S
E01015423,E01034284,S
E01015424,E01015424,U
E01015425,E01015425,U
E01015426,E01015426,U
E01015452,E01015452,U
E01015453,E01015453,U
E01015454,E01015454,U
E01015455,E01015455,U
E01015459,E01015459,U
E01015402,E01015402,U
E01015403,E01015403,U
E01015404,E01015404,U
E01015405,E01015405,U
E01015406,E01015406,U
E01017112,E01017112,U
E01017115,E01017115,U
E01017117,E01017117,U
E01017119,E01017119,U
E01017120,E01017120,U
E01017051,E01017051,U
E01017052,E01017052,U
W01000484,W01000484,U
W01000485,W01000485,U
E01017066,E01017066,U
E01017091,E01017091,U
W01000486,W01000486,U
E01017092,E01017092,U
E01032604,E01032604,U
W01000438,W01000438,U
E01017014,E01017014,U
W01000461,W01000461,U
E01015416,E01015416,U
E01015407,E01015407,U
W01000451,W01000451,U
E01015408,E01015408,U
W01000470,W01000470,U
W01000472,W01000472,U
E01015409,E01015409,U
W01000475,W01000475,U
E01017046,E01017046,U
W01000477,W01000477,U
E01015410,E01015410,U
W01001906,W01001906,U
E01017047,E01017047,U
W01000487,W01000487,U
E01015411,E01015411,U
W01001907,W01001907,U
E01017048,E01017048,U
W01000454,W01000454,U
E01015417,E01015417,U
W01000444,W01000444,U
E01017085,E01017085,U
W01000455,W01000455,U
E01015418,E01015418,U
W01000457,W01000457,U
E01017084,E01017084,U
W01000456,W01000456,U
W01000458,W01000458,U
E01015419,E01015419,U
W01000498,W01000498,U
E01017087,E01017087,U
W01000431,W01000431,U
E01017088,E01017088,U
W01000499,W01000499,U
W01000432,W01000432,U
E01017105,E01017105,U
W01000500,W01000500,U
E01015420,E01015420,U
W01000450,W01000450,U
E01017107,E01017107,U
W01000501,W01000501,U
E01015421,E01015421,U
W01000459,W01000459,U
E01017104,E01017104,U
W01000442,W01000442,U
E01015422,E01015422,U
W01000471,W01000471,U
E01017106,E01017106,U
W01000452,W01000452,U
E01015380,E01015380,U
W01000430,W01000430,U
E01017108,E01017108,U
W01000473,W01000473,U
E01015381,E01015381,U
W01000443,W01000443,U
E01017109,E01017109,U
W01000428,W01000428,U
E01015382,E01015382,U
W01000445,W01000445,U
E01017041,E01017041,U
W01000441,W01000441,U
E01015383,E01015383,U
W01000446,W01000446,U
E01017043,E01017043,U
W01000476,W01000476,U
E01015384,E01015384,U
W01000494,W01000494,U
E01017044,E01017044,U
E01015385,E01015385,U
W01000489,W01000489,U
E01017049,E01017049,U
W01000492,W01000492,U
E01017110,E01017110,U
W01000493,W01000493,U
E01017111,E01017111,U
W01001901,W01001901,U
E01017013,E01017013,U
W01001902,W01001902,U
E01017042,E01017042,U
W01000465,W01000465,U
E01017045,E01017045,U
E01015438,E01015438,U
W01000497,W01000497,U
W01001903,W01001903,U
E01017075,E01017075,U
E01015439,E01015439,U
W01000433,W01000433,U
W01001904,W01001904,U
E01017082,E01017082,U
E01015441,E01015441,U
W01000460,W01000460,U
W01001905,W01001905,U
E01017083,E01017083,U
E01015442,E01015442,U
W01000488,W01000488,U
W01000440,W01000440,U
E01017036,E01017036,U
E01015443,E01015443,U
W01000434,W01000434,U
W01000474,W01000474,U
E01017037,E01017037,U
E01015444,E01015444,U
W01000439,W01000439,U
W01000503,W01000503,U
E01017038,E01017038,U
E01015386,E01015386,U
W01000447,W01000447,U
W01001897,W01001897,U
E01017102,E01017102,U
E01015387,E01015387,U
W01000426,W01000426,U
E01015388,E01015388,U
W01000496,W01000496,U
E01015389,E01015389,U
W01000480,W01000480,U
W01000502,W01000502,U
E01015390,E01015390,U
W01000481,W01000481,U
W01000504,W01000504,U
E01015391,E01015391,U
W01000482,W01000482,U
W01000505,W01000505,U
E01015392,E01015392,U
W01000478,W01000478,U
W01001899,W01001899,U
E01015393,E01015393,U
W01000479,W01000479,U
E01025278,E01025278,U
E01015394,E01015394,U
W01000483,W01000483,U
E01025279,E01025279,U
W01000429,W01000429,U
E01025282,E01025282,U
E01025276,E01025276,U
E01025308,E01025308,U
E01025310,E01025310,U
E01025311,E01025311,U
E01025312,E01025312,U
E01025313,E01025313,U
E01025314,E01025314,U
E01025231,E01025231,U
E01025232,E01025232,U
E01025265,E01025265,U
E01025267,E01025267,U
E01025268,E01025268,U
E01025269,E01025269,U
E01025271,E01025271,U
E01025295,E01025295,U
E01025296,E01025296,U
E01025297,E01025297,U
E01025298,E01025298,U
E01003708,E01003708,U
E01020491,E01020491,U
E01025244,E01025244,U
E01025292,E01025292,U
E01025293,E01025293,U
E01025247,E01025247,U
E01025248,E01025248,U
E01025249,E01025249,U
E01025250,E01025250,U
E01025304,E01025304,U
E01025305,E01025305,U
E01025289,E01025289,U
E01025290,E01025290,U
E01025291,E01025291,U
E01025306,E01025306,U
E01033223,E01033223,U
E01033224,E01033224,U
E01033226,E01033226,U
E01020465,E01020465,U
E01020469,E01020469,U
E01020470,E01020470,U
E01020471,E01020471,U
E01020472,E01020472,U
E01020473,E01020473,U
E01020474,E01020474,U
E01020475,E01020475,U
E01020476,E01020476,U
E01020477,E01020477,U
E01020485,E01020485,U
E01020486,E01020486,U
E01020487,E01020487,U
E01020488,E01020488,U
E01020489,E01020489,U
E01020490,E01020490,U
E01012131,E01012131,U
E01016368,E01016368,U
E01003753,E01003753,U
E01003709,E01003709,U
E01003710,E01003710,U
E01003759,E01003759,U
E01003760,E01003760,U
E01003761,E01003761,U
E01003762,E01003762,U
E01003763,E01003763,U
E01003764,E01003764,U
E01003765,E01003765,U
E01003705,E01003705,U
E01003706,E01003706,U
E01003711,E01003711,U
E01003712,E01003712,U
E01003646,E01003646,U
E01003648,E01003648,U
E01003649,E01003649,U
E01003731,E01003731,U
E01016395,E01016395,U
E01003651,E01003651,U
E01003639,E01003639,U
E01003640,E01003640,U
E01003641,E01003641,U
E01003642,E01003642,U
E01003774,E01003774,U
E01003775,E01003775,U
E01003776,E01003776,U
E01003777,E01003777,U
E01003778,E01003778,U
E01003779,E01003779,U
E01003780,E01003780,U
E01003647,E01003647,U
E01003650,E01003650,U
E01003652,E01003652,U
E01003653,E01003653,U
E01003638,E01003638,U
E01003643,E01003643,U
E01003644,E01003644,U
E01003645,E01003645,U
E01003789,E01003789,U
E01003794,E01003794,U
E01003795,E01003795,U
E01003796,E01003796,U
E01003661,E01003661,U
E01003662,E01003662,U
E01003663,E01003663,U
E01003664,E01003664,U
E01003665,E01003665,U
E01003666,E01003666,U
E01033590,E01033590,U
E01033592,E01033592,U
E01003751,E01003751,U
E01020492,E01020492,U
E01012138,E01012138,U
E01016372,E01016372,U
E01003754,E01003754,U
E01012139,E01012139,U
E01003734,E01003734,U
E01020493,E01020493,U
E01016398,E01016398,U
E01016377,E01016377,U
E01003757,E01003757,U
E01012140,E01012140,U
E01003735,E01003735,U
E01020466,E01020466,U
E01016399,E01016399,U
E01016438,E01016438,U
E01003769,E01003769,U
E01012141,E01012141,U
E01012154,E01012154,U
E01012155,E01012155,U
E01012156,E01012156,U
E01012157,E01012157,U
E01012158,E01012158,U
E01012159,E01012159,U
E01012160,E01012160,U
E01012161,E01012161,U
E01012113,E01012113,U
E01012114,E01012114,U
E01012175,E01012175,U
E01033471,E01033471,U
E01012095,E01012095,U
E01012097,E01012097,U
E01012098,E01012098,U
E01012099,E01012099,U
E01012108,E01012108,U
E01012109,E01012109,U
E01012110,E01012110,U
E01012111,E01012111,U
E01012171,E01012171,U
E01012172,E01012172,U
E01012162,E01012162,U
E01012163,E01012163,U
E01012164,E01012164,U
E01012165,E01012165,U
E01012096,E01012096,U
E01012136,E01012136,U
E01033473,E01033473,U
E01012112,E01012112,U
E01012145,E01012145,U
E01012147,E01012147,U
E01012149,E01012149,U
E01012132,E01012132,U
E01012134,E01012134,U
E01012137,E01012137,U
E01012181,E01012181,U
E01012117,E01012117,U
E01012118,E01012118,U
E01012119,E01012119,U
E01012121,E01012121,U
E01032548,E01032548,U
E01032549,E01032549,U
E01033472,E01033472,U
E01012120,E01012120,U
E01016400,E01016400,U
E01003770,E01003770,U
E01016442,E01033858,S
E01016442,E01033857,S
E01016442,E01033859,S
E01016443,E01016443,U
E01016369,E01016369,U
E01003736,E01003736,U
E01016437,E01016437,U
E01016439,E01016439,U
E01003713,E01003713,U
E01016440,E01016440,U
E01003771,E01003771,U
E01020467,E01020467,U
E01003714,E01003714,U
E01016441,E01016441,U
E01016394,E01016394,U
E01003773,E01003773,U
E01020468,E01020468,U
E01003715,E01003715,U
E01003744,E01003744,U
E01016433,E01016433,U
E01003752,E01003752,U
E01020478,E01020478,U
E01003716,E01003716,U
E01003745,E01003745,U
E01016434,E01016434,U
E01003755,E01003755,U
E01020479,E01020479,U
E01003718,E01003718,U
E01003746,E01003746,U
E01016435,E01016435,U
E01003756,E01003756,U
E01003719,E01003719,U
E01003747,E01003747,U
E01016436,E01016436,U
E01003758,E01034480,S
E01003758,E01034481,S
E01016402,E01016402,U
E01032581,E01032581,U
E01003766,E01003766,U
E01003748,E01003748,U
E01020480,E01020480,U
E01016404,E01016404,U
E01003690,E01003690,U
E01003767,E01003767,U
E01003749,E01003749,U
E01020481,E01020481,U
E01016405,E01016405,U
E01003691,E01003691,U
E01003768,E01003768,U
E01003750,E01003750,U
E01020482,E01020482,U
E01016406,E01016406,U
E01003692,E01003692,U
E01003772,E01003772,U
E01003720,E01003720,U
E01020483,E01020483,U
E01033417,E01033417,U
E01003693,E01003693,U
E01003781,E01003781,U
E01003722,E01003722,U
E01020484,E01020484,U
E01033421,E01033421,U
E01003694,E01003694,U
E01003782,E01003782,U
E01003723,E01003723,U
E01016407,E01016407,U
E01016353,E01016353,U
E01003695,E01003695,U
E01003786,E01003786,U
E01003726,E01003726,U
E01016408,E01016408,U
E01016378,E01033838,S
E01003696,E01003696,U
E01003787,E01003787,U
E01003721,E01003721,U
E01016410,E01016410,U
E01016378,E01033839,S
E01003697,E01003697,U
E01003724,E01003724,U
E01016411,E01016411,U
E01016391,E01016391,U
E01003675,E01003675,U
E01003676,E01003676,U
E01016412,E01016412,U
E01003677,E01003677,U
E01003725,E01003725,U
E01033415,E01033415,U
E01016386,E01016386,U
E01003790,E01003790,U
E01003678,E01003678,U
E01003727,E01003727,U
E01033418,E01033418,U
E01016387,E01016387,U
E01003791,E01003791,U
E01003679,E01003679,U
E01003654,E01003654,U
E01033420,E01033420,U
E01016425,E01016425,U
E01003792,E01003792,U
E01003680,E01003680,U
E01003655,E01003655,U
E01033422,E01033422,U
E01016426,E01016426,U
E01003793,E01003793,U
E01003681,E01003681,U
E01003658,E01003658,U
E01033423,E01033423,U
E01016430,E01016430,U
E01003783,E01003783,U
E01003682,E01003682,U
E01003660,E01003660,U
E01016401,E01016401,U
E01016364,E01016364,U
E01003784,E01003784,U
E01012100,E01012100,U
E01003656,E01003656,U
E01016403,E01016403,U
E01016409,E01016409,U
E01003785,E01003785,U
E01012101,E01012101,U
E01003657,E01003657,U
E01016416,E01016416,U
E01016427,E01016427,U
E01003788,E01003788,U
E01012102,E01012102,U
E01003659,E01003659,U
E01003698,E01003698,U
E01003699,E01003699,U
E01003700,E01003700,U
E01003701,E01003701,U
E01003702,E01003702,U
E01003703,E01003703,U
E01003704,E01003704,U
E01003668,E01003668,U
E01003669,E01003669,U
E01003670,E01003670,U
E01003671,E01003671,U
E01003672,E01003672,U
E01003673,E01003673,U
E01003674,E01003674,U
E01003707,E01003707,U
E01012184,E01012184,U
E01012105,E01012105,U
E01012142,E01012142,U
E01012143,E01012143,U
E01012144,E01012144,U
E01012106,E01012106,U
E01012107,E01012107,U
E01032560,E01032560,U
E01032561,E01032561,U
E01012176,E01012176,U
E01012177,E01012177,U
E01012178,E01012178,U
E01012179,E01012179,U
E01012180,E01012180,U
E01012185,E01012185,U
E01012186,E01012186,U
E01012127,E01012127,U
E01012128,E01012128,U
E01012129,E01012129,U
E01012130,E01012130,U
E01003683,E01003683,U
E01016417,E01016417,U
E01003684,E01003684,U
E01016418,E01016418,U
E01003685,E01003685,U
E01016388,E01016388,U
E01003686,E01003686,U
E01016389,E01016389,U
E01003688,E01003688,U
E01016390,E01016390,U
E01003689,E01003689,U
E01016392,E01016392,U
E01033589,E01033589,U
E01016393,E01016393,U
E01033591,E01033591,U
E01016374,E01016374,U
E01003737,E01003737,U
E01016375,E01016375,U
E01003738,E01003738,U
E01016376,E01016376,U
E01003739,E01003739,U
E01016379,E01016379,U
E01003740,E01003740,U
E01016413,E01016413,U
E01003741,E01003741,U
E01016428,E01016428,U
E01016414,E01016414,U
E01003742,E01003742,U
E01016429,E01016429,U
E01016419,E01016419,U
E01003743,E01003743,U
E01016362,E01016362,U
E01016420,E01016420,U
E01003728,E01034482,S
E01016363,E01016363,U
E01016421,E01016421,U
E01003728,E01034484,S
E01016365,E01016365,U
E01016422,E01016422,U
E01003728,E01034483,S
E01016366,E01016366,U
E01016423,E01016423,U
E01003729,E01003729,U
E01016367,E01016367,U
E01016424,E01016424,U
E01003730,E01003730,U
E01016380,E01016380,U
E01016370,E01016370,U
E01003732,E01003732,U
E01016383,E01016383,U
E01016371,E01016371,U
E01003733,E01003733,U
E01016384,E01016384,U
E01016373,E01016373,U
E01016431,E01016431,U
E01016415,E01016415,U
E01016432,E01016432,U
E01016381,E01016381,U
E01016382,E01016382,U
E01016385,E01016385,U
E01016396,E01016396,U
E01016397,E01016397,U
E01016355,E01016355,U
E01016358,E01016358,U
E01016359,E01016359,U
E01016360,E01016360,U
E01016361,E01016361,U
E01016356,E01016356,U
E01016357,E01016357,U
W01001165,W01001165,U
E01012124,E01012124,U
W01001256,W01001256,U
W01001279,W01001279,U
E01030587,E01030587,U
W01001257,W01001257,U
W01001258,W01001258,U
W01001172,W01001172,U
W01001173,W01001173,U
W01001174,W01001174,U
W01001232,W01001232,U
W01001182,W01001964,M
W01001183,W01001964,M
W01001227,W01001227,U
W01001228,W01001228,U
W01001234,W01001234,U
W01001235,W01001235,U
W01001236,W01001236,U
W01001185,W01001185,U
W01001237,W01001237,U
W01001238,W01001238,U
W01001262,W01001262,U
W01001263,W01001263,U
W01001264,W01001264,U
W01001178,W01001178,U
W01001179,W01001179,U
W01001253,W01001253,U
W01001255,W01001255,U
W01001914,W01001914,U
W01001917,W01001917,U
W01001249,W01001249,U
W01001250,W01001250,U
W01001251,W01001251,U
W01001252,W01001252,U
W01001162,W01001162,U
W01001244,W01001244,U
E01012182,E01012182,U
E01030589,E01030589,U
W01001175,W01001175,U
E01025351,E01025351,U
W01001245,W01001245,U
W01001246,W01001246,U
W01001184,W01001184,U
W01001239,W01001239,U
W01001240,W01001240,U
W01001241,W01001241,U
W01001196,W01001196,U
W01001197,W01001197,U
W01001198,W01001198,U
W01001199,W01001199,U
W01001915,W01001915,U
W01001916,W01001916,U
W01001157,W01001157,U
W01001158,W01001158,U
W01001159,W01001159,U
W01001277,W01001277,U
W01001278,W01001278,U
E01032253,E01032253,U
W01001177,W01001177,U
E01032265,E01032265,U
E01030588,E01030588,U
E01012183,E01012183,U
W01001160,W01001160,U
E01012148,E01012148,U
E01030580,E01030580,U
W01001161,W01001965,S
E01025323,E01025323,U
W01001202,W01001202,U
E01012150,E01012150,U
E01030590,E01030590,U
E01032267,E01032267,U
E01030581,E01030581,U
W01001161,W01001966,S
E01025324,E01025324,U
E01012151,E01012151,U
W01001203,W01001203,U
E01012152,E01012152,U
E01030591,E01030591,U
E01032268,E01032268,U
E01030582,E01030582,U
W01001189,W01001189,U
E01025332,E01034764,M
E01032276,E01032276,U
E01025336,E01025336,U
E01030583,E01030583,U
E01032250,E01032250,U
E01030592,E01030592,U
E01032594,E01032594,U
E01030575,E01035361,S
E01032251,E01032251,U
E01030599,E01030599,U
E01025337,E01025337,U
E01012146,E01012146,U
W01001190,W01001190,U
W01001269,W01001269,U
E01030575,E01035362,S
E01032252,E01032252,U
E01030600,E01030600,U
E01025352,E01025352,U
E01012167,E01012167,U
W01001193,W01001193,U
W01001270,W01001270,U
E01030576,E01030576,U
E01032254,E01032254,U
E01030601,E01030601,U
E01025353,E01034764,M
E01012168,E01012168,U
W01001194,W01001194,U
E01030577,E01030577,U
W01001271,W01001271,U
E01030578,E01030578,U
E01032256,E01032256,U
E01030602,E01030602,U
E01003797,E01003797,U
E01012170,E01012170,U
W01001195,W01001195,U
E01012173,E01012173,U
W01001242,W01001242,U
E01012174,E01012174,U
W01001243,W01001243,U
E01033470,E01033470,U
W01001191,W01001967,S
E01032226,E01032226,U
W01001191,W01001968,S
E01032227,E01032227,U
W01001192,W01001192,U
E01032243,E01032243,U
W01001223,W01001223,U
E01003798,E01003798,U
W01001272,W01001272,U
E01030598,E01030598,U
E01032244,E01032244,U
E01032257,E01032257,U
E01030579,E01030579,U
W01001224,W01001224,U
E01003799,E01003799,U
W01001273,W01001273,U
E01030623,E01030623,U
E01032240,E01032240,U
E01032258,E01032258,U
W01001186,W01001186,U
W01001225,W01001225,U
E01003800,E01003800,U
E01003801,E01003801,U
E01003802,E01003802,U
E01003803,E01003803,U
E01003846,E01003846,U
E01003847,E01003847,U
E01003849,E01003849,U
E01003851,E01003851,U
E01003860,E01003860,U
E01003864,E01003864,U
E01003852,E01003852,U
E01003853,E01003853,U
E01003854,E01003854,U
E01003855,E01003855,U
E01003856,E01003856,U
E01003857,E01003857,U
E01003858,E01003858,U
E01003848,E01003848,U
E01003861,E01003861,U
E01003862,E01003862,U
E01003863,E01003863,U
E01003865,E01003865,U
E01033570,E01033570,U
E01033571,E01033571,U
E01003804,E01003804,U
E01003807,E01003807,U
E01003808,E01003808,U
E01003809,E01003809,U
E01003859,E01003859,U
E01003873,E01003873,U
E01003874,E01003874,U
E01003875,E01003875,U
E01003878,E01003878,U
E01003866,E01003866,U
E01003868,E01003868,U
E01003871,E01003871,U
E01003872,E01003872,U
E01003821,E01003821,U
E01003876,E01003876,U
E01032260,E01032260,U
W01001187,W01001187,U
E01032241,E01032241,U
E01032246,E01032246,U
E01030624,E01030624,U
E01032247,E01032247,U
W01001188,W01001188,U
E01032242,E01032242,U
W01001226,W01001226,U
W01001213,W01001962,M
E01032245,E01032245,U
W01001214,W01001214,U
W01001221,W01001221,U
E01032232,E01032232,U
E01032248,E01032248,U
W01001215,W01001962,M
E01030625,E01030625,U
E01025315,E01025315,U
E01032233,E01034320,S
W01001222,W01001222,U
E01032249,E01032249,U
W01001216,W01001216,U
E01030626,E01030626,U
E01025320,E01025320,U
E01032233,E01034321,S
W01001233,W01001233,U
E01032261,E01032261,U
W01001143,W01001143,U
E01030627,E01030627,U
E01025331,E01025331,U
E01032233,E01034322,S
W01001148,W01001148,U
E01032228,E01032228,U
W01001144,W01001144,U
E01030615,E01030615,U
E01025348,E01025348,U
W01001152,W01001152,U
E01032229,E01032229,U
W01001145,W01001145,U
E01030616,E01030616,U
E01025349,E01025349,U
E01030617,E01030617,U
E01032234,E01032234,U
E01032230,E01032230,U
W01001153,W01001153,U
E01025334,E01025334,U
E01030618,E01030618,U
W01001146,W01001146,U
E01032235,E01032235,U
E01032231,E01032231,U
W01001155,W01001155,U
E01025344,E01025344,U
E01030619,E01030619,U
W01001176,W01001176,U
E01032224,E01032224,U
E01030603,E01030603,U
W01001149,W01001149,U
E01025345,E01025345,U
E01030622,E01030622,U
W01001274,W01001274,U
E01032225,E01032225,U
E01030604,E01030604,U
W01001150,W01001150,U
E01025346,E01025346,U
E01030610,E01030610,U
W01001275,W01001275,U
E01032239,E01032239,U
E01030605,E01030605,U
W01001151,W01001151,U
E01025347,E01025347,U
E01030611,E01035355,S
W01001276,W01001276,U
E01030607,E01030607,U
W01001154,W01001154,U
E01025329,E01025329,U
E01030611,E01035356,S
W01001200,W01001963,M
E01030612,E01035358,S
E01030559,E01030559,U
E01032262,E01032262,U
W01001156,W01001156,U
W01001201,W01001963,M
E01030612,E01035357,S
E01025330,E01025330,U
E01030560,E01030560,U
E01032273,E01032273,U
W01001147,W01001147,U
W01001260,W01001260,U
E01030613,E01030613,U
E01025335,E01025335,U
E01030561,E01030561,U
E01032275,E01032275,U
W01001168,W01001168,U
W01001285,W01001285,U
E01030614,E01030614,U
E01025338,E01025338,U
E01030562,E01030562,U
E01032277,E01032277,U
W01001169,W01001169,U
W01001286,W01001286,U
E01030593,E01030593,U
E01025339,E01025339,U
E01030563,E01030563,U
E01032278,E01032278,U
W01001170,W01001170,U
W01001287,W01001287,U
E01030596,E01030596,U
E01025322,E01025322,U
E01025326,E01025326,U
E01025327,E01025327,U
E01025342,E01025342,U
E01025321,E01025321,U
E01025340,E01025340,U
E01025341,E01025341,U
E01025343,E01025343,U
E01025354,E01025354,U
E01025316,E01025316,U
E01025317,E01025317,U
E01025325,E01025325,U
E01025328,E01025328,U
E01025318,E01025318,U
E01025319,E01025319,U
E01025333,E01025333,U
E01025350,E01025350,U
E01032236,E01032236,U
W01001137,W01001137,U
E01032237,E01032237,U
E01032238,E01032238,U
W01001138,W01001138,U
E01032264,E01032264,U
W01001139,W01001139,U
E01032255,E01032255,U
W01001140,W01001140,U
E01032263,E01032263,U
W01001141,W01001141,U
E01032266,E01032266,U
W01001142,W01001142,U
E01030564,E01030564,U
E01032274,E01032274,U
E01030597,E01030597,U
W01001288,W01001288,U
W01001204,W01001204,U
E01030606,E01030606,U
E01032259,E01032259,U
E01032269,E01032269,U
E01030620,E01030620,U
W01001180,W01001180,U
W01001205,W01001205,U
E01030641,E01030641,U
W01001181,W01001181,U
W01001206,W01001206,U
E01030642,E01030642,U
E01030621,E01030621,U
W01001282,W01001282,U
W01001207,W01001207,U
E01030644,E01030644,U
E01030594,E01030594,U
E01032270,E01032270,U
W01001283,W01001283,U
W01001208,W01001208,U
E01030565,E01030565,U
E01030595,E01030595,U
E01032271,E01032271,U
W01001284,W01001284,U
W01001265,W01001265,U
E01030566,E01030566,U
E01030630,E01030630,U
E01032272,E01032272,U
W01001166,W01001166,U
W01001266,W01001266,U
E01030567,E01030567,U
E01030631,E01030631,U
W01001167,W01001167,U
W01001267,W01001267,U
E01030568,E01030568,U
E01030570,E01030570,U
W01001268,W01001268,U
E01030569,E01030569,U
E01030571,E01030571,U
W01001247,W01001247,U
E01030572,E01030572,U
W01001209,W01001209,U
W01001248,W01001248,U
E01030573,E01030573,U
E01030608,E01030608,U
W01001210,W01001210,U
W01001171,W01001171,U
E01030574,E01030574,U
E01030609,E01030609,U
W01001211,W01001211,U
W01001229,W01001229,U
E01030628,E01030628,U
E01030640,E01030640,U
W01001212,W01001212,U
W01001230,W01001230,U
E01030629,E01030629,U
E01030643,E01030643,U
W01001231,W01001231,U
E01030632,E01030632,U
E01030635,E01030635,U
W01001280,W01001280,U
E01030633,E01030633,U
E01030636,E01030636,U
W01001281,W01001281,U
E01030634,E01030634,U
E01030637,E01030637,U
W01001217,W01001217,U
E01030638,E01030638,U
W01001218,W01001218,U
E01030639,E01030639,U
E01030584,E01035359,S
W01001219,W01001219,U
E01030584,E01035360,S
W01001220,W01001220,U
E01030585,E01030585,U
W01001259,W01001259,U
E01030586,E01030586,U
W01001261,W01001261,U
W01001164,W01001164,U
E01003877,E01003877,U
E01003879,E01003879,U
E01003892,E01003892,U
E01003893,E01003893,U
E01003894,E01003894,U
E01003895,E01003895,U
E01003905,E01003905,U
E01003906,E01003906,U
E01003907,E01003907,U
E01003908,E01003908,U
E01003909,E01003909,U
E01003867,E01003867,U
E01003869,E01003869,U
E01003870,E01003870,U
E01003910,E01003910,U
E01003805,E01003805,U
E01003806,E01003806,U
E01003816,E01003816,U
E01003817,E01003817,U
E01003840,E01003840,U
E01003841,E01003841,U
E01003842,E01003842,U
E01003843,E01003843,U
E01003844,E01003844,U
E01003845,E01003845,U
E01003882,E01003882,U
E01003883,E01003883,U
E01003896,E01003896,U
E01003897,E01003897,U
E01003898,E01003898,U
E01003899,E01003899,U
E01003900,E01003900,U
E01003901,E01003901,U
E01003902,E01003902,U
E01003903,E01003903,U
E01003904,E01003904,U
E01003880,E01003880,U
E01003881,E01003881,U
E01003884,E01003884,U
E01003885,E01003885,U
E01003818,E01003818,U
E01003819,E01003819,U
E01003820,E01003820,U
E01003811,E01003811,U
E01003812,E01003812,U
E01003890,E01003890,U
E01003891,E01003891,U
E01003810,E01003810,U
E01003813,E01003813,U
E01003814,E01003814,U
E01021099,E01021099,U
E01025363,E01025363,U
E01003815,E01003815,U
E01005510,E01005510,U
E01005591,E01005591,U
E01021100,E01021100,U
E01005592,E01005592,U
E01027764,E01027764,U
E01021929,E01021929,U
E01003828,E01003828,U
E01005472,E01005472,U
E01021931,E01021931,U
E01027773,E01027773,U
E01005511,E01005511,U
E01025364,E01025364,U
E01021104,E01021104,U
E01003829,E01003829,U
E01025366,E01025366,U
E01027744,E01027744,U
E01005512,E01005512,U
E01021105,E01021105,U
E01021933,E01021933,U
E01005473,E01005473,U
E01003830,E01003830,U
E01025395,E01025395,U
E01027756,E01027756,U
E01005513,E01005513,U
E01021101,E01021101,U
E01021934,E01021934,U
E01005482,E01005482,U
E01003831,E01003831,U
E01025396,E01025396,U
E01027758,E01027758,U
E01005514,E01005514,U
E01021102,E01021102,U
E01021935,E01021935,U
E01005483,E01005483,U
E01003832,E01003832,U
E01025397,E01025397,U
E01027760,E01027760,U
E01005515,E01005515,U
E01021117,E01021117,U
E01021936,E01021936,U
E01005484,E01005484,U
E01003833,E01003833,U
E01025398,E01025398,U
E01033185,E01033185,U
E01005498,E01005498,U
E01021118,E01021118,U
E01021937,E01021937,U
E01005486,E01005486,U
E01025367,E01025367,U
E01033186,E01033186,U
E01005500,E01005500,U
E01021119,E01021119,U
E01021938,E01021938,U
E01005487,E01005487,U
E01003886,E01003886,U
E01005518,E01005518,U
E01021087,E01021087,U
E01021939,E01021939,U
E01005474,E01005474,U
E01005503,E01005503,U
E01025368,E01025368,U
E01003887,E01003887,U
E01005520,E01005520,U
E01021088,E01021088,U
E01021940,E01021940,U
E01005575,E01005575,U
E01005506,E01005506,U
E01025369,E01025369,U
E01003888,E01003888,U
E01005522,E01005522,U
E01021089,E01021089,U
E01021941,E01021941,U
E01005576,E01005576,U
E01005507,E01005507,U
E01025381,E01025381,U
E01003889,E01003889,U
E01005523,E01005523,U
E01021109,E01021109,U
E01021915,E01021915,U
E01005577,E01005577,U
E01005508,E01005508,U
E01025382,E01025382,U
E01003834,E01003834,U
E01005519,E01005519,U
E01021110,E01021110,U
E01021916,E01021916,U
E01005469,E01005469,U
E01005524,E01005524,U
E01025383,E01025383,U
E01003835,E01003835,U
E01005594,E01005594,U
E01021084,E01021084,U
E01021953,E01021953,U
E01005563,E01005563,U
E01005565,E01005565,U
E01005566,E01005566,U
E01005568,E01005568,U
E01005569,E01005569,U
E01005556,E01005556,U
E01005559,E01005559,U
E01005560,E01005560,U
E01005567,E01005567,U
E01005555,E01005555,U
E01005557,E01005557,U
E01005558,E01005558,U
E01005561,E01005561,U
E01005562,E01005562,U
E01005470,E01005470,U
E01005471,E01005471,U
E01005475,E01005475,U
E01005485,E01005485,U
E01005564,E01005564,U
E01005464,E01005464,U
E01005465,E01005465,U
E01005466,E01005466,U
E01005467,E01005467,U
E01005468,E01005468,U
E01005476,E01005476,U
E01005477,E01005477,U
E01005478,E01005478,U
E01005479,E01005479,U
E01005480,E01005480,U
E01005481,E01005481,U
E01005497,E01005497,U
E01005501,E01005501,U
E01005502,E01005502,U
E01005504,E01005504,U
E01005505,E01005505,U
E01005509,E01005509,U
E01003836,E01003836,U
E01021955,E01021955,U
E01021085,E01021085,U
E01005597,E01005597,U
E01003837,E01003837,U
E01021918,E01021918,U
E01021086,E01021086,U
E01005598,E01005598,U
E01003838,E01003838,U
E01021919,E01021919,U
E01021096,E01021096,U
E01021097,E01021097,U
E01021111,E01021111,U
E01021113,E01021113,U
E01021131,E01021131,U
E01021135,E01021135,U
E01021136,E01021136,U
E01021137,E01021137,U
E01021112,E01021112,U
E01021120,E01021120,U
E01021126,E01021126,U
E01021127,E01021127,U
E01021128,E01021128,U
E01021093,E01021093,U
E01021095,E01021095,U
E01021123,E01021123,U
E01021124,E01021124,U
E01021125,E01021125,U
E01021129,E01021129,U
E01021138,E01021138,U
E01021094,E01021094,U
E01021106,E01021106,U
E01021107,E01021107,U
E01021108,E01021108,U
E01021130,E01021130,U
E01021090,E01021090,U
E01021091,E01021091,U
E01021092,E01021092,U
E01021121,E01021121,U
E01021122,E01021122,U
E01007693,E01034246,S
E01007693,E01034247,S
E01007694,E01007694,U
E01025356,E01025356,U
E01005525,E01005525,U
E01021925,E01021925,U
E01003839,E01003839,U
E01025373,E01025373,U
E01005526,E01005526,U
E01021960,E01021960,U
E01005516,E01005516,U
E01003822,E01003822,U
E01025385,E01025385,U
E01005528,E01005528,U
E01021961,E01021961,U
E01005517,E01005517,U
E01003823,E01003823,U
E01025387,E01025387,U
E01005536,E01005536,U
E01021920,E01021920,U
E01021926,E01021926,U
E01021957,E01021957,U
E01021958,E01021958,U
E01021959,E01021959,U
E01021930,E01021930,U
E01021932,E01021932,U
E01021952,E01021952,U
E01021954,E01021954,U
E01021956,E01021956,U
E01021950,E01021950,U
E01021951,E01021951,U
E01021962,E01021962,U
E01021963,E01021963,U
E01021964,E01021964,U
E01021966,E01021966,U
E01021946,E01021946,U
E01021947,E01021947,U
E01021948,E01021948,U
E01021949,E01021949,U
E01021965,E01021965,U
E01021917,E01021917,U
E01021921,E01021921,U
E01021922,E01021922,U
E01021923,E01021923,U
E01021924,E01021924,U
E01025355,E01025355,U
E01025361,E01025361,U
E01025362,E01025362,U
E01025393,E01025393,U
E01003824,E01003824,U
E01005543,E01005543,U
E01033281,E01033281,U
E01003825,E01003825,U
E01005527,E01005527,U
E01025377,E01025377,U
E01003826,E01003826,U
E01005529,E01005529,U
E01005521,E01005521,U
E01025378,E01025378,U
E01003827,E01003827,U
E01005551,E01005551,U
E01005596,E01005596,U
E01025379,E01025379,U
E01005552,E01005552,U
E01005578,E01005578,U
E01025380,E01025380,U
E01005579,E01005579,U
E01027743,E01027743,U
E01025357,E01025357,U
E01005553,E01005553,U
E01005586,E01005586,U
E01027751,E01027751,U
E01025358,E01025358,U
E01005554,E01005554,U
E01005593,E01005593,U
E01027752,E01027752,U
E01025365,E01025365,U
E01005534,E01005534,U
E01005595,E01005595,U
E01027759,E01027759,U
E01025384,E01025384,U
E01005535,E01005535,U
E01005489,E01005489,U
E01027761,E01027761,U
E01025359,E01025359,U
E01005537,E01005537,U
E01005490,E01005490,U
E01027762,E01027762,U
E01025360,E01025360,U
E01005538,E01005538,U
E01005491,E01005491,U
E01027765,E01027765,U
E01025375,E01025375,U
E01005540,E01005540,U
E01005493,E01005493,U
E01027766,E01027766,U
E01025376,E01025376,U
E01005541,E01005541,U
E01005494,E01005494,U
E01027767,E01027767,U
E01025371,E01025371,U
E01005542,E01005542,U
E01005495,E01005495,U
E01027768,E01027768,U
E01025374,E01025374,U
E01005533,E01005533,U
E01005488,E01005488,U
E01027769,E01027769,U
E01005539,E01005539,U
E01005492,E01005492,U
E01027770,E01027770,U
E01005546,E01005546,U
E01025391,E01025391,U
E01005499,E01005499,U
E01027745,E01027745,U
E01005547,E01005547,U
E01025392,E01025392,U
E01005571,E01005571,U
E01027746,E01027746,U
E01005548,E01005548,U
E01025394,E01025394,U
E01005570,E01005570,U
E01027747,E01027747,U
E01005530,E01005530,U
E01025370,E01025370,U
E01005572,E01005572,U
E01027748,E01027748,U
E01005531,E01005531,U
E01025388,E01025388,U
E01005573,E01005573,U
E01027749,E01027749,U
E01005532,E01005532,U
E01025389,E01025389,U
E01005574,E01005574,U
E01027750,E01034966,S
E01005544,E01005544,U
E01025390,E01025390,U
E01005587,E01005587,U
E01027750,E01034967,S
E01005545,E01005545,U
E01021132,E01021132,U
E01005588,E01005588,U
E01027754,E01034965,M
E01005549,E01005549,U
E01021133,E01021133,U
E01005580,E01005580,U
E01027771,E01027771,U
E01005550,E01005550,U
E01021134,E01021134,U
E01005581,E01005581,U
E01027772,E01027772,U
E01021942,E01021942,U
E01021139,E01021139,U
E01005583,E01005583,U
E01005585,E01005585,U
E01033258,E01034235,S
E01033258,E01034234,S
E01005496,E01005496,U
E01005589,E01005589,U
E01005590,E01005590,U
E01033183,E01034965,M
E01033184,E01033184,U
E01027742,E01027742,U
E01027753,E01027753,U
E01027763,E01027763,U
E01021140,E01021140,U
E01021141,E01021141,U
E01021103,E01021103,U
E01021114,E01021114,U
E01021115,E01021115,U
E01021116,E01021116,U
E01021098,E01021098,U
E01021943,E01021943,U
E01021944,E01021944,U
E01021945,E01021945,U
E01021914,E01021914,U
E01021927,E01021927,U
E01021928,E01021928,U
E01007670,E01007670,U
E01007672,E01007672,U
E01007673,E01007673,U
E01007671,E01007671,U
E01007674,E01007674,U
E01007747,E01007747,U
E01007750,E01007750,U
E01007658,E01007658,U
E01007660,E01007660,U
E01007661,E01007661,U
E01007662,E01007662,U
E01007663,E01007663,U
E01007664,E01007664,U
E01007748,E01007748,U
E01007749,E01007749,U
E01007751,E01007751,U
E01007752,E01007752,U
E01007753,E01007753,U
E01031129,E01031129,U
E01007709,E01007709,U
E01007695,E01007695,U
E01031159,E01031159,U
E01031160,E01031160,U
E01031182,E01031182,U
E01032891,E01032891,U
E01032892,E01035026,S
E01032892,E01035027,S
E01032892,E01035028,S
E01032892,E01035029,S
E01031137,E01031137,U
E01031138,E01031138,U
E01031139,E01031139,U
E01031140,E01031140,U
E01031141,E01035020,S
E01031141,E01035021,S
E01031142,E01031142,U
E01031171,E01031171,U
E01031172,E01031172,U
E01031173,E01031173,U
E01031174,E01031174,U
E01031151,E01031151,U
E01031152,E01031152,U
E01031153,E01031153,U
E01031154,E01031154,U
E01031181,E01031181,U
E01031130,E01031130,U
E01031131,E01031131,U
E01031132,E01031132,U
E01031133,E01031133,U
E01031167,E01031167,U
E01031168,E01031168,U
E01031169,E01031169,U
E01028414,E01028414,U
E01007806,E01007806,U
E01028408,E01028408,U
E01030688,E01030688,U
E01031170,E01031170,U
E01007710,E01007710,U
E01028388,E01028388,U
E01031125,E01031125,U
E01007807,E01007807,U
E01028415,E01028415,U
E01030656,E01030656,U
E01007711,E01007711,U
E01007697,E01007697,U
E01028389,E01028389,U
E01031127,E01031127,U
E01007681,E01007681,U
E01028354,E01028354,U
E01030658,E01030658,U
E01007724,E01007724,U
E01007698,E01007698,U
E01028390,E01028390,U
E01031164,E01035022,S
E01007691,E01007691,U
E01028355,E01028355,U
E01030685,E01030685,U
E01030686,E01030686,U
E01030689,E01030689,U
E01030690,E01030690,U
E01030691,E01030691,U
E01030692,E01030692,U
E01030652,E01030652,U
E01030653,E01030653,U
E01030654,E01030654,U
E01030657,E01030657,U
E01030659,E01030659,U
E01030647,E01030647,U
E01030648,E01030648,U
E01030649,E01030649,U
E01030650,E01030650,U
E01030651,E01030651,U
E01030655,E01030655,U
E01030662,E01030662,U
E01030677,E01030677,U
E01030678,E01030678,U
E01030679,E01030679,U
E01030680,E01030680,U
E01030645,E01030645,U
E01030646,E01030646,U
E01030660,E01030660,U
E01030661,E01030661,U
E01030684,E01030684,U
E01030681,E01030681,U
E01030682,E01030682,U
E01030683,E01030683,U
E01030693,E01030693,U
E01030694,E01030694,U
E01030695,E01030695,U
E01030696,E01030696,U
E01028371,E01028371,U
E01028403,E01028403,U
E01028411,E01028411,U
E01028357,E01028357,U
E01028358,E01028358,U
E01028359,E01028359,U
E01028360,E01028360,U
E01028361,E01028361,U
E01028362,E01028362,U
E01028393,E01028393,U
E01028394,E01028394,U
E01028395,E01028395,U
E01028413,E01028413,U
E01007734,E01007734,U
E01028384,E01028384,U
E01007692,E01007692,U
E01028409,E01028409,U
E01031164,E01035023,S
E01007816,E01007816,U
E01007684,E01007684,U
E01007817,E01007817,U
E01028410,E01028410,U
E01031165,E01031165,U
E01032926,E01032926,U
E01028385,E01028385,U
E01007687,E01007687,U
E01007819,E01007819,U
E01023099,E01023099,U
E01032893,E01032893,U
E01032927,E01032927,U
E01028386,E01028386,U
E01007689,E01007689,U
E01007820,E01007820,U
E01023104,E01023104,U
E01032894,E01032894,U
E01007723,E01007723,U
E01028396,E01028396,U
E01007690,E01007690,U
E01007821,E01007821,U
E01023106,E01023106,U
E01032895,E01032895,U
E01007735,E01007735,U
E01028398,E01028398,U
E01007675,E01007675,U
E01007822,E01007822,U
E01023121,E01023121,U
E01031155,E01031155,U
E01007737,E01007737,U
E01028399,E01028399,U
E01007678,E01007678,U
E01007796,E01007796,U
E01023105,E01023105,U
E01031156,E01031156,U
E01007738,E01007738,U
E01028416,E01028416,U
E01007679,E01007679,U
E01007797,E01007797,U
E01023119,E01023119,U
E01031157,E01031157,U
E01007739,E01007739,U
E01028417,E01028417,U
E01007680,E01007680,U
E01007798,E01007798,U
E01023120,E01023120,U
E01031158,E01031158,U
E01031143,E01031143,U
E01031144,E01031144,U
E01031145,E01031145,U
E01031146,E01031146,U
E01031161,E01031161,U
E01031162,E01031162,U
E01031163,E01031163,U
E01031179,E01031179,U
E01031180,E01031180,U
E01031134,E01031134,U
E01031135,E01031135,U
E01031136,E01031136,U
E01031175,E01031175,U
E01031176,E01031176,U
E01031177,E01031177,U
E01031178,E01031178,U
E01031147,E01035024,S
E01031147,E01035025,S
E01031148,E01031148,U
E01031149,E01031149,U
E01031150,E01031150,U
E01031166,E01031166,U
E01030667,E01030667,U
E01030668,E01030668,U
E01030669,E01030669,U
E01030670,E01030670,U
E01030671,E01030671,U
E01030672,E01030672,U
E01030673,E01030673,U
E01030674,E01030674,U
E01030675,E01030675,U
E01030676,E01030676,U
E01030663,E01030663,U
E01030664,E01030664,U
E01030665,E01030665,U
E01030666,E01030666,U
E01030687,E01030687,U
E01023122,E01023122,U
E01007712,E01007712,U
E01023146,E01023146,U
E01028418,E01028418,U
E01007713,E01007713,U
E01023100,E01023100,U
E01028356,E01028356,U
E01007736,E01007736,U
E01007811,E01007811,U
E01023101,E01023101,U
E01028375,E01028375,U
E01028376,E01028376,U
E01028377,E01028377,U
E01028397,E01028397,U
E01028363,E01028363,U
E01028364,E01028364,U
E01028365,E01028365,U
E01028391,E01028391,U
E01028392,E01028392,U
E01028372,E01028372,U
E01028373,E01035509,S
E01028373,E01035510,S
E01028374,E01028374,U
E01028400,E01028400,U
E01028401,E01028401,U
E01028366,E01028366,U
E01028367,E01028367,U
E01028368,E01028368,U
E01028369,E01028369,U
E01028370,E01028370,U
E01028402,E01028402,U
E01028419,E01028419,U
E01028420,E01028420,U
E01028404,E01028404,U
E01028405,E01028405,U
E01028406,E01028406,U
E01028407,E01028407,U
E01028379,E01028379,U
E01028412,E01028412,U
E01028421,E01028421,U
E01028380,E01028380,U
E01028381,E01028381,U
E01028382,E01028382,U
E01028383,E01028383,U
E01028378,E01028378,U
E01028387,E01028387,U
E01007799,E01007799,U
E01007800,E01007800,U
E01007818,E01007818,U
E01007777,E01007777,U
E01007793,E01007793,U
E01007794,E01007794,U
E01007795,E01007795,U
E01007778,E01007778,U
E01007812,E01007812,U
E01007779,E01007779,U
E01007765,E01007765,U
E01007813,E01034253,M
E01007766,E01007766,U
E01023102,E01023102,U
E01007780,E01007780,U
E01007768,E01007768,U
E01007814,E01034253,M
E01023134,E01023134,U
E01007781,E01007781,U
E01007770,E01007770,U
E01007676,E01007676,U
E01023147,E01023147,U
E01007782,E01007782,U
E01007741,E01007741,U
E01007702,E01007702,U
E01023096,E01023096,U
E01007771,E01007771,U
E01007742,E01007742,U
E01007703,E01007703,U
E01023097,E01023097,U
E01007772,E01007772,U
E01007743,E01007743,U
E01007704,E01007704,U
E01023103,E01023103,U
E01007744,E01007744,U
E01007705,E01007705,U
E01023111,E01023111,U
E01007707,E01007707,U
E01007773,E01007773,U
E01023112,E01023112,U
E01007745,E01007745,U
E01007666,E01007666,U
E01007774,E01007774,U
E01023092,E01023092,U
E01007746,E01007746,U
E01007809,E01007809,U
E01007696,E01007696,U
E01023093,E01023093,U
E01007715,E01007715,U
E01007810,E01007810,U
E01007801,E01007801,U
E01023132,E01023132,U
E01007716,E01007716,U
E01007815,E01007815,U
E01007802,E01007802,U
E01023133,E01023133,U
E01007717,E01007717,U
E01007665,E01034248,S
E01007803,E01007803,U
E01023135,E01023135,U
E01007718,E01007718,U
E01007665,E01034249,S
E01007808,E01007808,U
E01023091,E01023091,U
E01007677,E01007677,U
E01007665,E01034250,S
E01007775,E01007775,U
E01023094,E01023094,U
E01007714,E01007714,U
E01007699,E01007699,U
E01007776,E01007776,U
E01023095,E01023095,U
E01007767,E01007767,U
E01007700,E01007700,U
E01007783,E01007783,U
E01023098,E01023098,U
E01007769,E01007769,U
E01007701,E01007701,U
E01007784,E01007784,U
E01023148,E01023148,U
E01007685,E01007685,U
E01007754,E01007754,U
E01007755,E01007755,U
E01007756,E01007756,U
E01007761,E01007761,U
E01007762,E01007762,U
E01007682,E01007682,U
E01007683,E01007683,U
E01007686,E01007686,U
E01007688,E01007688,U
E01007725,E01007725,U
E01007726,E01007726,U
E01007757,E01007757,U
E01007758,E01007758,U
E01007759,E01007759,U
E01007760,E01007760,U
E01007763,E01007763,U
E01007764,E01007764,U
E01007708,E01007708,U
E01007728,E01007728,U
E01007729,E01007729,U
E01007730,E01007730,U
E01007731,E01007731,U
E01007706,E01007706,U
E01007732,E01007732,U
E01007787,E01034251,S
E01007733,E01007733,U
E01007787,E01034252,S
E01007719,E01007719,U
E01007788,E01007788,U
E01007720,E01007720,U
E01007789,E01007789,U
E01023149,E01023149,U
E01007721,E01007721,U
E01007792,E01007792,U
E01023113,E01023113,U
E01007727,E01007727,U
E01007657,E01007657,U
E01023114,E01023114,U
E01007740,E01007740,U
E01007659,E01007659,U
E01023136,E01023136,U
E01007804,E01007804,U
E01007785,E01007785,U
E01023137,E01023137,U
E01007786,E01007786,U
E01023138,E01023138,U
E01007790,E01007790,U
E01007805,E01007805,U
E01023139,E01023139,U
E01007791,E01007791,U
E01023140,E01023140,U
E01007667,E01007667,U
E01023141,E01023141,U
E01007668,E01007668,U
E01023142,E01034727,S
E01007669,E01007669,U
E01023142,E01034730,S
E01023143,E01034728,S
E01023143,E01034729,S
E01023144,E01023144,U
E01023118,E01023118,U
E01027801,E01027801,U
E01027802,E01027802,U
E01027775,E01027775,U
E01027780,E01027780,U
E01027781,E01027781,U
E01027800,E01027800,U
E01027779,E01027779,U
E01027796,E01027796,U
E01027798,E01027798,U
E01027803,E01027803,U
E01027774,E01027774,U
E01027778,E01027778,U
E01027782,E01027782,U
E01027797,E01027797,U
E01027799,E01027799,U
E01027785,E01034970,S
E01027785,E01034968,S
E01027786,E01027786,U
E01027787,E01027787,U
E01027788,E01027788,U
E01027789,E01034971,S
E01027789,E01034969,S
E01027790,E01027790,U
E01027791,E01027791,U
E01005659,E01005659,U
E01005660,E01005660,U
E01005663,E01005663,U
E01005664,E01005664,U
E01005665,E01005665,U
E01009962,E01009962,U
E01005703,E01005703,U
E01005704,E01005704,U
E01005706,E01005706,U
E01005708,E01005708,U
E01005702,E01005702,U
E01005705,E01033976,S
E01005705,E01033977,S
E01005707,E01005707,U
E01005661,E01005661,U
E01005662,E01005662,U
E01005709,E01005709,U
E01005710,E01005710,U
E01005670,E01005670,U
E01005672,E01005672,U
E01005676,E01005676,U
E01005677,E01005677,U
E01005686,E01005686,U
E01005688,E01005688,U
E01005691,E01005691,U
E01005692,E01005692,U
E01005711,E01005711,U
E01023124,E01023124,U
E01005729,E01005729,U
E01005614,E01005614,U
E01009963,E01009963,U
E01005730,E01005730,U
E01009964,E01009964,U
E01005731,E01005731,U
E01009965,E01009965,U
E01005732,E01005732,U
E01010090,E01010090,U
E01005599,E01005599,U
E01010091,E01010091,U
E01005600,E01005600,U
E01010096,E01010096,U
E01005601,E01005601,U
E01010097,E01010097,U
E01005602,E01005602,U
E01009968,E01009968,U
E01005603,E01005603,U
E01009972,E01009972,U
E01005604,E01005604,U
E01009974,E01009974,U
E01005605,E01005605,U
E01009975,E01009975,U
E01005638,E01005638,U
E01010030,E01010030,U
E01005667,E01005667,U
E01010034,E01010034,U
E01032685,E01033995,S
E01010035,E01010035,U
E01010075,E01010075,U
E01005712,E01005712,U
E01032685,E01033996,S
E01032685,E01033998,S
E01032686,E01033997,S
E01032686,E01033999,S
E01032912,E01032912,U
E01032914,E01032914,U
E01032915,E01032915,U
E01032917,E01033993,S
E01032917,E01033994,S
E01005639,E01005639,U
E01005640,E01005640,U
E01005641,E01005641,U
E01005642,E01005642,U
E01005643,E01005643,U
E01005644,E01005644,U
E01005645,E01005645,U
E01005616,E01005616,U
E01005617,E01005617,U
E01005618,E01005618,U
E01005619,E01005619,U
E01005620,E01005620,U
E01005621,E01005621,U
E01010085,E01010085,U
E01010086,E01010086,U
E01010087,E01010087,U
E01010088,E01010088,U
E01010089,E01010089,U
E01009969,E01009969,U
E01009970,E01009970,U
E01009971,E01009971,U
E01009973,E01009973,U
E01009960,E01009960,U
E01009961,E01009961,U
E01009966,E01009966,U
E01009967,E01009967,U
E01010092,E01010092,U
E01010043,E01010043,U
E01005615,E01005615,U
E01023125,E01023125,U
E01010036,E01010036,U
E01010076,E01010076,U
E01005713,E01005713,U
E01032858,E01032858,U
E01010044,E01010044,U
E01005624,E01005624,U
E01009982,E01009982,U
E01009976,E01009976,U
E01005714,E01005714,U
E01023128,E01023128,U
E01010078,E01010078,U
E01005680,E01005680,U
E01009983,E01009983,U
E01010029,E01010029,U
E01010037,E01010037,U
E01009991,E01009991,U
E01009994,E01009994,U
E01009995,E01009995,U
E01009996,E01009996,U
E01009997,E01009997,U
E01009998,E01009998,U
E01010008,E01010008,U
E01010010,E01010010,U
E01010011,E01010011,U
E01010012,E01010012,U
E01010007,E01010007,U
E01010009,E01010009,U
E01010013,E01010013,U
E01010014,E01010014,U
E01010093,E01010093,U
E01010094,E01010094,U
E01010095,E01010095,U
E01010098,E01010098,U
E01010099,E01010099,U
E01010100,E01010100,U
E01009978,E01009978,U
E01010031,E01010031,U
E01010032,E01010032,U
E01010033,E01010033,U
E01010074,E01033886,S
E01010074,E01033887,S
E01010066,E01010066,U
E01010067,E01010067,U
E01010068,E01010068,U
E01010070,E01010070,U
E01005715,E01005715,U
E01005718,E01005718,U
E01005683,E01005683,U
E01005673,E01005673,U
E01005675,E01033978,S
E01005675,E01033979,S
E01032919,E01033980,S
E01010059,E01010059,U
E01005678,E01005678,U
E01023129,E01023129,U
E01009977,E01009977,U
E01032919,E01033981,S
E01010061,E01010061,U
E01005679,E01005679,U
E01023130,E01023130,U
E01023131,E01023131,U
E01023145,E01023145,U
E01023109,E01023109,U
E01023115,E01023115,U
E01023116,E01023116,U
E01023117,E01023117,U
E01023107,E01023107,U
E01023108,E01023108,U
E01023110,E01023110,U
E01023123,E01023123,U
E01013788,E01013788,U
E01013789,E01013789,U
E01013790,E01013790,U
E01013796,E01013796,U
E01013793,E01013793,U
E01013800,E01013800,U
E01013801,E01035104,S
E01013801,E01035102,S
E01013801,E01035103,S
E01013809,E01013809,U
E01013798,E01013798,U
E01013799,E01013799,U
E01013802,E01035105,S
E01013802,E01035106,S
E01013803,E01013803,U
E01013791,E01013791,U
E01013792,E01013792,U
E01013797,E01013797,U
E01013804,E01013804,U
E01013805,E01013805,U
E01013787,E01013787,U
E01013794,E01013794,U
E01013795,E01013795,U
E01013806,E01013806,U
E01013807,E01013807,U
E01013808,E01013808,U
E01027776,E01027776,U
E01027777,E01027777,U
E01027783,E01027783,U
E01027784,E01027784,U
E01027792,E01027792,U
E01027793,E01027793,U
E01027794,E01027794,U
E01027795,E01027795,U
E01005687,E01005687,U
E01005689,E01005689,U
E01005690,E01005690,U
E01005693,E01005693,U
E01005646,E01005646,U
E01005649,E01005649,U
E01005650,E01005650,U
E01005651,E01005651,U
E01005647,E01005647,U
E01005648,E01005648,U
E01005652,E01005652,U
E01005653,E01005653,U
E01005671,E01005671,U
E01005674,E01005674,U
E01005694,E01005694,U
E01005696,E01005696,U
E01005698,E01005698,U
E01005700,E01005700,U
E01005716,E01005716,U
E01005717,E01005717,U
E01005734,E01005734,U
E01005735,E01005735,U
E01005736,E01005736,U
E01005737,E01005737,U
E01005739,E01005739,U
E01005695,E01005695,U
E01005697,E01005697,U
E01005738,E01005738,U
E01005740,E01005740,U
E01005741,E01005741,U
E01005742,E01005742,U
E01005625,E01005625,U
E01005627,E01005627,U
E01005699,E01005699,U
E01005701,E01005701,U
E01005609,E01033985,S
E01005609,E01033986,S
E01005611,E01005611,U
E01005612,E01005612,U
E01005613,E01005613,U
E01005622,E01005622,U
E01010062,E01010062,U
E01009979,E01009979,U
E01005623,E01005623,U
E01005626,E01005626,U
E01005628,E01005628,U
E01005725,E01005725,U
E01005726,E01005726,U
E01005727,E01005727,U
E01005728,E01005728,U
E01005733,E01005733,U
E01005631,E01005631,U
E01005632,E01005632,U
E01005633,E01005633,U
E01005634,E01005634,U
E01005635,E01005635,U
E01005636,E01005636,U
E01005637,E01005637,U
E01009980,E01009980,U
E01010069,E01010069,U
E01010063,E01033890,S
E01010071,E01010071,U
E01009947,E01009947,U
E01010063,E01033891,S
E01009992,E01009992,U
E01010064,E01010064,U
E01005629,E01005629,U
E01009993,E01009993,U
E01010065,E01033892,S
E01005630,E01005630,U
E01010103,E01010103,U
E01010065,E01033893,S
E01005719,E01005719,U
E01010104,E01010104,U
E01009934,E01009934,U
E01005720,E01033982,S
E01010105,E01010105,U
E01009935,E01009935,U
E01005720,E01033983,S
E01009981,E01009981,U
E01009936,E01009936,U
E01005722,E01005722,U
E01009985,E01009985,U
E01010004,E01010004,U
E01005723,E01005723,U
E01032887,E01033888,S
E01010054,E01010054,U
E01005724,E01005724,U
E01032887,E01033889,S
E01010055,E01010055,U
E01005610,E01005610,U
E01009986,E01009986,U
E01010056,E01010056,U
E01032684,E01032684,U
E01009987,E01009987,U
E01010057,E01010057,U
E01032687,E01033989,S
E01009989,E01009989,U
E01010060,E01010060,U
E01032687,E01033990,S
E01010106,E01010106,U
E01010038,E01010038,U
E01032906,E01032906,U
E01009988,E01009988,U
E01010040,E01010040,U
E01010041,E01010041,U
E01010045,E01010045,U
E01010000,E01010000,U
E01010002,E01010002,U
E01010003,E01010003,U
E01010005,E01010005,U
E01010006,E01010006,U
E01009938,E01009938,U
E01009943,E01009943,U
E01009944,E01009944,U
E01010051,E01010051,U
E01010058,E01010058,U
E01009937,E01009937,U
E01009939,E01009939,U
E01009940,E01009940,U
E01009941,E01009941,U
E01009942,E01009942,U
E01009929,E01009929,U
E01009930,E01009930,U
E01009931,E01009931,U
E01009932,E01009932,U
E01009999,E01009999,U
E01009921,E01009921,U
E01009922,E01009922,U
E01009924,E01009924,U
E01009925,E01009925,U
E01009926,E01009926,U
E01009927,E01009927,U
E01010101,E01010101,U
E01010102,E01010102,U
E01010107,E01010107,U
E01010015,E01010015,U
E01010016,E01010016,U
E01010018,E01010018,U
E01010072,E01010072,U
E01010073,E01010073,U
E01010077,E01010077,U
E01010079,E01010079,U
E01010080,E01010080,U
E01010081,E01010081,U
E01010082,E01010082,U
E01010083,E01010083,U
E01010084,E01010084,U
E01010046,E01010046,U
E01010047,E01010047,U
E01010048,E01010048,U
E01010049,E01010049,U
E01010050,E01010050,U
E01010052,E01010052,U
E01010053,E01010053,U
E01010017,E01010017,U
E01010019,E01010019,U
E01010020,E01010020,U
E01032907,E01033991,S
E01010021,E01010021,U
E01032907,E01033992,S
E01010039,E01010039,U
E01032909,E01032909,U
E01032911,E01033987,S
E01032911,E01033988,S
E01033330,E01033330,U
E01005654,E01005654,U
E01005656,E01005656,U
E01005657,E01005657,U
E01005721,E01005721,U
E01005655,E01033984,M
E01005658,E01033984,M
E01005681,E01005681,U
E01005682,E01005682,U
E01007059,E01007059,U
E01007060,E01007060,U
E01007061,E01007061,U
E01007064,E01007064,U
E01006934,E01006934,U
E01006970,E01006970,U
E01006994,E01006994,U
E01009928,E01009928,U
E01006996,E01006996,U
E01006998,E01006998,U
E01006995,E01006995,U
E01009933,E01009933,U
E01007082,E01007082,U
E01006997,E01006997,U
E01029128,E01029128,U
E01009952,E01009952,U
E01007067,E01007067,U
E01032631,E01032631,U
E01006999,E01006999,U
E01029129,E01029129,U
E01007012,E01007012,U
E01009955,E01009955,U
E01007068,E01007068,U
E01032632,E01032632,U
E01007042,E01007042,U
E01007000,E01007000,U
E01029089,E01029089,U
E01027856,E01027856,U
E01007013,E01007013,U
E01009956,E01009956,U
E01007069,E01007069,U
E01032634,E01032634,U
E01007044,E01007044,U
E01007001,E01007001,U
E01007002,E01007002,U
E01006928,E01006928,U
E01006935,E01006935,U
E01006971,E01006971,U
E01006972,E01006972,U
E01006973,E01006973,U
E01006974,E01006974,U
E01006929,E01006929,U
E01006930,E01006930,U
E01006931,E01006931,U
E01006932,E01006932,U
E01006933,E01006933,U
E01006920,E01006920,U
E01006924,E01006924,U
E01006925,E01006925,U
E01006927,E01006927,U
E01006921,E01006921,U
E01006922,E01006922,U
E01006923,E01006923,U
E01006926,E01006926,U
E01006985,E01006985,U
E01006986,E01006986,U
E01006987,E01006987,U
E01006989,E01006989,U
E01006990,E01006990,U
E01006988,E01006988,U
E01007079,E01007079,U
E01007080,E01007080,U
E01007081,E01007081,U
E01006991,E01006991,U
E01006992,E01006992,U
E01006993,E01006993,U
E01007078,E01007078,U
E01007075,E01007075,U
E01007076,E01007076,U
E01007077,E01007077,U
E01009959,E01009959,U
E01007070,E01007070,U
E01029130,E01029130,U
E01010042,E01010042,U
E01007045,E01007045,U
E01007101,E01007101,U
E01029137,E01029137,U
E01027805,E01027805,U
E01009923,E01009923,U
E01007041,E01007041,U
E01007095,E01007095,U
E01029138,E01029138,U
E01006967,E01006967,U
E01027806,E01027806,U
E01007007,E01007007,U
E01010024,E01010024,U
E01029113,E01029113,U
E01007043,E01007043,U
E01007096,E01007096,U
E01029139,E01029139,U
E01007100,E01007100,U
E01007046,E01007046,U
E01029115,E01029115,U
E01010026,E01010026,U
E01007008,E01007008,U
E01027846,E01034974,M
E01029150,E01029150,U
E01033096,E01033799,S
E01007053,E01007053,U
E01029140,E01035112,S
E01010027,E01010027,U
E01007009,E01007009,U
E01027847,E01027847,U
E01029151,E01029151,U
E01033096,E01033800,S
E01007084,E01007084,U
E01029140,E01035113,S
E01010001,E01010001,U
E01007010,E01007010,U
E01006960,E01006960,U
E01006961,E01006961,U
E01006962,E01006962,U
E01006963,E01006963,U
E01006965,E01006965,U
E01006966,E01006966,U
E01027918,E01027918,U
E01027919,E01027919,U
E01027920,E01027920,U
E01027921,E01027921,U
E01027922,E01027922,U
E01027875,E01027875,U
E01027886,E01027886,U
E01027887,E01027887,U
E01027888,E01027888,U
E01027904,E01027904,U
E01027876,E01027876,U
E01027877,E01027877,U
E01027900,E01027900,U
E01027901,E01027901,U
E01027902,E01027902,U
E01027903,E01027903,U
E01027898,E01034977,S
E01027898,E01034978,S
E01027914,E01027914,U
E01027915,E01027915,U
E01027916,E01027916,U
E01027917,E01034975,S
E01027917,E01034976,S
E01027878,E01027878,U
E01027905,E01034979,S
E01027905,E01034980,S
E01027907,E01027907,U
E01027908,E01027908,U
E01027909,E01027909,U
E01027910,E01034981,S
E01027910,E01034982,S
E01027910,E01034983,S
E01027881,E01027881,U
E01027906,E01027906,U
E01027911,E01034984,M
E01027912,E01034984,M
E01027913,E01027913,U
E01027848,E01034974,M
E01029097,E01029097,U
E01027849,E01027849,U
E01007074,E01007074,U
E01010022,E01010022,U
E01029098,E01029098,U
E01006941,E01006941,U
E01027850,E01027850,U
E01007097,E01007097,U
E01010023,E01010023,U
E01029099,E01029099,U
E01032633,E01032633,U
E01006942,E01006942,U
E01029086,E01029086,U
E01029100,E01029100,U
E01007098,E01007098,U
E01006954,E01006954,U
E01010025,E01010025,U
E01027872,E01027872,U
E01029147,E01029147,U
E01029105,E01029105,U
E01007099,E01007099,U
E01007104,E01007104,U
E01010028,E01010028,U
E01027874,E01027874,U
E01029148,E01029148,U
E01029101,E01029101,U
E01007065,E01007065,U
E01007109,E01007109,U
E01009953,E01009953,U
E01027810,E01027810,U
E01029149,E01029149,U
E01029142,E01029142,U
E01029143,E01029143,U
E01029144,E01029144,U
E01032629,E01035120,S
E01032629,E01035117,S
E01032630,E01035119,S
E01032630,E01035118,S
E01006946,E01006946,U
E01007028,E01007028,U
E01007029,E01007029,U
E01007030,E01007030,U
E01007036,E01007036,U
E01006947,E01006947,U
E01007031,E01007031,U
E01007032,E01007032,U
E01007033,E01007033,U
E01007035,E01007035,U
E01006944,E01006944,U
E01006948,E01006948,U
E01006949,E01006949,U
E01006951,E01006951,U
E01007034,E01007034,U
E01006945,E01006945,U
E01006950,E01006950,U
E01006968,E01033797,S
E01006968,E01033798,S
E01006969,E01006969,U
E01033094,E01033094,U
E01033097,E01033097,U
E01007055,E01007055,U
E01007056,E01007056,U
E01007057,E01007057,U
E01007062,E01007062,U
E01007063,E01007063,U
E01007058,E01007058,U
E01027811,E01027811,U
E01007066,E01007066,U
E01027812,E01027812,U
E01009954,E01009954,U
E01007071,E01007071,U
E01027851,E01027851,U
E01009957,E01009957,U
E01029114,E01029114,U
E01007048,E01007048,U
E01007072,E01007072,U
E01027862,E01027862,U
E01009958,E01009958,U
E01029116,E01029116,U
E01007054,E01007054,U
E01007087,E01007087,U
E01007088,E01007088,U
E01007090,E01007090,U
E01006955,E01006955,U
E01006956,E01006956,U
E01006958,E01006958,U
E01007102,E01007102,U
E01007103,E01007103,U
E01006978,E01006978,U
E01006981,E01006981,U
E01006982,E01006982,U
E01006983,E01006983,U
E01006984,E01006984,U
E01006952,E01006952,U
E01006953,E01006953,U
E01006957,E01006957,U
E01006959,E01006959,U
E01006977,E01006977,U
E01006976,E01006976,U
E01007014,E01007014,U
E01007047,E01007047,U
E01033095,E01033095,U
E01007004,E01007004,U
E01007005,E01007005,U
E01007011,E01007011,U
E01007016,E01007016,U
E01007017,E01007017,U
E01007019,E01007019,U
E01007049,E01007049,U
E01007050,E01007050,U
E01007051,E01007051,U
E01007052,E01007052,U
E01006964,E01006964,U
E01007003,E01007003,U
E01007006,E01007006,U
E01007073,E01007073,U
E01029117,E01029117,U
E01007020,E01007020,U
E01007022,E01007022,U
E01029119,E01029119,U
E01007023,E01007023,U
E01029120,E01029120,U
E01007027,E01007027,U
E01029118,E01029118,U
E01007037,E01007037,U
E01029131,E01029131,U
E01007038,E01007038,U
E01029132,E01029132,U
E01006936,E01006936,U
E01029133,E01029133,U
E01029134,E01029134,U
E01029135,E01029135,U
E01029136,E01029136,U
E01029145,E01029145,U
E01029152,E01029152,U
E01029121,E01029121,U
E01029122,E01029122,U
E01029123,E01029123,U
E01029124,E01029124,U
E01029125,E01029125,U
E01029093,E01029093,U
E01029096,E01029096,U
E01029106,E01029106,U
E01029107,E01029107,U
E01029109,E01029109,U
E01029094,E01029094,U
E01029095,E01029095,U
E01029110,E01029110,U
E01029111,E01029111,U
E01029112,E01029112,U
E01029090,E01035114,S
E01029090,E01035115,S
E01029090,E01035116,S
E01029091,E01029091,U
E01029092,E01029092,U
E01029108,E01029108,U
E01029102,E01029102,U
E01029103,E01029103,U
E01029104,E01029104,U
E01027824,E01027824,U
E01009946,E01009946,U
E01006937,E01006937,U
E01027825,E01027825,U
E01027826,E01027826,U
E01006938,E01006938,U
E01027861,E01027861,U
E01009948,E01009948,U
E01006939,E01006939,U
E01027863,E01027863,U
E01009949,E01009949,U
E01006940,E01006940,U
E01027873,E01027873,U
E01009950,E01009950,U
E01006943,E01006943,U
E01027804,E01027804,U
E01009951,E01009951,U
E01007083,E01007083,U
E01007085,E01007085,U
E01007086,E01007086,U
E01007091,E01007091,U
E01007092,E01007092,U
E01006979,E01006979,U
E01006980,E01006980,U
E01007024,E01007024,U
E01007026,E01007026,U
E01007089,E01007089,U
E01007021,E01007021,U
E01007025,E01007025,U
E01007105,E01007105,U
E01007106,E01007106,U
E01007107,E01007107,U
E01007108,E01007108,U
E01007039,E01007039,U
E01007040,E01007040,U
E01032592,E01032592,U
E01027837,E01027837,U
E01027839,E01027839,U
E01027869,E01034972,M
E01027870,E01034972,M
E01027871,E01027871,U
E01027813,E01027813,U
E01027822,E01027822,U
E01027840,E01027840,U
E01027841,E01027841,U
E01027838,E01027838,U
E01027864,E01027864,U
E01027865,E01027865,U
E01027866,E01027866,U
E01027821,E01027821,U
E01027823,E01027823,U
E01027831,E01034973,M
E01027832,E01034973,M
E01027836,E01027836,U
E01027857,E01027857,U
E01027842,E01027842,U
E01027843,E01027843,U
E01027844,E01027844,U
E01027845,E01027845,U
E01027855,E01027855,U
E01027852,E01027852,U
E01027853,E01027853,U
E01027854,E01027854,U
E01027868,E01027868,U
E01027807,E01027807,U
E01027808,E01027808,U
E01027809,E01027809,U
E01027818,E01027818,U
E01027867,E01027867,U
E01027817,E01027817,U
E01027819,E01027819,U
E01027820,E01027820,U
E01027858,E01027858,U
E01027860,E01027860,U
E01027814,E01027814,U
E01027815,E01027815,U
E01027816,E01027816,U
E01027859,E01027859,U
E01027827,E01027827,U
E01027828,E01027828,U
E01027829,E01027829,U
E01027830,E01027830,U
E01027833,E01027833,U
E01027834,E01027834,U
E01027835,E01027835,U
E01029085,E01029085,U
E01029126,E01029126,U
E01029127,E01029127,U
E01007877,E01034842,M
E01007940,E01007940,U
E01007944,E01034842,M
E01033269,E01033269,U
E01033270,E01033270,U
E01008129,E01008129,U
E01008130,E01008130,U
E01008131,E01008131,U
E01008043,E01008043,U
E01008132,E01008132,U
E01008133,E01008133,U
E01008151,E01008151,U
E01008153,E01008153,U
E01008154,E01008154,U
E01008044,E01008044,U
E01008155,E01008155,U
E01008087,E01008087,U
E01008047,E01008047,U
E01008156,E01008156,U
E01024452,E01024452,U
E01008088,E01008088,U
E01008048,E01008048,U
E01008028,E01008028,U
E01008160,E01008160,U
E01024448,E01024448,U
E01008090,E01008090,U
E01008050,E01008050,U
E01008029,E01008029,U
E01007997,E01007997,U
E01024449,E01024449,U
E01008092,E01008092,U
E01007931,E01007931,U
E01008032,E01008032,U
E01007998,E01007998,U
E01024450,E01024450,U
E01008122,E01008122,U
E01007934,E01007934,U
E01008034,E01008034,U
E01008152,E01008152,U
E01024453,E01024453,U
E01008124,E01008124,U
E01007935,E01007935,U
E01007828,E01007828,U
E01008158,E01008158,U
E01024454,E01024454,U
E01007848,E01007848,U
E01007851,E01007851,U
E01007947,E01007947,U
E01007948,E01007948,U
E01008062,E01008062,U
E01007847,E01007847,U
E01007850,E01007850,U
E01007852,E01007852,U
E01007853,E01007853,U
E01007854,E01007854,U
E01007855,E01007855,U
E01007941,E01007941,U
E01007945,E01007945,U
E01007946,E01007946,U
E01007950,E01007950,U
E01008123,E01008123,U
E01007987,E01007987,U
E01007988,E01007988,U
E01007989,E01007989,U
E01007991,E01007991,U
E01007995,E01007995,U
E01008089,E01008089,U
E01008091,E01008091,U
E01008093,E01008093,U
E01007903,E01007903,U
E01007904,E01007904,U
E01007913,E01007913,U
E01007914,E01007914,U
E01007870,E01007870,U
E01007871,E01007871,U
E01007943,E01007943,U
E01008094,E01008094,U
E01007869,E01007869,U
E01007872,E01007872,U
E01007873,E01007873,U
E01007942,E01007942,U
E01007949,E01007949,U
E01007990,E01007990,U
E01007992,E01007992,U
E01007993,E01007993,U
E01007994,E01007994,U
E01007996,E01007996,U
E01007874,E01007874,U
E01007875,E01007875,U
E01027879,E01027879,U
E01008146,E01008146,U
E01027880,E01027880,U
E01008147,E01008147,U
E01007888,E01007888,U
E01007892,E01007892,U
E01007893,E01007893,U
E01007898,E01007898,U
E01007899,E01007899,U
E01007900,E01007900,U
E01007901,E01007901,U
E01007887,E01007887,U
E01007889,E01007889,U
E01007890,E01007890,U
E01007891,E01007891,U
E01007894,E01007894,U
E01007895,E01007895,U
E01007896,E01007896,U
E01007897,E01007897,U
E01008134,E01008134,U
E01008135,E01008135,U
E01008137,E01008137,U
E01008141,E01008141,U
E01008053,E01008053,U
E01008056,E01008056,U
E01008058,E01008058,U
E01008138,E01008138,U
E01008139,E01008139,U
E01007856,E01007856,U
E01008054,E01008054,U
E01008055,E01008055,U
E01008057,E01008057,U
E01008126,E01008126,U
E01008128,E01008128,U
E01008136,E01008136,U
E01008140,E01008140,U
E01033275,E01033275,U
E01033280,E01033280,U
E01008085,E01008085,U
E01008086,E01008086,U
E01008116,E01008116,U
E01008117,E01008117,U
E01008118,E01008118,U
E01008119,E01008119,U
E01008125,E01008125,U
E01007849,E01007849,U
E01007857,E01007857,U
E01008059,E01008059,U
E01008060,E01008060,U
E01024457,E01024457,U
E01007936,E01007936,U
E01008061,E01008061,U
E01008063,E01008063,U
E01033277,E01033277,U
E01024460,E01024460,U
E01024461,E01024461,U
E01024465,E01024465,U
E01024466,E01024466,U
E01024468,E01024468,U
E01024416,E01024416,U
E01024418,E01024418,U
E01024424,E01024424,U
E01024463,E01024463,U
E01024464,E01024464,U
E01024467,E01024467,U
E01024458,E01024458,U
E01024459,E01024459,U
E01024462,E01024462,U
E01024469,E01024469,U
E01024470,E01024470,U
E01024471,E01024471,U
E01024417,E01024417,U
E01024419,E01024419,U
E01024483,E01024483,U
E01024484,E01024484,U
E01024485,E01024485,U
E01024425,E01024425,U
E01024426,E01024426,U
E01024427,E01024427,U
E01024428,E01024428,U
E01024429,E01024429,U
E01024430,E01024430,U
E01024420,E01024420,U
E01024451,E01024451,U
E01024455,E01024455,U
E01024456,E01024456,U
E01024413,E01024413,U
E01024414,E01024414,U
E01024415,E01024415,U
E01032619,E01032619,U
E01008144,E01008144,U
E01008145,E01008145,U
E01008148,E01008148,U
E01008149,E01008149,U
E01008150,E01008150,U
E01008142,E01008142,U
E01008143,E01008143,U
E01007937,E01007937,U
E01007938,E01007938,U
E01008098,E01008098,U
E01008100,E01008100,U
E01008102,E01008102,U
E01008103,E01008103,U
E01007964,E01007964,U
E01007966,E01007966,U
E01007968,E01007968,U
E01007970,E01007970,U
E01008042,E01008042,U
E01008045,E01008045,U
E01008046,E01008046,U
E01008049,E01008049,U
E01008051,E01008051,U
E01008052,E01008052,U
E01007975,E01007975,U
E01007976,E01007976,U
E01007977,E01007977,U
E01007979,E01007979,U
E01008099,E01008099,U
E01008000,E01008000,U
E01008001,E01008001,U
E01008004,E01008004,U
E01008005,E01008005,U
E01008010,E01008010,U
E01007978,E01007978,U
E01007980,E01007980,U
E01007981,E01007981,U
E01007983,E01007983,U
E01007985,E01007985,U
E01007982,E01007982,U
E01008002,E01008002,U
E01008003,E01008003,U
E01008006,E01008006,U
E01007927,E01007927,U
E01007928,E01007928,U
E01007929,E01007929,U
E01007930,E01007930,U
E01007932,E01007932,U
E01007939,E01007939,U
E01027882,E01027882,U
E01027894,E01027894,U
E01027895,E01027895,U
E01027883,E01027883,U
E01027884,E01027884,U
E01027885,E01027885,U
E01027896,E01027896,U
E01027897,E01027897,U
E01027891,E01027891,U
E01027892,E01027892,U
E01027893,E01027893,U
E01027899,E01027899,U
E01027889,E01027889,U
E01027890,E01027890,U
E01027923,E01027923,U
E01027924,E01027924,U
E01024445,E01024445,U
E01024446,E01024446,U
E01024447,E01024447,U
E01024472,E01024472,U
E01024479,E01024479,U
E01024476,E01024476,U
E01024477,E01024477,U
E01024478,E01024478,U
E01024480,E01024480,U
E01024481,E01024481,U
E01024482,E01024482,U
E01024421,E01024421,U
E01024473,E01024473,U
E01024474,E01024474,U
E01024475,E01024475,U
E01024441,E01024441,U
E01024442,E01024442,U
E01024443,E01024443,U
E01024444,E01024444,U
E01024431,E01024431,U
E01024432,E01024432,U
E01024433,E01024433,U
E01024434,E01024434,U
E01024435,E01024435,U
E01024436,E01024436,U
E01024437,E01024437,U
E01024438,E01024438,U
E01024422,E01035000,S
E01024422,E01035001,S
E01024423,E01024423,U
E01024439,E01024439,U
E01024440,E01024440,U
E01008065,E01008065,U
E01008068,E01008068,U
E01008072,E01008072,U
E01008157,E01008157,U
E01007829,E01007829,U
E01008161,E01008161,U
E01007831,E01007831,U
E01007832,E01007832,U
E01007986,E01007986,U
E01008007,E01008007,U
E01008075,E01008075,U
E01008076,E01008076,U
E01008077,E01008077,U
E01008031,E01008031,U
E01008033,E01008033,U
E01008038,E01008038,U
E01008040,E01008040,U
E01007835,E01007835,U
E01007836,E01007836,U
E01007843,E01007843,U
E01007846,E01007846,U
E01008030,E01008030,U
E01008035,E01008035,U
E01008036,E01008036,U
E01008041,E01008041,U
E01007827,E01007827,U
E01007830,E01007830,U
E01007833,E01007833,U
E01007984,E01007984,U
E01008078,E01008078,U
E01008079,E01008079,U
E01008019,E01008019,U
E01008020,E01008020,U
E01008022,E01008022,U
E01008027,E01008027,U
E01008037,E01008037,U
E01008039,E01008039,U
E01007824,E01007824,U
E01007825,E01007825,U
E01007826,E01007826,U
E01007834,E01007834,U
E01007920,E01007920,U
E01007921,E01007921,U
E01007923,E01007923,U
E01007925,E01007925,U
E01007926,E01007926,U
E01007933,E01007933,U
E01007823,E01007823,U
E01007916,E01007916,U
E01007919,E01007919,U
E01007954,E01007954,U
E01007961,E01007961,U
E01007859,E01034843,M
E01007860,E01034843,M
E01007863,E01007863,U
E01007864,E01007864,U
E01008104,E01008104,U
E01007910,E01007910,U
E01007912,E01007912,U
E01007971,E01007971,U
E01007973,E01007973,U
E01007858,E01007858,U
E01007861,E01007861,U
E01007862,E01007862,U
E01007865,E01007865,U
E01008011,E01008011,U
E01008012,E01008012,U
E01008013,E01008013,U
E01008015,E01008015,U
E01008017,E01008017,U
E01008018,E01008018,U
E01008105,E01008105,U
E01008107,E01008107,U
E01008111,E01008111,U
E01033271,E01033271,U
E01033272,E01033272,U
E01007955,E01007955,U
E01007956,E01007956,U
E01007957,E01007957,U
E01007958,E01007958,U
E01007959,E01007959,U
E01008108,E01008108,U
E01008109,E01008109,U
E01008112,E01008112,U
E01008113,E01008113,U
E01033273,E01033273,U
E01033274,E01033274,U
E01008095,E01008095,U
E01008096,E01008096,U
E01008097,E01008097,U
E01008101,E01008101,U
E01007965,E01007965,U
E01007969,E01007969,U
E01007972,E01007972,U
E01007974,E01007974,U
E01007963,E01007963,U
E01007967,E01007967,U
E01007999,E01007999,U
E01008008,E01008008,U
E01008009,E01008009,U
E01007883,E01007883,U
E01007902,E01007902,U
E01007905,E01007905,U
E01007906,E01007906,U
E01008064,E01008064,U
E01008066,E01008066,U
E01008069,E01008069,U
E01008074,E01008074,U
E01007951,E01007951,U
E01007960,E01007960,U
E01007962,E01007962,U
E01008159,E01008159,U
E01007866,E01007866,U
E01007867,E01007867,U
E01007868,E01007868,U
E01008067,E01008067,U
E01008073,E01008073,U
E01007907,E01007907,U
E01007908,E01007908,U
E01007909,E01007909,U
E01007911,E01007911,U
E01008014,E01008014,U
E01008016,E01008016,U
E01007952,E01007952,U
E01007953,E01007953,U
E01008080,E01008080,U
E01008081,E01008081,U
E01008082,E01008082,U
E01008083,E01008083,U
E01008084,E01008084,U
E01007915,E01007915,U
E01007917,E01007917,U
E01007918,E01007918,U
E01007922,E01007922,U
E01007924,E01007924,U
E01008021,E01008021,U
E01008023,E01008023,U
E01008024,E01008024,U
E01008025,E01008025,U
E01032585,E01032585,U
E01033261,E01033261,U
E01033262,E01033262,U
E01033263,E01033263,U
E01033264,E01033264,U
E01016461,E01035254,S
E01033276,E01033276,U
E01008114,E01008114,U
E01008115,E01008115,U
E01033265,E01033265,U
E01033266,E01034844,M
E01033267,E01034844,M
E01007878,E01007878,U
E01007879,E01007879,U
E01007881,E01007881,U
E01007882,E01007882,U
E01007885,E01007885,U
E01007886,E01007886,U
E01033268,E01033268,U
E01007838,E01007838,U
E01007839,E01007839,U
E01007841,E01007841,U
E01007842,E01007842,U
E01033278,E01034845,S
E01033278,E01034846,S
E01033279,E01033279,U
E01024490,E01024490,U
E01024544,E01024544,U
E01024545,E01024545,U
E01024547,E01024547,U
E01024492,E01024492,U
E01024541,E01024541,U
E01024542,E01024542,U
E01033213,E01033213,U
E01028989,E01028989,U
E01033214,E01033214,U
E01024496,E01024496,U
E01024497,E01024497,U
E01028980,E01028980,U
E01024498,E01024498,U
E01028889,E01028889,U
E01028838,E01028838,U
E01016473,E01016473,U
E01028890,E01028890,U
E01024503,E01024503,U
E01028839,E01028839,U
E01028946,E01035061,S
E01016474,E01016474,U
E01033212,E01033212,U
E01028868,E01028868,U
E01024518,E01024518,U
E01028995,E01028995,U
E01028840,E01028840,U
E01028946,E01035063,S
E01016475,E01016475,U
E01016476,E01016476,U
E01016477,E01016477,U
E01016478,E01016478,U
E01016462,E01016462,U
E01016463,E01016463,U
E01016464,E01016464,U
E01016465,E01016465,U
E01032729,E01032729,U
E01032730,E01032730,U
E01016506,E01016506,U
E01016507,E01016507,U
E01016508,E01016508,U
E01016509,E01016509,U
E01016510,E01016510,U
E01016511,E01016511,U
E01016512,E01035247,S
E01016512,E01035248,S
E01016513,E01035249,S
E01016513,E01035250,S
E01016514,E01016514,U
E01016515,E01016515,U
E01016500,E01016500,U
E01016501,E01016501,U
E01016502,E01016502,U
E01016503,E01016503,U
E01016504,E01016504,U
E01016505,E01016505,U
E01016490,E01016490,U
E01016491,E01016491,U
E01016492,E01016492,U
E01032731,E01032731,U
E01032732,E01032732,U
E01016479,E01016479,U
E01016480,E01016480,U
E01016481,E01016481,U
E01016482,E01016482,U
E01010118,E01010118,U
E01010120,E01010120,U
E01010121,E01010121,U
E01010122,E01010122,U
E01010235,E01010235,U
E01010236,E01010236,U
E01010239,E01010239,U
E01010240,E01010240,U
E01010117,E01010117,U
E01010119,E01010119,U
E01028996,E01028996,U
E01024499,E01024499,U
E01028869,E01028869,U
E01028972,E01028972,U
E01028841,E01028841,U
E01028999,E01028999,U
E01033215,E01033215,U
E01024500,E01024500,U
E01024501,E01024501,U
E01028850,E01028850,U
E01024502,E01024502,U
E01028871,E01028871,U
E01028851,E01028851,U
E01024505,E01024505,U
E01028973,E01028973,U
E01024508,E01024508,U
E01028885,E01035057,S
E01029000,E01029000,U
E01028852,E01028852,U
E01024491,E01024491,U
E01028987,E01035062,S
E01024509,E01024509,U
E01028885,E01035058,S
E01029001,E01029001,U
E01028991,E01035071,M
E01024493,E01024493,U
E01028987,E01035064,S
E01024510,E01024510,U
E01024517,E01024517,U
E01028891,E01028891,U
E01028892,E01028892,U
E01028894,E01028894,U
E01028895,E01028895,U
E01028896,E01028896,U
E01028897,E01028897,U
E01028880,E01028880,U
E01028881,E01028881,U
E01028882,E01028882,U
E01028893,E01028893,U
E01028899,E01028899,U
E01028910,E01028910,U
E01028911,E01028911,U
E01028912,E01028912,U
E01028920,E01028920,U
E01028921,E01028921,U
E01028925,E01028925,U
E01028926,E01028926,U
E01028864,E01028864,U
E01028865,E01028865,U
E01028866,E01028866,U
E01028867,E01028867,U
E01028872,E01028872,U
E01028873,E01028873,U
E01028874,E01028874,U
E01028875,E01028875,U
E01028876,E01028876,U
E01028877,E01028877,U
E01028878,E01028878,U
E01028879,E01028879,U
E01028902,E01028902,U
E01028903,E01028903,U
E01028904,E01028904,U
E01028905,E01028905,U
E01028909,E01028909,U
E01033528,E01033528,U
E01028906,E01028906,U
E01028907,E01028907,U
E01028908,E01028908,U
E01028916,E01028916,U
E01028917,E01028917,U
E01028924,E01028924,U
E01028886,E01028886,U
E01028887,E01028887,U
E01028941,E01035065,S
E01024494,E01024494,U
E01028860,E01028860,U
E01029002,E01029002,U
E01028941,E01035066,S
E01028862,E01028862,U
E01024495,E01024495,U
E01028992,E01028992,U
E01016450,E01016450,U
E01024520,E01024520,U
E01033529,E01035071,M
E01016451,E01016451,U
E01028942,E01028942,U
E01024528,E01024528,U
E01028863,E01028863,U
E01033530,E01033530,U
E01016452,E01016452,U
E01028943,E01028943,U
E01024511,E01024511,U
E01028888,E01028888,U
E01028830,E01028830,U
E01016453,E01016453,U
E01028951,E01028951,U
E01024512,E01024512,U
E01028898,E01028898,U
E01028831,E01028831,U
E01016454,E01016454,U
E01028953,E01028953,U
E01024513,E01024513,U
E01028913,E01028913,U
E01028836,E01028836,U
E01016455,E01016455,U
E01028947,E01028947,U
E01024514,E01024514,U
E01028918,E01028918,U
E01028837,E01028837,U
E01016483,E01016483,U
E01028948,E01028948,U
E01024515,E01024515,U
E01028919,E01028919,U
E01028990,E01028990,U
E01016484,E01016484,U
E01028949,E01028949,U
E01024516,E01024516,U
E01028927,E01028927,U
E01028997,E01028997,U
E01028985,E01028985,U
E01024519,E01024519,U
E01028928,E01028928,U
E01028998,E01028998,U
E01016485,E01016485,U
E01028914,E01028914,U
E01028832,E01028832,U
E01024521,E01024521,U
E01028938,E01028938,U
E01016486,E01016486,U
E01028915,E01028915,U
E01028833,E01028833,U
E01024523,E01024523,U
E01028939,E01028939,U
E01016487,E01016487,U
E01028922,E01028922,U
E01028834,E01028834,U
E01024526,E01024526,U
E01028984,E01028984,U
E01016488,E01016488,U
E01028923,E01028923,U
E01028835,E01028835,U
E01024527,E01024527,U
E01028986,E01028986,U
E01016493,E01016493,U
E01028861,E01028861,U
E01028828,E01028828,U
E01024550,E01024550,U
E01028940,E01028940,U
E01016494,E01016494,U
E01028870,E01028870,U
E01028829,E01028829,U
E01024489,E01024489,U
E01028952,E01028952,U
E01016495,E01016495,U
E01028883,E01028883,U
E01028842,E01028842,U
E01024530,E01024530,U
E01028962,E01028962,U
E01016496,E01016496,U
E01028884,E01028884,U
E01028847,E01028847,U
E01024536,E01024536,U
E01028963,E01028963,U
E01028929,E01028929,U
E01028859,E01028859,U
E01024546,E01024546,U
E01028964,E01028964,U
E01016497,E01016497,U
E01028974,E01028974,U
E01024522,E01024522,U
E01016498,E01016498,U
E01028969,E01028969,U
E01028935,E01028935,U
E01028843,E01028843,U
E01024524,E01024524,U
E01016499,E01016499,U
E01028970,E01028970,U
E01028936,E01028936,U
E01028846,E01028846,U
E01024525,E01024525,U
E01016444,E01016444,U
E01028971,E01028971,U
E01028937,E01028937,U
E01028848,E01028848,U
E01024529,E01024529,U
E01016445,E01016445,U
E01028978,E01028978,U
E01028959,E01035067,S
E01028849,E01028849,U
E01024531,E01024531,U
E01016446,E01016446,U
E01028979,E01028979,U
E01028959,E01035068,S
E01028858,E01028858,U
E01024486,E01024486,U
E01016447,E01016447,U
E01028933,E01028933,U
E01028853,E01028853,U
E01028993,E01028993,U
E01024487,E01024487,U
E01016448,E01016448,U
E01028934,E01028934,U
E01028854,E01028854,U
E01029004,E01035072,M
E01024488,E01024488,U
E01016449,E01016449,U
E01028956,E01028956,U
E01029013,E01029013,U
E01024548,E01024548,U
E01016516,E01016516,U
E01028957,E01028957,U
E01029014,E01029014,U
E01028855,E01028855,U
E01016517,E01016517,U
E01028958,E01028958,U
E01024549,E01024549,U
E01029015,E01035072,M
E01028856,E01028856,U
E01016518,E01016518,U
E01028932,E01035059,S
E01024537,E01024537,U
E01028994,E01028994,U
E01028857,E01035069,S
E01016519,E01016519,U
E01028932,E01035060,S
E01024538,E01024538,U
E01029003,E01029003,U
E01028857,E01035070,S
E01016520,E01016520,U
E01028981,E01028981,U
E01024539,E01024539,U
E01029005,E01029005,U
E01028954,E01028954,U
E01016521,E01016521,U
E01028982,E01028982,U
E01024540,E01024540,U
E01029016,E01029016,U
E01028955,E01028955,U
E01016467,E01016467,U
E01028983,E01028983,U
E01024532,E01024532,U
E01029006,E01029006,U
E01028975,E01028975,U
E01016468,E01016468,U
E01028930,E01028930,U
E01024533,E01024533,U
E01029007,E01029007,U
E01028976,E01028976,U
E01016469,E01016469,U
E01028931,E01028931,U
E01024534,E01024534,U
E01028977,E01028977,U
E01016470,E01016470,U
E01028944,E01028944,U
E01024535,E01024535,U
E01028826,E01028826,U
E01029009,E01029009,U
E01016471,E01016471,U
E01024504,E01024504,U
E01028945,E01028945,U
E01028827,E01028827,U
E01029010,E01029010,U
E01016472,E01016472,U
E01024507,E01024507,U
E01028965,E01028965,U
E01028844,E01028844,U
E01029011,E01029011,U
E01016456,E01016456,U
E01028966,E01028966,U
E01028845,E01028845,U
E01029012,E01029012,U
E01016457,E01016457,U
E01028967,E01028967,U
E01028950,E01028950,U
E01033526,E01033526,U
E01016458,E01016458,U
E01028968,E01028968,U
E01028960,E01028960,U
E01033527,E01033527,U
E01016459,E01035251,S
E01028988,E01028988,U
E01028961,E01028961,U
E01016459,E01035253,S
E01016460,E01016460,U
E01016461,E01035252,S
E01018227,E01018227,U
E01018228,E01018228,U
E01018290,E01018290,U
E01033113,E01033113,U
E01033114,E01033114,U
E01033115,E01033115,U
E01010153,E01010153,U
E01033117,E01033117,U
E01033119,E01035559,S
E01033119,E01035560,S
E01018276,E01018276,U
E01018277,E01018277,U
E01018278,E01018278,U
E01033116,E01033116,U
E01033118,E01033118,U
E01019839,E01019839,U
E01019845,E01019845,U
E01019846,E01019846,U
E01019866,E01019866,U
E01019840,E01019840,U
E01019841,E01019841,U
E01019847,E01019847,U
E01019848,E01019848,U
E01033532,E01033532,U
E01033533,E01033533,U
E01033534,E01033534,U
E01019873,E01019873,U
E01019874,E01019874,U
E01019875,E01019875,U
E01019881,E01034650,S
E01019881,E01034651,S
E01019882,E01019882,U
E01019832,E01019832,U
E01019833,E01019833,U
E01019834,E01019834,U
E01019835,E01034652,S
E01019835,E01034653,S
E01019867,E01019867,U
E01019868,E01019868,U
E01019869,E01019869,U
E01019880,E01019880,U
E01019843,E01019843,U
E01019853,E01019853,U
E01019854,E01019854,U
E01019855,E01019855,U
E01019844,E01019844,U
E01019856,E01019856,U
E01019857,E01019857,U
E01019858,E01019858,U
E01019859,E01019859,U
E01019860,E01019860,U
E01010179,E01010179,U
E01010123,E01010123,U
E01018249,E01035561,M
E01019861,E01019861,U
E01015017,E01015017,U
E01017806,E01017806,U
E01018250,E01035561,M
E01017814,E01017814,U
E01010115,E01010115,U
E01015018,E01015018,U
E01010154,E01010154,U
E01010124,E01010124,U
E01019862,E01019862,U
E01015019,E01015019,U
E01010155,E01010155,U
E01010146,E01010146,U
E01010116,E01010116,U
E01018231,E01018231,U
E01019863,E01019863,U
E01015020,E01015020,U
E01017833,E01017833,U
E01010156,E01010156,U
E01010234,E01010234,U
E01010227,E01010227,U
E01018232,E01018232,U
E01019864,E01019864,U
E01015021,E01015021,U
E01017804,E01017804,U
E01010212,E01010212,U
E01010237,E01010237,U
E01010228,E01010228,U
E01018251,E01018251,U
E01019865,E01019865,U
E01015022,E01015022,U
E01017805,E01017805,U
E01010214,E01010214,U
E01010238,E01010238,U
E01010232,E01010232,U
E01010195,E01010195,U
E01010226,E01010226,U
E01010229,E01010229,U
E01010230,E01010230,U
E01010231,E01010231,U
E01010233,E01010233,U
E01010108,E01010108,U
E01010164,E01010164,U
E01010165,E01010165,U
E01010167,E01010167,U
E01010199,E01010199,U
E01010200,E01010200,U
E01010201,E01010201,U
E01010204,E01010204,U
E01010205,E01010205,U
E01010206,E01010206,U
E01010192,E01010192,U
E01010196,E01010196,U
E01010197,E01010197,U
E01010198,E01010198,U
E01010218,E01010218,U
E01010219,E01010219,U
E01010221,E01010221,U
E01010222,E01010222,U
E01010191,E01010191,U
E01010202,E01010202,U
E01010203,E01010203,U
E01010209,E01010209,U
E01010213,E01010213,U
E01010208,E01010208,U
E01010210,E01010210,U
E01010211,E01010211,U
E01010217,E01010217,U
E01010190,E01010190,U
E01010193,E01010193,U
E01010194,E01010194,U
E01010207,E01010207,U
E01010166,E01010166,U
E01010168,E01010168,U
E01010169,E01010169,U
E01010170,E01010170,U
E01010171,E01010171,U
E01010151,E01010151,U
E01010152,E01010152,U
E01010145,E01010145,U
E01010147,E01010147,U
E01017807,E01017807,U
E01010148,E01010148,U
E01010215,E01010215,U
E01019876,E01019876,U
E01014886,E01014886,U
E01018252,E01018252,U
E01019877,E01019877,U
E01019878,E01019878,U
E01010216,E01010216,U
E01018255,E01018255,U
E01019879,E01019879,U
E01010149,E01010149,U
E01014887,E01014887,U
E01017808,E01017808,U
E01010150,E01010150,U
E01018242,E01018242,U
E01019850,E01019850,U
E01010125,E01010125,U
E01014888,E01014888,U
E01017809,E01017809,U
E01010184,E01010184,U
E01018243,E01018243,U
E01019851,E01019851,U
E01010129,E01010129,U
E01014889,E01014889,U
E01014872,E01014872,U
E01014874,E01014874,U
E01014876,E01014876,U
E01014877,E01014877,U
E01014879,E01014879,U
E01014881,E01014881,U
E01015009,E01015009,U
E01015010,E01015010,U
E01015011,E01015011,U
E01015012,E01015012,U
E01015013,E01015013,U
E01014946,E01014946,U
E01014947,E01014947,U
E01014948,E01014948,U
E01014949,E01035223,S
E01014949,E01035225,S
E01014949,E01035226,S
E01014950,E01014950,U
E01014951,E01014951,U
E01014952,E01035222,S
E01014952,E01035224,S
E01014873,E01014873,U
E01014875,E01014875,U
E01014878,E01014878,U
E01014880,E01014880,U
E01014882,E01014882,U
E01014883,E01014883,U
E01014911,E01014911,U
E01014912,E01014912,U
E01014913,E01014913,U
E01014914,E01014914,U
E01014892,E01014892,U
E01014893,E01014893,U
E01014894,E01014894,U
E01014895,E01014895,U
E01014896,E01014896,U
E01014979,E01014979,U
E01014980,E01014980,U
E01014982,E01014982,U
E01014983,E01014983,U
E01010139,E01010139,U
E01010185,E01010185,U
E01010141,E01010141,U
E01018244,E01018244,U
E01010186,E01010186,U
E01018286,E01018286,U
E01010140,E01010140,U
E01010187,E01010187,U
E01018287,E01018287,U
E01010142,E01010142,U
E01010188,E01010188,U
E01017824,E01017824,U
E01018296,E01018296,U
E01019852,E01019852,U
E01010143,E01010143,U
E01010180,E01010180,U
E01017825,E01017825,U
E01018292,E01018292,U
E01019870,E01019870,U
E01010144,E01010144,U
E01010181,E01010181,U
E01017826,E01017826,U
E01018293,E01018293,U
E01019871,E01019871,U
E01010111,E01010111,U
E01010183,E01010183,U
E01017827,E01017827,U
E01018294,E01018294,U
E01019872,E01019872,U
E01010126,E01010126,U
E01010189,E01010189,U
E01017828,E01017828,U
E01018295,E01018295,U
E01019837,E01019837,U
E01019838,E01019838,U
E01033531,E01034654,S
E01033531,E01034655,S
E01033536,E01033536,U
E01033537,E01033537,U
E01019842,E01019842,U
E01019883,E01034656,S
E01019883,E01034657,S
E01019885,E01019885,U
E01033535,E01033535,U
E01014985,E01014985,U
E01014986,E01014986,U
E01014987,E01014987,U
E01014988,E01014988,U
E01014989,E01014989,U
E01014990,E01014990,U
E01014991,E01014991,U
E01014992,E01014992,U
E01014993,E01014993,U
E01014884,E01014884,U
E01014885,E01014885,U
E01014929,E01014929,U
E01014930,E01014930,U
E01014863,E01014863,U
E01014864,E01014864,U
E01014962,E01014962,U
E01014963,E01014963,U
E01014861,E01014861,U
E01014862,E01014862,U
E01014953,E01014953,U
E01014954,E01014954,U
E01015014,E01015014,U
E01015015,E01015015,U
E01015016,E01015016,U
E01018245,E01018245,U
E01032885,E01032885,U
E01017829,E01017829,U
E01018246,E01018246,U
E01010127,E01010127,U
E01032886,E01032886,U
E01010128,E01010128,U
E01018304,E01018304,U
E01010220,E01010220,U
E01010130,E01010130,U
E01018247,E01018247,U
E01018305,E01018305,U
E01010223,E01010223,U
E01010131,E01010131,U
E01018275,E01018275,U
E01018306,E01018306,U
E01010225,E01010225,U
E01010109,E01010109,U
E01018240,E01018240,U
E01018307,E01018307,U
E01032590,E01032590,U
E01010110,E01010110,U
E01018253,E01018253,U
E01018233,E01018233,U
E01017796,E01017796,U
E01010112,E01010112,U
E01018254,E01018254,U
E01018234,E01018234,U
E01017797,E01017797,U
E01010113,E01010113,U
E01018256,E01018256,U
E01018235,E01018235,U
E01017798,E01017798,U
E01010114,E01010114,U
E01018291,E01018291,U
E01018236,E01018236,U
E01017799,E01017799,U
E01010157,E01010157,U
E01018279,E01018279,U
E01018237,E01018237,U
E01010159,E01010159,U
E01017800,E01017800,U
E01010162,E01010162,U
E01018280,E01018280,U
E01018266,E01035555,S
E01017801,E01017801,U
E01018281,E01018281,U
E01010163,E01010163,U
E01017802,E01017802,U
E01018266,E01035556,S
E01018282,E01018282,U
E01010132,E01010132,U
E01017818,E01017818,U
E01018266,E01035557,S
E01018283,E01018283,U
E01010133,E01010133,U
E01017819,E01017819,U
E01018266,E01035558,S
E01018218,E01018218,U
E01010134,E01010134,U
E01017820,E01017820,U
E01018284,E01018284,U
E01018219,E01018219,U
E01010135,E01010135,U
E01017821,E01017821,U
E01018285,E01018285,U
E01018220,E01018220,U
E01010138,E01010138,U
E01017822,E01017822,U
E01018298,E01018298,U
E01018263,E01018263,U
E01010136,E01010136,U
E01017810,E01017810,U
E01018299,E01018299,U
E01018264,E01018264,U
E01010137,E01010137,U
E01017811,E01017811,U
E01018265,E01018265,U
E01010158,E01010158,U
E01017812,E01017812,U
E01018300,E01018300,U
E01010160,E01010160,U
E01018238,E01018238,U
E01017813,E01017813,U
E01018301,E01018301,U
E01010161,E01010161,U
E01018239,E01018239,U
E01017815,E01017815,U
E01018221,E01018221,U
E01010174,E01010174,U
E01018288,E01018288,U
E01017816,E01017816,U
E01018222,E01018222,U
E01010175,E01010175,U
E01018289,E01018289,U
E01017817,E01017817,U
E01018223,E01018223,U
E01010177,E01010177,U
E01018302,E01018302,U
E01017823,E01017823,U
E01018257,E01018257,U
E01010178,E01010178,U
E01018303,E01018303,U
E01017830,E01017830,U
E01018258,E01018258,U
E01010172,E01010172,U
E01018241,E01018241,U
E01017831,E01017831,U
E01018259,E01018259,U
E01010173,E01010173,U
E01018267,E01018267,U
E01017832,E01017832,U
E01018260,E01018260,U
E01010176,E01010176,U
E01018268,E01018268,U
E01018262,E01018262,U
E01018269,E01018269,U
E01033120,E01033120,U
E01017834,E01017834,U
E01018270,E01018270,U
E01033121,E01033121,U
E01017835,E01017835,U
E01018271,E01018271,U
E01018272,E01018272,U
E01017803,E01017803,U
E01018226,E01018226,U
E01018273,E01018273,U
E01018274,E01018274,U
E01018297,E01018297,U
E01018224,E01018224,U
E01018225,E01018225,U
E01018248,E01018248,U
E01026301,E01034705,S
E01026302,E01026302,U
E01026296,E01026296,U
E01026297,E01026297,U
E01026298,E01026298,U
E01032997,E01032997,U
E01032998,E01032998,U
E01032999,E01032999,U
E01026330,E01026330,U
E01026360,E01026360,U
E01026362,E01026362,U
E01026363,E01026363,U
E01026364,E01026364,U
E01026334,E01026334,U
E01026335,E01026335,U
E01026336,E01026336,U
E01026337,E01026337,U
E01026284,E01026284,U
E01026303,E01026303,U
E01026304,E01026304,U
E01026305,E01026305,U
E01026306,E01026306,U
E01026307,E01026307,U
E01026287,E01026287,U
E01026288,E01026288,U
E01026289,E01026289,U
E01026346,E01026346,U
E01026347,E01026347,U
E01026348,E01026348,U
E01026349,E01026349,U
E01026350,E01026350,U
E01026351,E01026351,U
E01026356,E01026356,U
E01026357,E01026357,U
E01026358,E01026358,U
E01026359,E01026359,U
E01019374,E01019374,U
E01019375,E01019375,U
E01019376,E01019376,U
E01019395,E01019395,U
E01019387,E01019387,U
E01019396,E01019396,U
E01019397,E01019397,U
E01019398,E01034077,M
E01019399,E01034077,M
E01019346,E01019346,U
E01019359,E01019359,U
E01019365,E01019365,U
E01019370,E01019370,U
E01019360,E01019360,U
E01019363,E01019363,U
E01033538,E01035152,S
E01014870,E01014870,U
E01026242,E01026242,U
E01014984,E01014984,U
E01014937,E01014937,U
E01019364,E01019364,U
E01033538,E01035153,S
E01014998,E01014998,U
E01019371,E01019371,U
E01026243,E01026243,U
E01020144,E01020144,U
E01033538,E01035150,S
E01026313,E01026313,U
E01014999,E01014999,U
E01014871,E01014871,U
E01019358,E01019358,U
E01026244,E01026244,U
E01020145,E01020145,U
E01026247,E01026247,U
E01014890,E01014890,U
E01015000,E01015000,U
E01026314,E01026314,U
E01020146,E01020146,U
E01026276,E01026276,U
E01019362,E01019362,U
E01033538,E01035151,S
E01014891,E01014891,U
E01015001,E01015001,U
E01026329,E01026329,U
E01020149,E01020149,U
E01026246,E01026246,U
E01019366,E01019366,U
E01019394,E01019394,U
E01019361,E01019361,U
E01019367,E01034078,S
E01019367,E01034079,S
E01019368,E01019368,U
E01019369,E01019369,U
E01019356,E01019356,U
E01019381,E01019381,U
E01019386,E01019386,U
E01019344,E01019344,U
E01019345,E01019345,U
E01019350,E01019350,U
E01019351,E01019351,U
E01019372,E01019372,U
E01019373,E01019373,U
E01019384,E01019384,U
E01019385,E01019385,U
E01019348,E01019348,U
E01019352,E01019352,U
E01019377,E01019377,U
E01019383,E01019383,U
E01019341,E01034080,M
E01019342,E01034080,M
E01019343,E01019343,U
E01019347,E01019347,U
E01019382,E01019382,U
E01019388,E01019388,U
E01019389,E01019389,U
E01019390,E01019390,U
E01019392,E01019392,U
E01019349,E01019349,U
E01019353,E01019353,U
E01019354,E01019354,U
E01019355,E01019355,U
E01019357,E01019357,U
E01019378,E01019378,U
E01019379,E01019379,U
E01019380,E01019380,U
E01019391,E01019391,U
E01019393,E01019393,U
E01026916,E01026916,U
E01026917,E01026917,U
E01026918,E01026918,U
E01026924,E01026924,U
E01026925,E01026925,U
E01026248,E01026248,U
E01026333,E01026333,U
E01033540,E01033540,U
E01020148,E01020148,U
E01026257,E01026257,U
E01026881,E01026881,U
E01026291,E01026291,U
E01014978,E01014978,U
E01014955,E01014955,U
E01020157,E01020157,U
E01014956,E01014956,U
E01026340,E01026340,U
E01020160,E01020160,U
E01026882,E01035141,S
E01014957,E01014957,U
E01014981,E01035227,S
E01026250,E01026250,U
E01026355,E01026355,U
E01020176,E01020176,U
E01026882,E01035142,S
E01014974,E01014974,U
E01014981,E01035232,S
E01026251,E01026251,U
E01026365,E01026365,U
E01020177,E01020177,U
E01026883,E01026883,U
E01014977,E01014977,U
E01014996,E01014996,U
E01026252,E01026252,U
E01026325,E01026325,U
E01020180,E01020180,U
E01026895,E01026895,U
E01014922,E01014922,U
E01033331,E01035229,S
E01026253,E01026253,U
E01026326,E01026326,U
E01020181,E01020181,U
E01020182,E01020182,U
E01020183,E01020183,U
E01020184,E01020184,U
E01020153,E01020153,U
E01020156,E01020156,U
E01020170,E01020170,U
E01020188,E01020188,U
E01020161,E01020161,U
E01020162,E01020162,U
E01020163,E01020163,U
E01020164,E01020164,U
E01020165,E01020165,U
E01020166,E01020166,U
E01020167,E01020167,U
E01020142,E01020142,U
E01020143,E01020143,U
E01020150,E01020150,U
E01020151,E01020151,U
E01020152,E01020152,U
E01020154,E01020154,U
E01020155,E01020155,U
E01020147,E01020147,U
E01020158,E01020158,U
E01020159,E01020159,U
E01020190,E01020190,U
E01020171,E01020171,U
E01020185,E01020185,U
E01020186,E01020186,U
E01020187,E01020187,U
E01020168,E01020168,U
E01020169,E01020169,U
E01020189,E01020189,U
E01020174,E01020174,U
E01020175,E01020175,U
E01020178,E01020178,U
E01020172,E01020172,U
E01020173,E01020173,U
E01020179,E01020179,U
E01026281,E01026281,U
E01026327,E01026327,U
E01026896,E01026896,U
E01026282,E01026282,U
E01026328,E01026328,U
E01026352,E01026352,U
E01026353,E01026353,U
E01026354,E01026354,U
E01026320,E01034701,S
E01026320,E01034702,S
E01026321,E01026321,U
E01026322,E01026322,U
E01026323,E01026323,U
E01026324,E01026324,U
E01026308,E01026308,U
E01026309,E01026309,U
E01026310,E01026310,U
E01026311,E01026311,U
E01026312,E01026312,U
E01026317,E01026317,U
E01026318,E01026318,U
E01026319,E01026319,U
E01026343,E01026343,U
E01026344,E01026344,U
E01026345,E01026345,U
E01026292,E01026292,U
E01026293,E01026293,U
E01026294,E01026294,U
E01026316,E01026316,U
E01026332,E01026332,U
E01026290,E01026290,U
E01026341,E01026341,U
E01026342,E01026342,U
E01026361,E01026361,U
E01026315,E01026315,U
E01026331,E01026331,U
E01026338,E01026338,U
E01026339,E01026339,U
E01026299,E01026299,U
E01026300,E01026300,U
E01026301,E01034703,S
E01026301,E01034704,S
E01033331,E01035230,S
E01014923,E01014923,U
E01033331,E01035231,S
E01033333,E01035228,S
E01033333,E01035233,S
E01014904,E01014904,U
E01014905,E01014905,U
E01014906,E01014906,U
E01014907,E01014907,U
E01014908,E01014908,U
E01014909,E01014909,U
E01014910,E01014910,U
E01014867,E01014867,U
E01014868,E01035217,S
E01014868,E01035218,S
E01014868,E01035219,S
E01014994,E01014994,U
E01014995,E01014995,U
E01033338,E01033338,U
E01033339,E01033339,U
E01014901,E01014901,U
E01014902,E01014902,U
E01026905,E01026905,U
E01014924,E01014924,U
E01014903,E01014903,U
E01026283,E01026283,U
E01026285,E01026285,U
E01026906,E01026906,U
E01026286,E01026286,U
E01014965,E01014965,U
E01014973,E01014973,U
E01026907,E01026907,U
E01026241,E01026241,U
E01014964,E01014964,U
E01014975,E01014975,U
E01026908,E01026908,U
E01026258,E01026258,U
E01014966,E01035220,S
E01014976,E01014976,U
E01014925,E01014925,U
E01014926,E01014926,U
E01014927,E01014927,U
E01014928,E01014928,U
E01014958,E01014958,U
E01014915,E01014915,U
E01015003,E01015003,U
E01015005,E01015005,U
E01015007,E01015007,U
E01015008,E01015008,U
E01014943,E01014943,U
E01014944,E01014944,U
E01014972,E01014972,U
E01015002,E01015002,U
E01015004,E01015004,U
E01015006,E01015006,U
E01014936,E01014936,U
E01014938,E01014938,U
E01014939,E01014939,U
E01014940,E01014940,U
E01014941,E01014941,U
E01014942,E01014942,U
E01014945,E01014945,U
E01014916,E01014916,U
E01014917,E01014917,U
E01014918,E01014918,U
E01014919,E01014919,U
E01014920,E01014920,U
E01014921,E01014921,U
E01014866,E01014866,U
E01014931,E01014931,U
E01014932,E01014932,U
E01014933,E01014933,U
E01014934,E01014934,U
E01014935,E01014935,U
E01026909,E01026909,U
E01026910,E01026910,U
E01026947,E01026947,U
E01026948,E01026948,U
E01026870,E01026870,U
E01026871,E01026871,U
E01026921,E01026921,U
E01026922,E01026922,U
E01026875,E01026875,U
E01026876,E01026876,U
E01026926,E01035143,S
E01026926,E01035144,S
E01026927,E01026927,U
E01026928,E01026928,U
E01026936,E01026936,U
E01026937,E01026937,U
E01026884,E01026884,U
E01026885,E01026885,U
E01026933,E01035145,S
E01014966,E01035221,S
E01014967,E01014967,U
E01026933,E01035146,S
E01026259,E01026259,U
E01014969,E01014969,U
E01026933,E01035147,S
E01026260,E01026260,U
E01033334,E01033334,U
E01026933,E01035148,S
E01026266,E01026266,U
E01033336,E01033336,U
E01026945,E01035149,M
E01026273,E01026273,U
E01014897,E01014897,U
E01026946,E01035149,M
E01026274,E01034697,S
E01014898,E01014898,U
E01026274,E01034698,S
E01014899,E01014899,U
E01014900,E01014900,U
E01026879,E01026879,U
E01014959,E01014959,U
E01026275,E01026275,U
E01014960,E01014960,U
E01026880,E01026880,U
E01032995,E01032995,U
E01014961,E01014961,U
E01026911,E01026911,U
E01032996,E01032996,U
E01014968,E01014968,U
E01026912,E01026912,U
E01026268,E01026268,U
E01014865,E01014865,U
E01026929,E01026929,U
E01026269,E01026269,U
E01014869,E01014869,U
E01026930,E01026930,U
E01026270,E01026270,U
E01026913,E01026913,U
E01026271,E01026271,U
E01026914,E01026914,U
E01026272,E01026272,U
E01026915,E01026915,U
E01026254,E01026254,U
E01026919,E01026919,U
E01026255,E01026255,U
E01026920,E01026920,U
E01026256,E01026256,U
E01026277,E01026277,U
E01026278,E01026278,U
E01026279,E01026279,U
E01026262,E01026262,U
E01026263,E01026263,U
E01026264,E01026264,U
E01026265,E01026265,U
E01026267,E01034699,S
E01026267,E01034700,S
E01026245,E01026245,U
E01026249,E01026249,U
E01026280,E01026280,U
E01026239,E01026239,U
E01026240,E01026240,U
E01029251,E01029251,U
E01029161,E01029161,U
E01029162,E01029162,U
E01029247,E01029247,U
E01029255,E01029255,U
E01029231,E01029231,U
E01029233,E01029233,U
E01029235,E01029235,U
E01029236,E01029236,U
E01029237,E01029237,U
E01029232,E01029232,U
E01029234,E01035125,S
E01029234,E01035126,S
E01029239,E01029239,U
E01029240,E01029240,U
E01029241,E01029241,U
E01029245,E01029245,U
E01029246,E01029246,U
E01029249,E01029249,U
E01029189,E01029189,U
E01029190,E01029190,U
E01029191,E01029191,U
E01029192,E01029192,U
E01029212,E01029212,U
E01029213,E01029213,U
E01029214,E01029214,U
E01029215,E01029215,U
E01029159,E01029159,U
E01029242,E01029242,U
E01029243,E01029243,U
E01029170,E01029170,U
E01026941,E01026941,U
E01029244,E01029244,U
E01029193,E01029193,U
E01029194,E01029194,U
E01029195,E01029195,U
E01029208,E01029208,U
E01029209,E01029209,U
E01029178,E01029178,U
E01029179,E01029179,U
E01029180,E01029180,U
E01029181,E01029181,U
E01029182,E01029182,U
E01029183,E01029183,U
E01029184,E01029184,U
E01029185,E01029185,U
E01029186,E01029186,U
E01029169,E01029169,U
E01029172,E01029172,U
E01029173,E01029173,U
E01029176,E01029176,U
E01029177,E01029177,U
E01028636,E01028636,U
E01032985,E01032985,U
E01025459,E01025459,U
E01025460,E01025460,U
E01029171,E01029171,U
E01027262,E01027262,U
E01026942,E01026942,U
E01029157,E01029157,U
E01028637,E01028637,U
E01029174,E01029174,U
E01028647,E01028647,U
E01027277,E01027277,U
E01026898,E01026898,U
E01025450,E01034348,M
E01029158,E01029158,U
E01028618,E01035751,S
E01029175,E01029175,U
E01028681,E01028681,U
E01027289,E01027289,U
E01026899,E01026899,U
E01025412,E01025412,U
E01029221,E01029221,U
E01029153,E01029153,U
E01028618,E01035752,S
E01029219,E01029219,U
E01028682,E01028682,U
E01027300,E01027300,U
E01026943,E01026943,U
E01025427,E01025427,U
E01029166,E01029166,U
E01029220,E01029220,U
E01025428,E01025428,U
E01026944,E01026944,U
E01027303,E01027303,U
E01028684,E01028684,U
E01029167,E01029167,U
E01029230,E01029230,U
E01028619,E01028619,U
E01025429,E01025429,U
E01026877,E01026877,U
E01027297,E01027297,U
E01028598,E01028598,U
E01029168,E01029168,U
E01029655,E01029655,U
E01028644,E01028644,U
E01025404,E01025404,U
E01026878,E01026878,U
E01027298,E01027298,U
E01028613,E01028613,U
E01029210,E01029210,U
E01029656,E01029656,U
E01028648,E01035749,S
E01025405,E01025405,U
E01026897,E01026897,U
E01027299,E01027299,U
E01028614,E01028614,U
E01029211,E01029211,U
E01029657,E01029657,U
E01025406,E01025406,U
E01028648,E01035750,S
E01025407,E01025407,U
E01026938,E01026938,U
E01027301,E01027301,U
E01028615,E01028615,U
E01029224,E01029224,U
E01029658,E01029658,U
E01028649,E01028649,U
E01028616,E01028616,U
E01029225,E01029225,U
E01027302,E01027302,U
E01025399,E01025399,U
E01029659,E01029659,U
E01026939,E01026939,U
E01028650,E01028650,U
E01028604,E01028604,U
E01029226,E01029226,U
E01027291,E01027291,U
E01025400,E01025400,U
E01029660,E01029660,U
E01026940,E01026940,U
E01028651,E01028651,U
E01028605,E01028605,U
E01029200,E01029200,U
E01027292,E01027292,U
E01025401,E01025401,U
E01029621,E01029621,U
E01026892,E01026892,U
E01028652,E01028652,U
E01028607,E01028607,U
E01029201,E01029201,U
E01027293,E01027293,U
E01025402,E01025402,U
E01029646,E01029646,U
E01026893,E01026893,U
E01028641,E01028641,U
E01029222,E01029222,U
E01027304,E01027304,U
E01025442,E01025442,U
E01029647,E01029647,U
E01026894,E01026894,U
E01029648,E01029648,U
E01028653,E01028653,U
E01025443,E01025443,U
E01029223,E01029223,U
E01026903,E01026903,U
E01028657,E01028657,U
E01027305,E01027305,U
E01029617,E01029617,U
E01028654,E01028654,U
E01025444,E01025444,U
E01029155,E01029155,U
E01026904,E01026904,U
E01028658,E01028658,U
E01027261,E01027261,U
E01029618,E01029618,U
E01028655,E01028655,U
E01025461,E01025461,U
E01029227,E01029227,U
E01026872,E01026872,U
E01028600,E01028600,U
E01027295,E01027295,U
E01029668,E01029668,U
E01028656,E01028656,U
E01025462,E01025462,U
E01029228,E01029228,U
E01026900,E01026900,U
E01028603,E01028603,U
E01027306,E01027306,U
E01029669,E01029669,U
E01028611,E01028611,U
E01025439,E01025439,U
E01029229,E01029229,U
E01029164,E01029164,U
E01029165,E01029165,U
E01029198,E01029198,U
E01029199,E01029199,U
E01029187,E01029187,U
E01029188,E01029188,U
E01029196,E01029196,U
E01029197,E01029197,U
E01029154,E01029154,U
E01029156,E01029156,U
E01029206,E01029206,U
E01029207,E01029207,U
E01029202,E01029202,U
E01029203,E01029203,U
E01029204,E01029204,U
E01029205,E01029205,U
E01029163,E01029163,U
E01029216,E01029216,U
E01029217,E01029217,U
E01029218,E01029218,U
E01029238,E01029238,U
E01029252,E01029252,U
E01029253,E01035121,S
E01029253,E01035122,S
E01029254,E01029254,U
E01029160,E01035123,S
E01029160,E01035124,S
E01029248,E01029248,U
E01029250,E01029250,U
E01027276,E01035425,S
E01028606,E01028606,U
E01029670,E01029670,U
E01025453,E01025453,U
E01027276,E01035426,S
E01026901,E01026901,U
E01028609,E01028609,U
E01025454,E01025454,U
E01029620,E01029620,U
E01025455,E01025455,U
E01027280,E01027280,U
E01026902,E01026902,U
E01028642,E01028642,U
E01028610,E01028610,U
E01028643,E01028643,U
E01026873,E01026873,U
E01029622,E01029622,U
E01027281,E01027281,U
E01028678,E01028678,U
E01025436,E01025436,U
E01028645,E01028645,U
E01026874,E01026874,U
E01029623,E01029623,U
E01027307,E01027307,U
E01028679,E01028679,U
E01025437,E01025437,U
E01028685,E01028685,U
E01026886,E01026886,U
E01029624,E01029624,U
E01027265,E01027265,U
E01028680,E01028680,U
E01025438,E01025438,U
E01028686,E01028686,U
E01026887,E01026887,U
E01029625,E01029625,U
E01027266,E01035427,S
E01028625,E01028625,U
E01025440,E01025440,U
E01028612,E01028612,U
E01026934,E01026934,U
E01029641,E01029641,U
E01027266,E01035428,S
E01028626,E01028626,U
E01025441,E01025441,U
E01026935,E01026935,U
E01029642,E01029642,U
E01027270,E01027270,U
E01028627,E01028627,U
E01025417,E01025417,U
E01028660,E01028660,U
E01027271,E01027271,U
E01029638,E01029638,U
E01026888,E01026888,U
E01025418,E01025418,U
E01028628,E01028628,U
E01028661,E01028661,U
E01027272,E01027272,U
E01029639,E01029639,U
E01026889,E01026889,U
E01025419,E01025419,U
E01028629,E01028629,U
E01028662,E01028662,U
E01027264,E01027264,U
E01029640,E01029640,U
E01026891,E01026891,U
E01025420,E01034349,S
E01028621,E01035745,S
E01028659,E01028659,U
E01027267,E01027267,U
E01029643,E01029643,U
E01026931,E01026931,U
E01025420,E01034350,S
E01028621,E01035746,S
E01028663,E01028663,U
E01027268,E01027268,U
E01029644,E01029644,U
E01026932,E01026932,U
E01025421,E01025421,U
E01028622,E01028622,U
E01028664,E01028664,U
E01033539,E01033539,U
E01027269,E01027269,U
E01029616,E01029616,U
E01033541,E01033541,U
E01025422,E01025422,U
E01028623,E01028623,U
E01028665,E01028665,U
E01029619,E01029619,U
E01028624,E01028624,U
E01025431,E01025431,U
E01025424,E01025424,U
E01027282,E01027282,U
E01029636,E01029636,U
E01027288,E01027288,U
E01028599,E01028599,U
E01025433,E01025433,U
E01025425,E01025425,U
E01027283,E01027283,U
E01029637,E01029637,U
E01027290,E01027290,U
E01028601,E01028601,U
E01025416,E01025416,U
E01025426,E01025426,U
E01027285,E01027285,U
E01029632,E01029632,U
E01027296,E01027296,U
E01028602,E01028602,U
E01025451,E01025451,U
E01025466,E01025466,U
E01027286,E01027286,U
E01029633,E01029633,U
E01028666,E01028666,U
E01028620,E01035747,S
E01025452,E01025452,U
E01025413,E01025413,U
E01025415,E01025415,U
E01027287,E01027287,U
E01029634,E01029634,U
E01028667,E01028667,U
E01028620,E01035748,S
E01028668,E01028668,U
E01027273,E01027273,U
E01029635,E01029635,U
E01025423,E01025423,U
E01025414,E01025414,U
E01025435,E01025435,U
E01028608,E01028608,U
E01029613,E01029613,U
E01027274,E01027274,U
E01028669,E01028669,U
E01025456,E01025456,U
E01025446,E01025446,U
E01028617,E01028617,U
E01029614,E01029614,U
E01027275,E01027275,U
E01028638,E01028638,U
E01025458,E01025458,U
E01025430,E01034351,M
E01028674,E01028674,U
E01029615,E01029615,U
E01027308,E01027308,U
E01028639,E01028639,U
E01025408,E01025408,U
E01025434,E01025434,U
E01028675,E01028675,U
E01029627,E01029627,U
E01027263,E01027263,U
E01028640,E01028640,U
E01025409,E01025409,U
E01032928,E01034352,S
E01028676,E01028676,U
E01027279,E01027279,U
E01028683,E01028683,U
E01025410,E01025410,U
E01032928,E01034353,S
E01028677,E01028677,U
E01029626,E01029626,U
E01028670,E01028670,U
E01025467,E01025467,U
E01027284,E01027284,U
E01028630,E01028630,U
E01032929,E01034351,M
E01029628,E01029628,U
E01028671,E01028671,U
E01025403,E01025403,U
E01027294,E01027294,U
E01028631,E01028631,U
E01025445,E01025445,U
E01029629,E01029629,U
E01028672,E01028672,U
E01025457,E01025457,U
E01032982,E01032982,U
E01028632,E01028632,U
E01025447,E01025447,U
E01028673,E01028673,U
E01025463,E01025463,U
E01032983,E01032983,U
E01028633,E01028633,U
E01028646,E01028646,U
E01025464,E01025464,U
E01032984,E01032984,U
E01028634,E01028634,U
E01025465,E01025465,U
E01028635,E01028635,U
E01025411,E01025411,U
E01025448,E01025448,U
E01025449,E01034348,M
E01008650,E01008650,U
E01029630,E01029630,U
E01008674,E01008674,U
E01008681,E01008681,U
E01029631,E01029631,U
E01008600,E01008600,U
E01017167,E01017167,U
E01029654,E01029654,U
E01008604,E01008604,U
E01017168,E01017168,U
E01015858,E01015858,U
E01015850,E01015850,U
E01029661,E01029661,U
E01008660,E01008660,U
E01008659,E01008659,U
E01017169,E01017169,U
E01015859,E01015859,U
E01015827,E01015827,U
E01029663,E01029663,U
E01008661,E01008661,U
E01017170,E01017170,U
E01015860,E01015860,U
E01008662,E01008662,U
E01015828,E01015828,U
E01029665,E01029665,U
E01008633,E01008633,U
E01017218,E01017218,U
E01015861,E01015861,U
E01008663,E01008663,U
E01015829,E01015829,U
E01029662,E01029662,U
E01008634,E01008634,U
E01017219,E01017219,U
E01015862,E01015862,U
E01008624,E01008624,U
E01015830,E01015830,U
E01029664,E01029664,U
E01008636,E01008636,U
E01017220,E01017220,U
E01015820,E01015820,U
E01008684,E01008684,U
E01008685,E01008685,U
E01008686,E01008686,U
E01008687,E01008687,U
E01008688,E01008688,U
E01008689,E01008689,U
E01008690,E01008690,U
E01008691,E01008691,U
E01008692,E01008692,U
E01008627,E01008627,U
E01008628,E01008628,U
E01008629,E01008629,U
E01008630,E01008630,U
E01008610,E01008610,U
E01008611,E01008611,U
E01008612,E01008612,U
E01008613,E01008613,U
E01008616,E01008616,U
E01008618,E01008618,U
E01008619,E01008619,U
E01008621,E01008621,U
E01008614,E01008614,U
E01008615,E01008615,U
E01008617,E01008617,U
E01008620,E01008620,U
E01017144,E01017144,U
E01017145,E01017145,U
E01017146,E01017146,U
E01017148,E01017148,U
E01017149,E01017149,U
E01017180,E01017180,U
E01017181,E01017181,U
E01017183,E01017183,U
E01017185,E01017185,U
E01017187,E01017187,U
E01017264,E01017264,U
E01017265,E01017265,U
E01017270,E01017270,U
E01017271,E01017271,U
E01017182,E01017182,U
E01017184,E01017184,U
E01032756,E01035442,S
E01017202,E01017202,U
E01017186,E01017186,U
E01017188,E01017188,U
E01017266,E01017266,U
E01017267,E01017267,U
E01017272,E01017272,U
E01015831,E01015831,U
E01017203,E01017203,U
E01008637,E01008637,U
E01017221,E01017221,U
E01029666,E01029666,U
E01017204,E01017204,U
E01032756,E01035443,S
E01008639,E01008639,U
E01015832,E01015832,U
E01015821,E01015821,U
E01017157,E01017157,U
E01029671,E01029671,U
E01008652,E01008652,U
E01015822,E01015822,U
E01017158,E01017158,U
E01015876,E01015876,U
E01017147,E01017147,U
E01017222,E01017222,U
E01029673,E01029673,U
E01008653,E01008653,U
E01015823,E01015823,U
E01017159,E01017159,U
E01015877,E01015877,U
E01017150,E01017150,U
E01017139,E01017139,U
E01029676,E01029676,U
E01008654,E01008654,U
E01015824,E01015824,U
E01017160,E01017160,U
E01015878,E01015878,U
E01017151,E01017151,U
E01017142,E01035448,S
E01029679,E01029679,U
E01008655,E01008655,U
E01015825,E01015825,U
E01017198,E01017198,U
E01015879,E01015879,U
E01017152,E01017152,U
E01017142,E01035449,S
E01029680,E01029680,U
E01029645,E01029645,U
E01029667,E01029667,U
E01029672,E01029672,U
E01029674,E01029674,U
E01029675,E01029675,U
E01029677,E01029677,U
E01029678,E01029678,U
E01029649,E01029649,U
E01029650,E01029650,U
E01029651,E01029651,U
E01029652,E01029652,U
E01029653,E01029653,U
E01008595,E01008595,U
E01008596,E01008596,U
E01008597,E01008597,U
E01008598,E01008598,U
E01008599,E01008599,U
E01008664,E01008664,U
E01008665,E01008665,U
E01008666,E01008666,U
E01008667,E01008667,U
E01008668,E01008668,U
E01008673,E01008673,U
E01008675,E01008675,U
E01008676,E01008676,U
E01008677,E01008677,U
E01008678,E01008678,U
E01008647,E01008647,U
E01008648,E01008648,U
E01008649,E01008649,U
E01008651,E01008651,U
E01008679,E01008679,U
E01008680,E01008680,U
E01008682,E01008682,U
E01008683,E01008683,U
E01008635,E01008635,U
E01008657,E01008657,U
E01032745,E01032745,U
E01017199,E01017199,U
E01017238,E01017238,U
E01015880,E01015880,U
E01015826,E01015826,U
E01008638,E01008638,U
E01015869,E01015869,U
E01017205,E01017205,U
E01015881,E01015881,U
E01017241,E01017241,U
E01032746,E01032746,U
E01008640,E01008640,U
E01015870,E01015870,U
E01017206,E01017206,U
E01015882,E01015882,U
E01017242,E01017242,U
E01032748,E01032748,U
E01008641,E01008641,U
E01015871,E01015871,U
E01017208,E01017208,U
E01015839,E01015839,U
E01017243,E01017243,U
E01032751,E01032751,U
E01008642,E01008642,U
E01015872,E01015872,U
E01017210,E01017210,U
E01015840,E01015840,U
E01017244,E01017244,U
E01032755,E01032755,U
E01008590,E01008590,U
E01015873,E01015873,U
E01017214,E01017214,U
E01015841,E01015841,U
E01017174,E01017174,U
E01017255,E01017255,U
E01008591,E01008591,U
E01015874,E01015874,U
E01017215,E01017215,U
E01015842,E01015842,U
E01017175,E01017175,U
E01017258,E01017258,U
E01008592,E01008592,U
E01015875,E01015875,U
E01017216,E01017216,U
E01017176,E01017176,U
E01015843,E01015843,U
E01017179,E01017179,U
E01017261,E01017261,U
E01008594,E01008594,U
E01015901,E01015901,U
E01017189,E01017189,U
E01015844,E01015844,U
E01017226,E01017226,U
E01015902,E01015902,U
E01008601,E01008601,U
E01017190,E01017190,U
E01017263,E01017263,U
E01015851,E01015851,U
E01017231,E01017231,U
E01015903,E01015903,U
E01008669,E01008669,U
E01017191,E01017191,U
E01017273,E01017273,U
E01015852,E01015852,U
E01017232,E01017232,U
E01015904,E01015904,U
E01008671,E01008671,U
E01017196,E01017196,U
E01017275,E01017275,U
E01015853,E01015853,U
E01032753,E01032753,U
E01015905,E01015905,U
E01008672,E01008672,U
E01017197,E01017197,U
E01017276,E01017276,U
E01015854,E01015854,U
E01017246,E01017246,U
E01015906,E01015906,U
E01008622,E01008622,U
E01017192,E01017192,U
E01017278,E01035446,S
E01015855,E01015855,U
E01017250,E01017250,U
E01015907,E01015907,U
E01017193,E01017193,U
E01017278,E01035447,S
E01015856,E01015856,U
E01017251,E01017251,U
E01015908,E01015908,U
E01008625,E01008625,U
E01017279,E01017279,U
E01015909,E01015909,U
E01017194,E01017194,U
E01017253,E01017253,U
E01015889,E01015889,U
E01033074,E01034512,S
E01017274,E01017274,U
E01015910,E01015910,U
E01017195,E01017195,U
E01017247,E01017247,U
E01015890,E01015890,U
E01033074,E01034513,S
E01017277,E01017277,U
E01015911,E01015911,U
E01017153,E01017153,U
E01017248,E01017248,U
E01015891,E01015891,U
E01008602,E01008602,U
E01017280,E01017280,U
E01015912,E01015912,U
E01017154,E01017154,U
E01017249,E01017249,U
E01015892,E01015892,U
E01008603,E01008603,U
E01017281,E01017281,U
E01015913,E01015913,U
E01017155,E01017155,U
E01017252,E01017252,U
E01015893,E01015893,U
E01008608,E01008608,U
E01015833,E01015833,U
E01015883,E01015883,U
E01017156,E01017156,U
E01017254,E01017254,U
E01015894,E01015894,U
E01015834,E01015834,U
E01015884,E01015884,U
E01032738,E01032738,U
E01017236,E01017236,U
E01015914,E01015914,U
E01008670,E01008670,U
E01015915,E01015915,U
E01008643,E01008643,U
E01032750,E01032750,U
E01015916,E01015916,U
E01008644,E01008644,U
E01015835,E01015835,U
E01017237,E01017237,U
E01015885,E01015885,U
E01017136,E01017136,U
E01015917,E01015917,U
E01008645,E01008645,U
E01015836,E01015836,U
E01017239,E01017239,U
E01015886,E01015886,U
E01017137,E01017137,U
E01015918,E01015918,U
E01008646,E01008646,U
E01015837,E01015837,U
E01017240,E01017240,U
E01015887,E01015887,U
E01017138,E01017138,U
E01015919,E01015919,U
E01008656,E01008656,U
E01015838,E01015838,U
E01017245,E01017245,U
E01015888,E01015888,U
E01017140,E01035444,S
E01015920,E01015920,U
E01008658,E01008658,U
E01015863,E01015863,U
E01017227,E01017227,U
E01015895,E01034095,S
E01017140,E01035445,S
E01004029,E01004029,U
E01015864,E01015864,U
E01017228,E01017228,U
E01015895,E01034096,S
E01017217,E01017217,U
E01004032,E01004032,U
E01008593,E01008593,U
E01017223,E01017223,U
E01004053,E01004053,U
E01015896,E01015896,U
E01008605,E01008605,U
E01017233,E01017233,U
E01015865,E01015865,U
E01017224,E01017224,U
E01004054,E01004054,U
E01015897,E01015897,U
E01008606,E01008606,U
E01017234,E01017234,U
E01015866,E01015866,U
E01017225,E01017225,U
E01004055,E01004055,U
E01015898,E01015898,U
E01008607,E01008607,U
E01017235,E01017235,U
E01015867,E01015867,U
E01017162,E01017162,U
E01003927,E01033867,S
E01015899,E01015899,U
E01008609,E01008609,U
E01017171,E01017171,U
E01015868,E01015868,U
E01017163,E01017163,U
E01003927,E01033868,S
E01015900,E01015900,U
E01008631,E01008631,U
E01017172,E01017172,U
E01015814,E01015814,U
E01017164,E01017164,U
E01003929,E01003929,U
E01015845,E01015845,U
E01008632,E01008632,U
E01017173,E01017173,U
E01015815,E01015815,U
E01015816,E01015816,U
E01015817,E01015817,U
E01015818,E01015818,U
E01015819,E01015819,U
E01015857,E01015857,U
E01017177,E01017177,U
E01017178,E01017178,U
E01015846,E01015846,U
E01017207,E01017207,U
E01015847,E01015847,U
E01017209,E01017209,U
E01015848,E01015848,U
E01017211,E01017211,U
E01015849,E01015849,U
E01017165,E01017165,U
E01017212,E01017212,U
E01003934,E01003934,U
E01017166,E01017166,U
E01017213,E01017213,U
E01003935,E01003935,U
E01017256,E01017256,U
E01017200,E01017200,U
E01003939,E01003939,U
E01017257,E01017257,U
E01017201,E01017201,U
E01017259,E01017259,U
E01017260,E01017260,U
E01017262,E01017262,U
E01003976,E01003976,U
E01004027,E01033884,S
E01004027,E01033885,S
E01032637,E01032637,U
E01032638,E01032638,U
E01023706,E01023706,U
E01032640,E01032640,U
E01032646,E01032646,U
E01032803,E01032803,U
E01023724,E01023724,U
E01023708,E01023708,U
E01030748,E01030748,U
E01032834,E01032834,U
E01030749,E01030749,U
E01030100,E01030100,U
E01003975,E01003975,U
E01030750,E01030750,U
E01032722,E01033876,S
E01023725,E01023725,U
E01030119,E01030119,U
E01003950,E01003950,U
E01003978,E01033870,S
E01030751,E01030751,U
E01004008,E01004008,U
E01032722,E01033877,S
E01023713,E01023713,U
E01030134,E01030134,U
E01033028,E01033028,U
E01003957,E01003957,U
E01003978,E01033872,S
E01030752,E01030752,U
E01004010,E01004010,U
E01003980,E01003980,U
E01023734,E01023734,U
E01030135,E01030135,U
E01033029,E01033029,U
E01003958,E01003958,U
E01004022,E01033869,S
E01030726,E01030726,U
E01030727,E01030727,U
E01030728,E01030728,U
E01030742,E01030742,U
E01030753,E01030753,U
E01030754,E01030754,U
E01030755,E01030755,U
E01030756,E01030756,U
E01030717,E01030717,U
E01030718,E01030718,U
E01030719,E01030719,U
E01030720,E01030720,U
E01030721,E01030721,U
E01030722,E01030722,U
E01030723,E01030723,U
E01030724,E01030724,U
E01030730,E01030730,U
E01030731,E01030731,U
E01030732,E01030732,U
E01030733,E01030733,U
E01023690,E01023690,U
E01023691,E01023691,U
E01023692,E01023692,U
E01023693,E01023693,U
E01023694,E01023694,U
E01023685,E01023685,U
E01023686,E01023686,U
E01023687,E01023687,U
E01023688,E01023688,U
E01023689,E01023689,U
E01023699,E01023699,U
E01023700,E01023700,U
E01023701,E01023701,U
E01023702,E01023702,U
E01023703,E01023703,U
E01023746,E01023746,U
E01023747,E01023747,U
E01023748,E01023748,U
E01023749,E01023749,U
E01023695,E01023695,U
E01023696,E01023696,U
E01023697,E01023697,U
E01023698,E01023698,U
E01023722,E01023722,U
E01023723,E01023723,U
E01004018,E01004018,U
E01004039,E01004039,U
E01030142,E01030142,U
E01004022,E01033871,S
E01023735,E01023735,U
E01004067,E01004067,U
E01023736,E01023736,U
E01030143,E01030143,U
E01004023,E01004023,U
E01004040,E01004040,U
E01003945,E01003945,U
E01023718,E01023718,U
E01030144,E01030144,U
E01023719,E01023719,U
E01003946,E01003946,U
E01030147,E01030147,U
E01023720,E01023720,U
E01004041,E01004041,U
E01023709,E01023709,U
E01004028,E01004028,U
E01003947,E01003947,U
E01032805,E01033882,S
E01033048,E01033048,U
E01023721,E01023721,U
E01004044,E01004044,U
E01023710,E01023710,U
E01003938,E01003938,U
E01003948,E01003948,U
E01032805,E01033883,S
E01033049,E01033049,U
E01023717,E01023717,U
E01003992,E01003992,U
E01023711,E01023711,U
E01003940,E01003940,U
E01003951,E01003951,U
E01003984,E01003984,U
E01030099,E01030099,U
E01023730,E01023730,U
E01003995,E01003995,U
E01023712,E01023712,U
E01003941,E01003941,U
E01003930,E01003930,U
E01004003,E01004003,U
E01030101,E01030101,U
E01023731,E01023731,U
E01003998,E01003998,U
E01023669,E01023669,U
E01003942,E01003942,U
E01003932,E01003932,U
E01004004,E01004004,U
E01030150,E01030150,U
E01003999,E01003999,U
E01023670,E01023670,U
E01003979,E01003979,U
E01003933,E01003933,U
E01004005,E01004005,U
E01030120,E01034574,S
E01032583,E01032583,U
E01004006,E01004006,U
E01023732,E01023732,U
E01030120,E01034575,S
E01003981,E01003981,U
E01023671,E01023671,U
E01032584,E01032584,U
E01003913,E01003913,U
E01032639,E01032639,U
E01023733,E01023733,U
E01030122,E01030122,U
E01004030,E01004030,U
E01023672,E01023672,U
E01030743,E01030743,U
E01003914,E01003914,U
E01032719,E01032719,U
E01030095,E01030095,U
E01030151,E01030151,U
E01004031,E01004031,U
E01023673,E01023673,U
E01030744,E01030744,U
E01003915,E01003915,U
E01003964,E01033878,S
E01030096,E01030096,U
E01030109,E01030109,U
E01004033,E01004033,U
E01023714,E01023714,U
E01030745,E01030745,U
E01004050,E01004050,U
E01003964,E01033880,S
E01030097,E01030097,U
E01030110,E01030110,U
E01004034,E01004034,U
E01023715,E01023715,U
E01030747,E01030747,U
E01004052,E01004052,U
E01003966,E01003966,U
E01030145,E01030145,U
E01030111,E01030111,U
E01004036,E01004036,U
E01004056,E01004056,U
E01004057,E01004057,U
E01004058,E01004058,U
E01004059,E01004059,U
E01004060,E01004060,U
E01003936,E01003936,U
E01003937,E01003937,U
E01003943,E01003943,U
E01032720,E01033873,S
E01032720,E01033874,S
E01003977,E01003977,U
E01004037,E01004037,U
E01004038,E01004038,U
E01004042,E01004042,U
E01004043,E01004043,U
E01003986,E01003986,U
E01003987,E01003987,U
E01004024,E01004024,U
E01004035,E01004035,U
E01003960,E01003960,U
E01003961,E01003961,U
E01003994,E01003994,U
E01032722,E01033875,S
E01030146,E01030146,U
E01030112,E01030112,U
E01023716,E01023716,U
E01030094,E01030094,U
E01030709,E01030709,U
E01030115,E01030115,U
E01023666,E01023666,U
E01030121,E01030121,U
E01030710,E01030710,U
E01030116,E01030116,U
E01003968,E01033879,M
E01023674,E01023674,U
E01004061,E01004061,U
E01030132,E01030132,U
E01030711,E01030711,U
E01030117,E01030117,U
E01003971,E01003971,U
E01023675,E01023675,U
E01004062,E01004062,U
E01030133,E01030133,U
E01030118,E01030118,U
E01003974,E01033879,M
E01023676,E01023676,U
E01004063,E01004063,U
E01030130,E01030130,U
E01023726,E01023726,U
E01004065,E01004065,U
E01030105,E01030105,U
E01003963,E01003963,U
E01030131,E01030131,U
E01023727,E01023727,U
E01030746,E01030746,U
E01004066,E01004066,U
E01030106,E01030106,U
E01003967,E01033881,M
E01030139,E01030139,U
E01023728,E01023728,U
E01030707,E01030707,U
E01004000,E01004000,U
E01030107,E01030107,U
E01003970,E01033881,M
E01030140,E01030140,U
E01023729,E01035566,S
E01030708,E01030708,U
E01004001,E01004001,U
E01030108,E01030108,U
E01003972,E01003972,U
E01030141,E01030141,U
E01023729,E01035567,S
E01030712,E01030712,U
E01004019,E01004019,U
E01030113,E01030113,U
E01003973,E01003973,U
E01030103,E01034572,S
E01023664,E01023664,U
E01030713,E01030713,U
E01004064,E01004064,U
E01030114,E01030114,U
E01003923,E01003923,U
E01030103,E01034573,S
E01023665,E01023665,U
E01030714,E01030714,U
E01004068,E01004068,U
E01006882,E01006882,U
E01003969,E01003969,U
E01003991,E01003991,U
E01003993,E01003993,U
E01003997,E01003997,U
E01003983,E01003983,U
E01003988,E01003988,U
E01003989,E01003989,U
E01003990,E01003990,U
E01004007,E01004007,U
E01003912,E01003912,U
E01004011,E01004011,U
E01004012,E01004012,U
E01004013,E01004013,U
E01004014,E01004014,U
E01003911,E01003911,U
E01003916,E01003916,U
E01003917,E01003917,U
E01003918,E01003918,U
E01003925,E01003925,U
E01003919,E01003919,U
E01003920,E01003920,U
E01003921,E01003921,U
E01003922,E01003922,U
E01003924,E01003924,U
E01003926,E01003926,U
E01030715,E01030715,U
E01030716,E01030716,U
E01030734,E01030734,U
E01030735,E01030735,U
E01030736,E01034292,S
E01030736,E01034291,S
E01030737,E01030737,U
E01030738,E01030738,U
E01030701,E01030701,U
E01030702,E01030702,U
E01030703,E01030703,U
E01030704,E01030704,U
E01030705,E01030705,U
E01030706,E01030706,U
E01030697,E01030697,U
E01030698,E01030698,U
E01030699,E01030699,U
E01030700,E01030700,U
E01030725,E01030725,U
E01030729,E01030729,U
E01004045,E01004045,U
E01030104,E01030104,U
E01030739,E01030739,U
E01023667,E01023667,U
E01006883,E01006883,U
E01004047,E01004047,U
E01006884,E01006884,U
E01004048,E01004048,U
E01030740,E01030740,U
E01030138,E01030138,U
E01006885,E01006885,U
E01004049,E01004049,U
E01023668,E01023668,U
E01030741,E01030741,U
E01030127,E01030127,U
E01006886,E01006886,U
E01004051,E01004051,U
E01023742,E01023742,U
E01030128,E01030128,U
E01006887,E01006887,U
E01003953,E01003953,U
E01023743,E01023743,U
E01030129,E01030129,U
E01006802,E01006802,U
E01003955,E01003955,U
E01023744,E01023744,U
E01033044,E01033044,U
E01006804,E01006804,U
E01004015,E01004015,U
E01023745,E01023745,U
E01033045,E01033045,U
E01006806,E01006806,U
E01004021,E01004021,U
E01023677,E01023677,U
E01033050,E01033050,U
E01006807,E01006807,U
E01004046,E01004046,U
E01023678,E01023678,U
E01030091,E01030091,U
E01006803,E01006803,U
E01004002,E01004002,U
E01023679,E01035581,X
E01030093,E01030093,U
E01006805,E01006805,U
E01004016,E01004016,U
E01023680,E01023680,U
E01006808,E01006808,U
E01004017,E01004017,U
E01023681,E01023681,U
E01004020,E01004020,U
E01030137,E01030137,U
E01023682,E01023682,U
E01006809,E01006809,U
E01003952,E01003952,U
E01033043,E01033043,U
E01023683,E01023683,U
E01006849,E01006849,U
E01003954,E01003954,U
E01033046,E01033046,U
E01023684,E01023684,U
E01006850,E01006850,U
E01003956,E01003956,U
E01033047,E01033047,U
E01023737,E01023737,U
E01006851,E01006851,U
E01004071,E01004071,U
E01030092,E01030092,U
E01023738,E01023738,U
E01006852,E01006852,U
E01004072,E01004072,U
E01030123,E01030123,U
E01023739,E01023739,U
E01006853,E01006853,U
E01004069,E01004069,U
E01030124,E01030124,U
E01023740,E01023740,U
E01004070,E01004070,U
E01030125,E01030125,U
E01023741,E01023741,U
E01004073,E01004073,U
E01030148,E01030148,U
E01023704,E01023704,U
E01004074,E01004074,U
E01030149,E01030149,U
E01023705,E01023705,U
E01004075,E01004075,U
E01030098,E01030098,U
E01003949,E01003949,U
E01023778,E01023778,U
E01023799,E01023799,U
E01029701,E01034048,S
E01023800,E01023800,U
E01023801,E01023801,U
E01023771,E01023771,U
E01006854,E01006854,U
E01029686,E01029686,U
E01023772,E01023772,U
E01006891,E01006891,U
E01029772,E01029772,U
E01006855,E01006855,U
E01029700,E01029700,U
E01023773,E01023773,U
E01006895,E01006895,U
E01005891,E01005891,U
E01029773,E01029773,U
E01006836,E01006836,U
E01005902,E01005902,U
E01029723,E01029723,U
E01023774,E01023774,U
E01006857,E01006857,U
E01029702,E01029702,U
E01005894,E01005894,U
E01029804,E01029804,U
E01006839,E01006839,U
E01005905,E01005905,U
E01023767,E01023767,U
E01029724,E01029724,U
E01006858,E01006858,U
E01029703,E01029703,U
E01005887,E01005887,U
E01029807,E01029807,U
E01006840,E01006840,U
E01005852,E01005852,U
E01023768,E01035582,X
E01029732,E01034049,S
E01006859,E01006859,U
E01029704,E01029704,U
E01005890,E01005890,U
E01029811,E01029811,U
E01006842,E01006842,U
E01005854,E01005854,U
E01023769,E01023769,U
E01029732,E01034050,S
E01006860,E01006860,U
E01029705,E01029705,U
E01005893,E01005893,U
E01029812,E01029812,U
E01006837,E01006837,U
E01006838,E01006838,U
E01006841,E01006841,U
E01006843,E01006843,U
E01006914,E01006914,U
E01006915,E01006915,U
E01006916,E01006916,U
E01006917,E01006917,U
E01006918,E01006918,U
E01006919,E01006919,U
E01006810,E01006810,U
E01006811,E01006811,U
E01006812,E01006812,U
E01006813,E01006813,U
E01006814,E01006814,U
E01006815,E01006815,U
E01006818,E01006818,U
E01006822,E01006822,U
E01006823,E01006823,U
E01006824,E01006824,U
E01006825,E01006825,U
E01006866,E01006866,U
E01006867,E01006867,U
E01006868,E01006868,U
E01006869,E01006869,U
E01006819,E01006819,U
E01006820,E01006820,U
E01006821,E01006821,U
E01006871,E01006871,U
E01006832,E01006832,U
E01006834,E01006834,U
E01006877,E01006877,U
E01006880,E01006880,U
E01006881,E01006881,U
E01006863,E01006863,U
E01006864,E01006864,U
E01006865,E01033793,S
E01006865,E01033794,S
E01006845,E01006845,U
E01006870,E01006870,U
E01006872,E01006872,U
E01006873,E01006873,U
E01006874,E01006874,U
E01006856,E01006856,U
E01029681,E01029681,U
E01029682,E01029682,U
E01029814,E01029814,U
E01029714,E01029714,U
E01005855,E01005855,U
E01005896,E01005896,U
E01023770,E01023770,U
E01023795,E01023795,U
E01023796,E01023796,U
E01006861,E01006861,U
E01023797,E01023797,U
E01029736,E01029736,U
E01005919,E01005919,U
E01029683,E01029683,U
E01023798,E01023798,U
E01006862,E01006862,U
E01029792,E01029792,U
E01005857,E01005857,U
E01029737,E01029737,U
E01005862,E01005862,U
E01029748,E01029748,U
E01023775,E01023775,U
E01006831,E01006831,U
E01029793,E01029793,U
E01005858,E01005858,U
E01029738,E01029738,U
E01005892,E01005892,U
E01029749,E01029749,U
E01023779,E01023779,U
E01006833,E01006833,U
E01029805,E01029805,U
E01005757,E01005757,U
E01029742,E01029742,U
E01005895,E01005895,U
E01029740,E01029740,U
E01023780,E01023780,U
E01006835,E01006835,U
E01029813,E01029813,U
E01005758,E01033947,S
E01029715,E01029715,U
E01005920,E01005920,U
E01029744,E01029744,U
E01023781,E01023781,U
E01006876,E01006876,U
E01029815,E01029815,U
E01005758,E01033948,S
E01029716,E01029716,U
E01005921,E01005921,U
E01029745,E01029745,U
E01023782,E01023782,U
E01006878,E01006878,U
E01006879,E01006879,U
E01006904,E01006904,U
E01006816,E01006816,U
E01006817,E01006817,U
E01006875,E01006875,U
E01006899,E01006899,U
E01006826,E01006826,U
E01006827,E01006827,U
E01006828,E01006828,U
E01006829,E01006829,U
E01006830,E01006830,U
E01006903,E01006903,U
E01006905,E01006905,U
E01006906,E01006906,U
E01006907,E01006907,U
E01006912,E01006912,U
E01006913,E01006913,U
E01032904,E01032904,U
E01032905,E01032905,U
E01006844,E01006844,U
E01006846,E01006846,U
E01006847,E01006847,U
E01006848,E01006848,U
E01006896,E01006896,U
E01006897,E01006897,U
E01006901,E01006901,U
E01006890,E01006890,U
E01006892,E01006892,U
E01006893,E01006893,U
E01006894,E01006894,U
E01006898,E01006898,U
E01006900,E01033795,S
E01006900,E01033796,S
E01006908,E01006908,U
E01006909,E01006909,U
E01006910,E01006910,U
E01006911,E01006911,U
E01006888,E01006888,U
E01006889,E01006889,U
E01005922,E01005922,U
E01029746,E01029746,U
E01029717,E01029717,U
E01023759,E01023759,U
E01005753,E01005753,U
E01029753,E01029753,U
E01005766,E01005766,U
E01029816,E01029816,U
E01029727,E01029727,U
E01023760,E01023760,U
E01029728,E01029728,U
E01005918,E01005918,U
E01023761,E01023761,U
E01029801,E01029801,U
E01005754,E01005754,U
E01029684,E01029684,U
E01029756,E01029756,U
E01005870,E01005870,U
E01023762,E01023762,U
E01029803,E01029803,U
E01005755,E01005755,U
E01029685,E01029685,U
E01029733,E01029733,U
E01005871,E01005871,U
E01023755,E01023755,U
E01029817,E01029817,U
E01005756,E01005756,U
E01029730,E01034051,M
E01029739,E01029739,U
E01029741,E01029741,U
E01029754,E01029754,U
E01029755,E01029755,U
E01029695,E01029695,U
E01029696,E01029696,U
E01029697,E01029697,U
E01029698,E01029698,U
E01029747,E01029747,U
E01029690,E01029690,U
E01029718,E01029718,U
E01029743,E01029743,U
E01029751,E01029751,U
E01029719,E01029719,U
E01029720,E01029720,U
E01029721,E01029721,U
E01029750,E01029750,U
E01029752,E01029752,U
E01029687,E01029687,U
E01029710,E01029710,U
E01029711,E01029711,U
E01029712,E01029712,U
E01029713,E01029713,U
E01029692,E01029692,U
E01029693,E01029693,U
E01029722,E01029722,U
E01029725,E01029725,U
E01029689,E01029689,U
E01029691,E01029691,U
E01029694,E01029694,U
E01029699,E01029699,U
E01029701,E01034047,S
E01005873,E01005873,U
E01023756,E01023756,U
E01005875,E01005875,U
E01005764,E01005764,U
E01023757,E01023757,U
E01005816,E01005816,U
E01023758,E01035570,S
E01005817,E01005817,U
E01023758,E01035571,S
E01005822,E01005822,U
E01023750,E01023750,U
E01005880,E01005880,U
E01023751,E01023751,U
E01005881,E01005881,U
E01023752,E01023752,U
E01023753,E01023753,U
E01023754,E01023754,U
E01023791,E01023791,U
E01023792,E01023792,U
E01023793,E01023793,U
E01023794,E01023794,U
E01023783,E01023783,U
E01023784,E01023784,U
E01023785,E01023785,U
E01023786,E01023786,U
E01023763,E01023763,U
E01023764,E01023764,U
E01023765,E01023765,U
E01023766,E01023766,U
E01005886,E01005886,U
E01005888,E01005888,U
E01005889,E01005889,U
E01029762,E01029762,U
E01005745,E01005745,U
E01029731,E01034051,M
E01005883,E01005883,U
E01005908,E01005908,U
E01005765,E01005765,U
E01005818,E01005818,U
E01005819,E01005819,U
E01005820,E01005820,U
E01005821,E01005821,U
E01005823,E01005823,U
E01005825,E01005825,U
E01005872,E01005872,U
E01005874,E01005874,U
E01005876,E01005876,U
E01005877,E01005877,U
E01005878,E01005878,U
E01029775,E01029775,U
E01005879,E01005879,U
E01029757,E01029757,U
E01029776,E01029776,U
E01005746,E01005746,U
E01005882,E01005882,U
E01029758,E01029758,U
E01029777,E01029777,U
E01005747,E01005747,U
E01005884,E01005884,U
E01029759,E01029759,U
E01005748,E01005748,U
E01029779,E01029779,U
E01005863,E01005863,U
E01005885,E01005885,U
E01029760,E01029760,U
E01005832,E01005832,U
E01005864,E01005864,U
E01029688,E01029688,U
E01029780,E01029780,U
E01005833,E01005833,U
E01005866,E01005866,U
E01029706,E01029706,U
E01029794,E01029794,U
E01005835,E01005835,U
E01005869,E01005869,U
E01029707,E01029707,U
E01029818,E01029818,U
E01005837,E01005837,U
E01005914,E01005914,U
E01029708,E01029708,U
E01029819,E01029819,U
E01005843,E01005843,U
E01005915,E01005915,U
E01029709,E01029709,U
E01029761,E01029761,U
E01005769,E01005769,U
E01005916,E01005916,U
E01029726,E01029726,U
E01029782,E01029782,U
E01005778,E01005778,U
E01005917,E01005917,U
E01029729,E01029729,U
E01029795,E01029795,U
E01005779,E01005779,U
E01005859,E01005859,U
E01029734,E01029734,U
E01029796,E01029796,U
E01005780,E01005780,U
E01005865,E01005865,U
E01029735,E01029735,U
E01029781,E01029781,U
E01005781,E01005781,U
E01029797,E01029797,U
E01029806,E01029806,U
E01029808,E01029808,U
E01029809,E01029809,U
E01029810,E01029810,U
E01029767,E01029767,U
E01029769,E01029769,U
E01029770,E01029770,U
E01029802,E01029802,U
E01029763,E01029763,U
E01029764,E01029764,U
E01029783,E01029783,U
E01005867,E01005867,U
E01029765,E01029765,U
E01029786,E01029786,U
E01005868,E01005868,U
E01029766,E01029766,U
E01029787,E01029787,U
E01005743,E01005743,U
E01029774,E01029774,U
E01029778,E01029778,U
E01005744,E01005744,U
E01029768,E01029768,U
E01029789,E01029789,U
E01005749,E01005749,U
E01029771,E01029771,U
E01029798,E01029798,U
E01005750,E01005750,U
E01029799,E01029799,U
E01005751,E01005751,U
E01029800,E01029800,U
E01029784,E01029784,U
E01029785,E01029785,U
E01029788,E01029788,U
E01029790,E01029790,U
E01029791,E01029791,U
E01023787,E01023787,U
E01023788,E01023788,U
E01023789,E01035568,S
E01023789,E01035569,S
E01023790,E01023790,U
E01023776,E01023776,U
E01023777,E01023777,U
E01005897,E01005897,U
E01005898,E01005898,U
E01005900,E01005900,U
E01005903,E01005903,U
E01005904,E01005904,U
E01005853,E01005853,U
E01005856,E01005856,U
E01005860,E01005860,U
E01005861,E01005861,U
E01005752,E01005752,U
E01005899,E01005899,U
E01005901,E01005901,U
E01012206,E01012206,U
E01005777,E01005777,U
E01012207,E01012207,U
E01005787,E01005787,U
E01012208,E01012208,U
E01005788,E01005788,U
E01012262,E01012262,U
E01005759,E01005759,U
E01012196,E01012196,U
E01005790,E01005790,U
E01012264,E01035201,S
E01005760,E01005760,U
E01012198,E01012198,U
E01005805,E01005805,U
E01012264,E01035202,S
E01014270,E01014270,U
E01005797,E01005797,U
E01012214,E01012214,U
E01014306,E01014306,U
E01005807,E01005807,U
E01012266,E01035197,S
E01014271,E01014271,U
E01014247,E01014247,U
E01014250,E01014250,U
E01014251,E01034052,S
E01014251,E01034053,S
E01014252,E01014252,U
E01014255,E01014255,U
E01014269,E01014269,U
E01014324,E01014324,U
E01014325,E01014325,U
E01014326,E01014326,U
E01014249,E01014249,U
E01014253,E01014253,U
E01014254,E01014254,U
E01014256,E01014256,U
E01014210,E01014210,U
E01014211,E01014211,U
E01014212,E01014212,U
E01014213,E01014213,U
E01014217,E01014217,U
E01014323,E01014323,U
E01014327,E01014327,U
E01014328,E01014328,U
E01014329,E01014329,U
E01014330,E01014330,U
E01014218,E01014218,U
E01014219,E01014219,U
E01014225,E01014225,U
E01014226,E01014226,U
E01014228,E01014228,U
E01014230,E01014230,U
E01014281,E01014281,U
E01014285,E01014285,U
E01014286,E01014286,U
E01014287,E01014287,U
E01014231,E01034054,S
E01014231,E01034055,S
E01014282,E01014282,U
E01014283,E01014283,U
E01014284,E01014284,U
E01033216,E01034056,S
E01033216,E01034057,S
E01014220,E01014220,U
E01014221,E01014221,U
E01014222,E01014222,U
E01014223,E01014223,U
E01014224,E01014224,U
E01014229,E01014229,U
E01014288,E01014288,U
E01012215,E01012215,U
E01012266,E01035198,S
E01005839,E01005839,U
E01014307,E01014307,U
E01012267,E01012267,U
E01012216,E01012216,U
E01005841,E01005841,U
E01014312,E01014312,U
E01014346,E01014346,U
E01005800,E01005800,U
E01014348,E01014348,U
E01005804,E01005804,U
E01033477,E01035199,S
E01014349,E01014349,U
E01005844,E01005844,U
E01005824,E01005824,U
E01012245,E01012245,U
E01033477,E01035200,S
E01014353,E01014353,U
E01005845,E01005845,U
E01005826,E01005826,U
E01012278,E01012278,U
E01012190,E01012190,U
E01014310,E01014310,U
E01005849,E01005849,U
E01005827,E01005827,U
E01012279,E01012279,U
E01012191,E01012191,U
E01014314,E01014314,U
E01005851,E01005851,U
E01005828,E01005828,U
E01012280,E01012280,U
E01012224,E01012224,U
E01014316,E01014316,U
E01005808,E01005808,U
E01005809,E01005809,U
E01005810,E01005810,U
E01005811,E01005811,U
E01005812,E01005812,U
E01005842,E01005842,U
E01005906,E01005906,U
E01005907,E01005907,U
E01005913,E01005913,U
E01005789,E01005789,U
E01005791,E01005791,U
E01005793,E01005793,U
E01005795,E01005795,U
E01005796,E01005796,U
E01005846,E01005846,U
E01005847,E01005847,U
E01005848,E01005848,U
E01005850,E01005850,U
E01005792,E01005792,U
E01005794,E01005794,U
E01005923,E01005923,U
E01005931,E01005931,U
E01005924,E01005924,U
E01005925,E01005925,U
E01005926,E01005926,U
E01005932,E01005932,U
E01012242,E01012242,U
E01012243,E01012243,U
E01012244,E01012244,U
E01012246,E01012246,U
E01012296,E01012296,U
E01012297,E01012297,U
E01012197,E01012197,U
E01012256,E01012256,U
E01012257,E01012257,U
E01012275,E01012275,U
E01012276,E01012276,U
E01012277,E01012277,U
E01012225,E01012225,U
E01012281,E01012281,U
E01005829,E01005829,U
E01005768,E01005768,U
E01012226,E01012226,U
E01014317,E01014317,U
E01012255,E01012255,U
E01014322,E01014322,U
E01012209,E01012209,U
E01012269,E01012269,U
E01005770,E01005770,U
E01014235,E01014235,U
E01012217,E01012217,U
E01012294,E01012294,U
E01005771,E01005771,U
E01014236,E01034058,S
E01012218,E01012218,U
E01012295,E01012295,U
E01005775,E01005775,U
E01014236,E01034059,S
E01012223,E01012223,U
E01033476,E01033476,U
E01005761,E01005761,U
E01014237,E01014237,U
E01012286,E01012286,U
E01033480,E01033480,U
E01005762,E01005762,U
E01012287,E01012287,U
E01012210,E01012210,U
E01014238,E01014238,U
E01005763,E01005763,U
E01012288,E01012288,U
E01012211,E01012211,U
E01014315,E01014315,U
E01005799,E01005799,U
E01012289,E01012289,U
E01012212,E01012212,U
E01014318,E01014318,U
E01005798,E01005798,U
E01012238,E01012238,U
E01012213,E01012213,U
E01014319,E01014319,U
E01005801,E01005801,U
E01005802,E01005802,U
E01005803,E01005803,U
E01005830,E01005830,U
E01005831,E01005831,U
E01005767,E01005767,U
E01005772,E01005772,U
E01005773,E01005773,U
E01005774,E01005774,U
E01005776,E01005776,U
E01005909,E01005909,U
E01005910,E01005910,U
E01005911,E01005911,U
E01005912,E01005912,U
E01005782,E01005782,U
E01005783,E01005783,U
E01005784,E01005784,U
E01005785,E01005785,U
E01005786,E01005786,U
E01005834,E01005834,U
E01005836,E01005836,U
E01005838,E01005838,U
E01005840,E01005840,U
E01005927,E01005927,U
E01005928,E01005928,U
E01005929,E01005929,U
E01005930,E01005930,U
E01005806,E01005806,U
E01005813,E01005813,U
E01005814,E01005814,U
E01005815,E01005815,U
E01033474,E01033474,U
E01014289,E01014289,U
E01012239,E01012239,U
E01014320,E01014320,U
E01033475,E01033475,U
E01014290,E01014290,U
E01012240,E01012240,U
E01014347,E01014347,U
E01033478,E01035203,S
E01014291,E01014291,U
E01012241,E01012241,U
E01014350,E01014350,U
E01033478,E01035204,S
E01014292,E01014292,U
E01014351,E01014351,U
E01012192,E01012192,U
E01033479,E01033479,U
E01014294,E01014294,U
E01014352,E01014352,U
E01012290,E01012290,U
E01014293,E01014293,U
E01012193,E01012193,U
E01012235,E01012235,U
E01031213,E01031213,U
E01012291,E01012291,U
E01014295,E01014295,U
E01012260,E01012260,U
E01012298,E01012298,U
E01031243,E01031243,U
E01012292,E01012292,U
E01014339,E01014339,U
E01012261,E01012261,U
E01012299,E01012299,U
E01031244,E01031244,U
E01012282,E01012282,U
E01014340,E01014340,U
E01012247,E01012247,U
E01012300,E01012300,U
E01031195,E01031195,U
E01012283,E01012283,U
E01014345,E01014345,U
E01012249,E01012249,U
E01012301,E01012301,U
E01031202,E01031202,U
E01012284,E01012284,U
E01014274,E01014274,U
E01012271,E01012271,U
E01012302,E01012302,U
E01031203,E01031203,U
E01012285,E01012285,U
E01014275,E01014275,U
E01012272,E01012272,U
E01014276,E01014276,U
E01012303,E01012303,U
E01031204,E01031204,U
E01012199,E01012199,U
E01014257,E01014257,U
E01014277,E01014277,U
E01012273,E01012273,U
E01031239,E01031239,U
E01012200,E01012200,U
E01014279,E01014279,U
E01012274,E01012274,U
E01014258,E01014258,U
E01031240,E01031240,U
E01012201,E01012201,U
E01014273,E01014273,U
E01012248,E01012248,U
E01014259,E01014259,U
E01031241,E01031241,U
E01012202,E01012202,U
E01014278,E01014278,U
E01012250,E01012250,U
E01014260,E01014260,U
E01031242,E01031242,U
E01012203,E01012203,U
E01014280,E01014280,U
E01032542,E01032542,U
E01014264,E01014264,U
E01031219,E01031219,U
E01012270,E01012270,U
E01014297,E01014297,U
E01032543,E01032543,U
E01014357,E01014357,U
E01031220,E01031220,U
E01012228,E01012228,U
E01014296,E01014296,U
E01032544,E01032544,U
E01014358,E01014358,U
E01031221,E01031221,U
E01031222,E01031222,U
E01031223,E01031223,U
E01031224,E01031224,U
E01031197,E01031197,U
E01031198,E01031198,U
E01031199,E01031199,U
E01031200,E01031200,U
E01031201,E01031201,U
E01031210,E01031210,U
E01031211,E01031211,U
E01031183,E01031183,U
E01012230,E01012230,U
E01014359,E01014359,U
E01012194,E01012194,U
E01014298,E01014298,U
E01012233,E01012233,U
E01014360,E01014360,U
E01012195,E01012195,U
E01014300,E01014300,U
E01012236,E01012236,U
E01014261,E01014261,U
E01012258,E01012258,U
E01014302,E01014302,U
E01012237,E01012237,U
E01014262,E01014262,U
E01012259,E01012259,U
E01014338,E01014338,U
E01012227,E01012227,U
E01014263,E01014263,U
E01012268,E01012268,U
E01014341,E01014341,U
E01012231,E01012231,U
E01014333,E01014333,U
E01012187,E01012187,U
E01014342,E01014342,U
E01014334,E01014334,U
E01012188,E01012188,U
E01014343,E01014343,U
E01012232,E01012232,U
E01012189,E01012189,U
E01014344,E01014344,U
E01012234,E01012234,U
E01014331,E01014331,U
E01012205,E01012205,U
E01014363,E01014363,U
E01014332,E01014332,U
E01012219,E01012219,U
E01014364,E01014364,U
E01014335,E01014335,U
E01012251,E01012251,U
E01014365,E01014365,U
E01014336,E01014336,U
E01012252,E01012252,U
E01014369,E01014369,U
E01014337,E01014337,U
E01012253,E01012253,U
E01014299,E01014299,U
E01014354,E01014354,U
E01012254,E01012254,U
E01014301,E01014301,U
E01014355,E01014355,U
E01012204,E01012204,U
E01014303,E01014303,U
E01014356,E01014356,U
E01014304,E01014304,U
E01014361,E01014361,U
E01014362,E01014362,U
E01014241,E01014241,U
E01014233,E01014233,U
E01014242,E01014242,U
E01014234,E01014234,U
E01014239,E01014239,U
E01014240,E01014240,U
E01014308,E01014308,U
E01014309,E01014309,U
E01014311,E01014311,U
E01014313,E01014313,U
E01014321,E01014321,U
E01014366,E01014366,U
E01014367,E01014367,U
E01014368,E01014368,U
E01014305,E01014305,U
E01014243,E01014243,U
E01014244,E01014244,U
E01014245,E01014245,U
E01014248,E01014248,U
E01014214,E01014214,U
E01014215,E01014215,U
E01014216,E01014216,U
E01014265,E01014265,U
E01014267,E01014267,U
E01014272,E01014272,U
E01014246,E01014246,U
E01014266,E01014266,U
E01014268,E01014268,U
E01008880,E01008880,U
E01008701,E01008701,U
E01008704,E01008704,U
E01008706,E01008706,U
E01008707,E01008707,U
E01008756,E01008756,U
E01008730,E01008730,U
E01008762,E01008762,U
E01008812,E01008812,U
E01033076,E01033076,U
E01008731,E01034517,M
E01008726,E01008726,U
E01031184,E01031184,U
E01022384,E01022384,U
E01008700,E01008700,U
E01008732,E01008732,U
E01031215,E01031215,U
E01008723,E01008723,U
E01031185,E01031185,U
E01022359,E01022359,U
E01033443,E01033443,U
E01008703,E01008703,U
E01008795,E01008795,U
E01008733,E01008733,U
E01008734,E01008734,U
E01008740,E01008740,U
E01008781,E01008781,U
E01008782,E01008782,U
E01008783,E01008783,U
E01008784,E01008784,U
E01008785,E01008785,U
E01008835,E01008835,U
E01008823,E01008823,U
E01008824,E01008824,U
E01008825,E01008825,U
E01008826,E01008826,U
E01008827,E01008827,U
E01008828,E01008828,U
E01008829,E01008829,U
E01008739,E01008739,U
E01008741,E01008741,U
E01008779,E01008779,U
E01008780,E01008780,U
E01008799,E01008799,U
E01008861,E01008861,U
E01008862,E01008862,U
E01008863,E01008863,U
E01008864,E01008864,U
E01008865,E01008865,U
E01008866,E01008866,U
E01008773,E01008773,U
E01008776,E01008776,U
E01008777,E01008777,U
E01008778,E01008778,U
E01008809,E01008809,U
E01008803,E01008803,U
E01008804,E01008804,U
E01008805,E01008805,U
E01033077,E01033077,U
E01008763,E01008763,U
E01008764,E01008764,U
E01008766,E01008766,U
E01008768,E01008768,U
E01008769,E01008769,U
E01008772,E01008772,U
E01008774,E01008774,U
E01008775,E01008775,U
E01008802,E01008802,U
E01008808,E01008808,U
E01008793,E01008793,U
E01031216,E01031216,U
E01033445,E01033445,U
E01008725,E01008725,U
E01031186,E01031186,U
E01008727,E01008727,U
E01022360,E01022360,U
E01022378,E01022378,U
E01033446,E01033446,U
E01008797,E01034518,S
E01008705,E01008705,U
E01031187,E01031187,U
E01008728,E01008728,U
E01022361,E01022361,U
E01008831,E01008831,U
E01031188,E01031188,U
E01008797,E01034519,S
E01022379,E01022379,U
E01033448,E01033448,U
E01008792,E01008792,U
E01022362,E01022362,U
E01008834,E01008834,U
E01031208,E01031208,U
E01008800,E01008800,U
E01022380,E01034800,S
E01033449,E01033449,U
E01008698,E01008698,U
E01022363,E01022363,U
E01008810,E01008810,U
E01031217,E01031217,U
E01008801,E01008801,U
E01022380,E01034802,S
E01030155,E01030155,U
E01008837,E01008837,U
E01022364,E01022364,U
E01008811,E01008811,U
E01031218,E01031218,U
E01008765,E01008765,U
E01022412,E01034799,S
E01030185,E01030185,U
E01008838,E01008838,U
E01022351,E01022351,U
E01008813,E01008813,U
E01031249,E01031249,U
E01008767,E01008767,U
E01022412,E01034801,S
E01030203,E01030203,U
E01008839,E01008839,U
E01022352,E01022352,U
E01022353,E01022353,U
E01022413,E01022413,U
E01022385,E01022385,U
E01022386,E01022386,U
E01022387,E01022387,U
E01022388,E01022388,U
E01022372,E01022372,U
E01022373,E01022373,U
E01022374,E01022374,U
E01022375,E01022375,U
E01022381,E01022381,U
E01022415,E01022415,U
E01022416,E01022416,U
E01022417,E01022417,U
E01022418,E01022418,U
E01030201,E01030201,U
E01030219,E01030219,U
E01030222,E01030222,U
E01030154,E01030154,U
E01030172,E01030172,U
E01030173,E01030173,U
E01030174,E01030174,U
E01030176,E01030176,U
E01030186,E01030186,U
E01030208,E01030208,U
E01030209,E01030209,U
E01030210,E01030210,U
E01030212,E01030212,U
E01030152,E01030152,U
E01030153,E01030153,U
E01030187,E01030187,U
E01030188,E01030188,U
E01030189,E01030189,U
E01030193,E01030193,U
E01030194,E01030194,U
E01030195,E01030195,U
E01030220,E01030220,U
E01030175,E01030175,U
E01030200,E01030200,U
E01030221,E01030221,U
E01030199,E01030199,U
E01030211,E01030211,U
E01008840,E01008840,U
E01031250,E01035030,S
E01008841,E01008841,U
E01008814,E01008814,U
E01031250,E01035031,S
E01008770,E01008770,U
E01022354,E01022354,U
E01022390,E01022390,U
E01008757,E01008757,U
E01031251,E01031251,U
E01008771,E01008771,U
E01030179,E01030179,U
E01008712,E01008712,U
E01008720,E01008720,U
E01030180,E01030180,U
E01008817,E01008817,U
E01008721,E01008721,U
E01030183,E01030183,U
E01008819,E01008819,U
E01031252,E01031252,U
E01008796,E01008796,U
E01008758,E01008758,U
E01022391,E01022391,U
E01030184,E01030184,U
E01008821,E01008821,U
E01031253,E01031253,U
E01032483,E01032483,U
E01008759,E01008759,U
E01022392,E01022392,U
E01030207,E01030207,U
E01008822,E01008822,U
E01031228,E01031228,U
E01032484,E01032484,U
E01008761,E01008761,U
E01022376,E01022376,U
E01030181,E01030181,U
E01008842,E01008842,U
E01031229,E01031229,U
E01008750,E01008750,U
E01008702,E01008702,U
E01022396,E01022396,U
E01030190,E01030190,U
E01008708,E01008708,U
E01031230,E01035032,S
E01008751,E01008751,U
E01008735,E01008735,U
E01022397,E01022397,U
E01030191,E01030191,U
E01008709,E01008709,U
E01031230,E01035033,S
E01008752,E01008752,U
E01008736,E01008736,U
E01008737,E01008737,U
E01008738,E01008738,U
E01008836,E01008836,U
E01008845,E01008845,U
E01008846,E01008846,U
E01008847,E01008847,U
E01008850,E01034515,S
E01008850,E01034516,S
E01008851,E01008851,U
E01008760,E01008760,U
E01008830,E01008830,U
E01008832,E01008832,U
E01008833,E01008833,U
E01008843,E01008843,U
E01008844,E01008844,U
E01008848,E01008848,U
E01008849,E01008849,U
E01008852,E01008852,U
E01008867,E01008867,U
E01008868,E01008868,U
E01008869,E01008869,U
E01008870,E01008870,U
E01008871,E01008871,U
E01008872,E01008872,U
E01008729,E01034517,M
E01031231,E01031231,U
E01008711,E01008711,U
E01031236,E01031236,U
E01031238,E01031238,U
E01008820,E01034514,M
E01031225,E01031225,U
E01033075,E01034514,M
E01031227,E01031227,U
E01008786,E01008786,U
E01033250,E01033250,U
E01008787,E01008787,U
E01033251,E01033251,U
E01008788,E01008788,U
E01033252,E01033252,U
E01008789,E01008789,U
E01031232,E01031232,U
E01022398,E01022398,U
E01031233,E01031233,U
E01031234,E01031234,U
E01031235,E01031235,U
E01031237,E01031237,U
E01031189,E01031189,U
E01031190,E01031190,U
E01031191,E01031191,U
E01031192,E01031192,U
E01031248,E01031248,U
E01031194,E01031194,U
E01031205,E01031205,U
E01031206,E01031206,U
E01031207,E01031207,U
E01031247,E01031247,U
E01031196,E01031196,U
E01031212,E01035034,S
E01031212,E01035035,S
E01031212,E01035036,S
E01031245,E01031245,U
E01031246,E01031246,U
E01031193,E01031193,U
E01031209,E01031209,U
E01031214,E01031214,U
E01008753,E01008753,U
E01030192,E01030192,U
E01008790,E01008790,U
E01008791,E01008791,U
E01008755,E01008755,U
E01008855,E01008855,U
E01008856,E01008856,U
E01008876,E01008876,U
E01008714,E01008714,U
E01008877,E01008877,U
E01008715,E01008715,U
E01008693,E01008693,U
E01022355,E01022355,U
E01008716,E01008716,U
E01008694,E01008694,U
E01022356,E01022356,U
E01008695,E01008695,U
E01022357,E01022357,U
E01008717,E01008717,U
E01008696,E01008696,U
E01030198,E01030198,U
E01008697,E01008697,U
E01008749,E01008749,U
E01033442,E01033442,U
E01008699,E01008699,U
E01008754,E01008754,U
E01022358,E01022358,U
E01033444,E01033444,U
E01008853,E01008853,U
E01008718,E01008718,U
E01022377,E01022377,U
E01033447,E01033447,U
E01008854,E01008854,U
E01008719,E01008719,U
E01022389,E01022389,U
E01030196,E01030196,U
E01008857,E01008857,U
E01008742,E01008742,U
E01022400,E01022400,U
E01030197,E01030197,U
E01008858,E01008858,U
E01008747,E01008747,U
E01022401,E01022401,U
E01030204,E01030204,U
E01008859,E01008859,U
E01008748,E01008748,U
E01022402,E01022402,U
E01030205,E01030205,U
E01008860,E01008860,U
E01008743,E01008743,U
E01022403,E01022403,U
E01030206,E01030206,U
E01008878,E01008878,U
E01008744,E01008744,U
E01022404,E01022404,U
E01030171,E01030171,U
E01008873,E01008873,U
E01008745,E01008745,U
E01022365,E01034803,S
E01030214,E01030214,U
E01008874,E01008874,U
E01008746,E01008746,U
E01030215,E01030215,U
E01008875,E01008875,U
E01030763,E01030763,U
E01030216,E01030216,U
E01008879,E01008879,U
E01030764,E01030764,U
E01022365,E01034804,S
E01030217,E01030217,U
E01030765,E01030765,U
E01022399,E01022399,U
E01030218,E01030218,U
E01030809,E01030809,U
E01022410,E01022410,U
E01030158,E01030158,U
E01030810,E01030810,U
E01022411,E01022411,U
E01030159,E01030159,U
E01030811,E01030811,U
E01022414,E01022414,U
E01030164,E01030164,U
E01030757,E01030757,U
E01022393,E01022393,U
E01030166,E01030166,U
E01030758,E01030758,U
E01022394,E01022394,U
E01033450,E01033450,U
E01030759,E01030759,U
E01022395,E01022395,U
E01030160,E01030160,U
E01030760,E01030760,U
E01022408,E01022408,U
E01030161,E01030161,U
E01030778,E01030778,U
E01022409,E01022409,U
E01030168,E01030168,U
E01030779,E01030779,U
E01022366,E01022366,U
E01030169,E01030169,U
E01030780,E01030780,U
E01022367,E01022367,U
E01030170,E01030170,U
E01030781,E01030781,U
E01022368,E01022368,U
E01030786,E01030786,U
E01022369,E01022369,U
E01022370,E01022370,U
E01022371,E01022371,U
E01022405,E01022405,U
E01022406,E01022406,U
E01030162,E01030162,U
E01022407,E01022407,U
E01030787,E01030787,U
E01030163,E01030163,U
E01022350,E01022350,U
E01030165,E01030165,U
E01022382,E01022382,U
E01030167,E01030167,U
E01022383,E01022383,U
E01008713,E01008713,U
E01008722,E01008722,U
E01008724,E01008724,U
E01004142,E01034155,S
E01004142,E01034156,S
E01004149,E01004149,U
E01004101,E01004101,U
E01004103,E01004103,U
E01004138,E01004138,U
E01004139,E01004139,U
W01000821,W01000821,U
E01004168,E01004168,U
E01004143,E01004143,U
E01004148,E01004148,U
E01004159,E01004159,U
W01000822,W01000822,U
E01024557,E01024557,U
E01004160,E01004160,U
W01000794,W01000794,U
W01000770,W01000770,U
E01004131,E01004131,U
E01024558,E01024558,U
E01004161,E01004161,U
W01000797,W01000797,U
W01000771,W01000771,U
E01004134,E01004134,U
W01000845,W01000845,U
E01004097,E01004097,U
W01000798,W01000798,U
W01000849,W01000849,U
E01004135,E01004135,U
W01000846,W01000846,U
E01004098,E01004098,U
W01000799,W01000799,U
W01000850,W01001995,S
E01030788,E01030788,U
E01004105,E01004105,U
E01024572,E01024572,U
E01004136,E01004136,U
E01004164,E01004164,U
E01004166,E01004166,U
E01004169,E01004169,U
E01004186,E01004186,U
E01004188,E01034154,S
E01004188,E01034153,S
E01004127,E01004127,U
E01004163,E01004163,U
E01004165,E01004165,U
E01004167,E01004167,U
E01004187,E01004187,U
E01004117,E01004117,U
E01004121,E01004121,U
E01004192,E01004192,U
E01004193,E01004193,U
E01004195,E01004195,U
E01004144,E01004144,U
E01004145,E01004145,U
E01004146,E01004146,U
E01004147,E01004147,U
E01004116,E01004116,U
E01004122,E01004122,U
E01004190,E01004190,U
E01004191,E01004191,U
E01004194,E01004194,U
E01004196,E01004196,U
E01004115,E01004115,U
E01004118,E01004118,U
E01004119,E01004119,U
E01004132,E01004132,U
E01004133,E01004133,U
E01004171,E01004171,U
E01004172,E01004172,U
E01004173,E01004173,U
E01004175,E01004175,U
E01004176,E01004176,U
E01004076,E01004076,U
E01004077,E01004077,U
E01004078,E01004078,U
E01004079,E01004079,U
E01004080,E01004080,U
E01004081,E01004081,U
E01004082,E01004082,U
E01004137,E01004137,U
E01004140,E01004140,U
E01004141,E01004141,U
W01000830,W01000830,U
W01000850,W01001996,S
E01030801,E01030801,U
W01000847,W01000847,U
E01004106,E01004106,U
E01024573,E01024573,U
E01004099,E01004099,U
W01000832,W01000832,U
E01024575,E01024575,U
E01004154,E01004154,U
W01000848,W01000848,U
W01000851,W01000851,U
E01030802,E01030802,U
E01004100,E01004100,U
W01000833,W01000833,U
W01000852,W01000852,U
W01000750,W01000750,U
E01030796,E01030796,U
E01004084,E01004084,U
E01024554,E01024554,U
E01004102,E01004102,U
W01000834,W01000834,U
W01000853,W01000853,U
W01000751,W01000751,U
E01030797,E01030797,U
E01004085,E01004085,U
E01024561,E01024561,U
E01004110,E01004110,U
W01000836,W01000836,U
W01000854,W01000854,U
W01000855,W01000855,U
W01000856,W01000856,U
W01000857,W01000857,U
W01000781,W01000781,U
W01000782,W01000782,U
W01001956,W01001956,U
W01000747,W01000747,U
W01000868,W01000868,U
W01000869,W01000869,U
W01000870,W01000870,U
W01000872,W01000872,U
W01000874,W01000874,U
W01000745,W01000745,U
W01000746,W01000746,U
W01001938,W01001997,M
W01001955,W01001955,U
W01001957,W01001997,M
W01001958,W01001958,U
W01000749,W01000749,U
W01000871,W01000871,U
W01000873,W01000873,U
W01000875,W01000875,U
W01000876,W01000876,U
W01000858,W01000858,U
W01000859,W01000859,U
W01000860,W01000860,U
W01000861,W01000861,U
W01000736,W01000736,U
W01000737,W01000737,U
W01000804,W01000804,U
W01000805,W01000805,U
W01000879,W01000879,U
W01000880,W01000880,U
W01000881,W01000881,U
W01000882,W01000882,U
W01000775,W01000775,U
W01000776,W01000776,U
W01000839,W01000839,U
W01000840,W01000840,U
W01000823,W01000823,U
W01000824,W01000824,U
E01004111,E01004111,U
E01024567,E01035307,S
E01004108,E01004108,U
E01030798,E01030798,U
E01004112,E01004112,U
W01000759,W01000759,U
E01024567,E01035305,S
W01000777,W01000777,U
W01000752,W01000752,U
E01004120,E01004120,U
E01024568,E01035306,S
E01030799,E01030799,U
E01004109,E01004109,U
W01000778,W01000778,U
W01000753,W01000753,U
E01004157,E01004157,U
E01024568,E01035304,S
E01030800,E01030800,U
E01004093,E01004093,U
W01000779,W01000779,U
W01000754,W01000754,U
E01004087,E01004087,U
E01024582,E01024582,U
E01030761,E01030761,U
E01004094,E01004094,U
W01000760,W01000760,U
W01000803,W01000803,U
E01004170,E01004170,U
E01024559,E01024559,U
E01030762,E01030762,U
W01000761,W01000761,U
W01000806,W01000806,U
E01004174,E01004174,U
E01024584,E01024584,U
E01030806,E01030806,U
W01000762,W01000762,U
W01000807,W01000807,U
E01004178,E01004178,U
E01030807,E01030807,U
E01024590,E01024590,U
E01004095,E01004095,U
W01000831,W01000831,U
W01000808,W01000808,U
E01004179,E01004179,U
E01030808,E01030808,U
E01024599,E01024599,U
E01004114,E01004114,U
W01000835,W01000835,U
W01000810,W01000810,U
E01004152,E01004152,U
E01030774,E01030774,U
E01024608,E01024608,U
E01032623,E01032623,U
W01000738,W01000738,U
W01000815,W01000815,U
E01004155,E01004155,U
E01030775,E01030775,U
E01024591,E01024591,U
E01024609,E01024609,U
W01000739,W01000739,U
W01000816,W01000816,U
E01004156,E01004156,U
E01030776,E01030776,U
E01024592,E01024592,U
E01024610,E01024610,U
W01000740,W01000740,U
W01000791,W01000791,U
E01004158,E01004158,U
E01030777,E01030777,U
E01024593,E01024593,U
E01024611,E01024611,U
W01000741,W01000741,U
W01000792,W01000792,U
E01004162,E01004162,U
E01030793,E01030793,U
E01024600,E01024600,U
E01024612,E01024612,U
E01004083,E01004083,U
W01000763,W01000763,U
W01000793,W01000793,U
E01004086,E01004086,U
E01030794,E01030794,U
E01024601,E01024601,U
E01024613,E01024613,U
W01000764,W01000764,U
E01004088,E01004088,U
W01000837,W01000837,U
E01024614,E01024614,U
E01024560,E01024560,U
E01030795,E01030795,U
W01000765,W01000765,U
E01004089,E01004089,U
W01000838,W01000838,U
E01024615,E01024615,U
E01024562,E01024562,U
E01030803,E01030803,U
W01000766,W01000766,U
E01004182,E01004182,U
W01000773,W01001991,S
E01024616,E01024616,U
E01024569,E01024569,U
E01030804,E01030804,U
W01000767,W01000767,U
E01004104,E01004104,U
W01000773,W01001992,S
E01024585,E01024585,U
E01024630,E01024630,U
E01030805,E01030805,U
W01000742,W01000742,U
E01004107,E01004107,U
W01000774,W01000774,U
E01024587,E01024587,U
E01024632,E01024632,U
E01030789,E01030789,U
W01000744,W01000744,U
E01004177,E01004177,U
W01000841,W01000841,U
E01024588,E01024588,U
E01024606,E01024606,U
E01030790,E01030790,U
W01000787,W01000787,U
E01004180,E01004180,U
W01000842,W01000842,U
E01024589,E01024589,U
E01024628,E01024628,U
E01024629,E01024629,U
E01024631,E01024631,U
E01032735,E01032735,U
E01032737,E01032737,U
E01024564,E01024564,U
E01024603,E01024603,U
E01024604,E01024604,U
E01024605,E01024605,U
E01024626,E01024626,U
E01024627,E01024627,U
E01024551,E01024551,U
E01024552,E01024552,U
E01024553,E01024553,U
E01024563,E01024563,U
E01024602,E01024602,U
E01024625,E01024625,U
E01024565,E01024565,U
E01024566,E01024566,U
E01024622,E01024622,U
E01024623,E01024623,U
E01024624,E01024624,U
E01024555,E01024555,U
E01024556,E01024556,U
W01000788,W01000788,U
W01000843,W01000843,U
E01004181,E01004181,U
W01000789,W01000789,U
W01000844,W01000844,U
E01004090,E01004090,U
W01000790,W01000790,U
W01000795,W01000795,U
E01004096,E01004096,U
E01024595,E01024595,U
W01000755,W01000755,U
E01030791,E01030791,U
W01000796,W01001993,S
E01004150,E01004150,U
E01024598,E01024598,U
W01000756,W01000756,U
E01030792,E01030792,U
W01000796,W01001994,S
E01004151,E01004151,U
E01024619,E01024619,U
W01000757,W01000757,U
E01030766,E01030766,U
W01000800,W01000800,U
E01004153,E01004153,U
E01024621,E01024621,U
E01030767,E01030767,U
W01000801,W01000801,U
E01004091,E01004091,U
E01032653,E01032653,U
W01000784,W01000784,U
E01032654,E01035299,S
E01030768,E01030768,U
W01000785,W01000785,U
E01004092,E01004092,U
E01032654,E01035298,S
W01000758,W01000758,U
E01030769,E01030769,U
W01000786,W01000786,U
E01024594,E01024594,U
W01000772,W01000772,U
E01030770,E01030770,U
W01000802,W01000802,U
E01024596,E01024596,U
W01000828,W01000828,U
E01030771,E01030771,U
W01000877,W01000877,U
E01024597,E01024597,U
W01000829,W01000829,U
E01030772,E01030772,U
W01000878,W01000878,U
E01024620,E01024620,U
W01000862,W01000862,U
E01030773,E01030773,U
W01000809,W01000809,U
E01024580,E01024580,U
W01000863,W01000863,U
E01030782,E01030782,U
W01000811,W01000811,U
E01024581,E01024581,U
W01000864,W01000864,U
E01030783,E01030783,U
W01000812,W01000812,U
E01024586,E01024586,U
W01000865,W01000865,U
E01030784,E01030784,U
W01000813,W01000813,U
E01024618,E01035300,S
W01000866,W01000866,U
E01030785,E01030785,U
W01000814,W01000814,U
W01000867,W01000867,U
E01004125,E01004125,U
W01000817,W01000817,U
E01004183,E01004183,U
E01024618,E01035301,S
W01000768,W01000768,U
W01000818,W01000818,U
E01004184,E01004184,U
E01024576,E01024576,U
W01000769,W01000769,U
W01000819,W01000819,U
E01004185,E01004185,U
E01024577,E01024577,U
W01000820,W01000820,U
E01004189,E01004189,U
E01024578,E01024578,U
E01004123,E01004123,U
E01024579,E01035302,S
E01004124,E01004124,U
E01024579,E01035303,S
E01004126,E01004126,U
E01024583,E01024583,U
E01004128,E01004128,U
E01032655,E01032655,U
E01004129,E01004129,U
E01032656,E01032656,U
E01004130,E01004130,U
E01024570,E01024570,U
E01024571,E01024571,U
E01032706,E01032706,U
E01032707,E01032707,U
E01015501,E01015501,U
E01015502,E01015502,U
E01015503,E01015503,U
E01015569,E01015569,U
E01015570,E01015570,U
E01015571,E01015571,U
E01015487,E01015487,U
E01015488,E01015488,U
E01015489,E01015489,U
E01015490,E01015490,U
E01015491,E01015491,U
E01015492,E01015492,U
E01015533,E01015533,U
E01015534,E01015534,U
E01015535,E01015535,U
E01015536,E01033847,S
E01015536,E01033848,S
E01015583,E01033849,S
E01015583,E01033850,S
E01015584,E01015584,U
E01015585,E01015585,U
E01015586,E01015586,U
E01015587,E01015587,U
E01015588,E01015588,U
E01015525,E01015525,U
E01032700,E01032700,U
E01032703,E01032703,U
E01032705,E01032705,U
E01032709,E01032709,U
E01032713,E01032713,U
E01032701,E01032701,U
E01032702,E01032702,U
E01032704,E01032704,U
E01032711,E01032711,U
E01032712,E01032712,U
E01015471,E01015471,U
E01015472,E01033861,S
E01015472,E01033860,S
E01015512,E01015512,U
E01015518,E01015518,U
E01032710,E01032710,U
E01006053,E01006053,U
E01006054,E01006054,U
E01006055,E01006055,U
E01006057,E01006057,U
E01006058,E01006058,U
E01006059,E01006059,U
E01005938,E01005938,U
E01029841,E01029841,U
E01005950,E01005950,U
E01015562,E01015562,U
W01000825,W01000825,U
E01005939,E01005939,U
E01030851,E01030851,U
E01006051,E01006051,U
E01029823,E01029823,U
E01005985,E01005985,U
E01005940,E01005940,U
W01000826,W01000826,U
E01015563,E01015563,U
E01005951,E01005951,U
E01029831,E01029831,U
E01030861,E01030861,U
E01005987,E01005987,U
E01005955,E01005955,U
W01000827,W01000827,U
E01015565,E01015565,U
E01005952,E01033949,S
E01029832,E01029832,U
E01030820,E01030820,U
E01015566,E01015566,U
E01005988,E01005988,U
E01006056,E01006056,U
E01015519,E01015519,U
E01005990,E01005990,U
E01015578,E01015578,U
E01005952,E01033950,S
E01029834,E01029834,U
E01030847,E01030847,U
E01005953,E01005953,U
E01015579,E01015579,U
E01030848,E01030848,U
E01005961,E01005961,U
E01029844,E01029844,U
E01005991,E01005991,U
E01015581,E01015581,U
E01015520,E01015520,U
E01030831,E01030831,U
E01006061,E01006061,U
E01005962,E01005962,U
E01029833,E01029833,U
E01005971,E01005971,U
E01015582,E01015582,U
E01015521,E01015521,U
E01030832,E01030832,U
E01006062,E01006062,U
E01005968,E01005968,U
E01029837,E01029837,U
E01005986,E01005986,U
E01032708,E01032708,U
E01015522,E01015522,U
E01030836,E01030836,U
E01006063,E01006063,U
E01005969,E01005969,U
E01029838,E01029838,U
E01005989,E01005989,U
E01032716,E01032716,U
E01015523,E01015523,U
E01030837,E01030837,U
E01005936,E01005936,U
E01006022,E01006022,U
E01029839,E01029839,U
E01005992,E01005992,U
E01015481,E01015481,U
E01015524,E01015524,U
E01030838,E01030838,U
E01005937,E01005937,U
E01006023,E01006023,U
E01006070,E01006070,U
E01006071,E01006071,U
E01006072,E01006072,U
E01006009,E01006009,U
E01006017,E01006017,U
E01006018,E01006018,U
E01006021,E01006021,U
E01006008,E01006008,U
E01006010,E01006010,U
E01006012,E01006012,U
E01006015,E01006015,U
E01006016,E01006016,U
E01006011,E01006011,U
E01006013,E01006013,U
E01006014,E01006014,U
E01006019,E01006019,U
E01006020,E01006020,U
E01005963,E01005963,U
E01005964,E01005964,U
E01005965,E01005965,U
E01005966,E01005966,U
E01005967,E01005967,U
E01006031,E01006031,U
E01006032,E01006032,U
E01006033,E01006033,U
E01006034,E01006034,U
E01006035,E01006035,U
E01006036,E01006036,U
E01005970,E01005970,U
E01005972,E01005972,U
E01005974,E01005974,U
E01005975,E01005975,U
E01006024,E01006024,U
E01006026,E01006026,U
E01006037,E01006037,U
E01006038,E01006038,U
E01006047,E01006047,U
E01006048,E01006048,U
E01006049,E01006049,U
E01029825,E01029825,U
E01005945,E01005945,U
E01015482,E01015482,U
E01029826,E01029826,U
E01030839,E01030839,U
E01005946,E01005946,U
E01015483,E01015483,U
E01029827,E01029827,U
E01029828,E01029828,U
E01029830,E01029830,U
E01029840,E01029840,U
E01029842,E01029842,U
E01029843,E01029843,U
E01029845,E01029845,U
E01029859,E01029859,U
E01029855,E01029855,U
E01029856,E01029856,U
E01029857,E01029857,U
E01029858,E01029858,U
E01029865,E01029865,U
E01029860,E01029860,U
E01029861,E01029861,U
E01029862,E01029862,U
E01029863,E01029863,U
E01029864,E01029864,U
E01029829,E01029829,U
E01029867,E01029867,U
E01029868,E01029868,U
E01029869,E01029869,U
E01032901,E01032901,U
E01032902,E01032902,U
E01030855,E01030855,U
E01030856,E01030856,U
E01030859,E01030859,U
E01030860,E01035363,S
E01030860,E01035364,S
E01030844,E01030844,U
E01030845,E01030845,U
E01030846,E01030846,U
E01030857,E01030857,U
E01030858,E01030858,U
E01030828,E01030828,U
E01030829,E01030829,U
E01030830,E01030830,U
E01030850,E01030850,U
E01015543,E01015543,U
E01005973,E01005973,U
E01015544,E01015544,U
E01015484,E01015484,U
E01005947,E01005947,U
E01015545,E01015545,U
E01005976,E01005976,U
E01015485,E01015485,U
E01005954,E01005954,U
E01015546,E01015546,U
E01030840,E01030840,U
E01015486,E01015486,U
E01005956,E01005956,U
E01015513,E01015513,U
E01005957,E01005957,U
E01015514,E01015514,U
E01005958,E01005958,U
E01015515,E01015515,U
E01005959,E01005959,U
E01015516,E01015516,U
E01005933,E01005933,U
E01015517,E01015517,U
E01005934,E01005934,U
E01015555,E01015555,U
E01005935,E01005935,U
E01015556,E01015556,U
E01005949,E01005949,U
E01015557,E01015557,U
E01015561,E01015561,U
E01005977,E01005977,U
E01005960,E01005960,U
E01015558,E01015558,U
E01015564,E01015564,U
E01005978,E01005978,U
E01005941,E01005941,U
E01015559,E01015559,U
E01030841,E01030841,U
E01015567,E01015567,U
E01006025,E01006025,U
E01005942,E01005942,U
E01015560,E01015560,U
E01030842,E01030842,U
E01015568,E01015568,U
E01006027,E01006027,U
E01005943,E01005943,U
E01015526,E01015526,U
E01030843,E01030843,U
E01015475,E01015475,U
E01006050,E01006050,U
E01005944,E01005944,U
E01015528,E01015528,U
E01030812,E01030812,U
E01015476,E01033845,S
E01006052,E01006052,U
E01006060,E01006060,U
E01015529,E01015529,U
E01030813,E01030813,U
E01015476,E01033846,S
E01006028,E01006028,U
E01006064,E01006064,U
E01006065,E01006065,U
E01006066,E01006066,U
E01006067,E01006067,U
E01006068,E01006068,U
E01006069,E01006069,U
E01006073,E01006073,U
E01005993,E01005993,U
E01005995,E01005995,U
E01005996,E01005996,U
E01005997,E01005997,U
E01006000,E01006000,U
E01005994,E01005994,U
E01005999,E01005999,U
E01006002,E01006002,U
E01006004,E01006004,U
E01006005,E01006005,U
E01006007,E01006007,U
E01005998,E01005998,U
E01006001,E01006001,U
E01006003,E01006003,U
E01006006,E01006006,U
E01005948,E01005948,U
E01030814,E01030814,U
E01030815,E01030815,U
E01030824,E01030824,U
E01030825,E01030825,U
E01030826,E01030826,U
E01006029,E01006029,U
E01030827,E01030827,U
E01006030,E01006030,U
E01030821,E01030821,U
E01006039,E01006039,U
E01030822,E01030822,U
E01006040,E01006040,U
E01030833,E01030833,U
E01006041,E01006041,U
E01030834,E01030834,U
E01015477,E01015477,U
E01005979,E01005979,U
E01030835,E01030835,U
E01015530,E01015530,U
E01015480,E01015480,U
E01005980,E01005980,U
E01030816,E01030816,U
E01015506,E01015506,U
E01015538,E01015538,U
E01015572,E01015572,U
E01015573,E01015573,U
E01015575,E01015575,U
E01015479,E01015479,U
E01015493,E01015493,U
E01015574,E01015574,U
E01015576,E01015576,U
E01015499,E01015499,U
E01015500,E01015500,U
E01015504,E01015504,U
E01015505,E01015505,U
E01015494,E01015494,U
E01015496,E01015496,U
E01015497,E01015497,U
E01032714,E01032714,U
E01032715,E01032715,U
E01015537,E01015537,U
E01015539,E01015539,U
E01015540,E01015540,U
E01015541,E01015541,U
E01015542,E01015542,U
E01015478,E01015478,U
E01015498,E01015498,U
E01015532,E01015532,U
E01030817,E01030817,U
E01015507,E01015507,U
E01005981,E01005981,U
E01030818,E01030818,U
E01015527,E01015527,U
E01005982,E01005982,U
E01030819,E01030819,U
E01015580,E01015580,U
E01005983,E01005983,U
E01030823,E01030823,U
E01015473,E01015473,U
E01005984,E01005984,U
E01030852,E01030852,U
E01015474,E01033840,S
E01006042,E01006042,U
E01030853,E01030853,U
E01015474,E01033841,S
E01006043,E01006043,U
E01030854,E01030854,U
E01015474,E01033842,S
E01006044,E01006044,U
E01032571,E01032571,U
E01015474,E01033843,S
E01029258,E01029258,U
E01015474,E01033844,S
E01029259,E01029259,U
E01015547,E01015547,U
E01029260,E01029260,U
E01015548,E01015548,U
E01029268,E01029268,U
E01015549,E01015549,U
E01029276,E01029276,U
E01015550,E01015550,U
E01029278,E01029278,U
E01015551,E01015551,U
E01029290,E01029290,U
E01015552,E01015552,U
E01029306,E01029306,U
E01015553,E01015553,U
E01029319,E01029319,U
E01015554,E01015554,U
E01029267,E01029267,U
E01015508,E01015508,U
E01029320,E01029320,U
E01015509,E01015509,U
E01029321,E01029321,U
E01015510,E01015510,U
E01029297,E01029297,U
E01015511,E01015511,U
E01006045,E01006045,U
E01006046,E01006046,U
E01029846,E01029846,U
E01029847,E01029847,U
E01029848,E01029848,U
E01029852,E01029852,U
E01029853,E01029853,U
E01029854,E01029854,U
E01029835,E01029835,U
E01029836,E01029836,U
E01029849,E01029849,U
E01029850,E01029850,U
E01029851,E01029851,U
E01029820,E01029820,U
E01029821,E01029821,U
E01029822,E01029822,U
E01029824,E01029824,U
E01023182,E01023182,U
E01023153,E01023153,U
E01023154,E01023154,U
E01023156,E01023156,U
E01023157,E01023157,U
E01023205,E01023205,U
E01023155,E01035453,S
E01023155,E01035454,S
E01023155,E01035455,S
E01023155,E01035456,S
E01023155,E01035457,S
E01023201,E01035458,S
E01023201,E01035459,S
E01023201,E01035460,S
E01023201,E01035461,S
E01023201,E01035462,S
E01023202,E01023202,U
E01023215,E01023215,U
E01029314,E01035131,S
E01023219,E01023219,U
E01023179,E01023179,U
E01023183,E01023183,U
E01023190,E01023190,U
E01029314,E01035132,S
E01023203,E01023203,U
E01029315,E01029315,U
E01023204,E01023204,U
E01029261,E01029261,U
E01029270,E01029270,U
E01023180,E01023180,U
E01029295,E01029295,U
E01023186,E01023186,U
E01029296,E01029296,U
E01023189,E01023189,U
E01020243,E01020243,U
E01023196,E01023196,U
E01020262,E01020262,U
E01032870,E01032870,U
E01020263,E01020263,U
E01020264,E01020264,U
E01014185,E01014185,U
E01014135,E01014135,U
E01032871,E01032871,U
E01023187,E01023187,U
E01023188,E01023188,U
E01023216,E01023216,U
E01023217,E01023217,U
E01023218,E01023218,U
E01023159,E01023159,U
E01023195,E01023195,U
E01023197,E01023197,U
E01023198,E01023198,U
E01023160,E01023160,U
E01023168,E01023168,U
E01023178,E01023178,U
E01023166,E01023166,U
E01023167,E01023167,U
E01023177,E01023177,U
E01023184,E01023184,U
E01023185,E01023185,U
E01023174,E01023174,U
E01023175,E01023175,U
E01023176,E01023176,U
E01022012,E01022012,U
E01029298,E01029298,U
E01014159,E01014159,U
E01014186,E01014186,U
E01014160,E01014160,U
E01020269,E01020269,U
E01020274,E01020274,U
E01029304,E01029304,U
E01014187,E01014187,U
E01014175,E01014175,U
E01014161,E01014161,U
E01021967,E01021967,U
E01020271,E01020271,U
E01020240,E01020240,U
E01029305,E01029305,U
E01014188,E01014188,U
E01014176,E01014176,U
E01014162,E01014162,U
E01021983,E01021983,U
E01020272,E01020272,U
E01020241,E01020241,U
E01014150,E01014150,U
E01029307,E01029307,U
E01014151,E01014151,U
E01014177,E01014177,U
E01014115,E01014115,U
E01021993,E01021993,U
E01020200,E01020200,U
E01020242,E01020242,U
E01022053,E01022053,U
E01020244,E01020244,U
E01014178,E01014178,U
E01021984,E01021984,U
E01014152,E01014152,U
E01020245,E01020245,U
E01014116,E01014116,U
E01029271,E01029271,U
E01020201,E01020201,U
E01014111,E01014111,U
E01022039,E01022039,U
E01014153,E01014153,U
E01020205,E01020205,U
E01014117,E01014117,U
E01029273,E01029273,U
E01020251,E01020251,U
E01014167,E01014167,U
E01022040,E01022040,U
E01014154,E01014154,U
E01020258,E01020258,U
E01014118,E01014118,U
E01029274,E01029274,U
E01020260,E01020260,U
E01014168,E01014168,U
E01022041,E01022041,U
E01014155,E01014155,U
E01020259,E01020259,U
E01021997,E01021997,U
E01029275,E01029275,U
E01020261,E01020261,U
E01020208,E01020208,U
E01020209,E01020209,U
E01020210,E01020210,U
E01020219,E01020219,U
E01020191,E01020191,U
E01020194,E01020194,U
E01020207,E01034167,S
E01020207,E01034168,S
E01020256,E01020256,U
E01020211,E01020211,U
E01020217,E01020217,U
E01020218,E01020218,U
E01020224,E01020224,U
E01020216,E01020216,U
E01020225,E01020225,U
E01020226,E01020226,U
E01020227,E01020227,U
E01020212,E01020212,U
E01020213,E01020213,U
E01020214,E01020214,U
E01020215,E01020215,U
E01020195,E01020195,U
E01020196,E01020196,U
E01020197,E01020197,U
E01020198,E01020198,U
E01020199,E01020199,U
E01020246,E01020246,U
E01020247,E01020247,U
E01020248,E01020248,U
E01020249,E01020249,U
E01020192,E01020192,U
E01020193,E01020193,U
E01020238,E01020238,U
E01020239,E01020239,U
E01014171,E01014171,U
E01014172,E01014172,U
E01014173,E01014173,U
E01014174,E01014174,U
E01014112,E01014112,U
E01014131,E01014131,U
E01014132,E01014132,U
E01014170,E01014170,U
E01021979,E01021979,U
E01029279,E01029279,U
E01020273,E01020273,U
E01014125,E01014125,U
E01021998,E01021998,U
E01020203,E01020203,U
E01029282,E01029282,U
E01021980,E01021980,U
E01014181,E01014181,U
E01021981,E01021981,U
E01020206,E01020206,U
E01014182,E01014182,U
E01021982,E01021982,U
E01029291,E01029291,U
E01014126,E01014126,U
E01021999,E01021999,U
E01020220,E01020220,U
E01014183,E01014183,U
E01022046,E01022046,U
E01029294,E01029294,U
E01014127,E01014127,U
E01022001,E01022001,U
E01020221,E01020221,U
E01014184,E01014184,U
E01022008,E01022008,U
E01029317,E01029317,U
E01014128,E01014128,U
E01022000,E01022000,U
E01020222,E01020222,U
E01014146,E01035082,S
E01022033,E01022033,U
E01029318,E01035127,S
E01014169,E01014169,U
E01022006,E01022006,U
E01020223,E01020223,U
E01014146,E01035083,S
E01022034,E01022034,U
E01029318,E01035128,S
E01014129,E01014129,U
E01022007,E01022007,U
E01020229,E01034165,S
E01014147,E01035081,S
E01022035,E01022035,U
E01033051,E01033051,U
E01029285,E01029285,U
E01014130,E01014130,U
E01021978,E01021978,U
E01020229,E01034166,S
E01014147,E01035079,S
E01021975,E01021975,U
E01014147,E01035080,S
E01014179,E01014179,U
E01020230,E01020230,U
E01021976,E01021976,U
E01014156,E01035076,S
E01022013,E01022013,U
E01029287,E01029287,U
E01014180,E01014180,U
E01020231,E01020231,U
E01021977,E01021977,U
E01014156,E01035077,S
E01022014,E01022014,U
E01029288,E01029288,U
E01014189,E01014189,U
E01020232,E01020232,U
E01022022,E01022022,U
E01014156,E01035078,S
E01022015,E01022015,U
E01029289,E01029289,U
E01014190,E01014190,U
E01020228,E01020228,U
E01022044,E01022044,U
E01014157,E01014157,U
E01022019,E01022019,U
E01029299,E01029299,U
E01014102,E01014102,U
E01020233,E01020233,U
E01022042,E01022042,U
E01014158,E01014158,U
E01022020,E01022020,U
E01029300,E01029300,U
E01020234,E01020234,U
E01014103,E01014103,U
E01020235,E01020235,U
E01022043,E01022043,U
E01014124,E01014124,U
E01022021,E01022021,U
E01029256,E01029256,U
E01014138,E01014138,U
E01014163,E01014163,U
E01020202,E01020202,U
E01029257,E01029257,U
E01021991,E01021991,U
E01014140,E01014140,U
E01022048,E01022048,U
E01014164,E01014164,U
E01020204,E01020204,U
E01029277,E01029277,U
E01021992,E01021992,U
E01014205,E01014205,U
E01022049,E01022049,U
E01014165,E01014165,U
E01020236,E01020236,U
E01032651,E01032651,U
E01022002,E01022002,U
E01014206,E01014206,U
E01022050,E01022050,U
E01014166,E01014166,U
E01020237,E01020237,U
E01032652,E01032652,U
E01022004,E01022004,U
E01014207,E01014207,U
E01022023,E01022023,U
E01014191,E01014191,U
E01020265,E01020265,U
E01029280,E01029280,U
E01022005,E01022005,U
E01014208,E01014208,U
E01022024,E01022024,U
E01014192,E01014192,U
E01014193,E01014193,U
E01014194,E01014194,U
E01014195,E01014195,U
E01014196,E01014196,U
E01014119,E01014119,U
E01014120,E01014120,U
E01014121,E01014121,U
E01014122,E01014122,U
E01014123,E01014123,U
E01014106,E01014106,U
E01014107,E01014107,U
E01014108,E01014108,U
E01014109,E01014109,U
E01014110,E01014110,U
E01014197,E01014197,U
E01014198,E01014198,U
E01014199,E01014199,U
E01014200,E01014200,U
E01014201,E01014201,U
E01020266,E01020266,U
E01022030,E01022030,U
E01022028,E01022028,U
E01020267,E01020267,U
E01022031,E01022031,U
E01021971,E01021971,U
E01020268,E01020268,U
E01022032,E01022032,U
E01021972,E01021972,U
E01020270,E01020270,U
E01029281,E01029281,U
E01021970,E01021970,U
E01022051,E01022051,U
E01014209,E01014209,U
E01020250,E01020250,U
E01029283,E01029283,U
E01022025,E01022025,U
E01022052,E01022052,U
E01021985,E01021985,U
E01021986,E01021986,U
E01022054,E01022054,U
E01022055,E01022055,U
E01022056,E01022056,U
E01021973,E01021973,U
E01021974,E01021974,U
E01022016,E01022016,U
E01022017,E01022017,U
E01022018,E01022018,U
E01021987,E01021987,U
E01021994,E01021994,U
E01021995,E01021995,U
E01021996,E01021996,U
E01022009,E01022009,U
E01022010,E01022010,U
E01022011,E01022011,U
E01014137,E01014137,U
E01020252,E01020252,U
E01014139,E01014139,U
E01020253,E01020253,U
E01022026,E01022026,U
E01029292,E01029292,U
E01014141,E01035073,S
E01020254,E01020254,U
E01022027,E01022027,U
E01029293,E01029293,U
E01014141,E01035074,S
E01020255,E01020255,U
E01021968,E01021968,U
E01029266,E01029266,U
E01014141,E01035075,S
E01020257,E01020257,U
E01021969,E01021969,U
E01029284,E01029284,U
E01014142,E01014142,U
E01022036,E01022036,U
E01029286,E01029286,U
E01014143,E01014143,U
E01022037,E01022037,U
E01022038,E01022038,U
E01021988,E01021988,U
E01021989,E01021989,U
E01021990,E01021990,U
E01022045,E01022045,U
E01022047,E01022047,U
E01023165,E01023165,U
E01023169,E01023169,U
E01023181,E01023181,U
E01014136,E01014136,U
E01014148,E01014148,U
E01014149,E01014149,U
E01014202,E01014202,U
E01014203,E01014203,U
E01014204,E01014204,U
E01014104,E01014104,U
E01014105,E01014105,U
E01014113,E01014113,U
E01014114,E01014114,U
E01014133,E01014133,U
E01014134,E01014134,U
E01014144,E01014144,U
E01014145,E01014145,U
E01029301,E01029301,U
E01029303,E01029303,U
E01029263,E01029263,U
E01029264,E01029264,U
E01029265,E01029265,U
E01029302,E01029302,U
E01029308,E01029308,U
E01029309,E01035129,S
E01029309,E01035130,S
E01029311,E01029311,U
E01029312,E01029312,U
E01029313,E01029313,U
E01029316,E01029316,U
E01029262,E01029262,U
E01029269,E01029269,U
E01029310,E01029310,U
E01024661,E01024661,U
E01024664,E01024664,U
E01024665,E01024665,U
E01024694,E01024694,U
E01024696,E01024696,U
E01024672,E01024672,U
E01024673,E01024673,U
E01023207,E01023207,U
E01024674,E01024674,U
E01024711,E01024711,U
E01024712,E01024712,U
E01024633,E01024633,U
E01023208,E01023208,U
E01015958,E01015958,U
W01001092,W01001092,U
W01001066,W01001066,U
E01024634,E01024634,U
E01023209,E01023209,U
E01015993,E01015993,U
W01001094,W01001094,U
E01022453,E01022453,U
W01001073,W01001073,U
E01024662,E01024662,U
E01023150,E01023150,U
E01023840,E01023840,U
E01015994,E01015994,U
W01001095,W01001095,U
E01024701,E01035318,S
E01022432,E01022432,U
E01023802,E01023802,U
E01024663,E01024663,U
E01023151,E01023151,U
E01023841,E01023841,U
E01015995,E01015995,U
W01001096,W01001096,U
E01024701,E01035319,S
E01022433,E01022433,U
E01023803,E01023803,U
E01024666,E01024666,U
E01023152,E01023152,U
E01023849,E01023849,U
E01015996,E01015996,U
W01001097,W01001097,U
E01024702,E01024702,U
E01022435,E01034812,S
E01022435,E01034813,S
E01022435,E01034815,S
E01022436,E01034811,S
E01022436,E01034814,S
E01022437,E01022437,U
E01022438,E01022438,U
E01022439,E01022439,U
E01022440,E01022440,U
E01022442,E01022442,U
E01022443,E01022443,U
E01022444,E01022444,U
E01022425,E01022425,U
E01022426,E01022426,U
E01022427,E01022427,U
E01022428,E01022428,U
E01022429,E01022429,U
E01022430,E01022430,U
E01022431,E01022431,U
E01022447,E01022447,U
E01022420,E01034805,S
E01022420,E01034806,S
E01022448,E01022448,U
E01022454,E01022454,U
E01022421,E01022421,U
E01022422,E01034809,S
E01022422,E01034810,S
E01022423,E01022423,U
E01022424,E01022424,U
E01022446,E01034807,S
E01022446,E01034808,S
E01024657,E01024657,U
E01024658,E01024658,U
E01024659,E01024659,U
E01024660,E01024660,U
E01024678,E01035316,S
E01024678,E01035317,S
E01024653,E01024653,U
E01024654,E01024654,U
E01024655,E01024655,U
E01024656,E01024656,U
E01024675,E01024675,U
E01024676,E01024676,U
E01024677,E01024677,U
E01024695,E01024695,U
E01024697,E01024697,U
E01024710,E01024710,U
E01024703,E01024703,U
E01023804,E01023804,U
W01001114,W01001114,U
E01023206,E01023206,U
E01015963,E01015963,U
E01023807,E01023807,U
E01024704,E01024704,U
E01023158,E01023158,U
W01001115,W01001115,U
E01023806,E01023806,U
E01024641,E01024641,U
E01015964,E01015964,U
E01023808,E01035600,S
W01001131,W01001131,U
E01024713,E01024713,U
E01023191,E01023191,U
E01023842,E01023842,U
E01024645,E01024645,U
E01015965,E01015965,U
E01023808,E01035601,S
W01001132,W01001132,U
E01024714,E01024714,U
E01023192,E01023192,U
E01023843,E01023843,U
E01024647,E01024647,U
E01015966,E01015966,U
E01023829,E01023829,U
W01001133,W01001133,U
E01024715,E01024715,U
E01023193,E01023193,U
E01023844,E01023844,U
E01024668,E01024668,U
E01015933,E01015933,U
E01023830,E01023830,U
W01001134,W01001134,U
E01024716,E01024716,U
E01023194,E01023194,U
E01015943,E01015943,U
E01024670,E01024670,U
E01015934,E01015934,U
E01023832,E01023832,U
W01001067,W01001067,U
E01024636,E01024636,U
E01023200,E01023200,U
E01015944,E01015944,U
E01024681,E01024681,U
E01015935,E01015935,U
E01023833,E01035602,S
W01001068,W01001068,U
W01001070,W01001070,U
W01001071,W01001071,U
W01001072,W01001072,U
W01001091,W01001091,U
W01001098,W01001098,U
W01001100,W01001100,U
W01001103,W01001103,U
W01001106,W01001106,U
W01001107,W01001107,U
W01001109,W01001109,U
W01001110,W01001110,U
W01001111,W01001111,U
W01001112,W01001112,U
W01001063,W01001063,U
W01001065,W01001065,U
W01001069,W01001069,U
W01001079,W01001079,U
W01001080,W01001080,U
W01001910,W01001910,U
W01001911,W01001911,U
W01001062,W01001062,U
W01001064,W01001064,U
W01001093,W01001093,U
W01001099,W01001099,U
W01001101,W01001101,U
W01001102,W01001102,U
W01001108,W01001108,U
W01001117,W01001117,U
W01001118,W01002038,S
W01001118,W01002039,S
W01001120,W01001120,U
W01001121,W01001121,U
W01001122,W01001122,U
W01001059,W01001059,U
W01001060,W01001060,U
W01001061,W01001998,S
W01001061,W01002040,S
E01024646,E01024646,U
E01015936,E01015936,U
E01023833,E01035603,S
E01024648,E01024648,U
E01015937,E01015937,U
E01015946,E01015946,U
E01024637,E01024637,U
E01023834,E01023834,U
E01015938,E01015938,U
E01015997,E01015997,U
E01024649,E01024649,U
E01023162,E01023162,U
E01024638,E01024638,U
E01023823,E01023823,U
E01015947,E01015947,U
E01023163,E01023163,U
E01024639,E01024639,U
E01024667,E01024667,U
E01015999,E01015999,U
E01023824,E01023824,U
E01015948,E01015948,U
E01023164,E01023164,U
E01024640,E01024640,U
E01024671,E01024671,U
E01015945,E01015945,U
E01023199,E01035452,S
E01023831,E01023831,U
E01015949,E01015949,U
E01024635,E01024635,U
E01024650,E01024650,U
E01023199,E01035450,S
E01015983,E01015983,U
E01015950,E01015950,U
E01023854,E01023854,U
E01024642,E01024642,U
E01024651,E01024651,U
E01023199,E01035451,S
E01015987,E01015987,U
E01015960,E01015960,U
E01023812,E01023812,U
E01024644,E01024644,U
E01023210,E01023210,U
E01015988,E01015988,U
E01015967,E01015967,U
E01023813,E01023813,U
E01024692,E01024692,U
E01023814,E01023814,U
E01023211,E01023211,U
E01015968,E01015968,U
E01024693,E01024693,U
E01015998,E01015998,U
E01024652,E01024652,U
E01023851,E01023851,U
E01023212,E01023212,U
E01015969,E01015969,U
E01024643,E01024643,U
E01015984,E01015984,U
E01024679,E01024679,U
E01023815,E01023815,U
E01023213,E01023213,U
E01015970,E01015970,U
E01024705,E01024705,U
E01015985,E01015985,U
E01024680,E01024680,U
E01023816,E01023816,U
E01023214,E01023214,U
E01015921,E01015921,U
E01024706,E01024706,U
E01015986,E01015986,U
W01001105,W01001105,U
E01023817,E01023817,U
E01023170,E01023170,U
E01016011,E01016011,U
E01024707,E01024707,U
E01015990,E01015990,U
W01001127,W01001127,U
E01023818,E01023818,U
E01023171,E01023171,U
E01016012,E01034370,S
E01024708,E01024708,U
E01016001,E01016001,U
W01001128,W01001128,U
E01023819,E01023819,U
E01023172,E01023172,U
E01016012,E01034371,S
E01024686,E01024686,U
E01024688,E01024688,U
E01015977,E01015977,U
W01001082,W01001082,U
E01023820,E01023820,U
E01023173,E01023173,U
E01016013,E01016013,U
W01001083,W01001083,U
E01023821,E01023821,U
E01015978,E01015978,U
E01022450,E01022450,U
E01016014,E01016014,U
W01001084,W01001084,U
E01024689,E01024689,U
E01023822,E01023822,U
E01015979,E01015979,U
E01022451,E01022451,U
E01016015,E01016015,U
W01001085,W01001085,U
E01024690,E01024690,U
E01023825,E01023825,U
E01015980,E01015980,U
E01022452,E01022452,U
E01015955,E01015955,U
W01001113,W01001113,U
E01024691,E01024691,U
E01023826,E01023826,U
E01015989,E01015989,U
E01022455,E01022455,U
E01015956,E01015956,U
W01001119,W01001119,U
E01024669,E01024669,U
E01023847,E01023847,U
E01015991,E01015991,U
E01032938,E01032938,U
E01015959,E01015959,U
W01001135,W01001135,U
E01024698,E01024698,U
E01023848,E01023848,U
E01015992,E01015992,U
E01032939,E01032939,U
E01015961,E01015961,U
E01024699,E01024699,U
W01001136,W01001136,U
E01024700,E01024700,U
E01023850,E01023850,U
E01016000,E01016000,U
E01032940,E01032940,U
E01015962,E01015962,U
E01022456,E01022456,U
E01015951,E01015951,U
E01022457,E01022457,U
E01016002,E01016002,U
E01024709,E01024709,U
E01023852,E01023852,U
E01015952,E01015952,U
E01022458,E01022458,U
W01001075,W01001075,U
E01015932,E01015932,U
E01024682,E01024682,U
E01023853,E01023853,U
E01015953,E01015953,U
E01022459,E01022459,U
W01001076,W01001076,U
E01015971,E01015971,U
E01024683,E01024683,U
E01023827,E01023827,U
E01015954,E01015954,U
E01022460,E01022460,U
W01001077,W01001077,U
E01015972,E01015972,U
E01024684,E01024684,U
E01023828,E01023828,U
E01016003,E01016003,U
E01022461,E01022461,U
W01001078,W01001078,U
E01015973,E01034368,S
E01024685,E01024685,U
E01023845,E01023845,U
E01016004,E01016004,U
E01022462,E01022462,U
W01001104,W01001104,U
E01015973,E01034369,S
E01024687,E01024687,U
E01016005,E01016005,U
E01023846,E01023846,U
E01016006,E01016006,U
E01022449,E01022449,U
W01001129,W01001129,U
E01015974,E01015974,U
E01023835,E01023835,U
E01022463,E01022463,U
E01016007,E01016007,U
E01023836,E01023836,U
E01022464,E01022464,U
E01015975,E01015975,U
E01016008,E01016008,U
E01023837,E01023837,U
E01022465,E01022465,U
W01001116,W01001116,U
E01015927,E01015927,U
E01016009,E01016009,U
E01023838,E01023838,U
E01022466,E01022466,U
W01001123,W01001123,U
E01015928,E01015928,U
E01016010,E01016010,U
E01023805,E01023805,U
E01022434,E01022434,U
W01001124,W01001124,U
E01015929,E01015929,U
E01015982,E01015982,U
E01023809,E01023809,U
E01022441,E01022441,U
W01001125,W01001125,U
E01015930,E01015930,U
E01033610,E01033610,U
E01023810,E01023810,U
E01022445,E01022445,U
W01001126,W01002036,S
E01015931,E01015931,U
E01023811,E01023811,U
E01015976,E01015976,U
W01001126,W01002037,S
E01015922,E01015922,U
E01023839,E01023839,U
E01015923,E01015923,U
W01001130,W01001130,U
E01015924,E01015924,U
W01001086,W01001086,U
E01015925,E01015925,U
W01001087,W01001087,U
E01015926,E01015926,U
W01001088,W01001088,U
E01015957,E01015957,U
W01001089,W01001089,U
W01001090,W01001090,U
W01001081,W01001081,U
E01020283,E01020283,U
W01001515,W01001515,U
E01020284,E01020284,U
W01001516,W01001516,U
E01020285,E01020285,U
E01015222,E01015222,U
W01001517,W01001517,U
E01004204,E01004204,U
E01020288,E01020288,U
W01001518,W01001518,U
E01015223,E01015223,U
E01024745,E01024745,U
E01004311,E01004311,U
E01004308,E01004308,U
E01020292,E01020292,U
W01001519,W01001519,U
E01015197,E01015197,U
E01024747,E01024747,U
E01004314,E01035664,M
E01004309,E01004309,U
E01020295,E01020295,U
W01001520,W01001520,U
E01033611,E01033611,U
E01015198,E01015198,U
E01015254,E01015254,U
E01024730,E01024730,U
E01004315,E01004315,U
E01004310,E01004310,U
E01020296,E01020296,U
W01001521,W01001521,U
W01001522,W01001522,U
W01001537,W01001537,U
W01001493,W01001493,U
W01001494,W01001494,U
W01001495,W01001495,U
W01001507,W01001507,U
W01001501,W01001501,U
W01001503,W01001503,U
W01001536,W01001536,U
W01001538,W01001538,U
W01001539,W01001539,U
W01001506,W01001506,U
W01001526,W01001526,U
W01001527,W01001527,U
W01001528,W01001528,U
W01001532,W01001532,U
W01001497,W01001497,U
W01001498,W01001498,U
W01001499,W01001499,U
W01001500,W01001500,U
W01001502,W01001502,U
W01001492,W01001492,U
W01001533,W01001533,U
W01001534,W01001534,U
W01001535,W01001535,U
W01001504,W01001504,U
W01001505,W01001505,U
W01001508,W01001508,U
W01001509,W01001509,U
E01020275,E01020275,U
E01020276,E01020276,U
E01020297,E01020297,U
E01020299,E01020299,U
E01020298,E01020298,U
E01020300,E01020300,U
E01020310,E01034640,S
E01020310,E01034641,S
E01020280,E01020280,U
E01020281,E01020281,U
E01020282,E01020282,U
E01020277,E01020277,U
E01020278,E01020278,U
E01020279,E01020279,U
E01015257,E01015257,U
E01024731,E01024731,U
E01004318,E01035664,M
E01024775,E01024775,U
E01033613,E01033613,U
E01020304,E01020304,U
E01015199,E01015199,U
E01004283,E01004283,U
E01015258,E01015258,U
E01004259,E01004259,U
E01020305,E01020305,U
E01015200,E01015200,U
E01004287,E01004287,U
E01015259,E01015259,U
E01024776,E01024776,U
E01015939,E01015939,U
E01004289,E01004289,U
E01024777,E01024777,U
E01015201,E01015201,U
E01015941,E01015941,U
E01004290,E01004290,U
E01015260,E01015260,U
E01004260,E01004260,U
E01020306,E01020306,U
E01024734,E01024734,U
E01015183,E01015183,U
E01015942,E01015942,U
E01004322,E01004322,U
E01015240,E01015240,U
E01004263,E01004263,U
E01020307,E01020307,U
E01015184,E01015184,U
E01033612,E01033612,U
E01004323,E01004323,U
E01015241,E01015241,U
E01004266,E01004266,U
E01020287,E01020287,U
E01015185,E01015185,U
E01020303,E01020303,U
E01015186,E01015186,U
E01024752,E01024752,U
E01020308,E01020308,U
E01004235,E01004235,U
E01015242,E01015242,U
E01033614,E01033614,U
E01004324,E01004324,U
E01015187,E01015187,U
E01024753,E01024753,U
E01020311,E01020311,U
E01004236,E01004236,U
E01015243,E01015243,U
E01024719,E01024719,U
E01004326,E01004326,U
E01015188,E01015188,U
E01024754,E01024754,U
E01020291,E01020291,U
E01004237,E01004237,U
E01015214,E01015214,U
E01024720,E01024720,U
E01004245,E01004245,U
E01015189,E01015189,U
E01024729,E01024729,U
E01020293,E01020293,U
E01004238,E01035665,S
E01015215,E01015215,U
E01024721,E01024721,U
E01004246,E01035678,S
E01015244,E01015244,U
E01024748,E01024748,U
E01020294,E01020294,U
E01004238,E01035666,S
E01015216,E01015216,U
E01024722,E01024722,U
E01004246,E01035679,S
E01015245,E01015245,U
E01015246,E01015246,U
E01015247,E01015247,U
E01015248,E01015248,U
E01015209,E01015209,U
E01015210,E01015210,U
E01015212,E01015212,U
E01015213,E01015213,U
E01015207,E01015207,U
E01015208,E01015208,U
E01015211,E01015211,U
W01001487,W01001487,U
W01001488,W01001488,U
W01001489,W01001489,U
W01001490,W01001490,U
W01001482,W01001482,U
W01001483,W01001483,U
W01001484,W01001484,U
W01001485,W01001485,U
W01001486,W01001486,U
W01001525,W01001525,U
W01001529,W01001529,U
W01001530,W01001530,U
W01001531,W01001531,U
W01001491,W01001491,U
W01001496,W01001496,U
W01001523,W01001523,U
W01001524,W01001524,U
W01001540,W01001540,U
W01001541,W01001541,U
W01001510,W01001510,U
W01001511,W01001511,U
W01001512,W01001512,U
W01001513,W01001513,U
W01001514,W01001514,U
E01024727,E01035002,S
E01004248,E01004248,U
E01004238,E01035667,S
E01024727,E01035003,S
E01004249,E01004249,U
E01015218,E01015218,U
E01020302,E01020302,U
E01004239,E01004239,U
E01024727,E01035004,S
E01004284,E01035680,S
E01004284,E01035681,S
E01004285,E01035682,S
E01004285,E01035683,S
E01004286,E01004286,U
E01004288,E01004288,U
E01004243,E01004243,U
E01004244,E01004244,U
E01004247,E01004247,U
E01004250,E01035684,S
E01004250,E01035685,S
E01004319,E01004319,U
E01004321,E01004321,U
E01004325,E01035686,S
E01004325,E01035687,S
E01032766,E01035688,S
E01032766,E01035689,S
E01032767,E01032767,U
E01004298,E01004298,U
E01004300,E01004300,U
E01004304,E01004304,U
E01004305,E01004305,U
E01004251,E01004251,U
E01004254,E01035690,S
E01004254,E01035691,S
E01004255,E01004255,U
E01004258,E01004258,U
E01004252,E01035692,S
E01004252,E01035694,S
E01004253,E01035693,S
E01004253,E01035695,S
E01004256,E01004256,U
E01004257,E01004257,U
E01004301,E01004301,U
E01024749,E01024749,U
E01024728,E01024728,U
E01024750,E01024750,U
E01024771,E01024771,U
E01020309,E01020309,U
E01024751,E01024751,U
E01024772,E01024772,U
E01024773,E01024773,U
E01024774,E01035005,S
E01024774,E01035006,S
E01024774,E01035007,S
E01032830,E01032830,U
E01024741,E01024741,U
E01024761,E01024761,U
E01024762,E01024762,U
E01024763,E01024763,U
E01024764,E01024764,U
E01024765,E01024765,U
E01024782,E01024782,U
E01024785,E01024785,U
E01024717,E01024717,U
E01024718,E01024718,U
E01024735,E01024735,U
E01024736,E01024736,U
E01024737,E01024737,U
E01024723,E01024723,U
E01024724,E01024724,U
E01024725,E01024725,U
E01024726,E01024726,U
E01024755,E01024755,U
E01024786,E01024786,U
E01024746,E01024746,U
E01024760,E01024760,U
E01024781,E01024781,U
E01032825,E01032825,U
E01032826,E01032826,U
E01032827,E01032827,U
E01032828,E01032828,U
E01004312,E01004312,U
E01015217,E01015217,U
E01024743,E01024743,U
E01024744,E01024744,U
E01004313,E01004313,U
E01024732,E01024732,U
E01004316,E01004316,U
E01024733,E01024733,U
E01004317,E01035669,S
E01024756,E01024756,U
E01004317,E01035668,S
E01024766,E01035009,S
E01004261,E01035670,M
E01024766,E01035008,S
E01004262,E01035670,M
E01024767,E01024767,U
E01004264,E01004264,U
E01032785,E01032785,U
E01024768,E01024768,U
E01032786,E01032786,U
E01024757,E01024757,U
E01020286,E01020286,U
E01004207,E01004207,U
E01015255,E01015255,U
E01024758,E01024758,U
E01020289,E01020289,U
E01004209,E01004209,U
E01015256,E01015256,U
E01024778,E01024778,U
E01020290,E01020290,U
E01004212,E01004212,U
E01015261,E01015261,U
E01024779,E01024779,U
E01020301,E01020301,U
E01032787,E01032787,U
E01015267,E01015267,U
E01024780,E01024780,U
E01004222,E01004222,U
E01004240,E01004240,U
E01015268,E01015268,U
E01024740,E01024740,U
E01015269,E01015269,U
E01004223,E01004223,U
E01004241,E01004241,U
E01015270,E01015270,U
E01024742,E01024742,U
E01004242,E01035671,S
E01015271,E01015271,U
E01004224,E01035657,S
E01024783,E01024783,U
E01004242,E01035672,S
E01015224,E01015224,U
E01004224,E01035658,S
E01024784,E01035010,S
E01004242,E01035673,S
E01015225,E01015225,U
E01004224,E01035659,S
E01024784,E01035011,S
E01004267,E01004267,U
E01015226,E01015226,U
E01004226,E01004226,U
E01032620,E01032620,U
E01004268,E01004268,U
E01015227,E01015227,U
E01004197,E01035660,S
E01032829,E01032829,U
E01004205,E01004205,U
E01015228,E01015228,U
E01004197,E01035661,S
E01015262,E01015262,U
E01004206,E01004206,U
E01015230,E01015230,U
E01004198,E01004198,U
E01015263,E01015263,U
E01004208,E01004208,U
E01015202,E01015202,U
E01004199,E01004199,U
E01015264,E01015264,U
E01004211,E01004211,U
E01015203,E01015203,U
E01004201,E01004201,U
E01004269,E01035674,S
E01015204,E01015204,U
E01004228,E01004228,U
E01015265,E01015265,U
E01004269,E01035675,S
E01004230,E01004230,U
E01015266,E01015266,U
E01015205,E01015205,U
E01004270,E01004270,U
E01015236,E01015236,U
E01004232,E01004232,U
E01015206,E01015206,U
E01004271,E01004271,U
E01015237,E01015237,U
E01004233,E01004233,U
E01015190,E01015190,U
E01004272,E01004272,U
E01015238,E01015238,U
E01004234,E01004234,U
E01015191,E01015191,U
E01004273,E01035676,S
E01015239,E01015239,U
E01004225,E01035662,S
E01015192,E01015192,U
E01004273,E01035677,S
E01015249,E01015249,U
E01004225,E01035663,S
E01015193,E01015193,U
E01004306,E01004306,U
E01015250,E01015250,U
E01004229,E01004229,U
E01015194,E01015194,U
E01004307,E01004307,U
E01015251,E01015251,U
E01004231,E01004231,U
E01015195,E01034171,S
E01015252,E01034169,S
E01032764,E01032764,U
E01015195,E01034172,S
E01015252,E01034170,S
E01032765,E01032765,U
E01015196,E01015196,U
E01015253,E01015253,U
E01032784,E01032784,U
E01004200,E01004200,U
E01004202,E01004202,U
E01004203,E01004203,U
E01015229,E01015229,U
E01015231,E01015231,U
E01015232,E01015232,U
E01015233,E01015233,U
E01015234,E01015234,U
E01015235,E01015235,U
E01015219,E01015219,U
E01015220,E01015220,U
E01015221,E01015221,U
E01028714,E01035755,S
E01006206,E01006206,U
E01028714,E01035756,S
E01006207,E01006207,U
E01028731,E01028731,U
E01006208,E01006208,U
E01028732,E01028732,U
E01006211,E01006211,U
E01006093,E01006093,U
E01028753,E01028753,U
E01006191,E01006191,U
E01028754,E01028754,U
E01006192,E01006192,U
E01028721,E01028721,U
E01022070,E01022070,U
E01006205,E01006205,U
E01028722,E01028722,U
E01022096,E01022096,U
E01006209,E01006209,U
E01028723,E01028723,U
E01028708,E01028708,U
E01006078,E01006078,U
E01028724,E01028724,U
E01028709,E01028709,U
E01006080,E01006080,U
E01028725,E01028725,U
E01028710,E01028710,U
E01006089,E01006089,U
E01028755,E01028755,U
E01028711,E01028711,U
E01006193,E01006193,U
E01006194,E01006194,U
E01006074,E01006074,U
E01006075,E01006075,U
E01006076,E01006076,U
E01006079,E01006079,U
E01006087,E01006087,U
E01006083,E01006083,U
E01006084,E01006084,U
E01006088,E01006088,U
E01006139,E01006139,U
E01006140,E01006140,U
E01006077,E01006077,U
E01006081,E01006081,U
E01006082,E01006082,U
E01006085,E01006085,U
E01006086,E01006086,U
E01006134,E01006134,U
E01006135,E01006135,U
E01006136,E01006136,U
E01006137,E01006137,U
E01006138,E01006138,U
E01024798,E01024798,U
E01024811,E01024811,U
E01024812,E01024812,U
E01024813,E01024813,U
E01024814,E01024814,U
E01024815,E01024815,U
E01024816,E01024816,U
E01024837,E01024837,U
E01024844,E01024844,U
E01024846,E01024846,U
E01024849,E01024849,U
E01024850,E01024850,U
E01024836,E01024836,U
E01024839,E01024839,U
E01024845,E01024845,U
E01024847,E01024847,U
E01024848,E01024848,U
E01006147,E01006147,U
E01024808,E01024808,U
E01006185,E01034001,S
E01004302,E01004302,U
E01024809,E01024809,U
E01028756,E01035757,S
E01004303,E01004303,U
E01006188,E01006188,U
E01006149,E01006149,U
E01024810,E01024810,U
E01024793,E01024793,U
E01028733,E01028733,U
E01028756,E01035758,S
E01006150,E01006150,U
E01024825,E01024825,U
E01022057,E01022057,U
E01032768,E01032768,U
E01006116,E01006116,U
E01028734,E01028734,U
E01028758,E01028758,U
E01022075,E01022075,U
E01024826,E01024826,U
E01006117,E01006117,U
E01032769,E01032769,U
E01006154,E01006154,U
E01028735,E01028735,U
E01028759,E01028759,U
E01022077,E01022077,U
E01024827,E01024827,U
E01006118,E01006118,U
E01006119,E01006119,U
E01006121,E01006121,U
E01006141,E01006141,U
E01006186,E01006186,U
E01006187,E01006187,U
E01006189,E01006189,U
E01006113,E01006113,U
E01006114,E01006114,U
E01006115,E01006115,U
E01006145,E01006145,U
E01006146,E01006146,U
E01006122,E01006122,U
E01006123,E01006123,U
E01006124,E01006124,U
E01006128,E01006128,U
E01006131,E01006131,U
E01006155,E01006155,U
E01006157,E01006157,U
E01006159,E01006159,U
E01006182,E01006182,U
E01006183,E01006183,U
E01006125,E01006125,U
E01006126,E01006126,U
E01006127,E01006127,U
E01006130,E01006130,U
E01006132,E01006132,U
E01006156,E01006156,U
E01006158,E01006158,U
E01006179,E01006179,U
E01006184,E01006184,U
E01006198,E01006198,U
E01006199,E01006199,U
E01006200,E01006200,U
E01006201,E01006201,U
E01006202,E01006202,U
E01006120,E01006120,U
E01006129,E01006129,U
E01006133,E01006133,U
E01006197,E01006197,U
E01006203,E01006203,U
E01006142,E01006142,U
E01006143,E01006143,U
E01006144,E01006144,U
E01006180,E01006180,U
E01006181,E01006181,U
E01028760,E01028760,U
E01028740,E01028740,U
E01028741,E01028741,U
E01024828,E01024828,U
E01004292,E01004292,U
E01028761,E01028761,U
E01022094,E01022094,U
E01028742,E01028742,U
E01006165,E01006165,U
E01024840,E01024840,U
E01004294,E01035696,S
E01028712,E01028712,U
E01022074,E01022074,U
E01028738,E01028738,U
E01006166,E01006166,U
E01024841,E01024841,U
E01004294,E01035697,S
E01028727,E01035761,S
E01022076,E01022076,U
E01028739,E01028739,U
E01006169,E01006169,U
E01024842,E01024842,U
E01004295,E01004295,U
E01028727,E01035760,S
E01022078,E01022078,U
E01022079,E01022079,U
E01022080,E01022080,U
E01022081,E01022081,U
E01022082,E01022082,U
E01022061,E01022061,U
E01022071,E01022071,U
E01022072,E01022072,U
E01022073,E01022073,U
E01022098,E01022098,U
E01022092,E01022092,U
E01022093,E01022093,U
E01022097,E01022097,U
E01022099,E01022099,U
E01022062,E01022062,U
E01022063,E01022063,U
E01022083,E01022083,U
E01022084,E01022084,U
E01022085,E01022085,U
E01022087,E01022087,U
E01022089,E01022089,U
E01022086,E01022086,U
E01022090,E01035178,S
E01022090,E01035181,S
E01022091,E01035179,S
E01022091,E01035180,S
E01022091,E01035182,S
E01022095,E01022095,U
E01022067,E01022067,U
E01022068,E01022068,U
E01033054,E01033054,U
E01033055,E01033055,U
E01033056,E01033056,U
E01022058,E01022058,U
E01022064,E01022064,U
E01022069,E01022069,U
E01022088,E01022088,U
E01033052,E01033052,U
E01033053,E01033053,U
E01022059,E01022059,U
E01022060,E01022060,U
E01004296,E01004296,U
E01028727,E01035759,S
E01004291,E01004291,U
E01028728,E01028728,U
E01024843,E01024843,U
E01028743,E01028743,U
E01028744,E01028744,U
E01006170,E01006170,U
E01028750,E01028750,U
E01028729,E01028729,U
E01028751,E01028751,U
E01006171,E01006171,U
E01004293,E01004293,U
E01024829,E01024829,U
E01028730,E01028730,U
E01028752,E01028752,U
E01006098,E01006098,U
E01004297,E01004297,U
E01024851,E01024851,U
E01028757,E01028757,U
E01028693,E01028693,U
E01006099,E01006099,U
E01004215,E01035703,S
E01024852,E01024852,U
E01028694,E01028694,U
E01006164,E01006164,U
E01004215,E01035704,S
E01024853,E01024853,U
E01028745,E01028745,U
E01004215,E01035705,S
E01006174,E01006174,U
E01028701,E01028701,U
E01024854,E01024854,U
E01028746,E01028746,U
E01004215,E01035706,S
E01006178,E01006178,U
E01028705,E01028705,U
E01024799,E01024799,U
E01028747,E01028747,U
E01004219,E01004219,U
E01006097,E01006097,U
E01028706,E01028706,U
E01024800,E01024800,U
E01028748,E01028748,U
E01004221,E01004221,U
E01006160,E01006160,U
E01028707,E01028707,U
E01024835,E01024835,U
E01028713,E01028713,U
E01032776,E01032776,U
E01006161,E01006161,U
E01028688,E01028688,U
E01024838,E01024838,U
E01028715,E01028715,U
E01032777,E01032777,U
E01006162,E01006162,U
E01028689,E01028689,U
E01024801,E01035012,S
E01028720,E01028720,U
E01032778,E01035700,S
E01006163,E01006163,U
E01028695,E01028695,U
E01006148,E01006148,U
E01024801,E01035013,S
E01011740,E01011740,U
E01032778,E01035701,S
E01024802,E01024802,U
E01006151,E01006151,U
E01028699,E01028699,U
E01011741,E01011741,U
E01024823,E01024823,U
E01006152,E01006152,U
E01028696,E01028696,U
E01032778,E01035702,S
E01011742,E01011742,U
E01024833,E01024833,U
E01006153,E01006153,U
E01028697,E01028697,U
E01032779,E01032779,U
E01011745,E01011745,U
E01024821,E01024821,U
E01006172,E01006172,U
E01028698,E01028698,U
E01032780,E01032780,U
E01011746,E01011746,U
E01024822,E01024822,U
E01006104,E01006104,U
E01028700,E01028700,U
E01004214,E01004214,U
E01011752,E01011752,U
E01024824,E01024824,U
E01006105,E01006105,U
E01028703,E01028703,U
E01004216,E01004216,U
E01011753,E01011753,U
E01024832,E01024832,U
E01006106,E01006106,U
E01033305,E01033305,U
E01004217,E01004217,U
E01011756,E01011756,U
E01024834,E01024834,U
E01033306,E01033306,U
E01004218,E01004218,U
E01011760,E01034260,S
E01024795,E01024795,U
E01011760,E01034261,S
E01028726,E01028726,U
E01024796,E01024796,U
E01004274,E01004274,U
E01011762,E01011762,U
E01006107,E01006107,U
E01028736,E01035753,S
E01024830,E01024830,U
E01004275,E01004275,U
E01011743,E01011743,U
E01006108,E01006108,U
E01028736,E01035754,S
E01024831,E01024831,U
E01004276,E01004276,U
E01011744,E01011744,U
E01006102,E01006102,U
E01028737,E01028737,U
E01024792,E01024792,U
E01004281,E01004281,U
E01011747,E01011747,U
E01006173,E01006173,U
E01028690,E01028690,U
E01024794,E01024794,U
E01032775,E01032775,U
E01011750,E01011750,U
E01006175,E01006175,U
E01028691,E01028691,U
E01024804,E01024804,U
E01032783,E01032783,U
E01011754,E01011754,U
E01006176,E01006176,U
E01028692,E01028692,U
E01024805,E01024805,U
E01004280,E01004280,U
E01011757,E01011757,U
E01006177,E01006177,U
E01024806,E01024806,U
E01028702,E01028702,U
E01024797,E01024797,U
E01032770,E01032770,U
E01006091,E01006091,U
E01006092,E01006092,U
E01006095,E01006095,U
E01006167,E01006167,U
E01006168,E01006168,U
E01006090,E01006090,U
E01006094,E01006094,U
E01006096,E01006096,U
E01006100,E01006100,U
E01006103,E01006103,U
E01006101,E01006101,U
E01006190,E01006190,U
E01006195,E01006195,U
E01006196,E01006196,U
E01006210,E01006210,U
E01006204,E01006204,U
E01024817,E01024817,U
E01024818,E01024818,U
E01024819,E01024819,U
E01024820,E01024820,U
E01024787,E01024787,U
E01024788,E01024788,U
E01024790,E01024790,U
E01024791,E01024791,U
E01024803,E01024803,U
E01024789,E01024789,U
E01024807,E01024807,U
E01032772,E01032772,U
E01032773,E01035698,S
E01032773,E01035699,S
E01032774,E01032774,U
E01004277,E01004277,U
E01032771,E01032771,U
E01028704,E01028704,U
E01032781,E01032781,U
E01028716,E01028716,U
E01028717,E01028717,U
E01028718,E01028718,U
E01028719,E01028719,U
E01028749,E01028749,U
E01032782,E01032782,U
E01006109,E01006109,U
E01006110,E01006110,U
E01006111,E01006111,U
E01006112,E01006112,U
E01006185,E01034000,S
E01011778,E01011778,U
E01011817,E01011817,U
E01011837,E01011837,U
E01011818,E01011818,U
E01011829,E01011829,U
E01011838,E01011838,U
E01011830,E01011830,U
E01010306,E01010306,U
E01011841,E01011841,U
E01011831,E01011831,U
E01011770,E01011770,U
E01010316,E01010316,U
E01011832,E01011832,U
E01011833,E01011833,U
E01011899,E01011899,U
E01011900,E01011900,U
E01011901,E01011901,U
E01011904,E01011904,U
E01011918,E01011918,U
E01011922,E01011922,U
E01011779,E01011779,U
E01011780,E01011780,U
E01011781,E01011781,U
E01011782,E01011782,U
E01011783,E01011783,U
E01011902,E01011902,U
E01011903,E01011903,U
E01011905,E01011905,U
E01011907,E01011907,U
E01011793,E01011793,U
E01011794,E01011794,U
E01011795,E01011795,U
E01011796,E01011796,U
E01011799,E01011799,U
E01011800,E01011800,U
E01011898,E01011898,U
E01011906,E01011906,U
E01011908,E01011908,U
E01011917,E01011917,U
E01011944,E01011944,U
E01011797,E01011797,U
E01011798,E01011798,U
E01011801,E01011801,U
E01011802,E01011802,U
E01011765,E01011765,U
E01011766,E01011766,U
E01011773,E01011773,U
E01011774,E01011774,U
E01011939,E01011939,U
E01011945,E01011945,U
E01011947,E01011947,U
E01011948,E01011948,U
E01011767,E01011767,U
E01011768,E01011768,U
E01011769,E01034270,S
E01011769,E01034269,S
E01010407,E01010407,U
E01011759,E01011759,U
E01032889,E01033894,S
E01011842,E01011842,U
E01010307,E01010307,U
E01011813,E01011813,U
E01010408,E01010408,U
E01010335,E01010335,U
E01011761,E01011761,U
E01010302,E01010302,U
E01032889,E01033895,S
E01011849,E01011849,U
E01011814,E01011814,U
E01010393,E01010393,U
E01010304,E01010304,U
E01011763,E01011763,U
E01010337,E01010337,U
E01011857,E01011857,U
E01011815,E01011815,U
E01010394,E01010394,U
E01010269,E01010269,U
E01010305,E01010305,U
E01011764,E01011764,U
E01010338,E01010338,U
E01011928,E01011928,U
E01011816,E01011816,U
E01010396,E01010396,U
E01010270,E01010270,U
E01010308,E01010308,U
E01011748,E01011748,U
E01010339,E01010339,U
E01011931,E01011931,U
E01011819,E01011819,U
E01010400,E01010400,U
E01010362,E01010362,U
E01010345,E01010345,U
E01011749,E01034262,S
E01010310,E01010310,U
E01011932,E01011932,U
E01011822,E01011822,U
E01010241,E01010241,U
E01010363,E01010363,U
E01010346,E01010346,U
E01011749,E01034263,S
E01010312,E01010312,U
E01011938,E01011938,U
E01011884,E01011884,U
E01010242,E01010242,U
E01010402,E01010402,U
E01010347,E01010347,U
E01011751,E01011751,U
E01010313,E01010313,U
E01011929,E01011929,U
E01011912,E01011912,U
E01010243,E01010243,U
E01010244,E01010244,U
E01010320,E01010320,U
E01010322,E01010322,U
E01010323,E01010323,U
E01010324,E01010324,U
E01010271,E01010271,U
E01010272,E01010272,U
E01010273,E01010273,U
E01010295,E01010295,U
E01010279,E01010279,U
E01010374,E01010374,U
E01010375,E01010375,U
E01032888,E01032888,U
E01010378,E01010378,U
E01010379,E01010379,U
E01010382,E01010382,U
E01010383,E01010383,U
E01010376,E01010376,U
E01010377,E01010377,U
E01010380,E01010380,U
E01010381,E01010381,U
E01010267,E01010267,U
E01010268,E01010268,U
E01010274,E01010274,U
E01010275,E01010275,U
E01010245,E01010245,U
E01010246,E01010246,U
E01010247,E01010247,U
E01010248,E01010248,U
E01010388,E01010388,U
E01010258,E01010258,U
E01010259,E01010259,U
E01010260,E01010260,U
E01010266,E01010266,U
E01010317,E01010317,U
E01010318,E01010318,U
E01010325,E01010325,U
E01010369,E01010369,U
E01010401,E01010401,U
E01010403,E01010403,U
E01010404,E01010404,U
E01010314,E01010314,U
E01011930,E01011930,U
E01011913,E01011913,U
E01010315,E01010315,U
E01010350,E01010350,U
E01011933,E01011933,U
E01010329,E01010329,U
E01010249,E01010249,U
E01011937,E01011937,U
E01011916,E01034265,S
E01011755,E01011755,U
E01010250,E01010250,U
E01011934,E01011934,U
E01010355,E01010355,U
E01011916,E01034264,S
E01010405,E01010405,U
E01010356,E01010356,U
E01010252,E01010252,U
E01011840,E01011840,U
E01010406,E01010406,U
E01011936,E01011936,U
E01010357,E01010357,U
E01011873,E01011873,U
E01010254,E01010254,U
E01011850,E01011850,U
E01010409,E01010409,U
E01011940,E01011940,U
E01010358,E01010358,U
E01011877,E01011877,U
E01010348,E01010348,U
E01011852,E01011852,U
E01010385,E01010385,U
E01011943,E01011943,U
E01010359,E01010359,U
E01011894,E01011894,U
E01010349,E01010349,U
E01011853,E01011853,U
E01010386,E01010386,U
E01011935,E01011935,U
E01010360,E01010360,U
E01011895,E01011895,U
E01010351,E01010351,U
E01011920,E01011920,U
E01010387,E01010387,U
E01011941,E01011941,U
E01004349,E01004349,U
E01011875,E01011875,U
E01010352,E01010352,U
E01011923,E01011923,U
E01010392,E01010392,U
E01011942,E01011942,U
E01004350,E01004350,U
E01011876,E01011876,U
E01010284,E01010284,U
E01011924,E01011924,U
E01010326,E01010326,U
E01011946,E01011946,U
E01011785,E01011785,U
E01011789,E01011789,U
E01011791,E01011791,U
E01011792,E01011792,U
E01011771,E01011771,U
E01011772,E01011772,U
E01011784,E01011784,U
E01011786,E01011786,U
E01011854,E01011854,U
E01011855,E01011855,U
E01011856,E01011856,U
E01011858,E01011858,U
E01011787,E01011787,U
E01011788,E01011788,U
E01011790,E01011790,U
E01011865,E01011865,U
E01011867,E01011867,U
E01011859,E01011859,U
E01011869,E01011869,U
E01011870,E01011870,U
E01011871,E01011871,U
E01011860,E01011860,U
E01011861,E01011861,U
E01011862,E01011862,U
E01011863,E01011863,U
E01011864,E01011864,U
E01011866,E01011866,U
E01011868,E01011868,U
E01011872,E01011872,U
E01010301,E01010301,U
E01010303,E01010303,U
E01011878,E01011878,U
E01010285,E01010285,U
E01004351,E01004351,U
E01011925,E01011925,U
E01011880,E01011880,U
E01010327,E01010327,U
E01010286,E01010286,U
E01004356,E01004356,U
E01011909,E01011909,U
E01011881,E01011881,U
E01010328,E01010328,U
E01010290,E01010290,U
E01004357,E01004357,U
E01011887,E01011887,U
E01010330,E01010330,U
E01010251,E01010251,U
E01004352,E01004352,U
E01011910,E01011910,U
E01010368,E01010368,U
E01004353,E01004353,U
E01010253,E01010253,U
E01011911,E01011911,U
E01010370,E01010370,U
E01004354,E01004354,U
E01011893,E01011893,U
E01010255,E01010255,U
E01011914,E01011914,U
E01010371,E01033896,S
E01004358,E01004358,U
E01011896,E01011896,U
E01010256,E01010256,U
E01011915,E01011915,U
E01010371,E01033897,S
E01004359,E01004359,U
E01011897,E01011897,U
E01010257,E01010257,U
E01011823,E01011823,U
E01010372,E01010372,U
E01004384,E01004384,U
E01011874,E01011874,U
E01010292,E01010292,U
E01011824,E01011824,U
E01010373,E01010373,U
E01004385,E01004385,U
E01011879,E01011879,U
E01010294,E01010294,U
E01011825,E01011825,U
E01010361,E01010361,U
E01004386,E01004386,U
E01011882,E01011882,U
E01010296,E01010296,U
E01011826,E01011826,U
E01010364,E01010364,U
E01004389,E01004389,U
E01011883,E01011883,U
E01010297,E01010297,U
E01011827,E01011827,U
E01010365,E01010365,U
E01004390,E01004390,U
E01010291,E01010291,U
E01011828,E01011828,U
E01010366,E01010366,U
E01004355,E01004355,U
E01010367,E01010367,U
E01011889,E01011889,U
E01004360,E01004360,U
E01010293,E01010293,U
E01010384,E01010384,U
E01011805,E01011805,U
E01011892,E01011892,U
E01004413,E01004413,U
E01010298,E01010298,U
E01010389,E01010389,U
E01011807,E01011807,U
E01011919,E01011919,U
E01004415,E01004415,U
E01010299,E01010299,U
E01010390,E01010390,U
E01011808,E01011808,U
E01011921,E01011921,U
E01004416,E01004416,U
E01010300,E01010300,U
E01010391,E01010391,U
E01011810,E01011810,U
E01011926,E01011926,U
E01004361,E01004361,U
E01010319,E01010319,U
E01010261,E01010261,U
E01011803,E01011803,U
E01011927,E01011927,U
E01004414,E01004414,U
E01010321,E01010321,U
E01010263,E01010263,U
E01011804,E01011804,U
E01011845,E01011845,U
E01004417,E01004417,U
E01010353,E01010353,U
E01010264,E01010264,U
E01011806,E01011806,U
E01011846,E01011846,U
E01004451,E01004451,U
E01010354,E01010354,U
E01010265,E01010265,U
E01011809,E01011809,U
E01011847,E01011847,U
E01004452,E01004452,U
E01004450,E01004450,U
E01004453,E01004453,U
E01004454,E01004454,U
E01004455,E01004455,U
E01004456,E01004456,U
E01004379,E01004379,U
E01004380,E01004380,U
E01004381,E01004381,U
E01011811,E01011811,U
E01011835,E01011835,U
E01011836,E01011836,U
E01011839,E01011839,U
E01011843,E01011843,U
E01011844,E01011844,U
E01011758,E01011758,U
E01011812,E01011812,U
E01011820,E01011820,U
E01011821,E01011821,U
E01011885,E01011885,U
E01011886,E01011886,U
E01011888,E01011888,U
E01011890,E01011890,U
E01011891,E01011891,U
E01011834,E01011834,U
E01010395,E01010395,U
E01010397,E01010397,U
E01010398,E01010398,U
E01010399,E01010399,U
E01010282,E01010282,U
E01010287,E01010287,U
E01010288,E01010288,U
E01010289,E01010289,U
E01010277,E01010277,U
E01010283,E01010283,U
E01011848,E01011848,U
E01011851,E01011851,U
E01011775,E01034266,S
E01011775,E01034267,S
E01011775,E01034268,S
E01011776,E01011776,U
E01011777,E01011777,U
E01010336,E01010336,U
E01010340,E01010340,U
E01010341,E01010341,U
E01010342,E01010342,U
E01010343,E01010343,U
E01010344,E01010344,U
E01010331,E01010331,U
E01010332,E01010332,U
E01010333,E01010333,U
E01010334,E01010334,U
E01010262,E01010262,U
E01010309,E01010309,U
E01010311,E01010311,U
E01004383,E01004383,U
E01004387,E01004387,U
E01004388,E01004388,U
E01004343,E01004343,U
E01004344,E01004344,U
E01004382,E01004382,U
E01004418,E01004418,U
E01004419,E01004419,U
E01004398,E01004398,U
E01004399,E01004399,U
E01004400,E01004400,U
E01004402,E01004402,U
E01004403,E01004403,U
E01004345,E01004345,U
E01004348,E01004348,U
E01004377,E01004377,U
E01004378,E01004378,U
E01004342,E01004342,U
E01004346,E01004346,U
E01004347,E01004347,U
E01004460,E01004460,U
E01004462,E01004462,U
E01004396,E01004396,U
E01004457,E01004457,U
E01004458,E01004458,U
E01004459,E01004459,U
E01004463,E01004463,U
E01004407,E01004407,U
E01004541,E01004541,U
E01004410,E01004410,U
E01012472,E01012472,U
E01004464,E01004464,U
E01004469,E01004469,U
E01004470,E01004470,U
E01004471,E01004471,U
E01004391,E01004391,U
E01004393,E01004393,U
E01004401,E01004401,U
E01004404,E01004404,U
E01004461,E01034485,S
E01004461,E01034486,S
E01004412,E01004412,U
E01004465,E01004465,U
E01004466,E01004466,U
E01004467,E01004467,U
E01004468,E01004468,U
E01004406,E01004406,U
E01004408,E01004408,U
E01004409,E01004409,U
E01004411,E01004411,U
E01004443,E01004443,U
E01004447,E01004447,U
E01004392,E01004392,U
E01004545,E01004545,U
E01004434,E01004434,U
E01004534,E01004534,U
E01004546,E01004546,U
E01004394,E01004394,U
E01004536,E01004536,U
E01004549,E01004549,U
E01004397,E01004397,U
E01004335,E01004335,U
E01012476,E01012476,U
E01004552,E01004552,U
E01004625,E01004625,U
E01004444,E01004444,U
E01004337,E01004337,U
E01012477,E01012477,U
E01004585,E01004585,U
E01004626,E01004626,U
E01004446,E01004446,U
E01004338,E01004338,U
E01012473,E01012473,U
E01004588,E01004588,U
E01004632,E01004632,U
E01004395,E01004395,U
E01004421,E01004421,U
E01004445,E01004445,U
E01004448,E01004448,U
E01004449,E01004449,U
E01004363,E01004363,U
E01004364,E01004364,U
E01004366,E01004366,U
E01004367,E01004367,U
E01004368,E01004368,U
E01004365,E01004365,U
E01004405,E01004405,U
E01004420,E01004420,U
E01004423,E01004423,U
E01033153,E01034487,S
E01033153,E01034488,S
E01004362,E01004362,U
E01004436,E01004436,U
E01004437,E01004437,U
E01004439,E01004439,U
E01004442,E01004442,U
E01004422,E01004422,U
E01004424,E01004424,U
E01004425,E01004425,U
E01004426,E01004426,U
E01004427,E01004427,U
E01004369,E01004369,U
E01004370,E01004370,U
E01004372,E01004372,U
E01004432,E01004432,U
E01004435,E01004435,U
E01004333,E01004333,U
E01004334,E01004334,U
E01004438,E01004438,U
E01004440,E01004440,U
E01004441,E01004441,U
E01004371,E01004371,U
E01004373,E01004373,U
E01004374,E01004374,U
E01004375,E01004375,U
E01004376,E01004376,U
E01004336,E01004336,U
E01004428,E01004428,U
E01004429,E01004429,U
E01004430,E01004430,U
E01004634,E01004634,U
E01004554,E01004554,U
E01004635,E01004635,U
E01004636,E01004636,U
E01004556,E01004556,U
E01004637,E01004637,U
E01004586,E01004586,U
E01004481,E01004481,U
E01004587,E01004587,U
E01004488,E01004488,U
E01012474,E01012474,U
E01004589,E01004589,U
E01012475,E01012475,U
E01004547,E01004547,U
E01004509,E01035493,S
E01012554,E01012554,U
E01004548,E01004548,U
E01004339,E01004339,U
E01004509,E01035491,S
E01004340,E01004340,U
E01004482,E01004482,U
E01004511,E01004511,U
E01004341,E01004341,U
E01004485,E01004485,U
E01012467,E01012467,U
E01004602,E01004602,U
E01004327,E01004327,U
E01004487,E01004487,U
E01012468,E01012468,U
E01004609,E01004609,U
E01004328,E01004328,U
E01004489,E01004489,U
E01012469,E01012469,U
E01033093,E01035492,S
E01004329,E01004329,U
E01004490,E01004490,U
E01012470,E01012470,U
E01033093,E01035490,S
E01004330,E01004330,U
E01004491,E01004491,U
E01012460,E01012460,U
E01012462,E01012462,U
E01012463,E01012463,U
E01012464,E01012464,U
E01012459,E01012459,U
E01012461,E01012461,U
E01012465,E01012465,U
E01012466,E01012466,U
E01012526,E01012526,U
E01012534,E01012534,U
E01012535,E01012535,U
E01012537,E01012537,U
E01012539,E01012539,U
E01012538,E01012538,U
E01012540,E01012540,U
E01012541,E01012541,U
E01012542,E01012542,U
E01012543,E01012543,U
E01012544,E01012544,U
E01012521,E01012521,U
E01012522,E01012522,U
E01012533,E01012533,U
E01012536,E01012536,U
E01012545,E01012545,U
E01012546,E01012546,U
E01012561,E01012561,U
E01012562,E01012562,U
E01012567,E01035385,S
E01012567,E01035386,S
E01012568,E01035384,S
E01012568,E01035387,S
E01012568,E01035388,S
E01012563,E01012563,U
E01012564,E01012564,U
E01012565,E01035389,S
E01012565,E01035390,S
E01012566,E01012566,U
E01012569,E01012569,U
E01012570,E01012570,U
E01004479,E01004479,U
E01012481,E01012481,U
E01033135,E01033135,U
E01004550,E01004550,U
E01012482,E01012482,U
E01004506,E01004506,U
E01004555,E01004555,U
E01004494,E01004494,U
E01004513,E01004513,U
E01004600,E01035494,S
E01004600,E01035495,S
E01004601,E01004601,U
E01004493,E01004493,U
E01004512,E01004512,U
E01004620,E01004620,U
E01004621,E01004621,U
E01004623,E01004623,U
E01004627,E01004627,U
E01004499,E01004499,U
E01004502,E01004502,U
E01004504,E01004504,U
E01004594,E01004594,U
E01004596,E01004596,U
E01004629,E01004629,U
E01004472,E01004472,U
E01004474,E01004474,U
E01004476,E01004476,U
E01004542,E01004542,U
E01004544,E01004544,U
E01004628,E01004628,U
E01004630,E01004630,U
E01004631,E01004631,U
E01004633,E01004633,U
E01004569,E01004569,U
E01004570,E01004570,U
E01004571,E01004571,U
E01004573,E01004573,U
E01004495,E01004495,U
E01004496,E01004496,U
E01004497,E01004497,U
E01004622,E01004622,U
E01004624,E01004624,U
E01004593,E01004593,U
E01004595,E01004595,U
E01004597,E01004597,U
E01004598,E01004598,U
E01004599,E01004599,U
E01004473,E01004473,U
E01004475,E01004475,U
E01004480,E01004480,U
E01004483,E01004483,U
E01004484,E01004484,U
E01004486,E01004486,U
E01004543,E01004543,U
E01004331,E01004331,U
E01004492,E01004492,U
E01004332,E01004332,U
E01004560,E01004560,U
E01004566,E01004566,U
E01004582,E01004582,U
E01004583,E01004583,U
E01004562,E01035499,S
E01004562,E01035496,S
E01004562,E01035497,S
E01004562,E01035498,S
E01004563,E01004563,U
E01004564,E01004564,U
E01004567,E01004567,U
E01033098,E01033098,U
E01033100,E01033100,U
E01033132,E01033132,U
E01004539,E01004539,U
E01004540,E01004540,U
E01004577,E01004577,U
E01004584,E01004584,U
E01004579,E01004579,U
E01004580,E01004580,U
E01004581,E01004581,U
E01033099,E01033099,U
E01033101,E01035488,S
E01033101,E01035489,S
E01033133,E01033133,U
E01004565,E01004565,U
E01004590,E01004590,U
E01004638,E01004638,U
E01004498,E01004498,U
E01004591,E01004591,U
E01012520,E01012520,U
E01004639,E01004639,U
E01004592,E01004592,U
E01012523,E01012523,U
E01004532,E01004532,U
E01004640,E01004640,U
E01004604,E01004604,U
E01012524,E01012524,U
E01004611,E01004611,U
E01004641,E01004641,U
E01012525,E01012525,U
E01004612,E01004612,U
E01004508,E01004508,U
E01004618,E01004618,U
E01004605,E01004605,U
E01012478,E01012478,U
E01004510,E01004510,U
E01004531,E01004531,U
E01004606,E01004606,U
E01012547,E01012547,U
E01004514,E01004514,U
E01004533,E01004533,U
E01004607,E01004607,U
E01012548,E01012548,U
E01004515,E01004515,U
E01004610,E01004610,U
E01004608,E01004608,U
E01012549,E01012549,U
E01004551,E01004551,U
E01004613,E01004613,U
E01004535,E01004535,U
E01012550,E01012550,U
E01004568,E01004568,U
E01004614,E01004614,U
E01004537,E01004537,U
E01012453,E01012453,U
E01004574,E01004574,U
E01004615,E01004615,U
E01004538,E01004538,U
E01012454,E01012454,U
E01004575,E01004575,U
E01004616,E01004616,U
E01012455,E01012455,U
E01004576,E01004576,U
E01004617,E01004617,U
E01012457,E01012457,U
E01004500,E01004500,U
E01004525,E01004525,U
E01012551,E01012551,U
E01004501,E01004501,U
E01004526,E01004526,U
E01012552,E01012552,U
E01004503,E01004503,U
E01012553,E01012553,U
E01004505,E01004505,U
E01012555,E01012555,U
E01004527,E01004527,U
E01004507,E01004507,U
E01012556,E01012556,U
E01004528,E01004528,U
E01004553,E01004553,U
E01012491,E01012491,U
E01004529,E01004529,U
E01004557,E01004557,U
E01012492,E01012492,U
E01004530,E01004530,U
E01004558,E01004558,U
E01012493,E01012493,U
E01004516,E01004516,U
E01004559,E01004559,U
E01012494,E01012494,U
E01004518,E01004518,U
E01004619,E01004619,U
E01012500,E01012500,U
E01004519,E01004519,U
E01004572,E01004572,U
E01012495,E01012495,U
E01004520,E01004520,U
E01004642,E01004642,U
E01012496,E01012496,U
E01004523,E01004523,U
E01004643,E01004643,U
E01012497,E01012497,U
E01004517,E01004517,U
E01004644,E01004644,U
E01012498,E01012498,U
E01004521,E01004521,U
E01004645,E01004645,U
E01012499,E01012499,U
E01004522,E01004522,U
E01004477,E01004477,U
E01012501,E01012501,U
E01004524,E01004524,U
E01004478,E01004478,U
E01012479,E01012479,U
E01012471,E01012471,U
E01012480,E01012480,U
E01012510,E01012510,U
E01012511,E01012511,U
E01033299,E01033299,U
E01033303,E01033303,U
E01012458,E01012458,U
E01012483,E01012483,U
E01012509,E01012509,U
E01012512,E01012512,U
E01033300,E01033300,U
E01033302,E01033302,U
E01012527,E01012527,U
E01012528,E01012528,U
E01012529,E01012529,U
E01012530,E01012530,U
E01012531,E01012531,U
E01012532,E01012532,U
E01012504,E01035391,S
E01030890,E01030890,U
E01030902,E01030902,U
E01030903,E01030903,U
E01030904,E01030904,U
E01030891,E01030891,U
E01030892,E01030892,U
E01030899,E01030899,U
E01030900,E01030900,U
E01030901,E01030901,U
E01030884,E01030884,U
E01030885,E01030885,U
E01030886,E01030886,U
E01030893,E01030893,U
E01030895,E01030895,U
E01030881,E01030881,U
E01030883,E01030883,U
E01030888,E01030888,U
E01031318,E01035039,S
E01030894,E01030894,U
E01030911,E01030911,U
E01030912,E01030912,U
E01031319,E01031319,U
E01030913,E01030913,U
E01031320,E01031320,U
E01030920,E01030920,U
E01031261,E01031261,U
E01030921,E01030921,U
E01031262,E01031262,U
E01012504,E01035392,S
E01031277,E01031277,U
E01021230,E01021230,U
E01031263,E01031263,U
E01031264,E01031264,U
E01031265,E01031265,U
E01031266,E01031266,U
E01031259,E01031259,U
E01031260,E01031260,U
E01031267,E01031267,U
E01031268,E01031268,U
E01031269,E01031269,U
E01031327,E01031327,U
E01031328,E01031328,U
E01031329,E01031329,U
E01031330,E01031330,U
E01031331,E01031331,U
E01023904,E01023904,U
E01023905,E01023905,U
E01023906,E01023906,U
E01023907,E01023907,U
E01023890,E01023890,U
E01023891,E01023891,U
E01023892,E01023892,U
E01023893,E01023893,U
E01023894,E01023894,U
E01023873,E01023873,U
E01023874,E01023874,U
E01023875,E01023875,U
E01023876,E01023876,U
E01023877,E01023877,U
E01023868,E01023868,U
E01023869,E01023869,U
E01023870,E01023870,U
E01023871,E01023871,U
E01023872,E01023872,U
E01023895,E01023895,U
E01023896,E01023896,U
E01023897,E01023897,U
E01023898,E01023898,U
E01023855,E01023855,U
E01023856,E01023856,U
E01023857,E01023857,U
E01023858,E01023858,U
E01023878,E01023878,U
E01023879,E01035572,S
E01023879,E01035573,S
E01023880,E01023880,U
E01030270,E01030270,U
E01030882,E01030882,U
E01030939,E01030939,U
E01023881,E01023881,U
E01023886,E01023886,U
E01030887,E01030887,U
E01023887,E01023887,U
E01030864,E01030864,U
E01030889,E01030889,U
E01012505,E01012505,U
E01023888,E01023888,U
E01030896,E01030896,U
E01031278,E01031278,U
E01023889,E01023889,U
E01012506,E01012506,U
E01030897,E01030897,U
E01023859,E01035575,S
E01021231,E01021231,U
E01031279,E01031279,U
E01012507,E01012507,U
E01030289,E01030289,U
E01030879,E01030879,U
E01030916,E01030916,U
E01023859,E01035577,S
E01021151,E01021151,U
E01031280,E01031280,U
E01012508,E01012508,U
E01030290,E01030290,U
E01030941,E01030941,U
E01030917,E01030917,U
E01023860,E01023860,U
E01021152,E01021152,U
E01031301,E01031301,U
E01012513,E01012513,U
E01030233,E01030233,U
E01030235,E01030235,U
E01030268,E01030268,U
E01030269,E01030269,U
E01030288,E01030288,U
E01030247,E01030247,U
E01030254,E01030254,U
E01030256,E01030256,U
E01030258,E01030258,U
E01030276,E01030276,U
E01030257,E01030257,U
E01030274,E01030274,U
E01030275,E01030275,U
E01030287,E01030287,U
E01030291,E01030291,U
E01030234,E01030234,U
E01030236,E01030236,U
E01030237,E01030237,U
E01030238,E01030238,U
E01030223,E01030223,U
E01030224,E01030224,U
E01030225,E01030225,U
E01030227,E01030227,U
E01030228,E01030228,U
E01030226,E01030226,U
E01030286,E01030286,U
E01030292,E01030292,U
E01030293,E01030293,U
E01030294,E01030294,U
E01030239,E01030239,U
E01030251,E01030251,U
E01030252,E01030252,U
E01030253,E01030253,U
E01030272,E01030272,U
E01030273,E01030273,U
E01030230,E01030230,U
E01030231,E01030231,U
E01030232,E01030232,U
E01030285,E01030285,U
E01030282,E01035154,M
E01030283,E01030283,U
E01030284,E01035154,M
E01030295,E01030295,U
E01030229,E01030229,U
E01030243,E01030243,U
E01030244,E01030244,U
E01030245,E01030245,U
E01030918,E01030918,U
E01023861,E01035574,S
E01031302,E01031302,U
E01012514,E01012514,U
E01030942,E01030942,U
E01030919,E01030919,U
E01031308,E01031308,U
E01012515,E01012515,U
E01023861,E01035576,S
E01021153,E01021153,U
E01030943,E01030943,U
E01030922,E01030922,U
E01031273,E01031273,U
E01021154,E01021154,U
E01030870,E01030870,U
E01023861,E01035578,S
E01012516,E01012516,U
E01030863,E01030863,U
E01031274,E01031274,U
E01021155,E01021155,U
E01030871,E01030871,U
E01023862,E01023862,U
E01012517,E01012517,U
E01030865,E01030865,U
E01031275,E01031275,U
E01021163,E01021163,U
E01030872,E01030872,U
E01023899,E01023899,U
E01012518,E01012518,U
E01030866,E01030866,U
E01031276,E01031276,U
E01021164,E01021164,U
E01030873,E01030873,U
E01023900,E01023900,U
E01012519,E01012519,U
E01030940,E01030940,U
E01031272,E01031272,U
E01021187,E01021187,U
E01030874,E01030874,U
E01023901,E01023901,U
E01012485,E01012485,U
E01030898,E01030898,U
E01031285,E01031285,U
E01021144,E01021144,U
E01030875,E01030875,U
E01023902,E01023902,U
E01012486,E01012486,U
E01030905,E01030905,U
E01031286,E01031286,U
E01021145,E01021145,U
E01023903,E01023903,U
E01012487,E01012487,U
E01030906,E01030906,U
E01031287,E01031287,U
E01021170,E01021170,U
E01012489,E01012489,U
E01030907,E01030907,U
E01023863,E01023863,U
E01031288,E01031288,U
E01021217,E01021217,U
E01012490,E01012490,U
E01030876,E01030876,U
E01030914,E01030914,U
E01023864,E01023864,U
E01031289,E01031289,U
E01021219,E01021219,U
E01012450,E01012450,U
E01030862,E01030862,U
E01030915,E01030915,U
E01023865,E01023865,U
E01033253,E01033253,U
E01021220,E01021220,U
E01012451,E01012451,U
E01030867,E01030867,U
E01030923,E01030923,U
E01023866,E01023866,U
E01033256,E01033256,U
E01021223,E01021223,U
E01012557,E01012557,U
E01030868,E01030868,U
E01030924,E01030924,U
E01023867,E01035579,S
E01031309,E01031309,U
E01021224,E01021224,U
E01012558,E01012558,U
E01030869,E01030869,U
E01030925,E01030925,U
E01023867,E01035580,S
E01031310,E01031310,U
E01021225,E01021225,U
E01012559,E01012559,U
E01030880,E01030880,U
E01030877,E01030877,U
E01023882,E01023882,U
E01031311,E01031311,U
E01021226,E01021226,U
E01012560,E01012560,U
E01030930,E01030930,U
E01023883,E01023883,U
E01031312,E01031312,U
E01021150,E01021150,U
E01012448,E01012448,U
E01030931,E01030931,U
E01030878,E01030878,U
E01031313,E01031313,U
E01021191,E01021191,U
E01030932,E01030932,U
E01012488,E01012488,U
E01023884,E01023884,U
E01030937,E01030937,U
E01031314,E01031314,U
E01021192,E01021192,U
E01030933,E01030933,U
E01012502,E01012502,U
E01023885,E01023885,U
E01030938,E01030938,U
E01031290,E01031290,U
E01021193,E01021193,U
E01030926,E01030926,U
E01012503,E01012503,U
E01030240,E01030240,U
E01031291,E01031291,U
E01021194,E01021194,U
E01030927,E01030927,U
E01012446,E01012446,U
E01030241,E01030241,U
E01031292,E01031292,U
E01021149,E01021149,U
E01030928,E01030928,U
E01012447,E01012447,U
E01030242,E01030242,U
E01031293,E01031293,U
E01021189,E01021189,U
E01030929,E01030929,U
E01012449,E01012449,U
E01030259,E01030259,U
E01031294,E01031294,U
E01021190,E01021190,U
E01030908,E01030908,U
E01012452,E01012452,U
E01030260,E01030260,U
E01031295,E01031295,U
E01021200,E01021200,U
E01030909,E01030909,U
E01031254,E01031254,U
E01030261,E01030261,U
E01030262,E01030262,U
E01030277,E01030277,U
E01030279,E01030279,U
E01030281,E01030281,U
E01030266,E01030266,U
E01030267,E01030267,U
E01030271,E01030271,U
E01030278,E01030278,U
E01030280,E01030280,U
E01030246,E01030246,U
E01030248,E01030248,U
E01030249,E01030249,U
E01030250,E01030250,U
E01030264,E01030264,U
E01030265,E01030265,U
E01030255,E01030255,U
E01030263,E01030263,U
E01031271,E01031271,U
E01021201,E01021201,U
E01031332,E01031332,U
E01021221,E01021221,U
E01031333,E01031333,U
E01021222,E01021222,U
E01031334,E01031334,U
E01021227,E01021227,U
E01031335,E01031335,U
E01021228,E01021228,U
E01031336,E01031336,U
E01021146,E01021146,U
E01031337,E01031337,U
E01021147,E01021147,U
E01031321,E01031321,U
E01021148,E01021148,U
E01031322,E01031322,U
E01021165,E01021165,U
E01031323,E01031323,U
E01021188,E01021188,U
E01031324,E01031324,U
E01021198,E01021198,U
E01031255,E01031255,U
E01031325,E01031325,U
E01030910,E01030910,U
E01021199,E01021199,U
E01031256,E01031256,U
E01033254,E01033254,U
E01021204,E01021204,U
E01031257,E01031257,U
E01033255,E01033255,U
E01031258,E01031258,U
E01030934,E01030934,U
E01021205,E01021205,U
E01031315,E01031315,U
E01031296,E01031296,U
E01030935,E01030935,U
E01021174,E01021174,U
E01031316,E01031316,U
E01031297,E01031297,U
E01032626,E01032626,U
E01021175,E01021175,U
E01031317,E01031317,U
E01031298,E01031298,U
E01021167,E01021167,U
E01021176,E01021176,U
E01031318,E01035037,S
E01031299,E01031299,U
E01021168,E01021168,U
E01021177,E01021177,U
E01031318,E01035038,S
E01031300,E01031300,U
E01021169,E01021169,U
E01021180,E01021180,U
E01031303,E01031303,U
E01021186,E01021186,U
E01021181,E01021181,U
E01031304,E01031304,U
E01021171,E01021171,U
E01021182,E01021182,U
E01031305,E01031305,U
E01021172,E01021172,U
E01031306,E01031306,U
E01021173,E01021173,U
E01031307,E01031307,U
E01021218,E01021218,U
E01031281,E01031281,U
E01021156,E01021156,U
E01031282,E01031282,U
E01021157,E01021157,U
E01031283,E01031283,U
E01021158,E01021158,U
E01031284,E01031284,U
E01021159,E01021159,U
E01021160,E01021160,U
E01021161,E01021161,U
E01021162,E01021162,U
E01021202,E01021202,U
E01021203,E01021203,U
E01021229,E01021229,U
E01016277,E01016277,U
E01016286,E01016286,U
E01016287,E01016287,U
E01016288,E01016288,U
E01016303,E01016303,U
E01016304,E01016304,U
E01016305,E01016305,U
E01016306,E01016306,U
E01016256,E01016256,U
E01016257,E01016257,U
E01016313,E01016313,U
E01016314,E01016314,U
E01016315,E01016315,U
E01016316,E01016316,U
E01016317,E01016317,U
E01016318,E01016318,U
E01016258,E01016258,U
E01016261,E01016261,U
E01016349,E01016349,U
E01016350,E01016350,U
E01016259,E01016259,U
E01016260,E01016260,U
E01016262,E01016262,U
E01016272,E01016272,U
E01016273,E01016273,U
E01016263,E01016263,U
E01016278,E01033851,M
E01016283,E01033851,M
E01016284,E01016284,U
E01016285,E01016285,U
E01016271,E01016271,U
E01016274,E01016274,U
E01016275,E01016275,U
E01016276,E01016276,U
E01016327,E01016327,U
E01016328,E01016328,U
E01020510,E01020510,U
E01016344,E01016344,U
E01016345,E01016345,U
E01016296,E01016296,U
E01016297,E01016297,U
E01016298,E01016298,U
E01016299,E01016299,U
E01016254,E01016254,U
E01016255,E01016255,U
E01023953,E01023953,U
E01016264,E01016264,U
E01016265,E01016265,U
E01016266,E01016266,U
E01016339,E01016339,U
E01016310,E01016310,U
E01016311,E01016311,U
E01020320,E01020320,U
E01016323,E01016323,U
E01025509,E01025509,U
E01027339,E01027339,U
E01021183,E01021183,U
E01020529,E01020529,U
E01020321,E01020321,U
E01025513,E01025513,U
E01023916,E01023916,U
E01016324,E01016324,U
E01020539,E01020539,U
E01021178,E01021178,U
E01027340,E01027340,U
E01020322,E01034642,S
E01025531,E01025531,U
E01023917,E01023917,U
E01016325,E01016325,U
E01020540,E01020540,U
E01021179,E01021179,U
E01027341,E01027341,U
E01020322,E01034643,S
E01025474,E01025474,U
E01023918,E01023918,U
E01016279,E01016279,U
E01020511,E01020511,U
E01021184,E01021184,U
E01027342,E01027342,U
E01020326,E01020326,U
E01025495,E01025495,U
E01020532,E01020532,U
E01023919,E01023919,U
E01016280,E01016280,U
E01020533,E01020533,U
E01021185,E01021185,U
E01027349,E01035431,S
E01020327,E01020327,U
E01025514,E01025514,U
E01023954,E01035604,S
E01027349,E01035432,S
E01020328,E01020328,U
E01021142,E01021142,U
E01020535,E01020535,U
E01025515,E01025515,U
E01023954,E01035605,S
E01016281,E01016281,U
E01027350,E01027350,U
E01020329,E01020329,U
E01021143,E01021143,U
E01020498,E01020498,U
E01025483,E01025483,U
E01023955,E01023955,U
E01016282,E01016282,U
E01027351,E01027351,U
E01020330,E01020330,U
E01021166,E01021166,U
E01020499,E01020499,U
E01025484,E01025484,U
E01023956,E01023956,U
E01016329,E01016329,U
E01027352,E01027352,U
E01020318,E01020318,U
E01021195,E01034299,S
E01020500,E01020500,U
E01025485,E01025485,U
E01023957,E01023957,U
E01016340,E01016340,U
E01027309,E01027309,U
E01020319,E01020319,U
E01021195,E01034300,S
E01020501,E01020501,U
E01020507,E01020507,U
E01020517,E01020517,U
E01020531,E01020531,U
E01020536,E01020536,U
E01020502,E01020502,U
E01020503,E01020503,U
E01020504,E01020504,U
E01020526,E01020526,U
E01020527,E01020527,U
E01020528,E01020528,U
E01032641,E01034381,S
E01032641,E01034382,S
E01032643,E01032643,U
E01032644,E01032644,U
E01032645,E01032645,U
E01020518,E01020518,U
E01020519,E01020519,U
E01020520,E01020520,U
E01020523,E01020523,U
E01020524,E01020524,U
E01020525,E01020525,U
E01020505,E01020505,U
E01020537,E01020537,U
E01020538,E01020538,U
E01020549,E01020549,U
E01020512,E01020512,U
E01020513,E01020513,U
E01020514,E01020514,U
E01020515,E01020515,U
E01020516,E01020516,U
E01025496,E01025496,U
E01025497,E01025497,U
E01025498,E01025498,U
E01025530,E01025530,U
E01025532,E01025532,U
E01025533,E01025533,U
E01025507,E01025507,U
E01025508,E01025508,U
E01016341,E01016341,U
E01020323,E01020323,U
E01023958,E01023958,U
E01016342,E01016342,U
E01025486,E01025486,U
E01020339,E01020339,U
E01023943,E01023943,U
E01016343,E01016343,U
E01025487,E01025487,U
E01025510,E01025510,U
E01027310,E01027310,U
E01023944,E01023944,U
E01021195,E01034301,S
E01025511,E01025511,U
E01027311,E01027311,U
E01016267,E01016267,U
E01023945,E01023945,U
E01021196,E01021196,U
E01025512,E01025512,U
E01020314,E01020314,U
E01027312,E01027312,U
E01016268,E01016268,U
E01023946,E01023946,U
E01021197,E01034302,S
E01025538,E01025538,U
E01020325,E01020325,U
E01016269,E01016269,U
E01027317,E01027317,U
E01016270,E01016270,U
E01023939,E01023939,U
E01021197,E01034303,S
E01025539,E01025539,U
E01020331,E01020331,U
E01025499,E01025499,U
E01016330,E01016330,U
E01021212,E01034304,S
E01027318,E01027318,U
E01020340,E01020340,U
E01023940,E01023940,U
E01025501,E01025501,U
E01016331,E01016331,U
E01021212,E01034305,S
E01027319,E01027319,U
E01020332,E01020332,U
E01023941,E01035606,S
E01025502,E01025502,U
E01016332,E01016332,U
E01021213,E01021213,U
E01027320,E01027320,U
E01020333,E01020333,U
E01023941,E01035607,S
E01025516,E01025516,U
E01016334,E01016334,U
E01021214,E01021214,U
E01027321,E01027321,U
E01020334,E01020334,U
E01023942,E01023942,U
E01025517,E01025517,U
E01016336,E01016336,U
E01021215,E01021215,U
E01027322,E01027322,U
E01020335,E01020335,U
E01023929,E01023929,U
E01025519,E01025519,U
E01016333,E01016333,U
E01021216,E01021216,U
E01021206,E01021206,U
E01021207,E01021207,U
E01021208,E01021208,U
E01021209,E01021209,U
E01021210,E01021210,U
E01021211,E01021211,U
E01021232,E01021232,U
E01021233,E01021233,U
E01021234,E01021234,U
E01021235,E01021235,U
E01021236,E01021236,U
E01027326,E01027326,U
E01027327,E01027327,U
E01027328,E01027328,U
E01027338,E01027338,U
E01027330,E01027330,U
E01027331,E01027331,U
E01027332,E01027332,U
E01027333,E01027333,U
E01027334,E01027334,U
E01027343,E01027343,U
E01027344,E01027344,U
E01027345,E01027345,U
E01027346,E01027346,U
E01027347,E01027347,U
E01027313,E01027313,U
E01027314,E01027314,U
E01027315,E01035429,S
E01027315,E01035430,S
E01027316,E01027316,U
E01023930,E01023930,U
E01016335,E01016335,U
E01025488,E01025488,U
E01023938,E01023938,U
E01020336,E01020336,U
E01016337,E01016337,U
E01025489,E01025489,U
E01020337,E01020337,U
E01027323,E01027323,U
E01016338,E01016338,U
E01025490,E01025490,U
E01020338,E01020338,U
E01027324,E01027324,U
E01025500,E01025500,U
E01016300,E01016300,U
E01020317,E01020317,U
E01033308,E01033308,U
E01027325,E01027325,U
E01025518,E01025518,U
E01016301,E01016301,U
E01020324,E01020324,U
E01033311,E01033311,U
E01027329,E01027329,U
E01025479,E01025479,U
E01016302,E01016302,U
E01020341,E01020341,U
E01033314,E01033314,U
E01027353,E01027353,U
E01025491,E01025491,U
E01016326,E01016326,U
E01020342,E01020342,U
E01023924,E01023924,U
E01027335,E01027335,U
E01025506,E01025506,U
E01016293,E01033852,S
E01020312,E01020312,U
E01023925,E01023925,U
E01027336,E01027336,U
E01025468,E01025468,U
E01016293,E01033853,S
E01020313,E01020313,U
E01023926,E01023926,U
E01027337,E01027337,U
E01025469,E01025469,U
E01016293,E01033854,S
E01020315,E01020315,U
E01023927,E01023927,U
E01025470,E01025470,U
E01016346,E01016346,U
E01020316,E01020316,U
E01023920,E01023920,U
E01027348,E01027348,U
E01016347,E01033855,S
E01023921,E01023921,U
E01027354,E01027354,U
E01020542,E01020542,U
E01016347,E01033856,S
E01023922,E01023922,U
E01027355,E01027355,U
E01025522,E01025522,U
E01020543,E01020543,U
E01016348,E01016348,U
E01023923,E01023923,U
E01023965,E01023965,U
E01025471,E01025471,U
E01020544,E01020544,U
E01016294,E01016294,U
E01023932,E01023932,U
E01023966,E01023966,U
E01025480,E01025480,U
E01020546,E01020546,U
E01016295,E01016295,U
E01023934,E01023934,U
E01023967,E01023967,U
E01025481,E01025481,U
E01020547,E01020547,U
E01016312,E01016312,U
E01023935,E01023935,U
E01023971,E01023971,U
E01025482,E01025482,U
E01032642,E01034379,S
E01016319,E01016319,U
E01023936,E01023936,U
E01023968,E01023968,U
E01025520,E01025520,U
E01032642,E01034380,S
E01020497,E01020497,U
E01023937,E01023937,U
E01016320,E01016320,U
E01023969,E01023969,U
E01025521,E01025521,U
E01023970,E01023970,U
E01025523,E01025523,U
E01033310,E01033310,U
E01025524,E01025524,U
E01033313,E01033313,U
E01025525,E01025525,U
E01023959,E01023959,U
E01025526,E01025526,U
E01023960,E01023960,U
E01025472,E01025472,U
E01023961,E01023961,U
E01025473,E01025473,U
E01023962,E01023962,U
E01025475,E01025475,U
E01023912,E01023912,U
E01025476,E01025476,U
E01023913,E01023913,U
E01025477,E01025477,U
E01023914,E01023914,U
E01023915,E01023915,U
E01023950,E01023950,U
E01023951,E01023951,U
E01023952,E01023952,U
E01023933,E01023933,U
E01023963,E01023963,U
E01023964,E01035581,X
E01016289,E01016289,U
E01023964,E01035608,X
E01020508,E01020508,U
E01016290,E01016290,U
E01023908,E01023908,U
E01016291,E01016291,U
E01023909,E01023909,U
E01016292,E01016292,U
E01023910,E01023910,U
E01016321,E01016321,U
E01023911,E01023911,U
E01016322,E01016322,U
E01023947,E01023947,U
E01016307,E01016307,U
E01023948,E01023948,U
E01016308,E01016308,U
E01023949,E01023949,U
E01020541,E01020541,U
E01016309,E01016309,U
E01020550,E01020550,U
E01020494,E01020494,U
E01020495,E01020495,U
E01020496,E01020496,U
E01020506,E01020506,U
E01020530,E01020530,U
E01020534,E01020534,U
E01020509,E01020509,U
E01026412,E01026412,U
E01006372,E01006372,U
E01006373,E01006373,U
E01025478,E01025478,U
E01026413,E01026413,U
E01006374,E01006374,U
E01025492,E01025492,U
E01026414,E01026414,U
E01006390,E01006390,U
E01028814,E01028814,U
E01025527,E01025527,U
E01026396,E01026396,U
E01020553,E01020553,U
E01033601,E01033601,U
E01006236,E01006236,U
E01029335,E01029335,U
E01025528,E01025528,U
E01028815,E01028815,U
E01026397,E01034706,S
E01020554,E01020554,U
E01004736,E01004736,U
E01006388,E01006388,U
E01033602,E01033602,U
E01025529,E01025529,U
E01029337,E01029337,U
E01032947,E01032947,U
E01026397,E01034707,S
E01020555,E01020555,U
E01004761,E01004761,U
E01006389,E01006389,U
E01033603,E01033603,U
E01025493,E01025493,U
E01029342,E01029342,U
E01026398,E01026398,U
E01032948,E01032948,U
E01006391,E01006391,U
E01025494,E01025494,U
E01029343,E01029343,U
E01033604,E01033604,U
E01004687,E01004687,U
E01020556,E01020556,U
E01026400,E01026400,U
E01032952,E01032952,U
E01006257,E01006257,U
E01025503,E01025503,U
E01006258,E01006258,U
E01029325,E01029325,U
E01033605,E01033605,U
E01004688,E01035718,M
E01020581,E01020581,U
E01026393,E01026393,U
E01028809,E01028809,U
E01006369,E01006369,U
E01004754,E01004754,U
E01020582,E01020582,U
E01004689,E01035718,M
E01026394,E01026394,U
E01029328,E01029328,U
E01025504,E01025504,U
E01029338,E01029338,U
E01004690,E01004690,U
E01025505,E01025505,U
E01006371,E01006371,U
E01004755,E01004755,U
E01026395,E01026395,U
E01004647,E01004647,U
E01028820,E01028820,U
E01004691,E01004691,U
E01020572,E01020572,U
E01025534,E01025534,U
E01006375,E01006375,U
E01004757,E01004757,U
E01026405,E01026405,U
E01004649,E01004649,U
E01028821,E01028821,U
E01004692,E01004692,U
E01020573,E01020573,U
E01025535,E01025535,U
E01006306,E01006306,U
E01032512,E01032512,U
E01026406,E01026406,U
E01004724,E01004724,U
E01028822,E01028822,U
E01004731,E01004731,U
E01020577,E01020577,U
E01025536,E01025536,U
E01025537,E01025537,U
E01025540,E01025540,U
E01026367,E01026367,U
E01026368,E01026368,U
E01026387,E01026387,U
E01026416,E01026416,U
E01032683,E01032683,U
E01026380,E01026380,U
E01026401,E01026401,U
E01026402,E01026402,U
E01026403,E01026403,U
E01026407,E01026407,U
E01026408,E01026408,U
E01026389,E01026389,U
E01026390,E01026390,U
E01026391,E01026391,U
E01026392,E01026392,U
E01026415,E01026415,U
E01026378,E01026378,U
E01026379,E01026379,U
E01026381,E01026381,U
E01026382,E01026382,U
E01026383,E01026383,U
E01026384,E01026384,U
E01026385,E01026385,U
E01026386,E01026386,U
E01026399,E01026399,U
E01026411,E01026411,U
E01026374,E01026374,U
E01026375,E01026375,U
E01026376,E01026376,U
E01026377,E01026377,U
E01026388,E01026388,U
E01026404,E01026404,U
E01026409,E01026409,U
E01026410,E01026410,U
E01026372,E01026372,U
E01028807,E01028807,U
E01006307,E01006307,U
E01006386,E01006386,U
E01020578,E01020578,U
E01004732,E01004732,U
E01004730,E01004730,U
E01028808,E01028808,U
E01026366,E01026366,U
E01006387,E01006387,U
E01032513,E01032513,U
E01004646,E01004646,U
E01026369,E01026369,U
E01006392,E01006392,U
E01028816,E01028816,U
E01004713,E01004713,U
E01004648,E01004648,U
E01004733,E01004733,U
E01026370,E01026370,U
E01020583,E01020583,U
E01006350,E01006350,U
E01028817,E01028817,U
E01004714,E01004714,U
E01004650,E01004650,U
E01004744,E01004744,U
E01026371,E01026371,U
E01020584,E01020584,U
E01006351,E01006351,U
E01028818,E01028818,U
E01004716,E01004716,U
E01004748,E01004748,U
E01026373,E01026373,U
E01020585,E01020585,U
E01006357,E01006357,U
E01028819,E01028819,U
E01004717,E01004717,U
E01028785,E01028785,U
E01004740,E01004740,U
E01028780,E01028780,U
E01020586,E01020586,U
E01006360,E01006360,U
E01004710,E01004710,U
E01004762,E01004762,U
E01004743,E01004743,U
E01028786,E01028786,U
E01028781,E01028781,U
E01020587,E01020587,U
E01006361,E01006361,U
E01004711,E01004711,U
E01004657,E01004657,U
E01004745,E01035719,S
E01028787,E01028787,U
E01028782,E01028782,U
E01020588,E01020588,U
E01006356,E01006356,U
E01004651,E01004651,U
E01004658,E01004658,U
E01004745,E01035720,S
E01028800,E01028800,U
E01028783,E01028783,U
E01020589,E01020589,U
E01006396,E01006396,U
E01004725,E01004725,U
E01004661,E01004661,U
E01004746,E01004746,U
E01028762,E01028762,U
E01028795,E01028795,U
E01020563,E01020563,U
E01006397,E01006397,U
E01004726,E01004726,U
E01004662,E01004662,U
E01004747,E01004747,U
E01020569,E01020569,U
E01028766,E01035255,S
E01028796,E01028796,U
E01033200,E01033200,U
E01028766,E01035565,S
E01006398,E01006398,U
E01004728,E01004728,U
E01004663,E01004663,U
E01004742,E01004742,U
E01028767,E01028767,U
E01028797,E01028797,U
E01006399,E01006399,U
E01004715,E01004715,U
E01004749,E01004749,U
E01004729,E01004729,U
E01020562,E01020562,U
E01028772,E01028772,U
E01028806,E01028806,U
E01006305,E01006305,U
E01004763,E01004763,U
E01004751,E01004751,U
E01004718,E01004718,U
E01020564,E01020564,U
E01032949,E01032949,U
E01028763,E01028763,U
E01006308,E01006308,U
E01004765,E01004765,U
E01004752,E01004752,U
E01004719,E01004719,U
E01020565,E01020565,U
E01032950,E01032950,U
E01028776,E01028776,U
E01006309,E01006309,U
E01033595,E01035716,M
E01004753,E01004753,U
E01004720,E01004720,U
E01020566,E01020566,U
E01032951,E01032951,U
E01028798,E01028798,U
E01006310,E01006310,U
E01033596,E01035716,M
E01004666,E01035721,M
E01004667,E01035721,M
E01004668,E01004668,U
E01004750,E01004750,U
E01033597,E01033597,U
E01033599,E01033599,U
E01004665,E01004665,U
E01004669,E01004669,U
E01004737,E01004737,U
E01004738,E01035722,M
E01004739,E01035722,M
E01004741,E01004741,U
E01020551,E01020551,U
E01020552,E01020552,U
E01020570,E01020570,U
E01020571,E01020571,U
E01020557,E01020557,U
E01020558,E01020558,U
E01020559,E01020559,U
E01020560,E01020560,U
E01020561,E01020561,U
E01020574,E01020574,U
E01020575,E01020575,U
E01020576,E01020576,U
E01020579,E01020579,U
E01020580,E01020580,U
E01028804,E01028804,U
E01006311,E01006311,U
E01004653,E01004653,U
E01028823,E01028823,U
E01032953,E01032953,U
E01006269,E01006269,U
E01004654,E01004654,U
E01028824,E01028824,U
E01028771,E01028771,U
E01006271,E01006271,U
E01006315,E01006315,U
E01004721,E01004721,U
E01004656,E01004656,U
E01028825,E01028825,U
E01028773,E01028773,U
E01006272,E01006272,U
E01004722,E01004722,U
E01004760,E01004760,U
E01032954,E01034751,S
E01028774,E01028774,U
E01006273,E01006273,U
E01004674,E01004674,U
E01033606,E01035717,M
E01028775,E01028775,U
E01032954,E01035762,S
E01006276,E01006276,U
E01004675,E01004675,U
E01006316,E01006316,U
E01033607,E01035717,M
E01028764,E01028764,U
E01028777,E01028777,U
E01006353,E01006353,U
E01004677,E01004677,U
E01006317,E01006317,U
E01004680,E01004680,U
E01028765,E01028765,U
E01028778,E01028778,U
E01006354,E01006354,U
E01004678,E01004678,U
E01006319,E01006319,U
E01004683,E01004683,U
E01028801,E01028801,U
E01028779,E01028779,U
E01006355,E01006355,U
E01004679,E01004679,U
E01006229,E01006229,U
E01004684,E01004684,U
E01028802,E01028802,U
E01028799,E01028799,U
E01006358,E01006358,U
E01004723,E01004723,U
E01006230,E01006230,U
E01004686,E01004686,U
E01029324,E01029324,U
E01028788,E01028788,U
E01006359,E01006359,U
E01004676,E01004676,U
E01006233,E01006233,U
E01033593,E01033593,U
E01028789,E01028789,U
E01006349,E01006349,U
E01004706,E01004706,U
E01006237,E01006237,U
E01033594,E01033594,U
E01028790,E01028790,U
E01006352,E01006352,U
E01029329,E01029329,U
E01006238,E01006238,U
E01004707,E01004707,U
E01004681,E01004681,U
E01028791,E01028791,U
E01006404,E01006404,U
E01029330,E01029330,U
E01006259,E01006259,U
E01004708,E01004708,U
E01004682,E01004682,U
E01028784,E01028784,U
E01006405,E01006405,U
E01032636,E01032636,U
E01006312,E01006312,U
E01004756,E01004756,U
E01004694,E01004694,U
E01028792,E01028792,U
E01006411,E01006411,U
E01029322,E01029322,U
E01006313,E01006313,U
E01004701,E01004701,U
E01004697,E01004697,U
E01028793,E01028793,U
E01006270,E01006270,U
E01029331,E01029331,U
E01006314,E01006314,U
E01004703,E01004703,U
E01004700,E01004700,U
E01028794,E01028794,U
E01006274,E01006274,U
E01029333,E01029333,U
E01006318,E01006318,U
E01004705,E01004705,U
E01004652,E01004652,U
E01028810,E01028810,U
E01006320,E01006320,U
E01004709,E01004709,U
E01004693,E01004693,U
E01028811,E01028811,U
E01004695,E01004695,U
E01028813,E01028813,U
E01004696,E01004696,U
E01029336,E01029336,U
E01004698,E01004698,U
E01033600,E01035715,M
E01006321,E01006321,U
E01029326,E01029326,U
E01004699,E01004699,U
E01033608,E01035715,M
E01006231,E01006231,U
E01029334,E01029334,U
E01004734,E01004734,U
E01004659,E01004659,U
E01006232,E01006232,U
E01029339,E01029339,U
E01004735,E01004735,U
E01004660,E01004660,U
E01006234,E01006234,U
E01029341,E01029341,U
E01004712,E01004712,U
E01006235,E01006235,U
E01032635,E01032635,U
E01004727,E01004727,U
E01006253,E01006253,U
E01029327,E01029327,U
E01004670,E01004670,U
E01006254,E01006254,U
E01004702,E01004702,U
E01006255,E01006255,U
E01033598,E01033598,U
E01006256,E01006256,U
E01006260,E01006260,U
E01006370,E01006370,U
E01006275,E01006275,U
E01006277,E01006277,U
E01006286,E01006286,U
E01006239,E01006239,U
E01006240,E01006240,U
E01006241,E01006241,U
E01006287,E01006287,U
E01006289,E01006289,U
E01006362,E01006362,U
E01006363,E01006363,U
E01006364,E01006364,U
E01006365,E01006365,U
E01006366,E01006366,U
E01006367,E01006367,U
E01006368,E01006368,U
E01006278,E01006278,U
E01006279,E01006279,U
E01006280,E01006280,U
E01006281,E01006281,U
E01006285,E01006285,U
E01006406,E01006406,U
E01006407,E01006407,U
E01006408,E01006408,U
E01006409,E01006409,U
E01006410,E01006410,U
E01006393,E01006393,U
E01006394,E01006394,U
E01006395,E01006395,U
E01006400,E01006400,U
E01006401,E01006401,U
E01006402,E01006402,U
E01006403,E01006403,U
E01006290,E01006290,U
E01006291,E01006291,U
E01006292,E01006292,U
E01006293,E01006293,U
E01006242,E01006242,U
E01006243,E01006243,U
E01006244,E01006244,U
E01006245,E01006245,U
E01006213,E01006213,U
E01006215,E01006215,U
E01006217,E01006217,U
E01006218,E01006218,U
E01006219,E01006219,U
E01006288,E01006288,U
E01006294,E01006294,U
E01006295,E01006295,U
E01006377,E01006377,U
E01032094,E01032094,U
E01006378,E01006378,U
E01032095,E01032095,U
E01032088,E01032088,U
E01031900,E01034524,S
E01031851,E01031851,U
E01032089,E01032089,U
E01032090,E01032090,U
E01032091,E01032091,U
E01032053,E01032053,U
E01032083,E01032083,U
E01032084,E01034540,S
E01032084,E01034541,S
E01031842,E01031842,U
E01031867,E01031867,U
E01031882,E01031882,U
E01032052,E01032052,U
E01032054,E01032054,U
E01032055,E01032055,U
E01032056,E01032056,U
E01032121,E01032121,U
E01032115,E01032115,U
E01032116,E01034551,S
E01032116,E01034552,S
E01032117,E01032117,U
E01032118,E01032118,U
E01032119,E01032119,U
E01032694,E01032694,U
E01032695,E01032695,U
E01031859,E01031859,U
E01031860,E01031860,U
E01031878,E01034553,S
E01031878,E01034555,S
E01031879,E01031879,U
E01031880,E01034557,S
E01031880,E01034558,S
E01032697,E01032697,U
E01032698,E01034554,S
E01032698,E01034556,S
E01032104,E01032104,U
E01032105,E01032105,U
E01032107,E01032107,U
E01032108,E01032108,U
E01032110,E01032110,U
E01032111,E01032111,U
E01032112,E01032112,U
E01032113,E01032113,U
E01032103,E01032103,U
E01032106,E01032106,U
E01032109,E01032109,U
E01032114,E01032114,U
E01031988,E01031988,U
E01006225,E01006225,U
E01006212,E01006212,U
E01031998,E01034542,S
E01031998,E01034543,S
E01031946,E01031946,U
E01006214,E01006214,U
E01032026,E01032026,U
E01031852,E01031852,U
E01031900,E01034525,S
E01006261,E01006261,U
E01031961,E01031961,U
E01032688,E01032688,U
E01031901,E01031901,U
E01006216,E01006216,U
E01006264,E01006264,U
E01032696,E01032696,U
E01031965,E01031965,U
E01032689,E01032689,U
E01031902,E01031902,U
E01006322,E01006322,U
E01006265,E01006265,U
E01031989,E01031989,U
E01031966,E01031966,U
E01032692,E01032692,U
E01031903,E01031903,U
E01006329,E01006329,U
E01006296,E01006296,U
E01031996,E01031996,U
E01031968,E01031968,U
E01032693,E01032693,U
E01031888,E01031888,U
E01006282,E01006282,U
E01006298,E01006298,U
E01031997,E01031997,U
E01032699,E01032699,U
E01031853,E01031853,U
E01031889,E01031889,U
E01006283,E01006283,U
E01006299,E01006299,U
E01031999,E01031999,U
E01031939,E01031939,U
E01031854,E01031854,U
E01031890,E01031890,U
E01006284,E01006284,U
E01006300,E01006300,U
E01032051,E01032051,U
E01031940,E01031940,U
E01031855,E01031855,U
E01031929,E01031929,U
E01006336,E01006336,U
E01006301,E01006301,U
E01032075,E01032075,U
E01031950,E01031950,U
E01031930,E01031930,U
E01006337,E01006337,U
E01006227,E01006227,U
E01032076,E01032076,U
E01031951,E01031951,U
E01031856,E01031856,U
E01006376,E01006376,U
E01032081,E01032081,U
E01031931,E01031931,U
E01031907,E01031907,U
E01006228,E01006228,U
E01032045,E01032045,U
E01006381,E01006381,U
E01032082,E01032082,U
E01031932,E01031932,U
E01031910,E01031910,U
E01006342,E01006342,U
E01032046,E01032046,U
E01006382,E01006382,U
E01031974,E01031974,U
E01031933,E01031933,U
E01031914,E01031914,U
E01006344,E01006344,U
E01032047,E01032047,U
E01006383,E01006383,U
E01031975,E01031975,U
E01031941,E01031941,U
E01031915,E01031915,U
E01006346,E01006346,U
E01032048,E01032048,U
E01006384,E01006384,U
E01031976,E01031976,U
E01031942,E01031942,U
E01031919,E01031919,U
E01006339,E01006339,U
E01032049,E01032049,U
E01006250,E01006250,U
E01031977,E01034544,S
E01031952,E01031952,U
E01031920,E01031920,U
E01006340,E01006340,U
E01032050,E01034531,S
E01006251,E01006251,U
E01031977,E01034545,S
E01031953,E01034527,S
E01031905,E01031905,U
E01006343,E01006343,U
E01032050,E01034532,S
E01006379,E01006379,U
E01006380,E01006380,U
E01006385,E01006385,U
E01006328,E01006328,U
E01006333,E01006333,U
E01006334,E01006334,U
E01006338,E01006338,U
E01006248,E01006248,U
E01006249,E01006249,U
E01006330,E01006330,U
E01006331,E01006331,U
E01006332,E01006332,U
E01006262,E01006262,U
E01006263,E01006263,U
E01006266,E01006266,U
E01006267,E01006267,U
E01006268,E01006268,U
E01006323,E01006323,U
E01006324,E01006324,U
E01006325,E01006325,U
E01006326,E01006326,U
E01006327,E01006327,U
E01006246,E01006246,U
E01006247,E01006247,U
E01006252,E01006252,U
E01006297,E01006297,U
E01006335,E01006335,U
E01006220,E01006220,U
E01006221,E01006221,U
E01006222,E01006222,U
E01006224,E01006224,U
E01006226,E01006226,U
E01006223,E01006223,U
E01031906,E01031906,U
E01031845,E01031845,U
E01031908,E01031908,U
E01031909,E01031909,U
E01031846,E01031846,U
E01031925,E01031925,U
E01031848,E01031848,U
E01031926,E01031926,U
E01031872,E01031872,U
E01006345,E01006345,U
E01031927,E01031927,U
E01031876,E01031876,U
E01006348,E01006348,U
E01031977,E01034546,S
E01031911,E01031911,U
E01031953,E01034526,S
E01031843,E01031843,U
E01006302,E01006302,U
E01006303,E01006303,U
E01006304,E01006304,U
E01006341,E01006341,U
E01006347,E01006347,U
E01031887,E01031887,U
E01031934,E01031934,U
E01031935,E01031935,U
E01031936,E01031936,U
E01031885,E01031885,U
E01031947,E01031947,U
E01031948,E01031948,U
E01031949,E01031949,U
E01031954,E01034520,S
E01031954,E01034521,S
E01031955,E01031955,U
E01031956,E01031956,U
E01031962,E01031962,U
E01031886,E01031886,U
E01031892,E01031892,U
E01031893,E01031893,U
E01031894,E01031894,U
E01031957,E01031957,U
E01031958,E01031958,U
E01031959,E01031959,U
E01031960,E01031960,U
E01031963,E01031963,U
E01031964,E01031964,U
E01031967,E01031967,U
E01031969,E01031969,U
E01031944,E01031944,U
E01031861,E01031861,U
E01031847,E01031847,U
E01031912,E01031912,U
E01031862,E01031862,U
E01031849,E01031849,U
E01031913,E01031913,U
E01031863,E01031863,U
E01031877,E01031877,U
E01031917,E01031917,U
E01031978,E01031978,U
E01031864,E01031864,U
E01032077,E01032077,U
E01031918,E01031918,U
E01031979,E01031979,U
E01031865,E01031865,U
E01031928,E01031928,U
E01032013,E01032013,U
E01032063,E01032063,U
E01032032,E01032032,U
E01032078,E01032078,U
E01031841,E01031841,U
E01032064,E01032064,U
E01032033,E01032033,U
E01032079,E01032079,U
E01031868,E01031868,U
E01032065,E01032065,U
E01032034,E01032034,U
E01032080,E01032080,U
E01031873,E01031873,U
E01032073,E01032073,U
E01032010,E01032010,U
E01032085,E01032085,U
E01031874,E01031874,U
E01032074,E01032074,U
E01032035,E01032035,U
E01032086,E01034533,S
E01031884,E01031884,U
E01032043,E01032043,U
E01032036,E01032036,U
E01032086,E01034534,S
E01031891,E01034522,S
E01032044,E01032044,U
E01032037,E01032037,U
E01032087,E01032087,U
E01031891,E01034523,S
E01032057,E01032057,U
E01031984,E01031984,U
E01032099,E01034535,S
E01031904,E01031904,U
E01032070,E01032070,U
E01031985,E01031985,U
E01032099,E01034536,S
E01031937,E01031937,U
E01032071,E01034528,S
E01031986,E01031986,U
E01032099,E01034537,S
E01031938,E01031938,U
E01032071,E01034529,S
E01032017,E01032017,U
E01032100,E01032100,U
E01031916,E01031916,U
E01032071,E01034530,S
E01032072,E01032072,U
E01032062,E01032062,U
E01032066,E01032066,U
E01032067,E01032067,U
E01032068,E01032068,U
E01032069,E01032069,U
E01032058,E01032058,U
E01032059,E01032059,U
E01032060,E01032060,U
E01032061,E01032061,U
E01031866,E01031866,U
E01031869,E01031869,U
E01031870,E01031870,U
E01031871,E01031871,U
E01031850,E01031850,U
E01032101,E01032101,U
E01031980,E01031980,U
E01031921,E01031921,U
E01032102,E01032102,U
E01031981,E01031981,U
E01031922,E01031922,U
E01032096,E01032096,U
E01031982,E01031982,U
E01031923,E01031923,U
E01032097,E01032097,U
E01031983,E01031983,U
E01031924,E01031924,U
E01032098,E01032098,U
E01032018,E01032018,U
E01031895,E01031895,U
E01031844,E01034538,S
E01032019,E01032019,U
E01031896,E01031896,U
E01031844,E01034539,S
E01032020,E01032020,U
E01031897,E01031897,U
E01031857,E01031857,U
E01032025,E01032025,U
E01031898,E01031898,U
E01031858,E01031858,U
E01031990,E01031990,U
E01032690,E01032690,U
E01031883,E01031883,U
E01032004,E01032004,U
E01032691,E01032691,U
E01032092,E01032092,U
E01032027,E01032027,U
E01032093,E01032093,U
E01032038,E01032038,U
E01032039,E01032039,U
E01032040,E01032040,U
E01032001,E01032001,U
E01032002,E01032002,U
E01032003,E01032003,U
E01032024,E01032024,U
E01032014,E01032014,U
E01032015,E01032015,U
E01032016,E01032016,U
E01032021,E01032021,U
E01007244,E01007244,U
E01032000,E01032000,U
E01032011,E01034547,S
E01032011,E01034548,S
E01023250,E01023250,U
E01023232,E01023232,U
E01007259,E01007259,U
E01032011,E01034549,S
E01007228,E01007228,U
E01023268,E01023268,U
E01023233,E01023233,U
E01007261,E01007261,U
E01016542,E01016542,U
E01032011,E01034550,S
E01007195,E01007195,U
E01023269,E01023269,U
E01007234,E01007234,U
E01023234,E01023234,U
E01007116,E01007116,U
E01007264,E01007264,U
E01016543,E01016543,U
E01032012,E01032012,U
E01007199,E01007199,U
E01023270,E01023270,U
E01007236,E01007236,U
E01016570,E01016570,U
E01007280,E01007280,U
E01007266,E01007266,U
E01016544,E01016544,U
E01032008,E01032008,U
E01007222,E01007222,U
E01023251,E01023251,U
E01007307,E01007307,U
E01016572,E01016572,U
E01007284,E01007284,U
E01007267,E01007267,U
E01016567,E01016567,U
E01016568,E01016568,U
E01016569,E01016569,U
E01016564,E01016564,U
E01016565,E01016565,U
E01016566,E01016566,U
E01016577,E01016577,U
E01016545,E01016545,U
E01016547,E01016547,U
E01016550,E01016550,U
E01016552,E01016552,U
E01016551,E01016551,U
E01016553,E01016553,U
E01016557,E01016557,U
E01016558,E01016558,U
E01016548,E01016548,U
E01016549,E01016549,U
E01016554,E01016554,U
E01016555,E01016555,U
E01016556,E01016556,U
E01016546,E01016546,U
E01016595,E01016595,U
E01016596,E01016596,U
E01016597,E01016597,U
E01016575,E01016575,U
E01016576,E01016576,U
E01016587,E01016587,U
E01016588,E01016588,U
E01016589,E01016589,U
E01016522,E01016522,U
E01016523,E01016523,U
E01016524,E01016524,U
E01016609,E01016609,U
E01016603,E01016603,U
E01016604,E01016604,U
E01016605,E01016605,U
E01016606,E01016606,U
E01016607,E01016607,U
E01016608,E01016608,U
E01007229,E01007229,U
E01007230,E01007230,U
E01007231,E01007231,U
E01007237,E01007237,U
E01007238,E01007238,U
E01007218,E01007218,U
E01007232,E01007232,U
E01007233,E01007233,U
E01007268,E01007268,U
E01032009,E01032009,U
E01007285,E01007285,U
E01007308,E01007308,U
E01023255,E01023255,U
E01016582,E01016582,U
E01032022,E01032022,U
E01023256,E01023256,U
E01007312,E01007312,U
E01007287,E01007287,U
E01007163,E01007163,U
E01007223,E01007223,U
E01016600,E01016600,U
E01007193,E01007193,U
E01007245,E01007245,U
E01016530,E01016530,U
E01007183,E01007183,U
E01032005,E01032005,U
E01007313,E01007313,U
E01007194,E01007194,U
E01023257,E01023257,U
E01007246,E01007246,U
E01016531,E01016531,U
E01007255,E01007255,U
E01032006,E01032006,U
E01007315,E01007315,U
E01007200,E01007200,U
E01023258,E01023258,U
E01007247,E01007247,U
E01016532,E01016532,U
E01007256,E01007256,U
E01032007,E01032007,U
E01007211,E01007211,U
E01007201,E01007201,U
E01023252,E01023252,U
E01023254,E01023254,U
E01023263,E01023263,U
E01023264,E01023264,U
E01023265,E01023265,U
E01023267,E01023267,U
E01023260,E01023260,U
E01023261,E01023261,U
E01023262,E01023262,U
E01023266,E01023266,U
E01023229,E01023229,U
E01023242,E01023242,U
E01023243,E01023243,U
E01023244,E01023244,U
E01023259,E01023259,U
E01023226,E01023226,U
E01023227,E01023227,U
E01023228,E01023228,U
E01023230,E01023230,U
E01023246,E01023246,U
E01023235,E01023235,U
E01023275,E01023275,U
E01023276,E01023276,U
E01023277,E01023277,U
E01023282,E01023282,U
E01023220,E01023220,U
E01023221,E01023221,U
E01023222,E01023222,U
E01023223,E01023223,U
E01023272,E01023272,U
E01023273,E01023273,U
E01023245,E01023245,U
E01023271,E01023271,U
E01023284,E01034731,S
E01023284,E01034732,S
E01023285,E01023285,U
E01032859,E01032859,U
E01032860,E01032860,U
E01023224,E01034733,S
E01023224,E01034734,S
E01023231,E01023231,U
E01032023,E01032023,U
E01007252,E01007252,U
E01007202,E01007202,U
E01016533,E01016533,U
E01031970,E01031970,U
E01007249,E01007249,U
E01007125,E01007125,U
E01007279,E01007279,U
E01016578,E01016578,U
E01007235,E01007235,U
E01031971,E01031971,U
E01007156,E01007156,U
E01007251,E01007251,U
E01007286,E01007286,U
E01016579,E01016579,U
E01007310,E01007310,U
E01031972,E01031972,U
E01007157,E01007157,U
E01007257,E01007257,U
E01007110,E01007110,U
E01016581,E01016581,U
E01007311,E01007311,U
E01032041,E01032041,U
E01007158,E01007158,U
E01007303,E01007303,U
E01007117,E01007117,U
E01016571,E01016571,U
E01007314,E01007314,U
E01007316,E01007316,U
E01007215,E01007215,U
E01007216,E01007216,U
E01007219,E01007219,U
E01007220,E01007220,U
E01007275,E01007275,U
E01007203,E01007203,U
E01007205,E01007205,U
E01007210,E01007210,U
E01007309,E01007309,U
E01007212,E01007212,U
E01007213,E01007213,U
E01007214,E01007214,U
E01007217,E01007217,U
E01007276,E01007276,U
E01007272,E01007272,U
E01007273,E01007273,U
E01007274,E01007274,U
E01007277,E01007277,U
E01007278,E01007278,U
E01007204,E01007204,U
E01007206,E01007206,U
E01007207,E01007207,U
E01007209,E01007209,U
E01007269,E01007269,U
E01007270,E01007270,U
E01007271,E01007271,U
E01032903,E01034836,S
E01032903,E01034837,S
E01007120,E01007120,U
E01007121,E01007121,U
E01007122,E01007122,U
E01007123,E01007123,U
E01007124,E01007124,U
E01007208,E01007208,U
E01007221,E01007221,U
E01007225,E01007225,U
E01007227,E01007227,U
E01032042,E01032042,U
E01007304,E01007304,U
E01016573,E01016573,U
E01007159,E01007159,U
E01031991,E01031991,U
E01007196,E01007196,U
E01016574,E01016574,U
E01007126,E01034838,S
E01032029,E01032029,U
E01007197,E01007197,U
E01007126,E01034839,S
E01032030,E01032030,U
E01007198,E01007198,U
E01032031,E01032031,U
E01016599,E01016599,U
E01007127,E01007127,U
E01007118,E01007118,U
E01031973,E01031973,U
E01007128,E01007128,U
E01016583,E01016583,U
E01007263,E01007263,U
E01007151,E01007151,U
E01031992,E01031992,U
E01007129,E01007129,U
E01016585,E01016585,U
E01007282,E01007282,U
E01007154,E01007154,U
E01031993,E01031993,U
E01007133,E01007133,U
E01016586,E01016586,U
E01007175,E01007175,U
E01007140,E01034840,S
E01031994,E01031994,U
E01007224,E01007224,U
E01016591,E01016591,U
E01007290,E01007290,U
E01007140,E01034841,S
E01031995,E01031995,U
E01007226,E01007226,U
E01016592,E01016592,U
E01007293,E01007293,U
E01007142,E01007142,U
E01023286,E01023286,U
E01007265,E01007265,U
E01016525,E01016525,U
E01007295,E01007295,U
E01007143,E01007143,U
E01023287,E01023287,U
E01007299,E01007299,U
E01016528,E01016528,U
E01007296,E01007296,U
E01007152,E01007152,U
E01023288,E01023288,U
E01007306,E01007306,U
E01016529,E01016529,U
E01007258,E01007258,U
E01023236,E01023236,U
E01007297,E01007297,U
E01016536,E01016536,U
E01007260,E01007260,U
E01016584,E01016584,U
E01007153,E01007153,U
E01023237,E01023237,U
E01007262,E01007262,U
E01007298,E01007298,U
E01032733,E01032733,U
E01007182,E01007182,U
E01023238,E01023238,U
E01007281,E01007281,U
E01007301,E01007301,U
E01032734,E01032734,U
E01007184,E01007184,U
E01023239,E01023239,U
E01007283,E01007283,U
E01007302,E01007302,U
E01016526,E01016526,U
E01007185,E01007185,U
E01023240,E01023240,U
E01007173,E01007173,U
E01007305,E01007305,U
E01016527,E01016527,U
E01007192,E01007192,U
E01023241,E01023241,U
E01007174,E01007174,U
E01007119,E01007119,U
E01016534,E01016534,U
E01007288,E01007288,U
E01023248,E01023248,U
E01007176,E01007176,U
E01007161,E01007161,U
E01016598,E01016598,U
E01007144,E01007144,U
E01023253,E01023253,U
E01007177,E01007177,U
E01007162,E01007162,U
E01016601,E01016601,U
E01007145,E01007145,U
E01023274,E01023274,U
E01007178,E01007178,U
E01007300,E01007300,U
E01007146,E01007146,U
E01023225,E01023225,U
E01007248,E01007248,U
E01007155,E01007155,U
E01016602,E01016602,U
E01007147,E01007147,U
E01023278,E01023278,U
E01007160,E01007160,U
E01007250,E01007250,U
E01016535,E01016535,U
E01007148,E01007148,U
E01023279,E01023279,U
E01007240,E01007240,U
E01007253,E01007253,U
E01016537,E01016537,U
E01007135,E01007135,U
E01023280,E01023280,U
E01007241,E01007241,U
E01007254,E01007254,U
E01016538,E01016538,U
E01007136,E01007136,U
E01023281,E01023281,U
E01007242,E01007242,U
E01007115,E01007115,U
E01016593,E01016593,U
E01007137,E01007137,U
E01023247,E01023247,U
E01007130,E01007130,U
E01007138,E01007138,U
E01016594,E01016594,U
E01007170,E01007170,U
E01023249,E01023249,U
E01007131,E01007131,U
E01007139,E01007139,U
E01016559,E01016559,U
E01007186,E01007186,U
E01007179,E01007179,U
E01007141,E01007141,U
E01016560,E01016560,U
E01007187,E01007187,U
E01007291,E01007291,U
E01007289,E01007289,U
E01016561,E01016561,U
E01007188,E01007188,U
E01007292,E01007292,U
E01007294,E01007294,U
E01007180,E01007180,U
E01007181,E01007181,U
E01007239,E01007239,U
E01007243,E01007243,U
E01016562,E01016562,U
E01007189,E01007189,U
E01016563,E01016563,U
E01007190,E01007190,U
E01016580,E01016580,U
E01007191,E01007191,U
E01016539,E01016539,U
E01007149,E01007149,U
E01016540,E01016540,U
E01007150,E01007150,U
E01016541,E01016541,U
E01007165,E01007165,U
E01007171,E01007171,U
E01007172,E01007172,U
E01007164,E01007164,U
E01007166,E01007166,U
E01007167,E01007167,U
E01007168,E01007168,U
E01007111,E01007111,U
E01007112,E01007112,U
E01007113,E01007113,U
E01007114,E01007114,U
E01010484,E01010484,U
E01010485,E01010485,U
E01010458,E01010458,U
E01010459,E01010459,U
E01010460,E01010460,U
E01010461,E01010461,U
E01010566,E01010566,U
E01010539,E01010539,U
E01010540,E01010540,U
E01010542,E01010542,U
E01010544,E01010544,U
E01010545,E01010545,U
E01010554,E01010554,U
E01016652,E01016652,U
E01010427,E01010427,U
E01030992,E01030992,U
E01010558,E01010558,U
E01010562,E01010562,U
E01010563,E01010563,U
E01010567,E01010567,U
E01010478,E01010478,U
E01010479,E01010479,U
E01010480,E01010480,U
E01010486,E01010486,U
E01010474,E01010474,U
E01010561,E01010561,U
E01010564,E01010564,U
E01010565,E01010565,U
E01010522,E01010522,U
E01010523,E01010523,U
E01010524,E01010524,U
E01010525,E01010525,U
E01010546,E01010546,U
E01010547,E01010547,U
E01010548,E01010548,U
E01010549,E01010549,U
E01010553,E01010553,U
E01010471,E01010471,U
E01010472,E01010472,U
E01010473,E01010473,U
E01010475,E01010475,U
E01010476,E01010476,U
E01010477,E01010477,U
E01010526,E01010526,U
E01010527,E01010527,U
E01010528,E01010528,U
E01010529,E01010529,U
E01010506,E01010506,U
E01010508,E01010508,U
E01010510,E01010510,U
E01010511,E01010511,U
E01010512,E01010512,U
E01010442,E01010442,U
E01032310,E01032310,U
E01007169,E01007169,U
E01030946,E01030946,U
E01030947,E01030947,U
E01030948,E01030948,U
E01010443,E01010443,U
E01016690,E01016690,U
E01030949,E01030949,U
E01030950,E01030950,U
E01030996,E01030996,U
E01030998,E01030998,U
E01031002,E01031002,U
E01031003,E01031003,U
E01031004,E01031004,U
E01030963,E01030963,U
E01030964,E01030964,U
E01030965,E01030965,U
E01030966,E01030966,U
E01030967,E01030967,U
E01030968,E01030968,U
E01030980,E01030980,U
E01030981,E01030981,U
E01030982,E01034293,M
E01030983,E01030983,U
E01030984,E01030984,U
E01030985,E01034293,M
E01030951,E01030951,U
E01030952,E01030952,U
E01030953,E01030953,U
E01030956,E01030956,U
E01030957,E01030957,U
E01030958,E01030958,U
E01030959,E01030959,U
E01030988,E01030988,U
E01030989,E01030989,U
E01030990,E01030990,U
E01030997,E01030997,U
E01030974,E01030974,U
E01030975,E01030975,U
E01030976,E01030976,U
E01030977,E01030977,U
E01030979,E01030979,U
E01030954,E01030954,U
E01030969,E01030969,U
E01030970,E01030970,U
E01030991,E01030991,U
E01030993,E01034295,S
E01030993,E01034294,S
E01030960,E01030960,U
E01030961,E01030961,U
E01030962,E01030962,U
E01031000,E01031000,U
E01030955,E01030955,U
E01016653,E01016653,U
E01032311,E01032311,U
E01030999,E01030999,U
E01010431,E01010431,U
E01010444,E01010444,U
E01010445,E01010445,U
E01010447,E01010447,U
E01010448,E01010448,U
E01031001,E01031001,U
E01010509,E01010509,U
E01010550,E01010550,U
E01010551,E01010551,U
E01010552,E01010552,U
E01010463,E01010463,U
E01010464,E01010464,U
E01010465,E01010465,U
E01010466,E01010466,U
E01010470,E01010470,U
E01010521,E01034312,S
E01010521,E01034313,S
E01010487,E01010487,U
E01010488,E01010488,U
E01010493,E01010493,U
E01010504,E01010504,U
E01010505,E01010505,U
E01010507,E01010507,U
E01010418,E01010418,U
E01010421,E01010421,U
E01010423,E01010423,U
E01010424,E01010424,U
E01010417,E01010417,U
E01010419,E01010419,U
E01010420,E01010420,U
E01010425,E01010425,U
E01010446,E01010446,U
E01010467,E01010467,U
E01010468,E01010468,U
E01010469,E01010469,U
E01010516,E01010516,U
E01010518,E01010518,U
E01010414,E01010414,U
E01010415,E01010415,U
E01010416,E01010416,U
E01010422,E01010422,U
E01010489,E01010489,U
E01010490,E01010490,U
E01010491,E01010491,U
E01010492,E01010492,U
E01032313,E01032313,U
E01016665,E01016665,U
E01010432,E01010432,U
E01010494,E01010494,U
E01010449,E01010449,U
E01010450,E01010450,U
E01010451,E01010451,U
E01010452,E01010452,U
E01010455,E01010455,U
E01016691,E01016691,U
E01010519,E01010519,U
E01030971,E01030971,U
E01010520,E01010520,U
E01030972,E01030972,U
E01010513,E01010513,U
E01030973,E01034296,S
E01010514,E01010514,U
E01030973,E01034297,S
E01010515,E01010515,U
E01032333,E01032333,U
E01016666,E01016666,U
E01030994,E01030994,U
E01010517,E01010517,U
E01032314,E01032314,U
E01032761,E01035257,S
E01030995,E01030995,U
E01010533,E01010533,U
E01032315,E01032315,U
E01032761,E01035258,S
E01016610,E01035267,S
E01030944,E01030944,U
E01010535,E01010535,U
E01032316,E01032316,U
E01016647,E01016647,U
E01016610,E01035268,S
E01030945,E01030945,U
E01010536,E01010536,U
E01032317,E01032317,U
E01016701,E01016701,U
E01016611,E01016611,U
E01030978,E01030978,U
E01010537,E01010537,U
E01032280,E01032280,U
E01016702,E01016702,U
E01016641,E01035269,M
E01030986,E01030986,U
E01010410,E01010410,U
E01032281,E01032281,U
E01030987,E01030987,U
E01016703,E01016703,U
E01016642,E01035269,M
E01016675,E01035256,M
E01010411,E01010411,U
E01032282,E01032282,U
E01010412,E01010412,U
E01016676,E01016676,U
E01016633,E01016633,U
E01033246,E01033246,U
E01016704,E01016704,U
E01010413,E01010413,U
E01016677,E01035256,M
E01016636,E01016636,U
E01033247,E01033247,U
E01016627,E01016627,U
E01010531,E01010531,U
E01016678,E01016678,U
E01016637,E01016637,U
E01032337,E01032337,U
E01016628,E01016628,U
E01010532,E01010532,U
E01016619,E01016619,U
E01016638,E01016638,U
E01032338,E01032338,U
E01016656,E01016656,U
E01010534,E01010534,U
E01016620,E01016620,U
E01016639,E01016639,U
E01032339,E01032339,U
E01016700,E01016700,U
E01010538,E01010538,U
E01016692,E01016692,U
E01016640,E01016640,U
E01032318,E01032318,U
E01016644,E01016644,U
E01010426,E01010426,U
E01016693,E01016693,U
E01016643,E01016643,U
E01032319,E01032319,U
E01016645,E01016645,U
E01010428,E01010428,U
E01016694,E01016694,U
E01016705,E01016705,U
E01016646,E01016646,U
E01010429,E01010429,U
E01016695,E01016695,U
E01016706,E01016706,U
E01016621,E01016621,U
E01016648,E01016648,U
E01010430,E01010430,U
E01032320,E01032320,U
E01016707,E01016707,U
E01016623,E01016623,U
E01016649,E01016649,U
E01010433,E01010433,U
E01032321,E01032321,U
E01016708,E01016708,U
E01016624,E01016624,U
E01016651,E01016651,U
E01010453,E01034314,S
E01032322,E01032322,U
E01016709,E01016709,U
E01016684,E01016684,U
E01016654,E01016654,U
E01010453,E01034315,S
E01032305,E01032305,U
E01010434,E01010434,U
E01016685,E01016685,U
E01016655,E01016655,U
E01010454,E01010454,U
E01032306,E01032306,U
E01010436,E01010436,U
E01016622,E01016622,U
E01016679,E01016679,U
E01010530,E01010530,U
E01032307,E01032307,U
E01010437,E01010437,U
E01016657,E01016657,U
E01016680,E01016680,U
E01032296,E01032296,U
E01032309,E01032309,U
E01010438,E01010438,U
E01016658,E01016658,U
E01032758,E01035259,S
E01032297,E01032297,U
E01032285,E01032285,U
E01010439,E01010439,U
E01016659,E01016659,U
E01016660,E01016660,U
E01016615,E01016615,U
E01016616,E01016616,U
E01016617,E01016617,U
E01016662,E01016662,U
E01016613,E01016613,U
E01016614,E01016614,U
E01016618,E01016618,U
E01016664,E01016664,U
E01016668,E01016668,U
E01016669,E01016669,U
E01016661,E01016661,U
E01016663,E01016663,U
E01016686,E01016686,U
E01016687,E01016687,U
E01016688,E01016688,U
E01016689,E01016689,U
E01032292,E01032292,U
E01032298,E01032298,U
E01010440,E01010440,U
E01032294,E01032294,U
E01032758,E01035260,S
E01032299,E01032299,U
E01010441,E01010441,U
E01033248,E01033248,U
E01032759,E01032759,U
E01032300,E01032300,U
E01010495,E01010495,U
E01033249,E01033249,U
E01016626,E01016626,U
E01032303,E01032303,U
E01010497,E01010497,U
E01032286,E01032286,U
E01016671,E01016671,U
E01032304,E01032304,U
E01010499,E01010499,U
E01032287,E01032287,U
E01016673,E01016673,U
E01032331,E01032331,U
E01010500,E01010500,U
E01032288,E01032288,U
E01016674,E01016674,U
E01032332,E01032332,U
E01010496,E01010496,U
E01010498,E01010498,U
E01010541,E01010541,U
E01010543,E01010543,U
E01010456,E01010456,U
E01010457,E01010457,U
E01010462,E01010462,U
E01010481,E01010481,U
E01010555,E01010555,U
E01010556,E01010556,U
E01010557,E01010557,U
E01010559,E01010559,U
E01010560,E01010560,U
E01010435,E01034310,S
E01010435,E01034311,S
E01010501,E01010501,U
E01010502,E01010502,U
E01010503,E01010503,U
E01010482,E01010482,U
E01010483,E01010483,U
E01016696,E01016696,U
E01032330,E01032330,U
E01016670,E01016670,U
E01032289,E01032289,U
E01032334,E01032334,U
E01016672,E01016672,U
E01032290,E01032290,U
E01032335,E01032335,U
E01032763,E01035261,S
E01032283,E01032283,U
E01032336,E01032336,U
E01032763,E01035262,S
E01032284,E01032284,U
E01032279,E01032279,U
E01016612,E01016612,U
E01032295,E01034324,S
E01032312,E01032312,U
E01016629,E01016629,U
E01032295,E01034323,S
E01016630,E01016630,U
E01032327,E01032327,U
E01032308,E01032308,U
E01032328,E01032328,U
E01032323,E01032323,U
E01032329,E01032329,U
E01032324,E01032324,U
E01032301,E01032301,U
E01032325,E01032325,U
E01032302,E01032302,U
E01032326,E01032326,U
E01031793,E01031793,U
E01031820,E01031820,U
E01031821,E01031821,U
E01031828,E01031828,U
E01031829,E01031829,U
E01031822,E01031822,U
E01016635,E01016635,U
E01016625,E01016625,U
E01016631,E01016631,U
E01016632,E01016632,U
E01016634,E01016634,U
E01016699,E01016699,U
E01016682,E01035264,S
E01016682,E01035263,S
E01016683,E01035265,S
E01016683,E01035266,S
E01031808,E01031808,U
E01031835,E01031835,U
E01031812,E01031812,U
E01031813,E01031813,U
E01031814,E01031814,U
E01031815,E01031815,U
E01031816,E01031816,U
E01031802,E01031802,U
E01031803,E01031803,U
E01031804,E01031804,U
E01031805,E01031805,U
E01031806,E01031806,U
W01000374,W01000374,U
W01000375,W01000375,U
W01000376,W01000376,U
W01000391,W01000391,U
W01000392,W01000392,U
W01000377,W01000377,U
W01000378,W01000378,U
W01000379,W01000379,U
E01017859,E01017859,U
W01000380,W01000380,U
W01000351,W01000351,U
W01000373,W01000373,U
W01000400,W01000400,U
W01000401,W01000401,U
W01000347,W01000347,U
W01000348,W01000348,U
W01000362,W01000362,U
W01000363,W01000363,U
W01000364,W01000364,U
W01000343,W01000343,U
W01000344,W01000344,U
W01000415,W01000415,U
W01000416,W01000416,U
W01000368,W01000368,U
W01000371,W01000371,U
W01000372,W01000372,U
W01000387,W01000387,U
W01000388,W01000388,U
W01000422,W01000422,U
W01000341,W01000341,U
W01000342,W01000342,U
W01000393,W01000393,U
W01000352,W01001969,M
W01000353,W01001969,M
W01000413,W01000413,U
W01000414,W01000414,U
W01000425,W01000425,U
W01000349,W01000349,U
W01000350,W01000350,U
W01000365,W01000365,U
E01025591,E01025591,U
E01032386,E01032386,U
E01031825,E01031825,U
E01032387,E01032387,U
W01000402,W01000402,U
E01017860,E01017860,U
E01032401,E01032401,U
E01025592,E01025592,U
W01000381,W01000381,U
E01017861,E01017861,U
E01032368,E01032368,U
E01025593,E01025593,U
W01000382,W01000382,U
E01017862,E01017862,U
E01032349,E01032349,U
E01032369,E01032369,U
E01025563,E01025563,U
E01017910,E01017910,U
W01000423,W01000423,U
E01031826,E01031826,U
E01017863,E01017863,U
E01031827,E01031827,U
E01032350,E01032350,U
E01032370,E01032370,U
E01025564,E01025564,U
E01017941,E01017941,U
W01000424,W01000424,U
E01017843,E01017843,U
E01032388,E01032388,U
E01031839,E01031839,U
W01001929,W01001929,U
E01017842,E01033970,S
E01017844,E01017844,U
E01032389,E01032389,U
E01025565,E01025565,U
E01032371,E01032371,U
E01031792,E01031792,U
W01001931,W01001931,U
E01017842,E01033971,S
E01017845,E01017845,U
E01032343,E01034329,S
E01025586,E01025586,U
E01032359,E01032359,U
E01031794,E01031794,U
E01031795,E01031795,U
E01031818,E01031818,U
E01031830,E01031830,U
E01031778,E01031778,U
E01031797,E01031797,U
E01031800,E01031800,U
E01031823,E01031823,U
E01031824,E01031824,U
E01031776,E01031776,U
E01031777,E01031777,U
E01031780,E01031780,U
E01031781,E01031781,U
E01031798,E01031798,U
E01031783,E01031783,U
E01031785,E01031785,U
E01031786,E01031786,U
E01031817,E01031817,U
E01031819,E01034827,S
E01031819,E01034826,S
E01031782,E01031782,U
E01031784,E01034828,S
E01031784,E01034829,S
E01031836,E01031836,U
E01031838,E01031838,U
E01031840,E01031840,U
E01031791,E01031791,U
E01031796,E01031796,U
E01031799,E01031799,U
E01031801,E01031801,U
E01031837,E01031837,U
E01031779,E01031779,U
E01031831,E01031831,U
E01031832,E01031832,U
E01031833,E01031833,U
E01031834,E01031834,U
E01031790,E01031790,U
E01031807,E01031807,U
E01031809,E01031809,U
E01031810,E01031810,U
E01031811,E01031811,U
E01031787,E01031787,U
E01031788,E01031788,U
E01031789,E01034830,S
E01031789,E01034831,S
E01017853,E01017853,U
E01032360,E01032360,U
E01025587,E01025587,U
E01017854,E01017854,U
W01000398,W01000398,U
E01032361,E01032361,U
W01000399,W01000399,U
E01025588,E01025588,U
E01017878,E01017878,U
E01032343,E01034330,S
E01032377,E01032377,U
E01032378,E01032378,U
E01017855,E01017855,U
E01032376,E01032376,U
E01017920,E01017920,U
E01032384,E01032384,U
E01017856,E01017856,U
E01025589,E01025589,U
E01032357,E01032357,U
E01017921,E01017921,U
W01000406,W01000406,U
E01032385,E01032385,U
E01017864,E01017864,U
E01025557,E01025557,U
E01032358,E01032358,U
E01017922,E01017922,U
W01000408,W01000408,U
E01032396,E01032396,U
E01017865,E01017865,U
E01032365,E01032365,U
E01017923,E01017923,U
W01000366,W01000366,U
E01032342,E01032342,U
E01017867,E01017867,U
W01000367,W01000367,U
E01017924,E01017924,U
E01032344,E01032344,U
E01017868,E01017868,U
W01000385,W01000385,U
E01032367,E01032367,U
E01025575,E01025575,U
E01017937,E01017937,U
E01032379,E01032379,U
E01017934,E01017934,U
W01000410,W01000410,U
E01032362,E01034327,S
E01025578,E01025578,U
E01017938,E01017938,U
E01032380,E01032380,U
E01017935,E01017935,U
W01000386,W01000386,U
E01032362,E01034328,S
E01025579,E01025579,U
E01017940,E01017940,U
E01032381,E01032381,U
E01017936,E01017936,U
W01000405,W01000405,U
E01032363,E01032363,U
E01025580,E01025580,U
E01017942,E01017942,U
E01032397,E01032397,U
E01017939,E01017939,U
W01000411,W01000411,U
E01032364,E01032364,U
E01025547,E01025547,U
E01017850,E01017850,U
E01032398,E01032398,U
E01017866,E01017866,U
W01000412,W01000412,U
E01032366,E01032366,U
E01025549,E01025549,U
E01017851,E01017851,U
E01032351,E01032351,U
E01017875,E01017875,U
W01000394,W01000394,U
E01032399,E01032399,U
E01032400,E01032400,U
E01032404,E01032404,U
E01032345,E01032345,U
E01032346,E01032346,U
E01032395,E01032395,U
E01032417,E01032417,U
E01032392,E01032392,U
E01032393,E01032393,U
E01032394,E01032394,U
E01032416,E01032416,U
E01032355,E01032355,U
E01032356,E01032356,U
E01032402,E01032402,U
E01032403,E01032403,U
E01032375,E01032375,U
E01032382,E01032382,U
E01032383,E01032383,U
E01032410,E01032410,U
E01032411,E01032411,U
E01032390,E01032390,U
E01032391,E01032391,U
E01032414,E01032414,U
E01032415,E01032415,U
E01032405,E01032405,U
E01032406,E01032406,U
E01032407,E01032407,U
E01032408,E01032408,U
E01032409,E01032409,U
E01032340,E01032340,U
E01032341,E01032341,U
W01000395,W01000395,U
E01032352,E01032352,U
W01000407,W01000407,U
E01017852,E01017852,U
E01032353,E01032353,U
W01000419,W01000419,U
E01017919,E01017919,U
E01032374,E01032374,U
W01000420,W01000420,U
E01017876,E01017876,U
E01017925,E01017925,U
E01025609,E01025609,U
E01032347,E01032347,U
W01000354,W01000354,U
E01017877,E01017877,U
E01025548,E01025548,U
E01032348,E01032348,U
W01000355,W01000355,U
E01017846,E01017846,U
W01000356,W01000356,U
E01017926,E01017926,U
E01032372,E01032372,U
E01017847,E01017847,U
E01025553,E01025553,U
W01000389,W01000389,U
E01017927,E01017927,U
E01032373,E01032373,U
E01017848,E01017848,U
E01025558,E01025558,U
W01000409,W01000409,U
E01017928,E01017928,U
E01032412,E01032412,U
E01017849,E01017849,U
E01025559,E01025559,U
W01000345,W01000345,U
E01017911,E01017911,U
E01032413,E01032413,U
E01017889,E01017889,U
E01025560,E01025560,U
W01000346,W01000346,U
E01017912,E01017912,U
E01017929,E01017929,U
E01017890,E01017890,U
E01025554,E01025554,U
W01000403,W01000403,U
E01017913,E01017913,U
E01017930,E01017930,U
E01017891,E01017891,U
E01025556,E01025556,U
W01000404,W01000404,U
E01017914,E01017914,U
E01017931,E01017931,U
E01017892,E01017892,U
E01025570,E01025570,U
W01000359,W01000359,U
E01017903,E01017903,U
E01017932,E01017932,U
E01017893,E01017893,U
E01025571,E01025571,U
W01000360,W01000360,U
E01017933,E01017933,U
E01017894,E01017894,U
E01025572,E01025572,U
W01000361,W01000361,U
E01017885,E01017885,U
E01025604,E01025604,U
W01001930,W01001930,U
E01017886,E01017886,U
E01017904,E01017904,U
E01025561,E01025561,U
E01017895,E01017895,U
W01000383,W01001971,S
E01017887,E01017887,U
E01017905,E01017905,U
E01025562,E01025562,U
E01017896,E01017896,U
W01000383,W01001972,S
E01017888,E01017888,U
E01017906,E01017906,U
E01025585,E01025585,U
E01017897,E01017897,U
W01000384,W01000384,U
E01017869,E01017869,U
E01017907,E01017907,U
E01025542,E01025542,U
E01017898,E01017898,U
W01000390,W01000390,U
E01017870,E01017870,U
E01017899,E01017899,U
E01025555,E01025555,U
E01017880,E01017880,U
W01000417,W01000417,U
E01017871,E01017871,U
E01017900,E01017900,U
E01025601,E01025601,U
E01017881,E01017881,U
W01000418,W01000418,U
E01017872,E01017872,U
E01017901,E01017901,U
E01025602,E01025602,U
E01017882,E01017882,U
W01000369,W01000369,U
E01017873,E01017873,U
E01017902,E01017902,U
E01025603,E01025603,U
E01017883,E01017883,U
E01017884,E01017884,U
E01032610,E01032610,U
E01025573,E01025573,U
E01025574,E01025574,U
E01025581,E01025581,U
E01025582,E01025582,U
E01025583,E01025583,U
E01025584,E01025584,U
E01025605,E01025605,U
E01025606,E01025606,U
E01025607,E01025607,U
E01025608,E01025608,U
E01025590,E01025590,U
W01000370,W01000370,U
E01017874,E01017874,U
W01000396,W01001970,M
W01000397,W01001970,M
E01017915,E01017915,U
E01032354,E01034325,S
E01017916,E01017916,U
E01032354,E01034326,S
E01017917,E01017917,U
E01017918,E01017918,U
E01017857,E01017857,U
E01017858,E01017858,U
E01025541,E01025541,U
E01025543,E01025543,U
E01017836,E01017836,U
E01025544,E01025544,U
E01017837,E01017837,U
E01025576,E01025576,U
E01017838,E01017838,U
E01025577,E01025577,U
E01017839,E01017839,U
E01025550,E01025550,U
E01017840,E01017840,U
E01025552,E01025552,U
E01017841,E01017841,U
E01025594,E01025594,U
E01017908,E01033973,S
E01025595,E01025595,U
E01017908,E01033975,S
E01025596,E01025596,U
E01025597,E01025597,U
E01017909,E01033972,S
E01025545,E01025545,U
E01017909,E01033974,S
E01025546,E01025546,U
E01025551,E01025551,U
E01025567,E01025567,U
E01025598,E01025598,U
E01025566,E01025566,U
E01025568,E01025568,U
E01025569,E01025569,U
E01025599,E01025599,U
E01025600,E01025600,U
E01032431,E01032431,U
E01032432,E01032432,U
E01032433,E01032433,U
E01032439,E01032439,U
E01032440,E01032440,U
E01032479,E01032479,U
E01032441,E01032441,U
E01032442,E01032442,U
E01032443,E01032443,U
E01032444,E01032444,U
E01032445,E01032445,U
E01032436,E01032436,U
E01032438,E01032438,U
E01032446,E01032446,U
E01032447,E01032447,U
E01032448,E01032448,U
E01032434,E01032434,U
E01032435,E01032435,U
E01032437,E01032437,U
E01032450,E01034331,S
E01032450,E01034332,S
E01032430,E01032430,U
E01032480,E01032480,U
E01032481,E01032481,U
E01032482,E01032482,U
E01032451,E01032451,U
E01032452,E01032452,U
E01032453,E01032453,U
E01032454,E01032454,U
E01032449,E01032449,U
E01032464,E01032464,U
E01032465,E01032465,U
E01032466,E01032466,U
E01032467,E01032467,U
E01032468,E01032468,U
E01032474,E01032474,U
E01032475,E01032475,U
E01032476,E01032476,U
E01032477,E01032477,U
E01032478,E01032478,U
E01032469,E01032469,U
E01032470,E01034333,S
E01032470,E01034334,S
E01032471,E01032471,U
E01032418,E01032418,U
E01032419,E01032419,U
E01032420,E01032420,U
E01032421,E01032421,U
E01032422,E01032422,U
E01032427,E01032427,U
E01032428,E01032428,U
E01032429,E01032429,U
E01032472,E01032472,U
E01032473,E01032473,U
E01032455,E01032455,U
E01032456,E01032456,U
E01032457,E01032457,U
E01032458,E01032458,U
E01032459,E01032459,U
E01013366,E01013366,U
E01013369,E01013369,U
E01032460,E01032460,U
E01013416,E01013416,U
E01032461,E01032461,U
E01033067,E01033067,U
E01032462,E01032462,U
E01032463,E01032463,U
E01033068,E01033068,U
E01032423,E01032423,U
E01033069,E01033069,U
E01032424,E01032424,U
E01033070,E01033070,U
E01032425,E01032425,U
E01013381,E01013381,U
E01032426,E01032426,U
E01013402,E01013402,U
E01013436,E01013436,U
E01013419,E01013419,U
E01013420,E01013420,U
E01013384,E01013384,U
E01013398,E01013398,U
E01013399,E01013399,U
E01013400,E01013400,U
E01013401,E01013401,U
E01013403,E01013403,U
E01013393,E01013393,U
E01013394,E01013394,U
E01013395,E01013395,U
E01013396,E01013396,U
E01013441,E01013441,U
E01013445,E01013445,U
E01013390,E01013390,U
E01013391,E01013391,U
E01013397,E01013397,U
E01013413,E01013413,U
E01013417,E01013417,U
E01013442,E01013442,U
E01013443,E01013443,U
E01013444,E01013444,U
E01013446,E01013446,U
E01013447,E01013447,U
E01013448,E01013448,U
E01013360,E01013360,U
E01013361,E01013361,U
E01013362,E01013362,U
E01013363,E01013363,U
E01013364,E01013364,U
E01013418,E01013418,U
E01013351,E01013351,U
E01013352,E01013352,U
E01013451,E01013451,U
E01013452,E01013452,U
E01013357,E01013357,U
E01013358,E01013358,U
E01013412,E01013412,U
E01013414,E01013414,U
E01013353,E01013353,U
E01013354,E01013354,U
E01013355,E01013355,U
E01013356,E01013356,U
E01013359,E01013359,U
E01013449,E01013449,U
E01013365,E01034761,S
E01013365,E01034762,S
E01013378,E01013378,U
E01013450,E01013450,U
E01013340,E01013340,U
E01013341,E01013341,U
E01013342,E01013342,U
E01013423,E01013423,U
E01013424,E01013424,U
E01013425,E01013425,U
E01013438,E01013438,U
E01013439,E01013439,U
E01013440,E01013440,U
E01013370,E01013370,U
E01013373,E01013373,U
E01013375,E01013375,U
E01013376,E01013376,U
E01013371,E01013371,U
E01013372,E01013372,U
E01013374,E01013374,U
E01013377,E01013377,U
E01013404,E01013404,U
E01013407,E01013407,U
E01013408,E01013408,U
E01013410,E01013410,U
E01013405,E01013405,U
E01013406,E01013406,U
E01013409,E01013409,U
E01013411,E01013411,U
E01013428,E01013428,U
E01013429,E01013429,U
E01013430,E01013430,U
E01013431,E01013431,U
E01013435,E01013435,U
E01013344,E01013344,U
E01013346,E01013346,U
E01013432,E01013432,U
E01013433,E01013433,U
E01013434,E01013434,U
E01013379,E01013379,U
E01013380,E01013380,U
E01013385,E01013385,U
E01013387,E01013387,U
E01013388,E01013388,U
E01013389,E01013389,U
E01013437,E01013437,U
E01013343,E01013343,U
E01013345,E01013345,U
E01013347,E01013347,U
E01013349,E01013349,U
E01013350,E01013350,U
E01013348,E01013348,U
E01013368,E01013368,U
E01013382,E01013382,U
E01013383,E01013383,U
E01013386,E01013386,U
E01013421,E01013421,U
E01013422,E01013422,U
E01013426,E01013426,U
E01013427,E01013427,U
E01013335,E01013335,U
E01013336,E01013336,U
E01013337,E01013337,U
E01013338,E01013338,U
E01013339,E01013339,U
E01013392,E01013392,U
